"OID","N","N_study","Source","BASE","X","Y","Precise","Country","Realm","Family","Genus","Taxon","Taxon_ITIS","Sample_met","Ocurrence","N_groups","Abundanc_1","Abundance","Density","Sample_yea","Sampling_e","Sampling_1","ID_Todo","TRAITS","Taxon_IT_1","ITIS_SPECI","BodyMass_k","DielActivi","HomeRange_","Locomotion","TrophicGui","Brain_size","Canine_Dim","MeanGroupS","Interbirth","Gestation","WeaningAge","MaxLongevi","LitterSz","AdultSexRa","Social_Sys","Mating_Sys","FOREST","BIOME","Buffer_500","Area500","FC_500","Buffer_700","Area700","FC_700","Buffer_900","Area900","FC_900","Buffer_110","Area1100","FC1100","Buffer_130","Area1300","FC_1300","Buffer_150","Area1500","FC_1500","Buffer_170","Area1700","FC_1700","Buffer_190","Area1900","FC_1900","Buffer_210","Area2100","FC_2100","Buffer_230","Area2300","FC_2300","Buffer_250","Area2500","FC_2500","Buffer_270","Area2700","FC_2700","Buffer_290","Area2900","FC_2900","Buffer_310","Area3100","FC_3100","Buffer_330","Area3300","FC_3300","Buffer_350","Area3500","FC_3500","Buffer_370","Area3700","F_Buffer_3","Buffer_390","Area_3900","FC_3900","Buffer_410","Area4100","FC_4100","Buffer_430","Area4300","FC_4300","Buffer_450","Area4500","FC_4500"
-1,3282,462,"Marsh et al. 2016","Richness",-74.188805,6.67094,"Precise","Colombia","Neotropics","Atelidae","Alouatta","Alouatta seniculus","Alouatta_seniculus ","Linear transect",1,NA,NA,"Encounter rate",0,2014,127,"km",NA,NA,"Alouatta seniculus ","Alouatta seniculus",6.01,"D",70.20666667,"AR","Folivore_frugivore",55.22,1.464,7.1,507.35,190,370.04,300,1.42,1.29,"Polygyndry","Harem Polygyny",NA,"2Tropical_and_suptropical_moist_broadleaf_forest",0.659904952,0.79,83.53,1.29,1.54,84.06,1.94,2.54,76.26,2.73,3.8,71.74,NA,5.31,NA,NA,7.07,NA,6.92,9.08,76.16,8.84,11.34,77.95,11.03,13.85,79.61,13.56,16.62,81.62,16.37,19.63,83.39,19.33,22.9,84.39,22.4,26.42,84.79,25.59,30.19,84.76,28.78,34.21,84.14,31.99,38.48,83.12,35.35,43.01,82.19,38.76,47.78,81.13,42.33,52.81,80.16,45.75,58.09,78.75,49.1,63.62,77.18
-1,3283,462,"Marsh et al. 2016","Richness",-74.11817576,6.700046588,"Precise","Colombia","Neotropics","Atelidae","Alouatta","Alouatta seniculus","Alouatta_seniculus ","Linear transect",1,NA,NA,"Encounter rate",0,2014,127,"km",NA,NA,"Alouatta seniculus ","Alouatta seniculus",6.01,"D",70.20666667,"AR","Folivore_frugivore",55.22,1.464,7.1,507.35,190,370.04,300,1.42,1.29,"Polygyndry","Harem Polygyny",NA,"2Tropical_and_suptropical_moist_broadleaf_forest",0.479122983,0.79,60.65,0.85,1.54,55.16,1.35,2.54,53.27,2.05,3.8,53.83,NA,5.31,NA,NA,7.07,NA,5.53,9.08,60.87,7.35,11.34,64.82,9.36,13.85,67.57,11.15,16.62,67.07,13.5,19.63,68.75,16.05,22.9,70.1,18.75,26.42,70.98,21.38,30.19,70.83,24.28,34.21,70.97,27.61,38.48,71.74,31.21,43.01,72.56,35.18,47.78,73.64,39.23,52.81,74.29,43.54,58.09,74.95,48.14,63.62,75.67
-1,3284,462,"Marsh et al. 2016","Richness",-74.12505195,6.712016975,"Precise","Colombia","Neotropics","Atelidae","Alouatta","Alouatta seniculus","Alouatta_seniculus ","Linear transect",1,NA,NA,"Encounter rate",0,2014,127,"km",NA,NA,"Alouatta seniculus ","Alouatta seniculus",6.01,"D",70.20666667,"AR","Folivore_frugivore",55.22,1.464,7.1,507.35,190,370.04,300,1.42,1.29,"Polygyndry","Harem Polygyny",NA,"2Tropical_and_suptropical_moist_broadleaf_forest",0.502554685,0.79,63.61,0.81,1.54,52.85,1.31,2.54,51.72,2.07,3.8,54.49,NA,5.31,NA,NA,7.07,NA,6.28,9.08,69.2,8.14,11.34,71.74,10.19,13.85,73.57,12.34,16.62,74.24,14.67,19.63,74.75,17.31,22.9,75.6,20.38,26.42,77.15,23.7,30.19,78.5,27.23,34.21,79.6,30.92,38.48,80.34,34.84,43.01,81.01,38.87,47.78,81.35,42.84,52.81,81.12,46.82,58.09,80.6,50.59,63.62,79.51
-1,3285,462,"Marsh et al. 2016","Richness",-74.12756163,6.726646345,"Precise","Colombia","Neotropics","Atelidae","Alouatta","Alouatta seniculus","Alouatta_seniculus ","Linear transect",1,NA,NA,"Encounter rate",0,2014,127,"km",NA,NA,"Alouatta seniculus ","Alouatta seniculus",6.01,"D",70.20666667,"AR","Folivore_frugivore",55.22,1.464,7.1,507.35,190,370.04,300,1.42,1.29,"Polygyndry","Harem Polygyny",NA,"2Tropical_and_suptropical_moist_broadleaf_forest",0.74654388,0.79,94.5,1.4,1.54,90.94,2.3,2.54,90.56,3.33,3.8,87.64,NA,5.31,NA,NA,7.07,NA,7.85,9.08,86.49,9.86,11.34,86.92,12.14,13.85,87.67,14.53,16.62,87.41,17.12,19.63,87.22,19.76,22.9,86.27,22.48,26.42,85.1,25.32,30.19,83.87,28.19,34.21,82.4,31.15,38.48,80.95,34.32,43.01,79.79,37.66,47.78,78.82,41.19,52.81,77.99,45.22,58.09,77.84,49.43,63.62,77.69
-1,3286,462,"Marsh et al. 2016","Richness",-74.13234475,6.718353991,"Precise","Colombia","Neotropics","Atelidae","Alouatta","Alouatta seniculus","Alouatta_seniculus ","Linear transect",0,NA,NA,"Encounter rate",0,2014,127,"km",NA,NA,"Alouatta seniculus ","Alouatta seniculus",6.01,"D",70.20666667,"AR","Folivore_frugivore",55.22,1.464,7.1,507.35,190,370.04,300,1.42,1.29,"Polygyndry","Harem Polygyny",NA,"2Tropical_and_suptropical_moist_broadleaf_forest",0.508589128,0.79,64.38,1.08,1.54,69.94,1.89,2.54,74.22,2.93,3.8,77.01,NA,5.31,NA,NA,7.07,NA,7.34,9.08,80.85,9.25,11.34,81.56,11.32,13.85,81.77,13.8,16.62,83.05,16.54,19.63,84.24,19.37,22.9,84.59,22.27,26.42,84.29,25.43,30.19,84.23,28.81,34.21,84.22,31.8,38.48,82.63,34.72,43.01,80.73,37.98,47.78,79.49,41.3,52.81,78.2,44.62,58.09,76.82,48.37,63.62,76.03
-1,3287,462,"Marsh et al. 2016","Richness",-74.13719514,6.711454172,"Precise","Colombia","Neotropics","Atelidae","Alouatta","Alouatta seniculus","Alouatta_seniculus ","Linear transect",1,NA,NA,"Encounter rate",0,2014,127,"km",NA,NA,"Alouatta seniculus ","Alouatta seniculus",6.01,"D",70.20666667,"AR","Folivore_frugivore",55.22,1.464,7.1,507.35,190,370.04,300,1.42,1.29,"Polygyndry","Harem Polygyny",NA,"2Tropical_and_suptropical_moist_broadleaf_forest",0.690660581,0.79,87.43,1.27,1.54,82.18,2.01,2.54,79.17,2.99,3.8,78.81,NA,5.31,NA,NA,7.07,NA,7.39,9.08,81.44,9.09,11.34,80.2,10.99,13.85,79.39,13.4,16.62,80.64,16.21,19.63,82.56,19.12,22.9,83.51,22.1,26.42,83.64,25.14,30.19,83.26,28.14,34.21,82.24,31.05,38.48,80.7,34.14,43.01,79.37,37.17,47.78,77.79,40.41,52.81,76.52,43.7,58.09,75.24,47.15,63.62,74.12
-1,3288,462,"Marsh et al. 2016","Richness",-74.13982008,6.716807589,"Precise","Colombia","Neotropics","Atelidae","Alouatta","Alouatta seniculus","Alouatta_seniculus ","Linear transect",1,NA,NA,"Encounter rate",0,2014,127,"km",NA,NA,"Alouatta seniculus ","Alouatta seniculus",6.01,"D",70.20666667,"AR","Folivore_frugivore",55.22,1.464,7.1,507.35,190,370.04,300,1.42,1.29,"Polygyndry","Harem Polygyny",NA,"2Tropical_and_suptropical_moist_broadleaf_forest",0.759297172,0.79,96.11,1.43,1.54,92.91,2.3,2.54,90.51,3.41,3.8,89.8,NA,5.31,NA,NA,7.07,NA,7.93,9.08,87.35,9.86,11.34,86.92,11.94,13.85,86.23,14.26,16.62,85.78,16.82,19.63,85.7,19.57,22.9,85.44,22.38,26.42,84.7,25.4,30.19,84.13,28.3,34.21,82.73,31.1,38.48,80.82,33.74,43.01,78.44,36.59,47.78,76.58,39.71,52.81,75.19,43.04,58.09,74.09,46.6,63.62,73.25
-1,3289,462,"Marsh et al. 2016","Richness",-74.14366594,6.700985247,"Precise","Colombia","Neotropics","Atelidae","Alouatta","Alouatta seniculus","Alouatta_seniculus ","Linear transect",1,NA,NA,"Encounter rate",0,2014,127,"km",NA,NA,"Alouatta seniculus ","Alouatta seniculus",6.01,"D",70.20666667,"AR","Folivore_frugivore",55.22,1.464,7.1,507.35,190,370.04,300,1.42,1.29,"Polygyndry","Harem Polygyny",NA,"2Tropical_and_suptropical_moist_broadleaf_forest",0.724991391,0.79,91.77,1.38,1.54,89.75,2.17,2.54,85.37,3.26,3.8,85.92,NA,5.31,NA,NA,7.07,NA,7.77,9.08,85.54,9.43,11.34,83.17,11.26,13.85,81.33,13.24,16.62,79.65,15.5,19.63,78.96,18.04,22.9,78.77,20.66,26.42,78.18,23.27,30.19,77.08,26.16,34.21,76.48,29.19,38.48,75.85,32.29,43.01,75.07,35.39,47.78,74.07,38.43,52.81,72.77,41.57,58.09,71.55,45.05,63.62,70.81
-1,3290,462,"Marsh et al. 2016","Richness",-74.14498527,6.713044726,"Precise","Colombia","Neotropics","Atelidae","Alouatta","Alouatta seniculus","Alouatta_seniculus ","Linear transect",1,NA,NA,"Encounter rate",0,2014,127,"km",NA,NA,"Alouatta seniculus ","Alouatta seniculus",6.01,"D",70.20666667,"AR","Folivore_frugivore",55.22,1.464,7.1,507.35,190,370.04,300,1.42,1.29,"Polygyndry","Harem Polygyny",NA,"2Tropical_and_suptropical_moist_broadleaf_forest",0.762527601,0.79,96.52,1.48,1.54,95.81,2.42,2.54,95.28,3.57,3.8,93.86,NA,5.31,NA,NA,7.07,NA,8.17,9.08,89.96,10.14,11.34,89.43,12.41,13.85,89.58,14.78,16.62,88.91,17.2,19.63,87.62,19.48,22.9,85.09,21.81,26.42,82.55,24.36,30.19,80.7,27.2,34.21,79.51,30.07,38.48,78.15,32.94,43.01,76.58,36.02,47.78,75.4,39.33,52.81,74.47,42.72,58.09,73.54,46.11,63.62,72.48
-1,3291,462,"Marsh et al. 2016","Richness",-74.15106305,6.703421177,"Precise","Colombia","Neotropics","Atelidae","Alouatta","Alouatta seniculus","Alouatta_seniculus ","Linear transect",1,NA,NA,"Encounter rate",0,2014,127,"km",NA,NA,"Alouatta seniculus ","Alouatta seniculus",6.01,"D",70.20666667,"AR","Folivore_frugivore",55.22,1.464,7.1,507.35,190,370.04,300,1.42,1.29,"Polygyndry","Harem Polygyny",NA,"2Tropical_and_suptropical_moist_broadleaf_forest",0.772575273,0.79,97.79,1.49,1.54,96.56,2.41,2.54,94.94,3.62,3.8,95.25,NA,5.31,NA,NA,7.07,NA,8.27,9.08,91.1,10.18,11.34,89.76,12.27,13.85,88.57,14.32,16.62,86.16,16.55,19.63,84.33,19.03,22.9,83.08,21.52,26.42,81.46,24.1,30.19,79.84,26.6,34.21,77.75,29.36,38.48,76.3,32.19,43.01,74.84,35.16,47.78,73.59,38.22,52.81,72.38,41.62,58.09,71.64,45.11,63.62,70.91
