OID,N,N_study,Source,BASE,X,Y,Precise,Country,Realm,Family,Genus,Taxon,Taxon_ITIS,Sample_met,Ocurrence,N_groups,Abundanc_1,Abundance,Density,Sample_yea,Sampling_e,Sampling_1,ID_Todo,TRAITS,Taxon_IT_1,ITIS_SPECI,BodyMass_k,DielActivi,HomeRange_,Locomotion,TrophicGui,Brain_size,Canine_Dim,MeanGroupS,Interbirth,Gestation,WeaningAge,MaxLongevi,LitterSz,AdultSexRa,Social_Sys,Mating_Sys,FOREST,BIOME,Buffer_500,Area500,FC_500,Buffer_700,Area700,FC_700,Buffer_900,Area900,FC_900,Buffer_110,Area1100,FC1100,Buffer_130,Area1300,FC_1300,Buffer_150,Area1500,FC_1500,Buffer_170,Area1700,FC_1700,Buffer_190,Area1900,FC_1900,Buffer_210,Area2100,FC_2100,Buffer_230,Area2300,FC_2300,Buffer_250,Area2500,FC_2500,Buffer_270,Area2700,FC_2700,Buffer_290,Area2900,FC_2900,Buffer_310,Area3100,FC_3100,Buffer_330,Area3300,FC_3300,Buffer_350,Area3500,FC_3500,Buffer_370,Area3700,F_Buffer_3,Buffer_390,Area_3900,FC_3900,Buffer_410,Area4100,FC_4100,Buffer_430,Area4300,FC_4300,Buffer_450,Area4500,FC_4500
-1,2832,10,Chaves et al. 2015,Richness,-90.83319444,16.25338889,Precise,Mexico,Neotropics,Atelidae,Alouatta,Alouatta pigra,Alouatta_pigra, ,1,NI, , ,0,2007,0, ,NA, ,Alouatta pigra,Alouatta pigra,6.56,D,11.98,AR,Folivore_frugivore,51.13,1.109,6.6,NA,187,NA,240,1.01,1.13,Polygyndry,Harem Polygyny, ,2Tropical_and_suptropical_moist_broadleaf_forest,0.773265709,0.79,97.88,1.49,1.54,96.79,2.46,2.54,96.75,3.6,3.8,94.81,4.89,5.31,92.13,NA,7.07,NA,8.19,9.08,90.25,10.09,11.34,89,12.25,13.85,88.43,14.61,16.62,87.9,17.01,19.63,86.67,19.46,22.9,84.99,21.97,26.42,83.17,24.59,30.19,81.45,27.33,34.21,79.89,30.51,38.48,79.28,33.92,43.01,78.86,37.56,47.78,78.61,41.42,52.81,78.44,45.38,58.09,78.12,49.29,63.62,77.48
-1,2833,10,Chaves et al. 2015,Richness,-90.84547222,16.32347222,Precise,Mexico,Neotropics,Atelidae,Alouatta,Alouatta pigra,Alouatta_pigra, ,1,NI, , ,0,2007,0, ,NA, ,Alouatta pigra,Alouatta pigra,6.56,D,11.98,AR,Folivore_frugivore,51.13,1.109,6.6,NA,187,NA,240,1.01,1.13,Polygyndry,Harem Polygyny, ,2Tropical_and_suptropical_moist_broadleaf_forest,0.620216867,0.79,78.51,1.04,1.54,67.35,1.49,2.54,58.73,2.18,3.8,57.43,3.01,5.31,56.72,NA,7.07,NA,5.05,9.08,55.65,6.62,11.34,58.34,8.58,13.85,61.95,10.83,16.62,65.17,13.11,19.63,66.79,15.53,22.9,67.8,18.2,26.42,68.88,21.14,30.19,70.04,24.35,34.21,71.19,27.82,38.48,72.29,31.37,43.01,72.93,35.05,47.78,73.35,38.88,52.81,73.62,43.12,58.09,74.23,47.61,63.62,74.84
-1,2834,10,Chaves et al. 2015,Richness,-90.85169444,16.33111111,Precise,Mexico,Neotropics,Atelidae,Alouatta,Alouatta pigra,Alouatta_pigra, ,1,NI, , ,0,2007,0, ,NA, ,Alouatta pigra,Alouatta pigra,6.56,D,11.98,AR,Folivore_frugivore,51.13,1.109,6.6,NA,187,NA,240,1.01,1.13,Polygyndry,Harem Polygyny, ,2Tropical_and_suptropical_moist_broadleaf_forest,0.481909921,0.79,61,0.78,1.54,50.66,1.06,2.54,41.82,1.74,3.8,45.92,2.94,5.31,55.3,NA,7.07,NA,5.95,9.08,65.53,7.83,11.34,69.05,9.85,13.85,71.15,12.09,16.62,72.72,14.57,19.63,74.2,17.31,22.9,75.58,20.23,26.42,76.55,23.44,30.19,77.64,26.85,34.21,78.48,30.33,38.48,78.82,34.22,43.01,79.56,38.17,47.78,79.89,42.21,52.81,79.92,46.47,58.09,79.99,51.17,63.62,80.44
-1,2835,10,Chaves et al. 2015,Richness,-90.90125,16.16111111,Precise,Mexico,Neotropics,Atelidae,Alouatta,Alouatta pigra,Alouatta_pigra, ,1,NI, , ,0,2007,0, ,NA, ,Alouatta pigra,Alouatta pigra,6.56,D,11.98,AR,Folivore_frugivore,51.13,1.109,6.6,NA,187,NA,240,1.01,1.13,Polygyndry,Harem Polygyny, ,2Tropical_and_suptropical_moist_broadleaf_forest,0.595173722,0.79,75.34,1.21,1.54,78.38,2,2.54,78.87,3.07,3.8,80.82,4.37,5.31,82.29,NA,7.07,NA,7.55,9.08,83.15,9.41,11.34,82.94,11.43,13.85,82.5,13.66,16.62,82.22,16.23,19.63,82.7,19.09,22.9,83.35,22.11,26.42,83.69,25.31,30.19,83.85,28.71,34.21,83.92,32.38,38.48,84.15,36.39,43.01,84.61,40.43,47.78,84.62,44.44,52.81,84.15,48.81,58.09,84.03,53.3,63.62,83.77
-1,2836,10,Chaves et al. 2015,Richness,-90.90183333,16.15888889,Precise,Mexico,Neotropics,Atelidae,Alouatta,Alouatta pigra,Alouatta_pigra, ,1,NI, , ,0,2007,0, ,NA, ,Alouatta pigra,Alouatta pigra,6.56,D,11.98,AR,Folivore_frugivore,51.13,1.109,6.6,NA,187,NA,240,1.01,1.13,Polygyndry,Harem Polygyny, ,2Tropical_and_suptropical_moist_broadleaf_forest,0.571780898,0.79,72.38,1.18,1.54,76.38,1.99,2.54,78.37,3.03,3.8,79.65,4.35,5.31,81.88,NA,7.07,NA,7.64,9.08,84.15,9.54,11.34,84.1,11.53,13.85,83.22,13.69,16.62,82.35,16.3,19.63,83.02,19.12,22.9,83.49,22.06,26.42,83.5,25.23,30.19,83.56,28.68,34.21,83.83,32.34,38.48,84.05,36.21,43.01,84.19,40.39,47.78,84.53,44.83,52.81,84.89,49.09,58.09,84.51,53.61,63.62,84.27
-1,2837,10,Chaves et al. 2015,Richness,-90.92636111,16.10436111,Precise,Mexico,Neotropics,Atelidae,Alouatta,Alouatta pigra,Alouatta_pigra, ,0,NI, , ,0,2007,0, ,NA, ,Alouatta pigra,Alouatta pigra,6.56,D,11.98,AR,Folivore_frugivore,51.13,1.109,6.6,NA,187,NA,240,1.01,1.13,Polygyndry,Harem Polygyny, ,2Tropical_and_suptropical_moist_broadleaf_forest,0.758716419,0.79,96.04,1.45,1.54,94.22,2.28,2.54,89.68,3.29,3.8,86.45,4.5,5.31,84.78,NA,7.07,NA,7.17,9.08,78.95,8.73,11.34,77.03,10.48,13.85,75.68,12.59,16.62,75.73,14.89,19.63,75.87,17.38,22.9,75.88,20.09,26.42,76.04,23.17,30.19,76.74,26.1,34.21,76.31,29.36,38.48,76.31,33.16,43.01,77.09,37.24,47.78,77.93,41.71,52.81,78.99,46.46,58.09,79.98,51.34,63.62,80.7
-1,2838,10,Chaves et al. 2015,Richness,-90.93436111,16.10055556,Precise,Mexico,Neotropics,Atelidae,Alouatta,Alouatta pigra,Alouatta_pigra, ,0,NI, , ,0,2007,0, ,NA, ,Alouatta pigra,Alouatta pigra,6.56,D,11.98,AR,Folivore_frugivore,51.13,1.109,6.6,NA,187,NA,240,1.01,1.13,Polygyndry,Harem Polygyny, ,2Tropical_and_suptropical_moist_broadleaf_forest,0.740243377,0.79,93.7,1.38,1.54,89.6,2.12,2.54,83.47,3.12,3.8,82.04,4.17,5.31,78.45,NA,7.07,NA,6.79,9.08,74.79,8.35,11.34,73.66,10.24,13.85,73.91,12.4,16.62,74.62,14.69,19.63,74.81,17.19,22.9,75.06,19.96,26.42,75.56,22.98,30.19,76.11,26.09,34.21,76.28,29.7,38.48,77.2,33.6,43.01,78.12,37.58,47.78,78.65,41.63,52.81,78.83,46.07,58.09,79.31,50.92,63.62,80.03
-1,2839,10,Chaves et al. 2015,Richness,-90.93461111,16.11097222,Precise,Mexico,Neotropics,Atelidae,Alouatta,Alouatta pigra,Alouatta_pigra, ,0,NI, , ,0,2007,0, ,NA, ,Alouatta pigra,Alouatta pigra,6.56,D,11.98,AR,Folivore_frugivore,51.13,1.109,6.6,NA,187,NA,240,1.01,1.13,Polygyndry,Harem Polygyny, ,2Tropical_and_suptropical_moist_broadleaf_forest,0.511824935,0.79,64.79,1.11,1.54,72.15,1.97,2.54,77.44,3.07,3.8,80.75,4.4,5.31,82.87,NA,7.07,NA,7.44,9.08,81.92,9.2,11.34,81.15,11.29,13.85,81.48,13.55,16.62,81.55,15.82,19.63,80.58,18.13,22.9,79.16,20.86,26.42,78.94,23.78,30.19,78.77,27.2,34.21,79.51,30.82,38.48,80.1,34.64,43.01,80.53,38.66,47.78,80.91,42.88,52.81,81.2,47.41,58.09,81.61,52.1,63.62,81.9
-1,2840,10,Chaves et al. 2015,Richness,-90.93844444,16.11616667,Precise,Mexico,Neotropics,Atelidae,Alouatta,Alouatta pigra,Alouatta_pigra, ,1,NI, , ,0,2007,0, ,NA, ,Alouatta pigra,Alouatta pigra,6.56,D,11.98,AR,Folivore_frugivore,51.13,1.109,6.6,NA,187,NA,240,1.01,1.13,Polygyndry,Harem Polygyny, ,2Tropical_and_suptropical_moist_broadleaf_forest,0.753783377,0.79,95.42,1.36,1.54,88.63,2.21,2.54,86.95,3.25,3.8,85.59,4.52,5.31,85.21,NA,7.07,NA,7.76,9.08,85.46,9.67,11.34,85.3,11.75,13.85,84.83,14.1,16.62,84.81,16.62,19.63,84.65,19.24,22.9,84.01,22.09,26.42,83.61,25.11,30.19,83.16,28.33,34.21,82.8,31.77,38.48,82.55,35.58,43.01,82.71,39.82,47.78,83.34,44.11,52.81,83.53,48.62,58.09,83.7,53.28,63.62,83.75
