OID,N,N_study,Source,BASE,X,Y,Precise,Country,Realm,Family,Genus,Taxon,Taxon_ITIS,Sample_met,Ocurrence,N_groups,Abundanc_1,Abundance,Density,Sample_yea,Sampling_e,Sampling_1,ID_Todo,TRAITS,Taxon_IT_1,ITIS_SPECI,BodyMass_k,DielActivi,HomeRange_,Locomotion,TrophicGui,Brain_size,Canine_Dim,MeanGroupS,Interbirth,Gestation,WeaningAge,MaxLongevi,LitterSz,AdultSexRa,Social_Sys,Mating_Sys,FOREST,BIOME,Buffer_500,Area500,FC_500,Buffer_700,Area700,FC_700,Buffer_900,Area900,FC_900,Buffer_110,Area1100,FC1100,Buffer_130,Area1300,FC_1300,Buffer_150,Area1500,FC_1500,Buffer_170,Area1700,FC_1700,Buffer_190,Area1900,FC_1900,Buffer_210,Area2100,FC_2100,Buffer_230,Area2300,FC_2300,Buffer_250,Area2500,FC_2500,Buffer_270,Area2700,FC_2700,Buffer_290,Area2900,FC_2900,Buffer_310,Area3100,FC_3100,Buffer_330,Area3300,FC_3300,Buffer_350,Area3500,FC_3500,Buffer_370,Area3700,F_Buffer_3,Buffer_390,Area_3900,FC_3900,Buffer_410,Area4100,FC_4100,Buffer_430,Area4300,FC_4300,Buffer_450,Area4500,FC_4500
-1,645,220,Ennes Silva and Bicca-Marques 2013,Ocurrencias,-51.44399444,-30.43517778,Precise,Brazil,Neotropics,Atelidae,Alouatta,Alouatta guariba,Alouatta_guariba ,Transects,0,0,0,NA,0,2004,0, ,NA, ,Alouatta guariba ,Alouatta guariba,5.54,D,15.065,AR,Folivore_frugivore,51.7,1.783,6.53,664.8,190,NA,NA,NA,1.61,Polygyny,Harem Polygyny, ,8Tropical and Subtropical Grasslands Savannas and Shrublands,0.326200843,0.79,41.29,0.5,1.54,32.46,0.88,2.54,34.62,1.47,3.8,38.59,2.11,5.31,39.73,3.13,7.07,44.24,4.29,9.08,47.21,5.52,11.34,48.7,6.84,13.85,49.38,8.19,16.62,49.28,9.47,19.63,48.25,10.73,22.9,46.88,11.82,26.42,44.73,12.77,30.19,42.31,13.95,34.21,40.77,15.02,38.48,39.03,16.12,43.01,37.47,17.4,47.78,36.41,18.81,52.81,35.62,20.22,58.09,34.8,21.27,63.62,33.44
-1,646,220,Ennes Silva and Bicca-Marques 2013,Ocurrencias,-51.42873056,-30.431,Precise,Brazil,Neotropics,Atelidae,Alouatta,Alouatta guariba,Alouatta_guariba ,Transects,0,0,0,NA,0,2004,0, ,NA, ,Alouatta guariba ,Alouatta guariba,5.54,D,15.065,AR,Folivore_frugivore,51.7,1.783,6.53,664.8,190,NA,NA,NA,1.61,Polygyny,Harem Polygyny, ,8Tropical and Subtropical Grasslands Savannas and Shrublands,0.746621179,0.79,94.51,1.42,1.54,92.23,2.26,2.54,89.02,3.11,3.8,81.97,4.01,5.31,75.55,4.94,7.07,69.92,5.98,9.08,65.85,7.07,11.34,62.38,8.18,13.85,59.03,9.21,16.62,55.42,10.39,19.63,52.94,11.55,22.9,50.43,12.74,26.42,48.24,13.76,30.19,45.59,14.6,34.21,42.69,15.67,38.48,40.72,16.84,43.01,39.16,17.92,47.78,37.5,18.81,52.81,35.62,19.66,58.09,33.85,20.68,63.62,32.51
-1,647,220,Ennes Silva and Bicca-Marques 2013,Ocurrencias,-51.39350556,-30.44204444,Precise,Brazil,Neotropics,Atelidae,Alouatta,Alouatta guariba,Alouatta_guariba ,Transects,0,0,0,NA,0,2004,0, ,NA, ,Alouatta guariba ,Alouatta guariba,5.54,D,15.065,AR,Folivore_frugivore,51.7,1.783,6.53,664.8,190,NA,NA,NA,1.61,Polygyny,Harem Polygyny, ,8Tropical and Subtropical Grasslands Savannas and Shrublands,0.150882504,0.79,19.1,0.29,1.54,18.97,0.61,2.54,24.14,1.04,3.8,27.49,1.51,5.31,28.35,1.94,7.07,27.47,2.43,9.08,26.72,2.94,11.34,25.97,3.57,13.85,25.75,4.3,16.62,25.85,5.13,19.63,26.15,5.89,22.9,25.71,6.78,26.42,25.67,7.73,30.19,25.61,8.74,34.21,25.55,9.76,38.48,25.37,10.74,43.01,24.97,11.65,47.78,24.39,12.72,52.81,24.09,13.82,58.09,23.79,14.85,63.62,23.35
-1,648,220,Ennes Silva and Bicca-Marques 2013,Ocurrencias,-51.38716389,-30.44096111,Precise,Brazil,Neotropics,Atelidae,Alouatta,Alouatta guariba,Alouatta_guariba ,Transects,0,0,0,NA,0,2004,0, ,NA, ,Alouatta guariba ,Alouatta guariba,5.54,D,15.065,AR,Folivore_frugivore,51.7,1.783,6.53,664.8,190,NA,NA,NA,1.61,Polygyny,Harem Polygyny, ,8Tropical and Subtropical Grasslands Savannas and Shrublands,0.10399015,0.79,13.16,0.29,1.54,19.13,0.47,2.54,18.63,0.72,3.8,18.9,1.07,5.31,20.13,1.46,7.07,20.71,1.85,9.08,20.41,2.33,11.34,20.58,2.75,13.85,19.85,3.09,16.62,18.6,3.62,19.63,18.42,4.22,22.9,18.45,4.93,26.42,18.68,5.78,30.19,19.14,6.57,34.21,19.2,7.45,38.48,19.35,8.41,43.01,19.56,9.53,47.78,19.94,10.57,52.81,20.01,11.74,58.09,20.2,12.95,63.62,20.36
-1,649,220,Ennes Silva and Bicca-Marques 2013,Ocurrencias,-51.39148889,-30.42716667,Precise,Brazil,Neotropics,Atelidae,Alouatta,Alouatta guariba,Alouatta_guariba ,Transects,0,0,0,NA,0,2004,0, ,NA, ,Alouatta guariba ,Alouatta guariba,5.54,D,15.065,AR,Folivore_frugivore,51.7,1.783,6.53,664.8,190,NA,NA,NA,1.61,Polygyny,Harem Polygyny, ,8Tropical and Subtropical Grasslands Savannas and Shrublands,0.160506145,0.79,20.32,0.4,1.54,26.27,0.81,2.54,31.96,1.25,3.8,32.83,1.58,5.31,29.69,1.95,7.07,27.56,2.39,9.08,26.33,2.78,11.34,24.48,3.09,13.85,22.33,3.34,16.62,20.12,3.65,19.63,18.58,4.07,22.9,17.79,4.43,26.42,16.75,4.93,30.19,16.32,5.57,34.21,16.28,6.32,38.48,16.41,7.29,43.01,16.96,8.52,47.78,17.83,9.87,52.81,18.7,11.25,58.09,19.37,12.84,63.62,20.19
-1,650,220,Ennes Silva and Bicca-Marques 2013,Ocurrencias,-51.39048611,-30.42474722,Precise,Brazil,Neotropics,Atelidae,Alouatta,Alouatta guariba,Alouatta_guariba ,Transects,0,0,0,NA,0,2004,0, ,NA, ,Alouatta guariba ,Alouatta guariba,5.54,D,15.065,AR,Folivore_frugivore,51.7,1.783,6.53,664.8,190,NA,NA,NA,1.61,Polygyny,Harem Polygyny, ,8Tropical and Subtropical Grasslands Savannas and Shrublands,0.110784814,0.79,14.02,0.23,1.54,14.95,0.53,2.54,20.8,1.02,3.8,26.8,1.4,5.31,26.3,1.66,7.07,23.54,1.89,9.08,20.81,2.35,11.34,20.72,2.79,13.85,20.12,3.08,16.62,18.55,3.33,19.63,16.95,3.62,22.9,15.82,4.05,26.42,15.32,4.45,30.19,14.74,5.04,34.21,14.72,5.71,38.48,14.83,6.46,43.01,15.01,7.46,47.78,15.61,8.81,52.81,16.69,10.29,58.09,17.71,11.7,63.62,18.39
-1,651,220,Ennes Silva and Bicca-Marques 2013,Ocurrencias,-51.38589444,-30.43112222,Precise,Brazil,Neotropics,Atelidae,Alouatta,Alouatta guariba,Alouatta_guariba ,Transects,0,0,0,NA,0,2004,0, ,NA, ,Alouatta guariba ,Alouatta guariba,5.54,D,15.065,AR,Folivore_frugivore,51.7,1.783,6.53,664.8,190,NA,NA,NA,1.61,Polygyny,Harem Polygyny, ,8Tropical and Subtropical Grasslands Savannas and Shrublands,0.323722296,0.79,40.98,0.53,1.54,34.24,0.86,2.54,34.02,1.2,3.8,31.55,1.45,5.31,27.38,1.81,7.07,25.54,2.11,9.08,23.25,2.4,11.34,21.14,2.74,13.85,19.77,3.02,16.62,18.2,3.3,19.63,16.83,3.58,22.9,15.61,3.85,26.42,14.58,4.33,30.19,14.33,4.86,34.21,14.21,5.38,38.48,13.97,6.19,43.01,14.38,7.37,47.78,15.43,8.73,52.81,16.54,10.16,58.09,17.49,11.57,63.62,18.19
-1,652,220,Ennes Silva and Bicca-Marques 2013,Ocurrencias,-51.38261944,-30.41968889,Precise,Brazil,Neotropics,Atelidae,Alouatta,Alouatta guariba,Alouatta_guariba ,Transects,0,0,0,NA,0,2004,0, ,NA, ,Alouatta guariba ,Alouatta guariba,5.54,D,15.065,AR,Folivore_frugivore,51.7,1.783,6.53,664.8,190,NA,NA,NA,1.61,Polygyny,Harem Polygyny, ,8Tropical and Subtropical Grasslands Savannas and Shrublands,0.122163894,0.79,15.46,0.24,1.54,15.3,0.33,2.54,13.17,0.54,3.8,14.08,0.68,5.31,12.8,0.8,7.07,11.26,0.9,9.08,9.97,1.16,11.34,10.27,1.4,13.85,10.09,1.69,16.62,10.18,1.96,19.63,10,2.32,22.9,10.14,2.76,26.42,10.43,3.05,30.19,10.09,3.48,34.21,10.19,3.86,38.48,10.02,4.22,43.01,9.82,4.74,47.78,9.92,5.47,52.81,10.35,6.22,58.09,10.71,7.23,63.62,11.36
-1,653,220,Ennes Silva and Bicca-Marques 2013,Ocurrencias,-51.399625,-30.42583611,Precise,Brazil,Neotropics,Atelidae,Alouatta,Alouatta guariba,Alouatta_guariba ,Transects,0,0,0,NA,0,2004,0, ,NA, ,Alouatta guariba ,Alouatta guariba,5.54,D,15.065,AR,Folivore_frugivore,51.7,1.783,6.53,664.8,190,NA,NA,NA,1.61,Polygyny,Harem Polygyny, ,8Tropical and Subtropical Grasslands Savannas and Shrublands,0.182978095,0.79,23.16,0.34,1.54,21.79,0.64,2.54,25.02,1.1,3.8,28.83,1.54,5.31,28.92,1.98,7.07,28.05,2.52,9.08,27.71,3.09,11.34,27.28,3.51,13.85,25.34,4.08,16.62,24.54,4.76,19.63,24.26,5.51,22.9,24.06,6.32,26.42,23.91,7.24,30.19,23.99,8.27,34.21,24.16,9.38,38.48,24.38,10.59,43.01,24.63,11.91,47.78,24.92,13.02,52.81,24.65,14.09,58.09,24.25,15.19,63.62,23.87
-1,654,220,Ennes Silva and Bicca-Marques 2013,Ocurrencias,-51.40965,-30.46879167,Precise,Brazil,Neotropics,Atelidae,Alouatta,Alouatta guariba,Alouatta_guariba ,Transects,0,0,0,NA,0,2004,0, ,NA, ,Alouatta guariba ,Alouatta guariba,5.54,D,15.065,AR,Folivore_frugivore,51.7,1.783,6.53,664.8,190,NA,NA,NA,1.61,Polygyny,Harem Polygyny, ,8Tropical and Subtropical Grasslands Savannas and Shrublands,0.309138916,0.79,39.13,0.55,1.54,35.88,0.87,2.54,34.29,1.27,3.8,33.4,1.56,5.31,29.32,1.79,7.07,25.28,2.15,9.08,23.64,2.43,11.34,21.44,2.78,13.85,20.09,3.26,16.62,19.62,3.87,19.63,19.71,4.7,22.9,20.53,5.59,26.42,21.17,6.31,30.19,20.91,7.16,34.21,20.94,8.33,38.48,21.64,9.4,43.01,21.86,10.28,47.78,21.52,11.21,52.81,21.23,12.19,58.09,20.98,13.13,63.62,20.64
-1,655,220,Ennes Silva and Bicca-Marques 2013,Ocurrencias,-51.40558889,-30.47247778,Precise,Brazil,Neotropics,Atelidae,Alouatta,Alouatta guariba,Alouatta_guariba ,Transects,0,0,0,NA,0,2004,0, ,NA, ,Alouatta guariba ,Alouatta guariba,5.54,D,15.065,AR,Folivore_frugivore,51.7,1.783,6.53,664.8,190,NA,NA,NA,1.61,Polygyny,Harem Polygyny, ,8Tropical and Subtropical Grasslands Savannas and Shrublands,0.240450371,0.79,30.44,0.47,1.54,30.67,0.73,2.54,28.61,1.01,3.8,26.53,1.23,5.31,23.1,1.51,7.07,21.35,1.75,9.08,19.23,2.12,11.34,18.7,2.5,13.85,18.05,2.9,16.62,17.48,3.32,19.63,16.92,3.71,22.9,16.21,4.35,26.42,16.48,5.18,30.19,17.15,6,34.21,17.54,6.67,38.48,17.32,7.51,43.01,17.45,8.49,47.78,17.77,9.36,52.81,17.73,10.35,58.09,17.81,11.45,63.62,18
-1,656,220,Ennes Silva and Bicca-Marques 2013,Ocurrencias,-51.40784722,-30.47593611,Precise,Brazil,Neotropics,Atelidae,Alouatta,Alouatta guariba,Alouatta_guariba ,Transects,0,0,0,NA,0,2004,0, ,NA, ,Alouatta guariba ,Alouatta guariba,5.54,D,15.065,AR,Folivore_frugivore,51.7,1.783,6.53,664.8,190,NA,NA,NA,1.61,Polygyny,Harem Polygyny, ,8Tropical and Subtropical Grasslands Savannas and Shrublands,0.245420596,0.79,31.07,0.38,1.54,24.74,0.58,2.54,22.7,0.77,3.8,20.27,1.01,5.31,19.06,1.21,7.07,17.12,1.52,9.08,16.76,1.97,11.34,17.35,2.39,13.85,17.29,2.76,16.62,16.59,3.07,19.63,15.64,3.4,22.9,14.87,3.81,26.42,14.41,4.42,30.19,14.63,5.13,34.21,14.99,5.96,38.48,15.48,6.74,43.01,15.66,7.42,47.78,15.52,8.24,52.81,15.61,9.2,58.09,15.85,10.24,63.62,16.09
-1,657,220,Ennes Silva and Bicca-Marques 2013,Ocurrencias,-51.30062778,-30.34402778,Precise,Brazil,Neotropics,Atelidae,Alouatta,Alouatta guariba,Alouatta_guariba ,Transects,0,0,0,NA,0,2004,0, ,NA, ,Alouatta guariba ,Alouatta guariba,5.54,D,15.065,AR,Folivore_frugivore,51.7,1.783,6.53,664.8,190,NA,NA,NA,1.61,Polygyny,Harem Polygyny, ,8Tropical and Subtropical Grasslands Savannas and Shrublands,0.313402465,0.79,39.67,0.31,1.54,20.36,0.31,2.54,12.34,0.31,3.8,8.25,0.31,5.31,5.9,0.31,7.07,4.43,0.31,9.08,3.45,0.32,11.34,2.81,0.37,13.85,2.69,0.39,16.62,2.33,0.39,19.63,1.98,0.4,22.9,1.77,0.44,26.42,1.67,0.68,30.19,2.26,1.24,34.21,3.63,1.7,38.48,4.42,2.18,43.01,5.07,2.69,47.78,5.63,3.21,52.81,6.07,3.6,58.09,6.19,4.15,63.62,6.53
-1,658,220,Ennes Silva and Bicca-Marques 2013,Ocurrencias,-51.13449722,-30.43148333,Precise,Brazil,Neotropics,Atelidae,Alouatta,Alouatta guariba,Alouatta_guariba ,Transects,0,0,0,NA,0,2004,0, ,NA, ,Alouatta guariba ,Alouatta guariba,5.54,D,15.065,AR,Folivore_frugivore,51.7,1.783,6.53,664.8,190,NA,NA,NA,1.61,Polygyny,Harem Polygyny, ,8Tropical and Subtropical Grasslands Savannas and Shrublands,0.746206875,0.79,94.46,1.2,1.54,77.6,1.63,2.54,64.22,1.95,3.8,51.24,2.21,5.31,41.53,2.48,7.07,35.05,2.75,9.08,30.32,3.09,11.34,27.23,3.47,13.85,25.07,3.87,16.62,23.29,4.23,19.63,21.55,4.58,22.9,19.99,4.9,26.42,18.56,5.2,30.19,17.24,5.52,34.21,16.13,5.82,38.48,15.13,6.16,43.01,14.31,6.59,47.78,13.79,7.09,52.81,13.42,7.68,58.09,13.23,8.36,63.62,13.14
-1,659,220,Ennes Silva and Bicca-Marques 2013,Ocurrencias,-51.45811944,-30.37633333,Precise,Brazil,Neotropics,Atelidae,Alouatta,Alouatta guariba,Alouatta_guariba ,Transects,0,0,0,NA,0,2004,0, ,NA, ,Alouatta guariba ,Alouatta guariba,5.54,D,15.065,AR,Folivore_frugivore,51.7,1.783,6.53,664.8,190,NA,NA,NA,1.61,Polygyny,Harem Polygyny, ,8Tropical and Subtropical Grasslands Savannas and Shrublands,0.142348933,0.79,18.02,0.46,1.54,30.18,0.81,2.54,31.88,1.18,3.8,31.17,1.66,5.31,31.18,1.89,7.07,26.78,2.12,9.08,23.3,2.41,11.34,21.26,2.62,13.85,18.95,3.04,16.62,18.28,3.75,19.63,19.11,4.49,22.9,19.62,5.19,26.42,19.63,6.08,30.19,20.13,7.14,34.21,20.86,8.42,38.48,21.88,9.88,43.01,22.96,11.43,47.78,23.91,12.71,52.81,24.07,13.94,58.09,23.99,15.47,63.62,24.31
-1,660,220,Ennes Silva and Bicca-Marques 2013,Ocurrencias,-51.45291944,-30.36639167,Precise,Brazil,Neotropics,Atelidae,Alouatta,Alouatta guariba,Alouatta_guariba ,Transects,0,0,0,NA,0,2004,0, ,NA, ,Alouatta guariba ,Alouatta guariba,5.54,D,15.065,AR,Folivore_frugivore,51.7,1.783,6.53,664.8,190,NA,NA,NA,1.61,Polygyny,Harem Polygyny, ,8Tropical and Subtropical Grasslands Savannas and Shrublands,0.132445238,0.79,16.77,0.26,1.54,16.94,0.58,2.54,22.82,0.86,3.8,22.64,1.22,5.31,23.05,1.58,7.07,22.28,1.9,9.08,20.98,2.15,11.34,18.98,2.59,13.85,18.67,3.15,16.62,18.96,3.88,19.63,19.75,4.76,22.9,20.79,5.67,26.42,21.46,6.64,30.19,22,7.89,34.21,23.06,9.22,38.48,23.97,10.4,43.01,24.18,11.79,47.78,24.67,13.34,52.81,25.26,14.95,58.09,25.74,16.59,63.62,26.08
-1,661,220,Ennes Silva and Bicca-Marques 2013,Ocurrencias,-51.45079167,-30.37439444,Precise,Brazil,Neotropics,Atelidae,Alouatta,Alouatta guariba,Alouatta_guariba ,Transects,1,0,0,NA,0,2004,0, ,NA, ,Alouatta guariba ,Alouatta guariba,5.54,D,15.065,AR,Folivore_frugivore,51.7,1.783,6.53,664.8,190,NA,NA,NA,1.61,Polygyny,Harem Polygyny, ,8Tropical and Subtropical Grasslands Savannas and Shrublands,0.490730078,0.79,62.12,0.74,1.54,47.82,0.98,2.54,38.7,1.18,3.8,31.13,1.42,5.31,26.69,1.63,7.07,23.04,1.91,9.08,21.08,2.38,11.34,21,2.82,13.85,20.36,3.26,16.62,19.63,3.73,19.63,19,4.25,22.9,18.58,5.06,26.42,19.15,6.15,30.19,20.37,7.24,34.21,21.16,8.44,38.48,21.92,9.73,43.01,22.63,11.05,47.78,23.13,12.37,52.81,23.43,13.89,58.09,23.92,15.49,63.62,24.35
-1,662,220,Ennes Silva and Bicca-Marques 2013,Ocurrencias,-51.45538333,-30.38234444,Precise,Brazil,Neotropics,Atelidae,Alouatta,Alouatta guariba,Alouatta_guariba ,Transects,1,0,0,NA,0,2004,0, ,NA, ,Alouatta guariba ,Alouatta guariba,5.54,D,15.065,AR,Folivore_frugivore,51.7,1.783,6.53,664.8,190,NA,NA,NA,1.61,Polygyny,Harem Polygyny, ,8Tropical and Subtropical Grasslands Savannas and Shrublands,0.253074114,0.79,32.03,0.41,1.54,26.8,0.72,2.54,28.38,1.01,3.8,26.55,1.32,5.31,24.87,1.55,7.07,21.99,1.95,9.08,21.48,2.64,11.34,23.26,3.36,13.85,24.27,4.08,16.62,24.56,4.93,19.63,25.12,5.78,22.9,25.25,6.52,26.42,24.69,7.18,30.19,23.77,7.75,34.21,22.65,8.35,38.48,21.71,9.06,43.01,21.05,10.16,47.78,21.27,11.37,52.81,21.54,12.73,58.09,21.91,14.02,63.62,22.04
-1,663,220,Ennes Silva and Bicca-Marques 2013,Ocurrencias,-51.46278611,-30.37327778,Precise,Brazil,Neotropics,Atelidae,Alouatta,Alouatta guariba,Alouatta_guariba ,Transects,1,0,0,NA,0,2004,0, ,NA, ,Alouatta guariba ,Alouatta guariba,5.54,D,15.065,AR,Folivore_frugivore,51.7,1.783,6.53,664.8,190,NA,NA,NA,1.61,Polygyny,Harem Polygyny, ,8Tropical and Subtropical Grasslands Savannas and Shrublands,0.184901503,0.79,23.41,0.39,1.54,25.16,0.61,2.54,23.83,0.89,3.8,23.3,1.4,5.31,26.4,1.9,7.07,26.84,2.32,9.08,25.58,2.63,11.34,23.18,2.85,13.85,20.57,3.08,16.62,18.55,3.39,19.63,17.29,3.76,22.9,16.42,4.53,26.42,17.16,5.77,30.19,19.11,7.05,34.21,20.6,8.44,38.48,21.94,9.9,43.01,23.01,11.55,47.78,24.18,13.32,52.81,25.22,15.05,58.09,25.91,16.65,63.62,26.17
-1,664,220,Ennes Silva and Bicca-Marques 2013,Ocurrencias,-51.45256111,-30.34260833,Precise,Brazil,Neotropics,Atelidae,Alouatta,Alouatta guariba,Alouatta_guariba ,Transects,1,0,0,NA,0,2004,0, ,NA, ,Alouatta guariba ,Alouatta guariba,5.54,D,15.065,AR,Folivore_frugivore,51.7,1.783,6.53,664.8,190,NA,NA,NA,1.61,Polygyny,Harem Polygyny, ,8Tropical and Subtropical Grasslands Savannas and Shrublands,0.493059041,0.79,62.41,0.86,1.54,55.66,1.3,2.54,51.18,1.83,3.8,48.12,2.45,5.31,46.07,3.12,7.07,44.09,3.76,9.08,41.42,4.54,11.34,40.02,5.19,13.85,37.46,5.95,16.62,35.81,6.71,19.63,34.19,7.5,22.9,32.73,8.36,26.42,31.64,9.43,30.19,31.23,10.67,34.21,31.18,12.04,38.48,31.29,13.36,43.01,31.07,14.66,47.78,30.68,16.06,52.81,30.4,17.57,58.09,30.25,19.09,63.62,30.01
-1,665,220,Ennes Silva and Bicca-Marques 2013,Ocurrencias,-51.487375,-30.32796667,Precise,Brazil,Neotropics,Atelidae,Alouatta,Alouatta guariba,Alouatta_guariba ,Transects,1,0,0,NA,0,2004,0, ,NA, ,Alouatta guariba ,Alouatta guariba,5.54,D,15.065,AR,Folivore_frugivore,51.7,1.783,6.53,664.8,190,NA,NA,NA,1.61,Polygyny,Harem Polygyny, ,8Tropical and Subtropical Grasslands Savannas and Shrublands,0.596000169,0.79,75.44,1.04,1.54,67.54,1.58,2.54,62.08,2.35,3.8,61.78,3.3,5.31,62.22,4.3,7.07,60.81,5.46,9.08,60.08,6.59,11.34,58.08,7.75,13.85,55.94,9.14,16.62,55.02,10.39,19.63,52.91,11.52,22.9,50.3,12.69,26.42,48.03,13.96,30.19,46.25,15.69,34.21,45.85,17.36,38.48,45.12,19.09,43.01,44.38,21.08,47.78,44.11,23.3,52.81,44.12,25.63,58.09,44.11,27.81,63.62,43.72
-1,666,220,Ennes Silva and Bicca-Marques 2013,Ocurrencias,-51.47815833,-30.32756667,Precise,Brazil,Neotropics,Atelidae,Alouatta,Alouatta guariba,Alouatta_guariba ,Transects,1,0,0,NA,0,2004,0, ,NA, ,Alouatta guariba ,Alouatta guariba,5.54,D,15.065,AR,Folivore_frugivore,51.7,1.783,6.53,664.8,190,NA,NA,NA,1.61,Polygyny,Harem Polygyny, ,8Tropical and Subtropical Grasslands Savannas and Shrublands,0.506293284,0.79,64.09,0.98,1.54,63.79,1.63,2.54,64.14,2.5,3.8,65.78,3.42,5.31,64.34,4.3,7.07,60.86,5.32,9.08,58.61,6.5,11.34,57.28,7.55,13.85,54.48,8.47,16.62,50.93,9.51,19.63,48.43,10.74,22.9,46.92,11.99,26.42,45.38,13.41,30.19,44.43,14.98,34.21,43.78,16.71,38.48,43.44,18.37,43.01,42.72,20.21,47.78,42.29,22.43,52.81,42.48,24.38,58.09,41.96,26.11,63.62,41.04
-1,667,220,Ennes Silva and Bicca-Marques 2013,Ocurrencias,-51.45696111,-30.33729167,Precise,Brazil,Neotropics,Atelidae,Alouatta,Alouatta guariba,Alouatta_guariba ,Transects,0,0,0,NA,0,2004,0, ,NA, ,Alouatta guariba ,Alouatta guariba,5.54,D,15.065,AR,Folivore_frugivore,51.7,1.783,6.53,664.8,190,NA,NA,NA,1.61,Polygyny,Harem Polygyny, ,8Tropical and Subtropical Grasslands Savannas and Shrublands,0.305882833,0.79,38.72,0.67,1.54,43.29,1.13,2.54,44.39,1.69,3.8,44.4,2.26,5.31,42.48,2.99,7.07,42.26,3.94,9.08,43.44,4.76,11.34,41.98,5.75,13.85,41.49,6.83,16.62,41.11,7.73,19.63,39.4,8.9,22.9,38.87,9.83,26.42,37.21,10.82,30.19,35.84,11.89,34.21,34.75,12.94,38.48,33.62,14.27,43.01,33.18,15.7,47.78,32.86,17.19,52.81,32.55,18.7,58.09,32.2,20.24,63.62,31.82
-1,668,220,Ennes Silva and Bicca-Marques 2013,Ocurrencias,-51.45590556,-30.33935,Precise,Brazil,Neotropics,Atelidae,Alouatta,Alouatta guariba,Alouatta_guariba ,Transects,1,0,0,NA,0,2004,0, ,NA, ,Alouatta guariba ,Alouatta guariba,5.54,D,15.065,AR,Folivore_frugivore,51.7,1.783,6.53,664.8,190,NA,NA,NA,1.61,Polygyny,Harem Polygyny, ,8Tropical and Subtropical Grasslands Savannas and Shrublands,0.355532911,0.79,45,0.69,1.54,45.06,1.13,2.54,44.3,1.7,3.8,44.81,2.34,5.31,44.05,2.97,7.07,42.04,3.77,9.08,41.47,4.71,11.34,41.52,5.65,13.85,40.79,6.61,16.62,39.74,7.48,19.63,38.1,8.35,22.9,36.48,9.44,26.42,35.74,10.41,30.19,34.47,11.37,34.21,33.23,12.57,38.48,32.67,13.88,43.01,32.26,15.43,47.78,32.29,16.98,52.81,32.15,18.44,58.09,31.74,19.86,63.62,31.21
-1,669,220,Ennes Silva and Bicca-Marques 2013,Ocurrencias,-51.45641944,-30.33408333,Precise,Brazil,Neotropics,Atelidae,Alouatta,Alouatta guariba,Alouatta_guariba ,Transects,1,0,0,NA,0,2004,0, ,NA, ,Alouatta guariba ,Alouatta guariba,5.54,D,15.065,AR,Folivore_frugivore,51.7,1.783,6.53,664.8,190,NA,NA,NA,1.61,Polygyny,Harem Polygyny, ,8Tropical and Subtropical Grasslands Savannas and Shrublands,0.356440934,0.79,45.12,0.7,1.54,45.46,1.09,2.54,42.9,1.59,3.8,41.74,2.28,5.31,42.91,3.01,7.07,42.58,3.85,9.08,42.41,4.83,11.34,42.61,5.83,13.85,42.1,6.96,16.62,41.87,8.09,19.63,41.22,9.06,22.9,39.58,10.15,26.42,38.42,11.13,30.19,36.88,12.19,34.21,35.62,13.29,38.48,34.54,14.49,43.01,33.69,15.84,47.78,33.16,17.36,52.81,32.86,18.78,58.09,32.33,20.34,63.62,31.97
-1,670,220,Ennes Silva and Bicca-Marques 2013,Ocurrencias,-51.44770833,-30.31545556,Precise,Brazil,Neotropics,Atelidae,Alouatta,Alouatta guariba,Alouatta_guariba ,Transects,1,0,0,NA,0,2004,0, ,NA, ,Alouatta guariba ,Alouatta guariba,5.54,D,15.065,AR,Folivore_frugivore,51.7,1.783,6.53,664.8,190,NA,NA,NA,1.61,Polygyny,Harem Polygyny, ,8Tropical and Subtropical Grasslands Savannas and Shrublands,0.388293114,0.79,49.15,0.67,1.54,43.61,0.92,2.54,36.41,1.14,3.8,30.08,1.44,5.31,27.16,1.82,7.07,25.75,2.32,9.08,25.53,2.88,11.34,25.42,3.53,13.85,25.46,4.41,16.62,26.53,5.42,19.63,27.6,6.45,22.9,28.15,7.47,26.42,28.27,8.71,30.19,28.86,10.01,34.21,29.27,11.33,38.48,29.44,12.63,43.01,29.36,13.94,47.78,29.19,15.52,52.81,29.39,17.25,58.09,29.7,19.08,63.62,29.98
-1,671,220,Ennes Silva and Bicca-Marques 2013,Ocurrencias,-51.43010833,-30.30231944,Precise,Brazil,Neotropics,Atelidae,Alouatta,Alouatta guariba,Alouatta_guariba ,Transects,1,0,0,NA,0,2004,0, ,NA, ,Alouatta guariba ,Alouatta guariba,5.54,D,15.065,AR,Folivore_frugivore,51.7,1.783,6.53,664.8,190,NA,NA,NA,1.61,Polygyny,Harem Polygyny, ,8Tropical and Subtropical Grasslands Savannas and Shrublands,0.17482649,0.79,22.13,0.26,1.54,17.17,0.32,2.54,12.73,0.36,3.8,9.53,0.48,5.31,8.98,0.77,7.07,10.93,1.1,9.08,12.14,1.42,11.34,12.52,1.83,13.85,13.19,2.33,16.62,14.02,2.92,19.63,14.86,3.49,22.9,15.24,4.02,26.42,15.21,4.53,30.19,14.99,4.99,34.21,14.57,5.35,38.48,13.91,5.82,43.01,13.54,6.52,47.78,13.64,7.57,52.81,14.34,8.72,58.09,15.02,10.09,63.62,15.86
-1,672,220,Ennes Silva and Bicca-Marques 2013,Ocurrencias,-51.42437222,-30.30708611,Precise,Brazil,Neotropics,Atelidae,Alouatta,Alouatta guariba,Alouatta_guariba ,Transects,1,0,0,NA,0,2004,0, ,NA, ,Alouatta guariba ,Alouatta guariba,5.54,D,15.065,AR,Folivore_frugivore,51.7,1.783,6.53,664.8,190,NA,NA,NA,1.61,Polygyny,Harem Polygyny, ,8Tropical and Subtropical Grasslands Savannas and Shrublands,0.125603193,0.79,15.9,0.27,1.54,17.43,0.51,2.54,20.15,0.81,3.8,21.24,0.96,5.31,18.02,1.07,7.07,15.16,1.25,9.08,13.81,1.41,11.34,12.44,1.67,13.85,12.08,1.95,16.62,11.72,2.3,19.63,11.7,2.7,22.9,11.79,3.13,26.42,11.85,3.55,30.19,11.75,4.15,34.21,12.14,4.79,38.48,12.46,5.42,43.01,12.6,6.34,47.78,13.27,7.54,52.81,14.28,8.86,58.09,15.26,10.2,63.62,16.03
-1,673,220,Ennes Silva and Bicca-Marques 2013,Ocurrencias,-51.42901667,-30.31645278,Precise,Brazil,Neotropics,Atelidae,Alouatta,Alouatta guariba,Alouatta_guariba ,Transects,1,0,0,NA,0,2004,0, ,NA, ,Alouatta guariba ,Alouatta guariba,5.54,D,15.065,AR,Folivore_frugivore,51.7,1.783,6.53,664.8,190,NA,NA,NA,1.61,Polygyny,Harem Polygyny, ,8Tropical and Subtropical Grasslands Savannas and Shrublands,0.208337675,0.79,26.37,0.38,1.54,24.46,0.49,2.54,19.29,0.6,3.8,15.81,0.81,5.31,15.33,1.11,7.07,15.64,1.4,9.08,15.42,1.63,11.34,14.38,2,13.85,14.41,2.36,16.62,14.19,2.81,19.63,14.33,3.39,22.9,14.81,4.16,26.42,15.76,5.29,30.19,17.52,6.64,34.21,19.42,7.92,38.48,20.58,9.45,43.01,21.98,10.77,47.78,22.53,11.84,52.81,22.43,12.79,58.09,22.02,13.67,63.62,21.48
-1,674,220,Ennes Silva and Bicca-Marques 2013,Ocurrencias,-51.425025,-30.31303889,Precise,Brazil,Neotropics,Atelidae,Alouatta,Alouatta guariba,Alouatta_guariba ,Transects,1,0,0,NA,0,2004,0, ,NA, ,Alouatta guariba ,Alouatta guariba,5.54,D,15.065,AR,Folivore_frugivore,51.7,1.783,6.53,664.8,190,NA,NA,NA,1.61,Polygyny,Harem Polygyny, ,8Tropical and Subtropical Grasslands Savannas and Shrublands,0.283461093,0.79,35.88,0.41,1.54,26.53,0.54,2.54,21.13,0.73,3.8,19.26,0.87,5.31,16.37,1.08,7.07,15.28,1.24,9.08,13.63,1.44,11.34,12.73,1.74,13.85,12.54,2.01,16.62,12.1,2.3,19.63,11.7,2.8,22.9,12.22,3.3,26.42,12.5,3.88,30.19,12.85,4.79,34.21,14.01,6.02,38.48,15.64,7.48,43.01,17.39,8.75,47.78,18.32,10.04,52.81,19.01,11.18,58.09,19.25,12.33,63.62,19.39
-1,675,220,Ennes Silva and Bicca-Marques 2013,Ocurrencias,-51.41968333,-30.31256111,Precise,Brazil,Neotropics,Atelidae,Alouatta,Alouatta guariba,Alouatta_guariba ,Transects,1,0,0,NA,0,2004,0, ,NA, ,Alouatta guariba ,Alouatta guariba,5.54,D,15.065,AR,Folivore_frugivore,51.7,1.783,6.53,664.8,190,NA,NA,NA,1.61,Polygyny,Harem Polygyny, ,8Tropical and Subtropical Grasslands Savannas and Shrublands,0.255995395,0.79,32.4,0.36,1.54,23.13,0.44,2.54,17.41,0.63,3.8,16.66,0.82,5.31,15.47,0.99,7.07,14.05,1.16,9.08,12.78,1.31,11.34,11.52,1.47,13.85,10.63,1.78,16.62,10.72,2.05,19.63,10.45,2.33,22.9,10.17,2.7,26.42,10.22,3.25,30.19,10.77,3.94,34.21,11.5,4.82,38.48,12.53,5.94,43.01,13.81,7.19,47.78,15.05,8.52,52.81,16.13,9.81,58.09,16.89,11.15,63.62,17.53
-1,676,220,Ennes Silva and Bicca-Marques 2013,Ocurrencias,-51.40848889,-30.29692778,Precise,Brazil,Neotropics,Atelidae,Alouatta,Alouatta guariba,Alouatta_guariba ,Transects,1,0,0,NA,0,2004,0, ,NA, ,Alouatta guariba ,Alouatta guariba,5.54,D,15.065,AR,Folivore_frugivore,51.7,1.783,6.53,664.8,190,NA,NA,NA,1.61,Polygyny,Harem Polygyny, ,8Tropical and Subtropical Grasslands Savannas and Shrublands,0.1878087,0.79,23.77,0.36,1.54,23.52,0.49,2.54,19.1,0.62,3.8,16.37,0.7,5.31,13.1,0.71,7.07,10.03,0.76,9.08,8.35,0.89,11.34,7.83,1.07,13.85,7.75,1.27,16.62,7.62,1.42,19.63,7.25,1.57,22.9,6.87,1.77,26.42,6.69,1.97,30.19,6.53,2.2,34.21,6.43,2.56,38.48,6.64,2.84,43.01,6.61,3.11,47.78,6.51,3.51,52.81,6.64,4.13,58.09,7.1,4.85,63.62,7.62
-1,677,220,Ennes Silva and Bicca-Marques 2013,Ocurrencias,-51.47146111,-30.28171667,Precise,Brazil,Neotropics,Atelidae,Alouatta,Alouatta guariba,Alouatta_guariba ,Transects,1,0,0,NA,0,2004,0, ,NA, ,Alouatta guariba ,Alouatta guariba,5.54,D,15.065,AR,Folivore_frugivore,51.7,1.783,6.53,664.8,190,NA,NA,NA,1.61,Polygyny,Harem Polygyny, ,8Tropical and Subtropical Grasslands Savannas and Shrublands,0.366371698,0.79,46.38,0.65,1.54,42.38,0.95,2.54,37.56,1.4,3.8,36.97,1.95,5.31,36.65,2.47,7.07,34.94,3.01,9.08,33.13,3.73,11.34,32.93,4.65,13.85,33.57,5.55,16.62,33.4,6.28,19.63,32,7.13,22.9,31.16,7.98,26.42,30.2,8.78,30.19,29.09,9.65,34.21,28.22,10.79,38.48,28.05,11.93,43.01,27.75,13.23,47.78,27.69,14.76,52.81,27.95,16.62,58.09,28.62,18.62,63.62,29.27
-1,678,220,Ennes Silva and Bicca-Marques 2013,Ocurrencias,-51.46718611,-30.27448889,Precise,Brazil,Neotropics,Atelidae,Alouatta,Alouatta guariba,Alouatta_guariba ,Transects,1,0,0,NA,0,2004,0, ,NA, ,Alouatta guariba ,Alouatta guariba,5.54,D,15.065,AR,Folivore_frugivore,51.7,1.783,6.53,664.8,190,NA,NA,NA,1.61,Polygyny,Harem Polygyny, ,8Tropical and Subtropical Grasslands Savannas and Shrublands,0.183792505,0.79,23.26,0.44,1.54,28.34,0.72,2.54,28.28,1.15,3.8,30.15,1.58,5.31,29.77,1.99,7.07,28.18,2.35,9.08,25.92,2.86,11.34,25.23,3.5,13.85,25.24,4.26,16.62,25.65,5.06,19.63,25.77,5.91,22.9,25.83,6.78,26.42,25.66,7.54,30.19,24.97,8.49,34.21,24.83,9.62,38.48,25,10.83,43.01,25.18,12.3,47.78,25.73,13.76,52.81,26.06,15.29,58.09,26.33,16.77,63.62,26.36
-1,679,220,Ennes Silva and Bicca-Marques 2013,Ocurrencias,-51.45866111,-30.27427222,Precise,Brazil,Neotropics,Atelidae,Alouatta,Alouatta guariba,Alouatta_guariba ,Transects,1,0,0,NA,0,2004,0, ,NA, ,Alouatta guariba ,Alouatta guariba,5.54,D,15.065,AR,Folivore_frugivore,51.7,1.783,6.53,664.8,190,NA,NA,NA,1.61,Polygyny,Harem Polygyny, ,8Tropical and Subtropical Grasslands Savannas and Shrublands,0.17927952,0.79,22.69,0.43,1.54,28.03,0.65,2.54,25.54,0.93,3.8,24.53,1.22,5.31,22.94,1.6,7.07,22.66,2.03,9.08,22.33,2.39,11.34,21.05,2.81,13.85,20.32,3.28,16.62,19.75,3.99,19.63,20.32,4.84,22.9,21.12,5.77,26.42,21.86,6.82,30.19,22.57,7.79,34.21,22.76,8.97,38.48,23.3,10.07,43.01,23.42,11.07,47.78,23.17,12.46,52.81,23.6,13.92,58.09,23.96,15.22,63.62,23.93
-1,680,220,Ennes Silva and Bicca-Marques 2013,Ocurrencias,-51.31873333,-30.26880278,Precise,Brazil,Neotropics,Atelidae,Alouatta,Alouatta guariba,Alouatta_guariba ,Transects,1,0,0,NA,0,2004,0, ,NA, ,Alouatta guariba ,Alouatta guariba,5.54,D,15.065,AR,Folivore_frugivore,51.7,1.783,6.53,664.8,190,NA,NA,NA,1.61,Polygyny,Harem Polygyny, ,8Tropical and Subtropical Grasslands Savannas and Shrublands,0.05487306,0.79,6.95,0.08,1.54,5.11,0.16,2.54,6.41,0.35,3.8,9.25,0.57,5.31,10.73,0.76,7.07,10.69,0.85,9.08,9.32,0.87,11.34,7.71,0.91,13.85,6.54,1.03,16.62,6.19,1.18,19.63,6.01,1.24,22.9,5.4,1.35,26.42,5.13,1.47,30.19,4.86,1.59,34.21,4.64,1.79,38.48,4.64,1.97,43.01,4.58,2.15,47.78,4.5,2.34,52.81,4.43,2.55,58.09,4.39,2.68,63.62,4.22
