OID,N,N_study,Source,BASE,X,Y,Precise,Country,Realm,Family,Genus,Taxon,Taxon_ITIS,Sample_met,Ocurrence,N_groups,Abundanc_1,Abundance,Density,Sample_yea,Sampling_e,Sampling_1,ID_Todo,TRAITS,Taxon_IT_1,ITIS_SPECI,BodyMass_k,DielActivi,HomeRange_,Locomotion,TrophicGui,Brain_size,Canine_Dim,MeanGroupS,Interbirth,Gestation,WeaningAge,MaxLongevi,LitterSz,AdultSexRa,Social_Sys,Mating_Sys,FOREST,BIOME,Buffer_500,Area500,FC_500,Buffer_700,Area700,FC_700,Buffer_900,Area900,FC_900,Buffer_110,Area1100,FC1100,Buffer_130,Area1300,FC_1300,Buffer_150,Area1500,FC_1500,Buffer_170,Area1700,FC_1700,Buffer_190,Area1900,FC_1900,Buffer_210,Area2100,FC_2100,Buffer_230,Area2300,FC_2300,Buffer_250,Area2500,FC_2500,Buffer_270,Area2700,FC_2700,Buffer_290,Area2900,FC_2900,Buffer_310,Area3100,FC_3100,Buffer_330,Area3300,FC_3300,Buffer_350,Area3500,FC_3500,Buffer_370,Area3700,F_Buffer_3,Buffer_390,Area_3900,FC_3900,Buffer_410,Area4100,FC_4100,Buffer_430,Area4300,FC_4300,Buffer_450,Area4500,FC_4500
-1,1809,1,Galan-Acedo et al,Ocurrencias,-95.0255118,18.43982865,Precise,Mexico,Neotropics,Atelidae,Alouatta,Alouatta palliata,Alouatta_palliata ,Total count,0,0,0,NA,0,2015,0, ,NA, ,Alouatta palliata ,Alouatta palliata,6.12,D,40.45,AR,Folivore,49.88,1.703,12,684.37,186,495.6,300,1.02,2.17,Polygyndry,Harem Polygyny, ,2Tropical_and_suptropical_moist_broadleaf_forest,0.407889167,0.79,51.63,0.7,1.54,45.57,1.12,2.54,43.95,1.59,3.8,41.79,NA,5.31,NA,NA,7.07,NA,3.86,9.08,42.48,5.13,11.34,45.22,6.65,13.85,47.98,8.17,16.62,49.15,9.86,19.63,50.25,11.75,22.9,51.32,13.54,26.42,51.25,15.38,30.19,50.93,17.58,34.21,51.4,19.65,38.48,51.08,21.83,43.01,50.76,24.26,47.78,50.77,26.71,52.81,50.58,29.36,58.09,50.54,32.32,63.62,50.81
-1,1810,1,Galan-Acedo et al,Ocurrencias,-95.06040762,18.49910104,Precise,Mexico,Neotropics,Atelidae,Alouatta,Alouatta palliata,Alouatta_palliata ,Total count,0,0,0,NA,0,2015,0, ,NA, ,Alouatta palliata ,Alouatta palliata,6.12,D,40.45,AR,Folivore,49.88,1.703,12,684.37,186,495.6,300,1.02,2.17,Polygyndry,Harem Polygyny, ,2Tropical_and_suptropical_moist_broadleaf_forest,0.465744154,0.79,58.95,0.87,1.54,56.21,1.24,2.54,48.65,1.66,3.8,43.59,NA,5.31,NA,NA,7.07,NA,4.05,9.08,44.6,4.91,11.34,43.27,5.87,13.85,42.35,7.13,16.62,42.9,8.44,19.63,43.02,10.12,22.9,44.21,12.08,26.42,45.71,14.17,30.19,46.94,16.71,34.21,48.83,19.3,38.48,50.16,21.93,43.01,50.99,24.61,47.78,51.5,27.33,52.81,51.75,29.92,58.09,51.5,32.83,63.62,51.61
-1,1811,1,Galan-Acedo et al,Ocurrencias,-95.19064874,18.62592171,Precise,Mexico,Neotropics,Atelidae,Alouatta,Alouatta palliata,Alouatta_palliata ,Total count,0,0,0,NA,0,2015,0, ,NA, ,Alouatta palliata ,Alouatta palliata,6.12,D,40.45,AR,Folivore,49.88,1.703,12,684.37,186,495.6,300,1.02,2.17,Polygyndry,Harem Polygyny, ,2Tropical_and_suptropical_moist_broadleaf_forest,0.239273893,0.79,30.29,0.57,1.54,37.21,0.91,2.54,36.01,1.33,3.8,35.08,NA,5.31,NA,NA,7.07,NA,4.1,9.08,45.16,5.33,11.34,47.01,6.69,13.85,48.29,8.31,16.62,49.98,9.96,19.63,50.72,11.8,22.9,51.52,13.91,26.42,52.66,16.09,30.19,53.3,18.65,34.21,54.52,21.41,38.48,55.64,24.19,43.01,56.25,27.09,47.78,56.69,30.13,52.81,57.06,33.44,58.09,57.57,36.98,63.62,58.13
-1,1812,1,Galan-Acedo et al,Ocurrencias,-95.15082491,18.64236966,Precise,Mexico,Neotropics,Atelidae,Alouatta,Alouatta palliata,Alouatta_palliata ,Total count,0,0,0,NA,0,2015,0, ,NA, ,Alouatta palliata ,Alouatta palliata,6.12,D,40.45,AR,Folivore,49.88,1.703,12,684.37,186,495.6,300,1.02,2.17,Polygyndry,Harem Polygyny, ,2Tropical_and_suptropical_moist_broadleaf_forest,0.390297773,0.79,49.4,0.82,1.54,53.19,1.42,2.54,55.71,2.27,3.8,59.86,NA,5.31,NA,NA,7.07,NA,5.74,9.08,63.26,7,11.34,61.75,8.4,13.85,60.66,9.81,16.62,59.02,11.31,19.63,57.6,12.88,22.9,56.26,14.68,26.42,55.56,16.24,30.19,53.79,17.76,34.21,51.92,19.14,38.48,49.73,20.31,43.01,47.23,21.76,47.78,45.54,23.25,52.81,44.02,24.58,58.09,42.32,25.85,63.62,40.63
-1,1813,1,Galan-Acedo et al,Ocurrencias,-95.11787556,18.62923035,Precise,Mexico,Neotropics,Atelidae,Alouatta,Alouatta palliata,Alouatta_palliata ,Total count,1,1,2,NA,0,2015,0, ,NA, ,Alouatta palliata ,Alouatta palliata,6.12,D,40.45,AR,Folivore,49.88,1.703,12,684.37,186,495.6,300,1.02,2.17,Polygyndry,Harem Polygyny, ,2Tropical_and_suptropical_moist_broadleaf_forest,0.44645407,0.79,56.51,0.92,1.54,59.81,1.48,2.54,58.28,2.21,3.8,58.03,NA,5.31,NA,NA,7.07,NA,4.75,9.08,52.27,5.71,11.34,50.36,6.85,13.85,49.42,7.84,16.62,47.16,8.87,19.63,45.2,9.97,22.9,43.52,11.38,26.42,43.09,13.05,30.19,43.24,14.91,34.21,43.59,16.81,38.48,43.69,18.73,43.01,43.54,20.5,47.78,42.9,22.19,52.81,42.01,23.82,58.09,41.01,25.65,63.62,40.32
-1,1814,1,Galan-Acedo et al,Ocurrencias,-95.10486216,18.44258721,Precise,Mexico,Neotropics,Atelidae,Alouatta,Alouatta palliata,Alouatta_palliata ,Total count,0,0,0,NA,0,2015,0, ,NA, ,Alouatta palliata ,Alouatta palliata,6.12,D,40.45,AR,Folivore,49.88,1.703,12,684.37,186,495.6,300,1.02,2.17,Polygyndry,Harem Polygyny, ,2Tropical_and_suptropical_moist_broadleaf_forest,0.477410091,0.79,60.43,0.85,1.54,55.15,1.29,2.54,50.9,1.82,3.8,47.85,NA,5.31,NA,NA,7.07,NA,3.99,9.08,44,5.01,11.34,44.17,6.19,13.85,44.7,7.58,16.62,45.63,8.89,19.63,45.31,10.08,22.9,44.02,11.14,26.42,42.15,12.13,30.19,40.17,13.12,34.21,38.35,14.13,38.48,36.72,15.14,43.01,35.21,16.26,47.78,34.03,17.59,52.81,33.31,19.33,58.09,33.27,21.11,63.62,33.18
-1,1815,1,Galan-Acedo et al,Ocurrencias,-95.23702802,18.62095888,Precise,Mexico,Neotropics,Atelidae,Alouatta,Alouatta palliata,Alouatta_palliata ,Total count,0,0,0,NA,0,2015,0, ,NA, ,Alouatta palliata ,Alouatta palliata,6.12,D,40.45,AR,Folivore,49.88,1.703,12,684.37,186,495.6,300,1.02,2.17,Polygyndry,Harem Polygyny, ,2Tropical_and_suptropical_moist_broadleaf_forest,0.530115444,0.79,67.1,0.76,1.54,49.31,1.08,2.54,42.52,1.43,3.8,37.68,NA,5.31,NA,NA,7.07,NA,3.99,9.08,43.91,5.22,11.34,46.06,6.94,13.85,50.14,9.02,16.62,54.3,11.33,19.63,57.73,13.69,22.9,59.76,16.23,26.42,61.42,18.92,30.19,62.67,21.9,34.21,64,25.01,38.48,65,28.36,43.01,65.94,31.63,47.78,66.2,34.86,52.81,66.01,38.12,58.09,65.63,41.49,63.62,65.21
-1,1816,1,Galan-Acedo et al,Ocurrencias,-95.00737054,18.48002289,Precise,Mexico,Neotropics,Atelidae,Alouatta,Alouatta palliata,Alouatta_palliata ,Total count,1,0,1,NA,0,2015,0, ,NA, ,Alouatta palliata ,Alouatta palliata,6.12,D,40.45,AR,Folivore,49.88,1.703,12,684.37,186,495.6,300,1.02,2.17,Polygyndry,Harem Polygyny, ,2Tropical_and_suptropical_moist_broadleaf_forest,0.674316731,0.79,85.36,1.1,1.54,71.44,1.62,2.54,63.79,2.35,3.8,61.94,NA,5.31,NA,NA,7.07,NA,5.34,9.08,58.86,6.63,11.34,58.49,7.99,13.85,57.72,9.47,16.62,56.98,11.4,19.63,58.05,13.44,22.9,58.68,15.97,26.42,60.46,18.71,30.19,61.98,21.66,34.21,63.32,24.59,38.48,63.9,27.37,43.01,63.63,30.37,47.78,63.55,33.6,52.81,63.63,36.76,58.09,63.27,40.06,63.62,62.97
-1,1817,1,Galan-Acedo et al,Ocurrencias,-95.08723204,18.47807545,Precise,Mexico,Neotropics,Atelidae,Alouatta,Alouatta palliata,Alouatta_palliata ,Total count,0,0,0,NA,0,2015,0, ,NA, ,Alouatta palliata ,Alouatta palliata,6.12,D,40.45,AR,Folivore,49.88,1.703,12,684.37,186,495.6,300,1.02,2.17,Polygyndry,Harem Polygyny, ,2Tropical_and_suptropical_moist_broadleaf_forest,0.547251221,0.79,69.27,0.9,1.54,58.59,1.32,2.54,51.81,2.01,3.8,53.02,NA,5.31,NA,NA,7.07,NA,4.98,9.08,54.89,6.13,11.34,54.03,7.2,13.85,52,8.5,16.62,51.13,10.03,19.63,51.08,11.79,22.9,51.49,13.62,26.42,51.54,15.54,30.19,51.46,17.67,34.21,51.66,20.06,38.48,52.12,22.72,43.01,52.82,25.42,47.78,53.2,27.87,52.81,52.78,30.45,58.09,52.42,32.93,63.62,51.76
-1,1818,1,Galan-Acedo et al,Ocurrencias,-95.23577591,18.65125079,Precise,Mexico,Neotropics,Atelidae,Alouatta,Alouatta palliata,Alouatta_palliata ,Total count,1,1,14,NA,0,2015,0, ,NA, ,Alouatta palliata ,Alouatta palliata,6.12,D,40.45,AR,Folivore,49.88,1.703,12,684.37,186,495.6,300,1.02,2.17,Polygyndry,Harem Polygyny, ,2Tropical_and_suptropical_moist_broadleaf_forest,0.409241926,0.79,51.8,0.65,1.54,42.2,1,2.54,39.35,1.64,3.8,43.2,NA,5.31,NA,NA,7.07,NA,4.64,9.08,51.15,5.68,11.34,50.1,7.17,13.85,51.74,8.73,16.62,52.5,10.04,19.63,51.12,11.51,22.9,50.26,13.17,26.42,49.85,14.77,30.19,48.94,16.8,34.21,49.1,18.87,38.48,49.04,21.03,43.01,48.9,23.31,47.78,48.79,25.74,52.81,48.73,28.22,58.09,48.58,30.37,63.62,47.74
-1,1819,1,Galan-Acedo et al,Ocurrencias,-95.08379629,18.62406464,Precise,Mexico,Neotropics,Atelidae,Alouatta,Alouatta palliata,Alouatta_palliata ,Total count,1,4,48,NA,0,2015,0, ,NA, ,Alouatta palliata ,Alouatta palliata,6.12,D,40.45,AR,Folivore,49.88,1.703,12,684.37,186,495.6,300,1.02,2.17,Polygyndry,Harem Polygyny, ,2Tropical_and_suptropical_moist_broadleaf_forest,0.571347269,0.79,72.32,1.17,1.54,75.77,1.82,2.54,71.72,2.53,3.8,66.53,NA,5.31,NA,NA,7.07,NA,4.84,9.08,53.29,5.98,11.34,52.77,7.3,13.85,52.68,8.63,16.62,51.94,9.94,19.63,50.62,11.1,22.9,48.48,12.08,26.42,45.73,13.23,30.19,43.84,14.48,34.21,42.33,15.85,38.48,41.2,17.15,43.01,39.87,18.37,47.78,38.45,19.74,52.81,37.37,21.3,58.09,36.66,22.86,63.62,35.94
-1,1820,1,Galan-Acedo et al,Ocurrencias,-95.08915486,18.58101595,Precise,Mexico,Neotropics,Atelidae,Alouatta,Alouatta palliata,Alouatta_palliata ,Total count,1,5,51,NA,0,2015,0, ,NA, ,Alouatta palliata ,Alouatta palliata,6.12,D,40.45,AR,Folivore,49.88,1.703,12,684.37,186,495.6,300,1.02,2.17,Polygyndry,Harem Polygyny, ,2Tropical_and_suptropical_moist_broadleaf_forest,0.757337026,0.79,95.87,1.44,1.54,93.55,2.38,2.54,93.82,3.52,3.8,92.69,NA,5.31,NA,NA,7.07,NA,7.55,9.08,83.13,9.33,11.34,82.25,11.23,13.85,81.1,13.18,16.62,79.31,15.24,19.63,77.61,17.58,22.9,76.75,19.96,26.42,75.55,22.56,30.19,74.72,25.34,34.21,74.08,28.15,38.48,73.16,31.08,43.01,72.26,34.03,47.78,71.21,36.75,52.81,69.58,39.52,58.09,68.03,42.04,63.62,66.09
-1,1821,1,Galan-Acedo et al,Ocurrencias,-93.11068801,17.79429199,Precise,Mexico,Neotropics,Atelidae,Alouatta,Alouatta palliata,Alouatta_palliata ,Total count,1,3,47,NA,0,2016,0, ,NA, ,Alouatta palliata ,Alouatta palliata,6.12,D,40.45,AR,Folivore,49.88,1.703,12,684.37,186,495.6,300,1.02,2.17,Polygyndry,Harem Polygyny, ,2Tropical_and_suptropical_moist_broadleaf_forest,0.452045535,0.79,57.22,0.7,1.54,45.18,1,2.54,39.43,1.26,3.8,33.23,NA,5.31,NA,1.86,7.07,26.26,2.45,9.08,27.01,3.1,11.34,27.32,3.71,13.85,26.8,4.47,16.62,26.88,5.3,19.63,26.99,6.19,22.9,27.03,7.39,26.42,27.97,8.66,30.19,28.7,9.96,34.21,29.1,11.17,38.48,29.03,12.74,43.01,29.63,14.49,47.78,30.34,15.79,52.81,29.9,17.26,58.09,29.71,18.67,63.62,29.35
-1,1822,1,Galan-Acedo et al,Ocurrencias,-93.122245,17.63578995,Precise,Mexico,Neotropics,Atelidae,Alouatta,Alouatta palliata,Alouatta_palliata ,Total count,1,2,20,NA,0,2016,0, ,NA, ,Alouatta palliata ,Alouatta palliata,6.12,D,40.45,AR,Folivore,49.88,1.703,12,684.37,186,495.6,300,1.02,2.17,Polygyndry,Harem Polygyny, ,2Tropical_and_suptropical_moist_broadleaf_forest,0.728341321,0.79,92.2,1.34,1.54,86.76,2.1,2.54,82.78,3.01,3.8,79.26,NA,5.31,NA,5.21,7.07,73.74,6.62,9.08,72.91,8.32,11.34,73.36,10.33,13.85,74.59,12.53,16.62,75.38,14.72,19.63,75.01,16.77,22.9,73.23,19,26.42,71.92,21.47,30.19,71.1,24.21,34.21,70.78,27,38.48,70.17,30,43.01,69.75,33.44,47.78,70,36.96,52.81,70,40.42,58.09,69.59,44.03,63.62,69.2
-1,1823,1,Galan-Acedo et al,Ocurrencias,-93.20734795,17.87255895,Precise,Mexico,Neotropics,Atelidae,Alouatta,Alouatta palliata,Alouatta_palliata ,Total count,1,1,18,NA,0,2016,0, ,NA, ,Alouatta palliata ,Alouatta palliata,6.12,D,40.45,AR,Folivore,49.88,1.703,12,684.37,186,495.6,300,1.02,2.17,Polygyndry,Harem Polygyny, ,2Tropical_and_suptropical_moist_broadleaf_forest,0.222578539,0.79,28.17,0.35,1.54,22.91,0.54,2.54,21.41,0.78,3.8,20.59,NA,5.31,NA,1.28,7.07,18.12,1.54,9.08,16.99,1.96,11.34,17.24,2.32,13.85,16.74,2.68,16.62,16.14,3.19,19.63,16.27,3.62,22.9,15.8,3.99,26.42,15.11,4.33,30.19,14.34,4.73,34.21,13.82,5.29,38.48,13.74,5.9,43.01,13.72,6.63,47.78,13.87,7.43,52.81,14.07,8.51,58.09,14.64,9.7,63.62,15.25
-1,1824,1,Galan-Acedo et al,Ocurrencias,-93.24876704,17.62391296,Precise,Mexico,Neotropics,Atelidae,Alouatta,Alouatta palliata,Alouatta_palliata ,Total count,1,2,16,NA,0,2016,0, ,NA, ,Alouatta palliata ,Alouatta palliata,6.12,D,40.45,AR,Folivore,49.88,1.703,12,684.37,186,495.6,300,1.02,2.17,Polygyndry,Harem Polygyny, ,2Tropical_and_suptropical_moist_broadleaf_forest,0.398851805,0.79,50.49,0.68,1.54,43.85,1.1,2.54,43.18,1.86,3.8,49.06,NA,5.31,NA,3.61,7.07,51,4.45,9.08,48.96,5.55,11.34,48.9,6.73,13.85,48.62,7.97,16.62,47.93,9.3,19.63,47.39,10.65,22.9,46.53,12.31,26.42,46.6,13.99,30.19,46.34,15.7,34.21,45.89,17.26,38.48,44.85,19.14,43.01,44.51,21.05,47.78,44.06,22.87,52.81,43.31,24.79,58.09,42.67,27.28,63.62,42.88
-1,1825,1,Galan-Acedo et al,Ocurrencias,-93.28248002,17.78934706,Precise,Mexico,Neotropics,Atelidae,Alouatta,Alouatta palliata,Alouatta_palliata ,Total count,1,1,16,NA,0,2016,0, ,NA, ,Alouatta palliata ,Alouatta palliata,6.12,D,40.45,AR,Folivore,49.88,1.703,12,684.37,186,495.6,300,1.02,2.17,Polygyndry,Harem Polygyny, ,2Tropical_and_suptropical_moist_broadleaf_forest,0.199546968,0.79,25.26,0.3,1.54,19.79,0.45,2.54,17.71,0.68,3.8,17.81,NA,5.31,NA,1.36,7.07,19.27,1.75,9.08,19.27,2.16,11.34,19.05,2.6,13.85,18.76,2.98,16.62,17.96,3.35,19.63,17.07,3.82,22.9,16.68,4.15,26.42,15.71,4.55,30.19,15.06,5.08,34.21,14.85,5.68,38.48,14.76,6.41,43.01,14.91,6.97,47.78,14.59,7.64,52.81,14.46,8.41,58.09,14.47,9.23,63.62,14.51
-1,1826,1,Galan-Acedo et al,Ocurrencias,-93.302626,17.69177699,Precise,Mexico,Neotropics,Atelidae,Alouatta,Alouatta palliata,Alouatta_palliata ,Total count,1,1,15,NA,0,2016,0, ,NA, ,Alouatta palliata ,Alouatta palliata,6.12,D,40.45,AR,Folivore,49.88,1.703,12,684.37,186,495.6,300,1.02,2.17,Polygyndry,Harem Polygyny, ,2Tropical_and_suptropical_moist_broadleaf_forest,0.57209002,0.79,72.42,1,1.54,64.71,1.49,2.54,58.48,2.12,3.8,55.88,NA,5.31,NA,3.49,7.07,49.36,4.34,9.08,47.75,5.27,11.34,46.47,6.24,13.85,45.08,7.36,16.62,44.29,8.78,19.63,44.7,10.25,22.9,44.78,11.98,26.42,45.34,13.82,30.19,45.77,15.7,34.21,45.89,17.58,38.48,45.7,19.65,43.01,45.68,21.73,47.78,45.49,24.01,52.81,45.46,26.35,58.09,45.37,28.92,63.62,45.46
-1,1827,1,Galan-Acedo et al,Ocurrencias,-93.26271802,17.80375505,Precise,Mexico,Neotropics,Atelidae,Alouatta,Alouatta palliata,Alouatta_palliata ,Total count,1,1,14,NA,0,2016,0, ,NA, ,Alouatta palliata ,Alouatta palliata,6.12,D,40.45,AR,Folivore,49.88,1.703,12,684.37,186,495.6,300,1.02,2.17,Polygyndry,Harem Polygyny, ,2Tropical_and_suptropical_moist_broadleaf_forest,0.124351361,0.79,15.74,0.18,1.54,11.76,0.25,2.54,9.89,0.36,3.8,9.55,NA,5.31,NA,1.08,7.07,15.25,1.45,9.08,15.94,1.88,11.34,16.58,2.35,13.85,16.98,2.93,16.62,17.6,3.43,19.63,17.5,4.06,22.9,17.74,4.73,26.42,17.89,5.64,30.19,18.69,6.53,34.21,19.09,7.35,38.48,19.1,8.17,43.01,18.99,8.88,47.78,18.58,9.8,52.81,18.57,10.58,58.09,18.22,11.65,63.62,18.32
-1,1828,1,Galan-Acedo et al,Ocurrencias,-93.082543,17.72592406,Precise,Mexico,Neotropics,Atelidae,Alouatta,Alouatta palliata,Alouatta_palliata ,Total count,1,1,12,NA,0,2016,0, ,NA, ,Alouatta palliata ,Alouatta palliata,6.12,D,40.45,AR,Folivore,49.88,1.703,12,684.37,186,495.6,300,1.02,2.17,Polygyndry,Harem Polygyny, ,2Tropical_and_suptropical_moist_broadleaf_forest,0.542066277,0.79,68.62,1.04,1.54,67.45,1.81,2.54,71.31,2.72,3.8,71.48,NA,5.31,NA,5.22,7.07,73.87,6.77,9.08,74.58,8.43,11.34,74.38,10.39,13.85,75.03,12.5,16.62,75.21,14.61,19.63,74.43,16.74,22.9,73.12,18.98,26.42,71.84,21.36,30.19,70.74,23.78,34.21,69.53,26.39,38.48,68.57,29.33,43.01,68.19,32.3,47.78,67.61,35.47,52.81,67.17,38.7,58.09,66.61,42.13,63.62,66.23
-1,1829,1,Galan-Acedo et al,Ocurrencias,-93.21646799,17.756572,Precise,Mexico,Neotropics,Atelidae,Alouatta,Alouatta palliata,Alouatta_palliata ,Total count,1,1,10,NA,0,2016,0, ,NA, ,Alouatta palliata ,Alouatta palliata,6.12,D,40.45,AR,Folivore,49.88,1.703,12,684.37,186,495.6,300,1.02,2.17,Polygyndry,Harem Polygyny, ,2Tropical_and_suptropical_moist_broadleaf_forest,0.136448244,0.79,17.27,0.18,1.54,11.43,0.35,2.54,13.85,0.54,3.8,14.1,NA,5.31,NA,0.93,7.07,13.11,1.2,9.08,13.19,1.56,11.34,13.8,1.89,13.85,13.61,2.33,16.62,14,2.72,19.63,13.87,3.11,22.9,13.6,3.77,26.42,14.28,4.34,30.19,14.37,4.88,34.21,14.27,5.6,38.48,14.56,6.52,43.01,15.16,7.53,47.78,15.76,8.3,52.81,15.72,9.15,58.09,15.76,10.09,63.62,15.86
-1,1830,1,Galan-Acedo et al,Ocurrencias,-93.1777,17.6342,Precise,Mexico,Neotropics,Atelidae,Alouatta,Alouatta palliata,Alouatta_palliata ,Total count,0,0,0,NA,0,2016,0, ,NA, ,Alouatta palliata ,Alouatta palliata,6.12,D,40.45,AR,Folivore,49.88,1.703,12,684.37,186,495.6,300,1.02,2.17,Polygyndry,Harem Polygyny, ,2Tropical_and_suptropical_moist_broadleaf_forest,0.528168044,0.79,66.86,0.94,1.54,61.27,1.65,2.54,65.03,2.46,3.8,64.67,NA,5.31,NA,4.27,7.07,60.44,5.29,9.08,58.26,6.31,11.34,55.67,7.41,13.85,53.48,8.82,16.62,53.09,10.41,19.63,53.04,11.85,22.9,51.75,13.39,26.42,50.66,14.98,30.19,49.6,16.68,34.21,48.76,18.49,38.48,48.05,20.38,43.01,47.39,22.56,47.78,47.22,24.85,52.81,47.05,27.4,58.09,47.17,30,63.62,47.16
-1,1831,1,Galan-Acedo et al,Ocurrencias,-93.1488,17.7526,Precise,Mexico,Neotropics,Atelidae,Alouatta,Alouatta palliata,Alouatta_palliata ,Total count,0,0,0,NA,0,2016,0, ,NA, ,Alouatta palliata ,Alouatta palliata,6.12,D,40.45,AR,Folivore,49.88,1.703,12,684.37,186,495.6,300,1.02,2.17,Polygyndry,Harem Polygyny, ,2Tropical_and_suptropical_moist_broadleaf_forest,0.37737872,0.79,47.77,0.72,1.54,46.94,1.15,2.54,45.18,1.64,3.8,43.21,NA,5.31,NA,3.02,7.07,42.67,3.66,9.08,40.29,4.25,11.34,37.48,4.97,13.85,35.9,5.71,16.62,34.39,6.56,19.63,33.43,7.18,22.9,31.34,7.84,26.42,29.68,8.64,30.19,28.61,9.55,34.21,27.91,10.44,38.48,27.12,11.69,43.01,27.19,13.07,47.78,27.35,14.64,52.81,27.71,16.39,58.09,28.21,18.06,63.62,28.4
-1,1832,1,Galan-Acedo et al,Ocurrencias,-93.2905,17.6594,Precise,Mexico,Neotropics,Atelidae,Alouatta,Alouatta palliata,Alouatta_palliata ,Total count,0,0,0,NA,0,2016,0, ,NA, ,Alouatta palliata ,Alouatta palliata,6.12,D,40.45,AR,Folivore,49.88,1.703,12,684.37,186,495.6,300,1.02,2.17,Polygyndry,Harem Polygyny, ,2Tropical_and_suptropical_moist_broadleaf_forest,0.296077179,0.79,37.48,0.57,1.54,37.03,0.93,2.54,36.43,1.41,3.8,37.04,NA,5.31,NA,3.22,7.07,45.49,4.44,9.08,48.88,5.82,11.34,51.3,7.34,13.85,53.01,8.88,16.62,53.42,10.4,19.63,52.97,12.05,22.9,52.64,13.76,26.42,52.1,15.62,30.19,51.75,17.48,34.21,51.09,19.57,38.48,50.86,21.64,43.01,50.33,23.89,47.78,50,26.38,52.81,49.96,29.39,58.09,50.59,32.3,63.62,50.77
-1,1833,1,Galan-Acedo et al,Ocurrencias,-94.53004094,17.31949196,Precise,Mexico,Neotropics,Atelidae,Alouatta,Alouatta palliata,Alouatta_palliata ,Total count,1,1,12,NA,0,2016,0, ,NA, ,Alouatta palliata ,Alouatta palliata,6.12,D,40.45,AR,Folivore,49.88,1.703,12,684.37,186,495.6,300,1.02,2.17,Polygyndry,Harem Polygyny, ,2Tropical_and_suptropical_moist_broadleaf_forest,0.559621353,0.79,70.84,1.07,1.54,69.74,1.86,2.54,73.12,2.93,3.8,77.21,NA,5.31,NA,5.86,7.07,82.84,7.67,9.08,84.46,9.73,11.34,85.83,11.87,13.85,85.71,14.13,16.62,85.02,16.62,19.63,84.66,19.33,22.9,84.42,22.43,26.42,84.89,25.62,30.19,84.86,28.97,34.21,84.69,32.21,38.48,83.7,35.57,43.01,82.7,39.12,47.78,81.88,43.21,52.81,81.83,47.36,58.09,81.52,51.7,63.62,81.26
-1,1834,1,Galan-Acedo et al,Ocurrencias,-94.48370401,17.32795001,Precise,Mexico,Neotropics,Atelidae,Alouatta,Alouatta palliata,Alouatta_palliata ,Total count,1,1,11,NA,0,2016,0, ,NA, ,Alouatta palliata ,Alouatta palliata,6.12,D,40.45,AR,Folivore,49.88,1.703,12,684.37,186,495.6,300,1.02,2.17,Polygyndry,Harem Polygyny, ,2Tropical_and_suptropical_moist_broadleaf_forest,0.618919913,0.79,78.34,1.15,1.54,74.63,1.93,2.54,75.88,2.76,3.8,72.76,NA,5.31,NA,5.14,7.07,72.76,6.7,9.08,73.82,8.44,11.34,74.45,10.28,13.85,74.25,12.24,16.62,73.62,14.07,19.63,71.67,16.25,22.9,70.94,18.68,26.42,70.72,21.5,30.19,71.22,24.55,34.21,71.77,27.58,38.48,71.67,30.87,43.01,71.76,34.68,47.78,72.59,38.64,52.81,73.17,42.8,58.09,73.67,47.03,63.62,73.92
-1,1835,1,Galan-Acedo et al,Ocurrencias,-94.64547994,17.25437495,Precise,Mexico,Neotropics,Atelidae,Alouatta,Alouatta palliata,Alouatta_palliata ,Total count,1,1,10,NA,0,2016,0, ,NA, ,Alouatta palliata ,Alouatta palliata,6.12,D,40.45,AR,Folivore,49.88,1.703,12,684.37,186,495.6,300,1.02,2.17,Polygyndry,Harem Polygyny, ,2Tropical_and_suptropical_moist_broadleaf_forest,0.602531897,0.79,76.27,1.24,1.54,80.52,2.04,2.54,80.42,3.03,3.8,79.71,NA,5.31,NA,5.62,7.07,79.43,7.25,9.08,79.8,9.14,11.34,80.6,11.19,13.85,80.83,13.48,16.62,81.12,15.92,19.63,81.1,18.48,22.9,80.68,21.34,26.42,80.77,24.49,30.19,81.12,27.86,34.21,81.44,31.28,38.48,81.28,34.76,43.01,80.81,38.44,47.78,80.45,42.37,52.81,80.24,46.48,58.09,80.01,50.57,63.62,79.49
-1,1836,1,Galan-Acedo et al,Ocurrencias,-94.77685099,17.26731193,Precise,Mexico,Neotropics,Atelidae,Alouatta,Alouatta palliata,Alouatta_palliata ,Total count,1,1,8,NA,0,2016,0, ,NA, ,Alouatta palliata ,Alouatta palliata,6.12,D,40.45,AR,Folivore,49.88,1.703,12,684.37,186,495.6,300,1.02,2.17,Polygyndry,Harem Polygyny, ,2Tropical_and_suptropical_moist_broadleaf_forest,0.769266172,0.79,97.38,1.5,1.54,97.54,2.49,2.54,98.12,3.73,3.8,98.15,NA,5.31,NA,6.88,7.07,97.35,8.6,9.08,94.67,10.3,11.34,90.83,12.18,13.85,87.95,14.05,16.62,84.56,15.95,19.63,81.27,17.97,22.9,78.47,19.73,26.42,74.67,21.55,30.19,71.38,23.39,34.21,68.37,25.32,38.48,65.81,27.45,43.01,63.82,29.74,47.78,62.24,32.23,52.81,61.02,35.15,58.09,60.5,38.06,63.62,59.83
-1,1837,1,Galan-Acedo et al,Ocurrencias,-94.44963701,17.36438694,Precise,Mexico,Neotropics,Atelidae,Alouatta,Alouatta palliata,Alouatta_palliata ,Total count,1,1,7,NA,0,2016,0, ,NA, ,Alouatta palliata ,Alouatta palliata,6.12,D,40.45,AR,Folivore,49.88,1.703,12,684.37,186,495.6,300,1.02,2.17,Polygyndry,Harem Polygyny, ,2Tropical_and_suptropical_moist_broadleaf_forest,0.692917875,0.79,87.71,1.18,1.54,76.91,1.9,2.54,74.7,2.78,3.8,73.15,NA,5.31,NA,5.38,7.07,76.1,7.02,9.08,77.3,8.82,11.34,77.77,10.86,13.85,78.44,13.1,16.62,78.83,15.54,19.63,79.18,18.06,22.9,78.86,20.76,26.42,78.59,23.86,30.19,79.02,27.26,34.21,79.68,30.67,38.48,79.7,34.3,43.01,79.76,38.17,47.78,79.89,42.01,52.81,79.55,45.94,58.09,79.09,50.06,63.62,78.68
-1,1838,1,Galan-Acedo et al,Ocurrencias,-94.768741,17.23660504,Precise,Mexico,Neotropics,Atelidae,Alouatta,Alouatta palliata,Alouatta_palliata ,Total count,1,1,3,NA,0,2016,0, ,NA, ,Alouatta palliata ,Alouatta palliata,6.12,D,40.45,AR,Folivore,49.88,1.703,12,684.37,186,495.6,300,1.02,2.17,Polygyndry,Harem Polygyny, ,2Tropical_and_suptropical_moist_broadleaf_forest,0.688199459,0.79,87.11,1.34,1.54,86.9,2.14,2.54,84.08,3.13,3.8,82.29,NA,5.31,NA,5.66,7.07,80.1,7.08,9.08,77.97,8.6,11.34,75.81,10.37,13.85,74.9,12.39,16.62,74.53,14.5,19.63,73.86,16.85,22.9,73.56,19.39,26.42,73.41,22.13,30.19,73.29,24.98,34.21,73.03,28.08,38.48,72.97,31.43,43.01,73.07,34.99,47.78,73.22,38.46,52.81,72.82,42.18,58.09,72.61,46.03,63.62,72.36
-1,1839,1,Galan-Acedo et al,Ocurrencias,-94.43426702,17.31874301,Precise,Mexico,Neotropics,Atelidae,Alouatta,Alouatta palliata,Alouatta_palliata ,Total count,0,0,0,NA,0,2016,0, ,NA, ,Alouatta palliata ,Alouatta palliata,6.12,D,40.45,AR,Folivore,49.88,1.703,12,684.37,186,495.6,300,1.02,2.17,Polygyndry,Harem Polygyny, ,2Tropical_and_suptropical_moist_broadleaf_forest,0.663968543,0.79,84.05,1.3,1.54,84.22,2.17,2.54,85.61,3.22,3.8,84.74,NA,5.31,NA,5.96,7.07,84.23,7.67,9.08,84.46,9.48,11.34,83.57,11.45,13.85,82.7,13.71,16.62,82.51,16.19,19.63,82.49,18.72,22.9,81.73,21.35,26.42,80.8,24.14,30.19,79.96,27.22,34.21,79.56,30.4,38.48,79,33.85,43.01,78.7,37.52,47.78,78.52,41.42,52.81,78.43,45.46,58.09,78.26,49.52,63.62,77.84
-1,1840,1,Galan-Acedo et al,Ocurrencias,-94.790177,17.174229,Precise,Mexico,Neotropics,Atelidae,Alouatta,Alouatta palliata,Alouatta_palliata ,Total count,0,0,0,NA,0,2016,0, ,NA, ,Alouatta palliata ,Alouatta palliata,6.12,D,40.45,AR,Folivore,49.88,1.703,12,684.37,186,495.6,300,1.02,2.17,Polygyndry,Harem Polygyny, ,2Tropical_and_suptropical_moist_broadleaf_forest,0.393355825,0.79,49.79,0.66,1.54,42.7,1.17,2.54,46.02,1.87,3.8,49.26,NA,5.31,NA,3.69,7.07,52.17,4.73,9.08,52.04,5.92,11.34,52.17,7.22,13.85,52.14,8.84,16.62,53.16,10.61,19.63,54.06,12.55,22.9,54.82,14.7,26.42,55.65,17.08,30.19,56.59,19.78,34.21,57.81,22.63,38.48,58.8,25.66,43.01,59.66,28.75,47.78,60.17,32.05,52.81,60.68,35.55,58.09,61.2,39.01,63.62,61.32
-1,1841,1,Galan-Acedo et al,Ocurrencias,-94.4815,17.2327,Precise,Mexico,Neotropics,Atelidae,Alouatta,Alouatta palliata,Alouatta_palliata ,Total count,0,0,0,NA,0,2016,0, ,NA, ,Alouatta palliata ,Alouatta palliata,6.12,D,40.45,AR,Folivore,49.88,1.703,12,684.37,186,495.6,300,1.02,2.17,Polygyndry,Harem Polygyny, ,2Tropical_and_suptropical_moist_broadleaf_forest,0.763127965,0.79,96.6,1.48,1.54,96.11,2.43,2.54,95.71,3.61,3.8,95.05,NA,5.31,NA,6.6,7.07,93.29,8.39,9.08,92.44,10.38,11.34,91.55,12.59,13.85,90.87,14.99,16.62,90.21,17.61,19.63,89.7,20.46,22.9,89.34,23.66,26.42,89.56,27,30.19,89.43,30.6,34.21,89.44,34.45,38.48,89.52,38.4,43.01,89.28,42.51,47.78,88.96,46.68,52.81,88.39,51.06,58.09,87.89,55.69,63.62,87.54
-1,1842,1,Galan-Acedo et al,Ocurrencias,-94.6392,17.1931,Precise,Mexico,Neotropics,Atelidae,Alouatta,Alouatta palliata,Alouatta_palliata ,Total count,0,0,0,NA,0,2016,0, ,NA, ,Alouatta palliata ,Alouatta palliata,6.12,D,40.45,AR,Folivore,49.88,1.703,12,684.37,186,495.6,300,1.02,2.17,Polygyndry,Harem Polygyny, ,2Tropical_and_suptropical_moist_broadleaf_forest,0.691035182,0.79,87.47,1.26,1.54,82.01,1.86,2.54,73.26,2.68,3.8,70.55,NA,5.31,NA,5.13,7.07,72.53,6.68,9.08,73.58,8.38,11.34,73.87,10.28,13.85,74.21,12.31,16.62,74.06,14.51,19.63,73.92,16.92,22.9,73.88,19.52,26.42,73.87,22.48,30.19,74.46,25.77,34.21,75.34,28.83,38.48,74.92,32.36,43.01,75.24,36.19,47.78,75.74,40.26,52.81,76.24,44.2,58.09,76.1,48.43,63.62,76.12
-1,1843,1,Galan-Acedo et al,Ocurrencias,-94.62004603,17.28897197,Precise,Mexico,Neotropics,Atelidae,Alouatta,Alouatta palliata,Alouatta_palliata ,Total count,0,0,0,NA,0,2016,0, ,NA, ,Alouatta palliata ,Alouatta palliata,6.12,D,40.45,AR,Folivore,49.88,1.703,12,684.37,186,495.6,300,1.02,2.17,Polygyndry,Harem Polygyny, ,2Tropical_and_suptropical_moist_broadleaf_forest,0.643263742,0.79,81.43,1.23,1.54,79.88,2.03,2.54,79.91,2.98,3.8,78.36,NA,5.31,NA,5.26,7.07,74.45,6.62,9.08,72.9,8.24,11.34,72.68,10.14,13.85,73.18,12.24,16.62,73.67,14.68,19.63,74.76,17.51,22.9,76.45,20.42,26.42,77.3,23.44,30.19,77.65,26.51,34.21,77.5,29.72,38.48,77.24,33.33,43.01,77.49,37.06,47.78,77.56,40.98,52.81,77.6,45.19,58.09,77.8,49.73,63.62,78.17
-1,1844,1,Galan-Acedo et al,Ocurrencias,-94.4922,17.277904,Precise,Mexico,Neotropics,Atelidae,Alouatta,Alouatta palliata,Alouatta_palliata ,Total count,0,0,0,NA,0,2016,0, ,NA, ,Alouatta palliata ,Alouatta palliata,6.12,D,40.45,AR,Folivore,49.88,1.703,12,684.37,186,495.6,300,1.02,2.17,Polygyndry,Harem Polygyny, ,2Tropical_and_suptropical_moist_broadleaf_forest,0.687415043,0.79,87.01,1.29,1.54,83.71,2.1,2.54,82.55,3.11,3.8,81.76,NA,5.31,NA,5.43,7.07,76.84,6.75,9.08,74.39,8.15,11.34,71.89,9.83,13.85,70.96,11.65,16.62,70.11,13.5,19.63,68.79,15.67,22.9,68.43,18.02,26.42,68.22,20.59,30.19,68.22,23.71,34.21,69.32,26.89,38.48,69.89,30.13,43.01,70.05,33.49,47.78,70.09,37.19,52.81,70.42,41.07,58.09,70.7,45.01,63.62,70.75
