"OID","N","N_study","Source","BASE","X","Y","Precise","Country","Realm","Family","Genus","Taxon","Taxon_ITIS","Sample_met","Ocurrence","N_groups","Abundanc_1","Abundance","Density","Sample_yea","Sampling_e","Sampling_1","ID_Todo","TRAITS","Taxon_IT_1","ITIS_SPECI","BodyMass_k","DielActivi","HomeRange_","Locomotion","TrophicGui","Brain_size","Canine_Dim","MeanGroupS","Interbirth","Gestation","WeaningAge","MaxLongevi","LitterSz","AdultSexRa","Social_Sys","Mating_Sys","FOREST","BIOME","Buffer_500","Area500","FC_500","Buffer_700","Area700","FC_700","Buffer_900","Area900","FC_900","Buffer_110","Area1100","FC1100","Buffer_130","Area1300","FC_1300","Buffer_150","Area1500","FC_1500","Buffer_170","Area1700","FC_1700","Buffer_190","Area1900","FC_1900","Buffer_210","Area2100","FC_2100","Buffer_230","Area2300","FC_2300","Buffer_250","Area2500","FC_2500","Buffer_270","Area2700","FC_2700","Buffer_290","Area2900","FC_2900","Buffer_310","Area3100","FC_3100","Buffer_330","Area3300","FC_3300","Buffer_350","Area3500","FC_3500","Buffer_370","Area3700","F_Buffer_3","Buffer_390","Area_3900","FC_3900","Buffer_410","Area4100","FC_4100","Buffer_430","Area4300","FC_4300","Buffer_450","Area4500","FC_4500"
-1,3107,181,"Sanchez-Giraldo & Daza 2017","Richness",-74.8025,6.1966,"Precise","Colombia","Neotropics","Atelidae","Alouatta","Alouatta seniculus","Alouatta_seniculus ","Transects",1,NA,NA,NA,0,2013,0,NA,NA,NA,"Alouatta seniculus ","Alouatta seniculus",6.01,"D",70.20666667,"AR","Folivore_frugivore",55.22,1.464,7.1,507.35,190,370.04,300,1.42,1.29,"Polygyndry","Harem Polygyny",NA,"2Tropical_and_suptropical_moist_broadleaf_forest",0.753779198,0.79,95.42,1.49,1.54,96.7,2.45,2.54,96.59,3.64,3.8,95.76,NA,5.31,NA,NA,7.07,NA,7.93,9.08,87.32,9.6,11.34,84.64,11.56,13.85,83.46,13.82,16.62,83.13,16.33,19.63,83.19,19.07,22.9,83.26,21.97,26.42,83.14,25.13,30.19,83.23,28.38,34.21,82.97,31.9,38.48,82.9,35.34,43.01,82.16,38.93,47.78,81.48,42.67,52.81,80.8,46.52,58.09,80.09,50.58,63.62,79.51
-1,3108,181,"Sanchez-Giraldo & Daza 2017","Richness",-74.8048,6.1934,"Precise","Colombia","Neotropics","Atelidae","Alouatta","Alouatta seniculus","Alouatta_seniculus ","Transects",0,NA,NA,NA,0,2013,0,NA,NA,NA,"Alouatta seniculus ","Alouatta seniculus",6.01,"D",70.20666667,"AR","Folivore_frugivore",55.22,1.464,7.1,507.35,190,370.04,300,1.42,1.29,"Polygyndry","Harem Polygyny",NA,"2Tropical_and_suptropical_moist_broadleaf_forest",0.759277375,0.79,96.11,1.48,1.54,95.96,2.4,2.54,94.53,3.55,3.8,93.46,NA,5.31,NA,NA,7.07,NA,7.74,9.08,85.23,9.63,11.34,84.91,11.72,13.85,84.61,13.89,16.62,83.56,16.3,19.63,83.02,18.98,22.9,82.87,21.88,26.42,82.81,24.85,30.19,82.3,28.06,34.21,82.02,31.3,38.48,81.34,34.76,43.01,80.81,38.21,47.78,79.97,42.04,52.81,79.61,46,58.09,79.18,50.19,63.62,78.89
-1,3109,181,"Sanchez-Giraldo & Daza 2017","Richness",-74.8098,6.2074,"Precise","Colombia","Neotropics","Atelidae","Alouatta","Alouatta seniculus","Alouatta_seniculus ","Transects",0,NA,NA,NA,0,2013,0,NA,NA,NA,"Alouatta seniculus ","Alouatta seniculus",6.01,"D",70.20666667,"AR","Folivore_frugivore",55.22,1.464,7.1,507.35,190,370.04,300,1.42,1.29,"Polygyndry","Harem Polygyny",NA,"2Tropical_and_suptropical_moist_broadleaf_forest",0.729677583,0.79,92.36,1.32,1.54,85.6,2.21,2.54,86.84,3.32,3.8,87.41,NA,5.31,NA,NA,7.07,NA,7.92,9.08,87.28,9.8,11.34,86.42,11.88,13.85,85.75,14.22,16.62,85.54,16.69,19.63,85.02,19.27,22.9,84.17,22.15,26.42,83.82,24.96,30.19,82.66,27.56,34.21,80.57,30.43,38.48,79.08,33.6,43.01,78.13,36.93,47.78,77.28,40.41,52.81,76.51,44.36,58.09,76.36,48.78,63.62,76.67
-1,3110,181,"Sanchez-Giraldo & Daza 2017","Richness",-74.8139,6.216,"Precise","Colombia","Neotropics","Atelidae","Alouatta","Alouatta seniculus","Alouatta_seniculus ","Transects",0,NA,NA,NA,0,2013,0,NA,NA,NA,"Alouatta seniculus ","Alouatta seniculus",6.01,"D",70.20666667,"AR","Folivore_frugivore",55.22,1.464,7.1,507.35,190,370.04,300,1.42,1.29,"Polygyndry","Harem Polygyny",NA,"2Tropical_and_suptropical_moist_broadleaf_forest",0.606654684,0.79,76.79,1.17,1.54,75.99,2.08,2.54,81.84,3.19,3.8,83.83,NA,5.31,NA,NA,7.07,NA,7.69,9.08,84.7,9.65,11.34,85.1,11.68,13.85,84.36,13.83,16.62,83.2,16.04,19.63,81.73,18.56,22.9,81.05,21.11,26.42,79.9,23.74,30.19,78.63,26.58,34.21,77.68,29.53,38.48,76.75,32.79,43.01,76.23,36.17,47.78,75.69,39.69,52.81,75.15,43.66,58.09,75.15,48,63.62,75.44
-1,3111,181,"Sanchez-Giraldo & Daza 2017","Richness",-74.8153,6.2079,"Precise","Colombia","Neotropics","Atelidae","Alouatta","Alouatta seniculus","Alouatta_seniculus ","Transects",0,NA,NA,NA,0,2013,0,NA,NA,NA,"Alouatta seniculus ","Alouatta seniculus",6.01,"D",70.20666667,"AR","Folivore_frugivore",55.22,1.464,7.1,507.35,190,370.04,300,1.42,1.29,"Polygyndry","Harem Polygyny",NA,"2Tropical_and_suptropical_moist_broadleaf_forest",0.681385174,0.79,86.25,1.24,1.54,80.83,2.17,2.54,85.42,3.33,3.8,87.71,NA,5.31,NA,NA,7.07,NA,7.77,9.08,85.55,9.58,11.34,84.52,11.64,13.85,84.07,13.85,16.62,83.34,16.35,19.63,83.27,18.79,22.9,82.05,21.27,26.42,80.5,23.75,30.19,78.67,26.44,34.21,77.3,29.3,38.48,76.15,32.4,43.01,75.33,35.91,47.78,75.15,39.77,52.81,75.31,44.01,58.09,75.76,48.52,63.62,76.27
-1,3112,181,"Sanchez-Giraldo & Daza 2017","Richness",-74.8159,6.2105,"Precise","Colombia","Neotropics","Atelidae","Alouatta","Alouatta seniculus","Alouatta_seniculus ","Transects",0,NA,NA,NA,0,2013,0,NA,NA,NA,"Alouatta seniculus ","Alouatta seniculus",6.01,"D",70.20666667,"AR","Folivore_frugivore",55.22,1.464,7.1,507.35,190,370.04,300,1.42,1.29,"Polygyndry","Harem Polygyny",NA,"2Tropical_and_suptropical_moist_broadleaf_forest",0.622950209,0.79,78.85,1.3,1.54,84.71,2.19,2.54,86.32,3.25,3.8,85.52,NA,5.31,NA,NA,7.07,NA,7.86,9.08,86.54,9.65,11.34,85.13,11.59,13.85,83.66,13.81,16.62,83.12,16.21,19.63,82.58,18.55,22.9,81.01,20.99,26.42,79.46,23.54,30.19,77.98,26.24,34.21,76.69,29.17,38.48,75.8,32.41,43.01,75.36,35.93,47.78,75.19,39.72,52.81,75.22,43.82,58.09,75.44,48.26,63.62,75.86
-1,3113,181,"Sanchez-Giraldo & Daza 2017","Richness",-74.8184,6.209,"Precise","Colombia","Neotropics","Atelidae","Alouatta","Alouatta seniculus","Alouatta_seniculus ","Transects",1,NA,NA,NA,0,2013,0,NA,NA,NA,"Alouatta seniculus ","Alouatta seniculus",6.01,"D",70.20666667,"AR","Folivore_frugivore",55.22,1.464,7.1,507.35,190,370.04,300,1.42,1.29,"Polygyndry","Harem Polygyny",NA,"2Tropical_and_suptropical_moist_broadleaf_forest",0.702353899,0.79,88.91,1.34,1.54,87.19,2.16,2.54,85.23,3.3,3.8,86.79,NA,5.31,NA,NA,7.07,NA,7.6,9.08,83.7,9.4,11.34,82.87,11.45,13.85,82.68,13.64,16.62,82.05,15.81,19.63,80.56,18.02,22.9,78.71,20.44,26.42,77.36,22.94,30.19,76,25.75,34.21,75.28,28.93,38.48,75.18,32.27,43.01,75.04,35.97,47.78,75.29,39.83,52.81,75.42,43.9,58.09,75.57,48.47,63.62,76.19
-1,3114,181,"Sanchez-Giraldo & Daza 2017","Richness",-74.8239,6.2095,"Precise","Colombia","Neotropics","Atelidae","Alouatta","Alouatta seniculus","Alouatta_seniculus ","Transects",1,NA,NA,NA,0,2013,0,NA,NA,NA,"Alouatta seniculus ","Alouatta seniculus",6.01,"D",70.20666667,"AR","Folivore_frugivore",55.22,1.464,7.1,507.35,190,370.04,300,1.42,1.29,"Polygyndry","Harem Polygyny",NA,"2Tropical_and_suptropical_moist_broadleaf_forest",0.756019928,0.79,95.7,1.48,1.54,96.03,2.31,2.54,90.97,3.32,3.8,87.47,NA,5.31,NA,NA,7.07,NA,7.3,9.08,80.36,8.88,11.34,78.34,10.54,13.85,76.12,12.36,16.62,74.37,14.38,19.63,73.23,16.77,22.9,73.23,19.49,26.42,73.78,22.38,30.19,74.13,25.43,34.21,74.33,28.71,38.48,74.61,32.27,43.01,75.04,36.13,47.78,75.62,40.22,52.81,76.16,44.54,58.09,76.67,48.96,63.62,76.96
-1,3115,181,"Sanchez-Giraldo & Daza 2017","Richness",-74.8282,6.2118,"Precise","Colombia","Neotropics","Atelidae","Alouatta","Alouatta seniculus","Alouatta_seniculus ","Transects",0,NA,NA,NA,0,2013,0,NA,NA,NA,"Alouatta seniculus ","Alouatta seniculus",6.01,"D",70.20666667,"AR","Folivore_frugivore",55.22,1.464,7.1,507.35,190,370.04,300,1.42,1.29,"Polygyndry","Harem Polygyny",NA,"2Tropical_and_suptropical_moist_broadleaf_forest",0.737416779,0.79,93.34,1.42,1.54,92.41,2.31,2.54,90.87,3.3,3.8,86.87,NA,5.31,NA,NA,7.07,NA,6.71,9.08,73.94,8.15,11.34,71.86,9.73,13.85,70.25,11.66,16.62,70.18,13.88,19.63,70.7,16.34,22.9,71.36,19.15,26.42,72.5,22.2,30.19,73.54,25.41,34.21,74.29,28.87,38.48,75.03,32.32,43.01,75.14,36.15,47.78,75.65,40.28,52.81,76.28,44.67,58.09,76.89,49.34,63.62,77.55
-1,3116,181,"Sanchez-Giraldo & Daza 2017","Richness",-74.8353,6.216,"Precise","Colombia","Neotropics","Atelidae","Alouatta","Alouatta seniculus","Alouatta_seniculus ","Transects",0,NA,NA,NA,0,2013,0,NA,NA,NA,"Alouatta seniculus ","Alouatta seniculus",6.01,"D",70.20666667,"AR","Folivore_frugivore",55.22,1.464,7.1,507.35,190,370.04,300,1.42,1.29,"Polygyndry","Harem Polygyny",NA,"2Tropical_and_suptropical_moist_broadleaf_forest",0.610544686,0.79,77.28,1.12,1.54,72.93,1.75,2.54,69.01,2.51,3.8,66.11,NA,5.31,NA,NA,7.07,NA,6.2,9.08,68.28,7.93,11.34,69.93,9.86,13.85,71.22,11.86,16.62,71.36,14.06,19.63,71.62,16.55,22.9,72.26,19.27,26.42,72.95,22.23,30.19,73.65,25.46,34.21,74.43,28.86,38.48,74.99,32.52,43.01,75.6,36.44,47.78,76.26,40.7,52.81,77.06,45.08,58.09,77.61,49.66,63.62,78.06
-1,3117,181,"Sanchez-Giraldo & Daza 2017","Richness",-74.8376,6.2184,"Precise","Colombia","Neotropics","Atelidae","Alouatta","Alouatta seniculus","Alouatta_seniculus ","Transects",0,NA,NA,NA,0,2013,0,NA,NA,NA,"Alouatta seniculus ","Alouatta seniculus",6.01,"D",70.20666667,"AR","Folivore_frugivore",55.22,1.464,7.1,507.35,190,370.04,300,1.42,1.29,"Polygyndry","Harem Polygyny",NA,"2Tropical_and_suptropical_moist_broadleaf_forest",0.548896897,0.79,69.48,0.98,1.54,63.53,1.51,2.54,59.62,2.36,3.8,61.98,NA,5.31,NA,NA,7.07,NA,6.19,9.08,68.16,7.89,11.34,69.56,9.9,13.85,71.47,12.1,16.62,72.81,14.34,19.63,73.06,16.82,22.9,73.43,19.51,26.42,73.85,22.49,30.19,74.49,25.54,34.21,74.67,28.88,38.48,75.04,32.53,43.01,75.64,36.43,47.78,76.25,40.69,52.81,77.05,45.24,58.09,77.87,49.96,63.62,78.53
-1,3118,181,"Sanchez-Giraldo & Daza 2017","Richness",-74.8381,6.1932,"Precise","Colombia","Neotropics","Atelidae","Alouatta","Alouatta seniculus","Alouatta_seniculus ","Transects",0,NA,NA,NA,0,2013,0,NA,NA,NA,"Alouatta seniculus ","Alouatta seniculus",6.01,"D",70.20666667,"AR","Folivore_frugivore",55.22,1.464,7.1,507.35,190,370.04,300,1.42,1.29,"Polygyndry","Harem Polygyny",NA,"2Tropical_and_suptropical_moist_broadleaf_forest",0.133867832,0.79,16.95,0.46,1.54,29.66,0.96,2.54,37.64,1.83,3.8,48.05,NA,5.31,NA,NA,7.07,NA,5.83,9.08,64.23,7.69,11.34,67.81,9.71,13.85,70.14,11.95,16.62,71.91,14.29,19.63,72.78,16.91,22.9,73.83,19.79,26.42,74.9,22.92,30.19,75.93,26.34,34.21,76.99,29.9,38.48,77.7,33.75,43.01,78.47,37.89,47.78,79.3,42.29,52.81,80.08,46.85,58.09,80.65,51.59,63.62,81.09
-1,3119,181,"Sanchez-Giraldo & Daza 2017","Richness",-74.8415,6.2128,"Precise","Colombia","Neotropics","Atelidae","Alouatta","Alouatta seniculus","Alouatta_seniculus ","Transects",0,NA,NA,NA,0,2013,0,NA,NA,NA,"Alouatta seniculus ","Alouatta seniculus",6.01,"D",70.20666667,"AR","Folivore_frugivore",55.22,1.464,7.1,507.35,190,370.04,300,1.42,1.29,"Polygyndry","Harem Polygyny",NA,"2Tropical_and_suptropical_moist_broadleaf_forest",0.05202475,0.79,6.59,0.31,1.54,20.02,1.03,2.54,40.61,2.07,3.8,54.42,NA,5.31,NA,NA,7.07,NA,6.28,9.08,69.21,8.1,11.34,71.44,10.1,13.85,72.93,12.23,16.62,73.61,14.46,19.63,73.66,17.02,22.9,74.32,19.92,26.42,75.39,22.95,30.19,76,26.11,34.21,76.31,29.68,38.48,77.13,33.61,43.01,78.13,37.71,47.78,78.93,41.84,52.81,79.22,46.14,58.09,79.42,50.66,63.62,79.63
-1,3120,181,"Sanchez-Giraldo & Daza 2017","Richness",-74.8422,6.2196,"Precise","Colombia","Neotropics","Atelidae","Alouatta","Alouatta seniculus","Alouatta_seniculus ","Transects",0,NA,NA,NA,0,2013,0,NA,NA,NA,"Alouatta seniculus ","Alouatta seniculus",6.01,"D",70.20666667,"AR","Folivore_frugivore",55.22,1.464,7.1,507.35,190,370.04,300,1.42,1.29,"Polygyndry","Harem Polygyny",NA,"2Tropical_and_suptropical_moist_broadleaf_forest",0.343406622,0.79,43.47,0.79,1.54,51.49,1.45,2.54,56.95,2.35,3.8,61.81,NA,5.31,NA,NA,7.07,NA,6.33,9.08,69.73,8.18,11.34,72.12,10.16,13.85,73.36,12.31,16.62,74.07,14.69,19.63,74.84,17.29,22.9,75.5,20.09,26.42,76.03,23.18,30.19,76.78,26.3,34.21,76.89,29.65,38.48,77.04,33.13,43.01,77.03,36.91,47.78,77.24,41.15,52.81,77.92,45.6,58.09,78.5,50.29,63.62,79.05
-1,3121,181,"Sanchez-Giraldo & Daza 2017","Richness",-74.8464,6.223,"Precise","Colombia","Neotropics","Atelidae","Alouatta","Alouatta seniculus","Alouatta_seniculus ","Transects",0,NA,NA,NA,0,2013,0,NA,NA,NA,"Alouatta seniculus ","Alouatta seniculus",6.01,"D",70.20666667,"AR","Folivore_frugivore",55.22,1.464,7.1,507.35,190,370.04,300,1.42,1.29,"Polygyndry","Harem Polygyny",NA,"2Tropical_and_suptropical_moist_broadleaf_forest",0.631767965,0.79,79.97,1.22,1.54,79.25,1.98,2.54,77.9,2.78,3.8,73.27,NA,5.31,NA,NA,7.07,NA,6.57,9.08,72.32,8.24,11.34,72.63,10.29,13.85,74.3,12.57,16.62,75.65,15.06,19.63,76.71,17.8,22.9,77.72,20.75,26.42,78.55,23.83,30.19,78.94,27.1,34.21,79.23,30.48,38.48,79.2,33.9,43.01,78.82,37.56,47.78,78.61,41.56,52.81,78.69,45.92,58.09,79.05,50.58,63.62,79.5
-1,3122,181,"Sanchez-Giraldo & Daza 2017","Richness",-74.8468,6.2207,"Precise","Colombia","Neotropics","Atelidae","Alouatta","Alouatta seniculus","Alouatta_seniculus ","Transects",1,NA,NA,NA,0,2013,0,NA,NA,NA,"Alouatta seniculus ","Alouatta seniculus",6.01,"D",70.20666667,"AR","Folivore_frugivore",55.22,1.464,7.1,507.35,190,370.04,300,1.42,1.29,"Polygyndry","Harem Polygyny",NA,"2Tropical_and_suptropical_moist_broadleaf_forest",0.602250417,0.79,76.23,1.11,1.54,71.76,1.63,2.54,64.31,2.43,3.8,63.86,NA,5.31,NA,NA,7.07,NA,6.6,9.08,72.74,8.43,11.34,74.35,10.51,13.85,75.87,12.79,16.62,76.97,15.2,19.63,77.43,17.8,22.9,77.72,20.6,26.42,77.98,23.87,30.19,79.06,27.25,34.21,79.67,30.56,38.48,79.41,34.17,43.01,79.45,37.86,47.78,79.25,41.82,52.81,79.19,46.05,58.09,79.27,50.75,63.62,79.77
-1,3123,181,"Sanchez-Giraldo & Daza 2017","Richness",-74.8488,6.225,"Precise","Colombia","Neotropics","Atelidae","Alouatta","Alouatta seniculus","Alouatta_seniculus ","Transects",0,NA,NA,NA,0,2013,0,NA,NA,NA,"Alouatta seniculus ","Alouatta seniculus",6.01,"D",70.20666667,"AR","Folivore_frugivore",55.22,1.464,7.1,507.35,190,370.04,300,1.42,1.29,"Polygyndry","Harem Polygyny",NA,"2Tropical_and_suptropical_moist_broadleaf_forest",0.757385556,0.79,95.87,1.41,1.54,91.4,2.24,2.54,88.07,3.11,3.8,81.91,NA,5.31,NA,NA,7.07,NA,6.83,9.08,75.19,8.51,11.34,75.04,10.44,13.85,75.36,12.69,16.62,76.37,15.25,19.63,77.7,18.08,22.9,78.96,21.11,26.42,79.89,24.26,30.19,80.37,27.44,34.21,80.21,30.71,38.48,79.82,34.37,43.01,79.91,38.1,47.78,79.74,42.06,52.81,79.64,46.38,58.09,79.83,50.96,63.62,80.09
-1,3124,181,"Sanchez-Giraldo & Daza 2017","Richness",-74.8512,6.2214,"Precise","Colombia","Neotropics","Atelidae","Alouatta","Alouatta seniculus","Alouatta_seniculus ","Transects",0,NA,NA,NA,0,2013,0,NA,NA,NA,"Alouatta seniculus ","Alouatta seniculus",6.01,"D",70.20666667,"AR","Folivore_frugivore",55.22,1.464,7.1,507.35,190,370.04,300,1.42,1.29,"Polygyndry","Harem Polygyny",NA,"2Tropical_and_suptropical_moist_broadleaf_forest",0.726420127,0.79,91.95,1.3,1.54,84.55,2.03,2.54,79.89,2.86,3.8,75.15,NA,5.31,NA,NA,7.07,NA,6.9,9.08,76.03,8.8,11.34,77.61,10.91,13.85,78.77,13.2,16.62,79.42,15.82,19.63,80.6,18.51,22.9,80.83,21.41,26.42,81.05,24.53,30.19,81.25,27.85,34.21,81.42,31.45,38.48,81.73,35.08,43.01,81.55,38.87,47.78,81.35,42.84,52.81,81.11,47.07,58.09,81.02,51.41,63.62,80.81
-1,3125,181,"Sanchez-Giraldo & Daza 2017","Richness",-74.8548,6.2053,"Precise","Colombia","Neotropics","Atelidae","Alouatta","Alouatta seniculus","Alouatta_seniculus ","Transects",0,NA,NA,NA,0,2013,0,NA,NA,NA,"Alouatta seniculus ","Alouatta seniculus",6.01,"D",70.20666667,"AR","Folivore_frugivore",55.22,1.464,7.1,507.35,190,370.04,300,1.42,1.29,"Polygyndry","Harem Polygyny",NA,"2Tropical_and_suptropical_moist_broadleaf_forest",0.772562454,0.79,97.79,1.5,1.54,97.69,2.46,2.54,96.76,3.57,3.8,93.98,NA,5.31,NA,NA,7.07,NA,7.6,9.08,83.68,9.24,11.34,81.52,11.15,13.85,80.47,13.37,16.62,80.42,15.88,19.63,80.89,18.6,22.9,81.22,21.47,26.42,81.26,24.77,30.19,82.04,28.28,34.21,82.67,32.07,38.48,83.35,36.1,43.01,83.93,40.21,47.78,84.15,44.42,52.81,84.11,48.82,58.09,84.04,53.49,63.62,84.08
-1,3126,181,"Sanchez-Giraldo & Daza 2017","Richness",-74.857,6.2121,"Precise","Colombia","Neotropics","Atelidae","Alouatta","Alouatta seniculus","Alouatta_seniculus ","Transects",0,NA,NA,NA,0,2013,0,NA,NA,NA,"Alouatta seniculus ","Alouatta seniculus",6.01,"D",70.20666667,"AR","Folivore_frugivore",55.22,1.464,7.1,507.35,190,370.04,300,1.42,1.29,"Polygyndry","Harem Polygyny",NA,"2Tropical_and_suptropical_moist_broadleaf_forest",0.772566689,0.79,97.79,1.43,1.54,92.74,2.17,2.54,85.38,3.25,3.8,85.51,NA,5.31,NA,NA,7.07,NA,7.68,9.08,84.57,9.47,11.34,83.52,11.5,13.85,83.01,13.84,16.62,83.26,16.45,19.63,83.78,19.33,22.9,84.41,22.37,26.42,84.67,25.55,30.19,84.64,28.89,34.21,84.45,32.36,38.48,84.11,36.11,43.01,83.95,40.08,47.78,83.89,44.36,52.81,84,49.07,58.09,84.47,53.97,63.62,84.83
-1,3127,181,"Sanchez-Giraldo & Daza 2017","Richness",-74.8653,6.2163,"Precise","Colombia","Neotropics","Atelidae","Alouatta","Alouatta seniculus","Alouatta_seniculus ","Transects",0,NA,NA,NA,0,2013,0,NA,NA,NA,"Alouatta seniculus ","Alouatta seniculus",6.01,"D",70.20666667,"AR","Folivore_frugivore",55.22,1.464,7.1,507.35,190,370.04,300,1.42,1.29,"Polygyndry","Harem Polygyny",NA,"2Tropical_and_suptropical_moist_broadleaf_forest",0.748920582,0.79,94.8,1.48,1.54,96.16,2.45,2.54,96.31,3.52,3.8,92.7,NA,5.31,NA,NA,7.07,NA,8.27,9.08,91.12,10.36,11.34,91.32,12.69,13.85,91.65,15.2,16.62,91.44,17.82,19.63,90.77,20.59,22.9,89.9,23.57,26.42,89.22,26.88,30.19,89.03,30.45,34.21,89.02,34.23,38.48,88.94,38.05,43.01,88.48,41.98,47.78,87.86,46.12,52.81,87.33,50.44,58.09,86.83,54.97,63.62,86.4
-1,3128,181,"Sanchez-Giraldo & Daza 2017","Richness",-74.8671,6.2199,"Precise","Colombia","Neotropics","Atelidae","Alouatta","Alouatta seniculus","Alouatta_seniculus ","Transects",0,NA,NA,NA,0,2013,0,NA,NA,NA,"Alouatta seniculus ","Alouatta seniculus",6.01,"D",70.20666667,"AR","Folivore_frugivore",55.22,1.464,7.1,507.35,190,370.04,300,1.42,1.29,"Polygyndry","Harem Polygyny",NA,"2Tropical_and_suptropical_moist_broadleaf_forest",0.772565988,0.79,97.79,1.49,1.54,96.56,2.31,2.54,90.77,3.38,3.8,89.05,NA,5.31,NA,NA,7.07,NA,8.29,9.08,91.34,10.42,11.34,91.86,12.78,13.85,92.26,15.33,16.62,92.25,18,19.63,91.68,20.84,22.9,91.02,23.89,26.42,90.42,27.2,30.19,90.09,30.68,34.21,89.67,34.35,38.48,89.26,38.2,43.01,88.82,42.15,47.78,88.22,46.31,52.81,87.7,50.65,58.09,87.19,55.22,63.62,86.8
-1,3129,181,"Sanchez-Giraldo & Daza 2017","Richness",-74.8676,6.2356,"Precise","Colombia","Neotropics","Atelidae","Alouatta","Alouatta seniculus","Alouatta_seniculus ","Transects",0,NA,NA,NA,0,2013,0,NA,NA,NA,"Alouatta seniculus ","Alouatta seniculus",6.01,"D",70.20666667,"AR","Folivore_frugivore",55.22,1.464,7.1,507.35,190,370.04,300,1.42,1.29,"Polygyndry","Harem Polygyny",NA,"2Tropical_and_suptropical_moist_broadleaf_forest",0.67404367,0.79,85.32,1.33,1.54,86.18,2.19,2.54,86.38,3.27,3.8,86.07,NA,5.31,NA,NA,7.07,NA,8.18,9.08,90.08,10.29,11.34,90.72,12.49,13.85,90.15,14.95,16.62,89.94,17.66,19.63,89.98,20.56,22.9,89.8,23.64,26.42,89.47,26.76,30.19,88.62,29.97,34.21,87.61,33.39,38.48,86.77,37.15,43.01,86.37,41.19,47.78,86.21,45.41,52.81,85.98,49.95,58.09,85.98,54.5,63.62,85.66
-1,3130,181,"Sanchez-Giraldo & Daza 2017","Richness",-74.8696,6.2476,"Precise","Colombia","Neotropics","Atelidae","Alouatta","Alouatta seniculus","Alouatta_seniculus ","Transects",1,NA,NA,NA,0,2013,0,NA,NA,NA,"Alouatta seniculus ","Alouatta seniculus",6.01,"D",70.20666667,"AR","Folivore_frugivore",55.22,1.464,7.1,507.35,190,370.04,300,1.42,1.29,"Polygyndry","Harem Polygyny",NA,"2Tropical_and_suptropical_moist_broadleaf_forest",0.759246424,0.79,96.11,1.45,1.54,94.25,2.38,2.54,93.67,3.52,3.8,92.74,NA,5.31,NA,NA,7.07,NA,7.87,9.08,86.7,9.81,11.34,86.5,12,13.85,86.66,14.44,16.62,86.86,17.14,19.63,87.33,20.09,22.9,87.73,23.29,26.42,88.14,26.57,30.19,88.02,30.08,34.21,87.94,33.83,38.48,87.92,37.72,43.01,87.69,41.7,47.78,87.27,45.95,52.81,87,50.24,58.09,86.49,54.73,63.62,86.03
-1,3131,181,"Sanchez-Giraldo & Daza 2017","Richness",-74.8711,6.2449,"Precise","Colombia","Neotropics","Atelidae","Alouatta","Alouatta seniculus","Alouatta_seniculus ","Transects",0,NA,NA,NA,0,2013,0,NA,NA,NA,"Alouatta seniculus ","Alouatta seniculus",6.01,"D",70.20666667,"AR","Folivore_frugivore",55.22,1.464,7.1,507.35,190,370.04,300,1.42,1.29,"Polygyndry","Harem Polygyny",NA,"2Tropical_and_suptropical_moist_broadleaf_forest",0.733980047,0.79,92.91,1.46,1.54,94.63,2.32,2.54,91.14,3.33,3.8,87.65,NA,5.31,NA,NA,7.07,NA,7.82,9.08,86.07,9.78,11.34,86.27,12.01,13.85,86.72,14.48,16.62,87.12,17.2,19.63,87.63,20.12,22.9,87.87,23.32,26.42,88.28,26.75,30.19,88.59,30.24,34.21,88.39,33.98,38.48,88.31,38.03,43.01,88.42,42.05,47.78,88,46.2,52.81,87.49,50.55,58.09,87.01,55.06,63.62,86.55
-1,3132,181,"Sanchez-Giraldo & Daza 2017","Richness",-74.8726,6.2279,"Precise","Colombia","Neotropics","Atelidae","Alouatta","Alouatta seniculus","Alouatta_seniculus ","Transects",0,NA,NA,NA,0,2013,0,NA,NA,NA,"Alouatta seniculus ","Alouatta seniculus",6.01,"D",70.20666667,"AR","Folivore_frugivore",55.22,1.464,7.1,507.35,190,370.04,300,1.42,1.29,"Polygyndry","Harem Polygyny",NA,"2Tropical_and_suptropical_moist_broadleaf_forest",0.766276928,0.79,97,1.39,1.54,90.41,2.25,2.54,88.47,3.38,3.8,88.83,NA,5.31,NA,NA,7.07,NA,8.21,9.08,90.47,10.34,11.34,91.15,12.7,13.85,91.67,15.24,16.62,91.67,18.03,19.63,91.85,21.01,22.9,91.73,24.25,26.42,91.8,27.68,30.19,91.7,31.16,34.21,91.08,34.77,38.48,90.35,38.58,43.01,89.69,42.5,47.78,88.94,46.67,52.81,88.37,51.06,58.09,87.89,55.91,63.62,87.88
-1,3133,181,"Sanchez-Giraldo & Daza 2017","Richness",-74.8746,6.2531,"Precise","Colombia","Neotropics","Atelidae","Alouatta","Alouatta seniculus","Alouatta_seniculus ","Transects",1,NA,NA,NA,0,2013,0,NA,NA,NA,"Alouatta seniculus ","Alouatta seniculus",6.01,"D",70.20666667,"AR","Folivore_frugivore",55.22,1.464,7.1,507.35,190,370.04,300,1.42,1.29,"Polygyndry","Harem Polygyny",NA,"2Tropical_and_suptropical_moist_broadleaf_forest",0.712854142,0.79,90.23,1.35,1.54,87.59,2.21,2.54,87.01,3.33,3.8,87.53,NA,5.31,NA,NA,7.07,NA,7.7,9.08,84.81,9.67,11.34,85.25,11.9,13.85,85.91,14.4,16.62,86.64,17.06,19.63,86.89,19.97,22.9,87.18,23.14,26.42,87.58,26.5,30.19,87.79,30.2,34.21,88.27,34.05,38.48,88.49,37.99,43.01,88.34,42.09,47.78,88.09,46.44,52.81,87.94,50.95,58.09,87.71,55.69,63.62,87.53
-1,3134,181,"Sanchez-Giraldo & Daza 2017","Richness",-74.8817,6.2539,"Precise","Colombia","Neotropics","Atelidae","Alouatta","Alouatta seniculus","Alouatta_seniculus ","Transects",0,NA,NA,NA,0,2013,0,NA,NA,NA,"Alouatta seniculus ","Alouatta seniculus",6.01,"D",70.20666667,"AR","Folivore_frugivore",55.22,1.464,7.1,507.35,190,370.04,300,1.42,1.29,"Polygyndry","Harem Polygyny",NA,"2Tropical_and_suptropical_moist_broadleaf_forest",0.738899812,0.79,93.53,1.45,1.54,94.26,2.24,2.54,88.23,3.21,3.8,84.51,NA,5.31,NA,NA,7.07,NA,7.54,9.08,83.08,9.49,11.34,83.7,11.68,13.85,84.36,14.16,16.62,85.18,16.91,19.63,86.14,19.91,22.9,86.96,23.06,26.42,87.29,26.39,30.19,87.4,29.94,34.21,87.52,33.83,38.48,87.91,38.02,43.01,88.39,42.32,47.78,88.58,46.89,52.81,88.79,51.6,58.09,88.83,56.34,63.62,88.56
-1,3135,181,"Sanchez-Giraldo & Daza 2017","Richness",-74.8854,6.2639,"Precise","Colombia","Neotropics","Atelidae","Alouatta","Alouatta seniculus","Alouatta_seniculus ","Transects",0,NA,NA,NA,0,2013,0,NA,NA,NA,"Alouatta seniculus ","Alouatta seniculus",6.01,"D",70.20666667,"AR","Folivore_frugivore",55.22,1.464,7.1,507.35,190,370.04,300,1.42,1.29,"Polygyndry","Harem Polygyny",NA,"2Tropical_and_suptropical_moist_broadleaf_forest",0.760655996,0.79,96.29,1.45,1.54,94.26,2.37,2.54,93.11,3.46,3.8,91.15,NA,5.31,NA,NA,7.07,NA,7.95,9.08,87.53,9.91,11.34,87.35,12.02,13.85,86.82,14.27,16.62,85.86,16.88,19.63,85.97,19.78,22.9,86.38,22.9,26.42,86.69,26.13,30.19,86.56,29.58,34.21,86.47,33.3,38.48,86.53,37.22,43.01,86.54,41.31,47.78,86.47,45.74,52.81,86.62,50.45,58.09,86.84,55.37,63.62,87.03
-1,3136,181,"Sanchez-Giraldo & Daza 2017","Richness",-74.9897,6.354,"Precise","Colombia","Neotropics","Atelidae","Alouatta","Alouatta seniculus","Alouatta_seniculus ","Transects",0,NA,NA,NA,0,2011,0,NA,NA,NA,"Alouatta seniculus ","Alouatta seniculus",6.01,"D",70.20666667,"AR","Folivore_frugivore",55.22,1.464,7.1,507.35,190,370.04,300,1.42,1.29,"Polygyndry","Harem Polygyny",NA,"2Tropical_and_suptropical_moist_broadleaf_forest",0.73913373,0.79,93.56,1.45,1.54,93.87,2.24,2.54,88,3.3,3.8,86.84,NA,5.31,NA,NA,7.07,NA,7.93,9.08,87.28,9.85,11.34,86.9,12.19,13.85,87.99,14.73,16.62,88.63,17.33,19.63,88.27,20.19,22.9,88.17,23.26,26.42,88.05,26.54,30.19,87.92,29.78,34.21,87.06,33.12,38.48,86.06,36.67,43.01,85.27,40.27,47.78,84.29,44.11,52.81,83.53,48.54,58.09,83.56,53.16,63.62,83.56
-1,3137,181,"Sanchez-Giraldo & Daza 2017","Richness",-74.9907,6.3587,"Precise","Colombia","Neotropics","Atelidae","Alouatta","Alouatta seniculus","Alouatta_seniculus ","Transects",0,NA,NA,NA,0,2011,0,NA,NA,NA,"Alouatta seniculus ","Alouatta seniculus",6.01,"D",70.20666667,"AR","Folivore_frugivore",55.22,1.464,7.1,507.35,190,370.04,300,1.42,1.29,"Polygyndry","Harem Polygyny",NA,"2Tropical_and_suptropical_moist_broadleaf_forest",0.731903511,0.79,92.65,1.42,1.54,92.11,2.29,2.54,89.98,3.39,3.8,89.15,NA,5.31,NA,NA,7.07,NA,8.25,9.08,90.87,10.2,11.34,89.99,12.21,13.85,88.16,14.54,16.62,87.51,17.14,19.63,87.32,19.89,22.9,86.85,22.72,26.42,86.01,25.69,30.19,85.11,28.85,34.21,84.33,32.28,38.48,83.88,36.02,43.01,83.74,39.92,47.78,83.54,44.09,52.81,83.49,48.38,58.09,83.28,52.95,63.62,83.22
-1,3138,181,"Sanchez-Giraldo & Daza 2017","Richness",-74.992,6.3847,"Precise","Colombia","Neotropics","Atelidae","Alouatta","Alouatta seniculus","Alouatta_seniculus ","Transects",0,NA,NA,NA,0,2011,0,NA,NA,NA,"Alouatta seniculus ","Alouatta seniculus",6.01,"D",70.20666667,"AR","Folivore_frugivore",55.22,1.464,7.1,507.35,190,370.04,300,1.42,1.29,"Polygyndry","Harem Polygyny",NA,"2Tropical_and_suptropical_moist_broadleaf_forest",0.422436941,0.79,53.47,0.88,1.54,56.85,1.58,2.54,62.18,2.46,3.8,64.66,NA,5.31,NA,NA,7.07,NA,6.34,9.08,69.81,8.1,11.34,71.44,10.1,13.85,72.92,12.4,16.62,74.59,14.92,19.63,76.02,17.6,22.9,76.87,20.59,26.42,77.93,23.91,30.19,79.19,27.46,34.21,80.26,31.21,38.48,81.11,35.07,43.01,81.53,39.21,47.78,82.06,43.67,52.81,82.7,48.4,58.09,83.33,53.14,63.62,83.53
-1,3139,181,"Sanchez-Giraldo & Daza 2017","Richness",-74.9962,6.3496,"Precise","Colombia","Neotropics","Atelidae","Alouatta","Alouatta seniculus","Alouatta_seniculus ","Transects",0,NA,NA,NA,0,2011,0,NA,NA,NA,"Alouatta seniculus ","Alouatta seniculus",6.01,"D",70.20666667,"AR","Folivore_frugivore",55.22,1.464,7.1,507.35,190,370.04,300,1.42,1.29,"Polygyndry","Harem Polygyny",NA,"2Tropical_and_suptropical_moist_broadleaf_forest",0.722168884,0.79,91.41,1.38,1.54,89.75,2.24,2.54,88.21,3.37,3.8,88.79,NA,5.31,NA,NA,7.07,NA,8.2,9.08,90.26,10.09,11.34,88.94,12.27,13.85,88.59,14.79,16.62,88.99,17.57,19.63,89.49,20.45,22.9,89.32,23.36,26.42,88.42,26.49,30.19,87.75,29.81,34.21,87.13,33.23,38.48,86.36,36.74,43.01,85.41,40.27,47.78,84.28,44.02,52.81,83.36,48.01,58.09,82.65,52.53,63.62,82.57
-1,3140,181,"Sanchez-Giraldo & Daza 2017","Richness",-74.9963,6.3632,"Precise","Colombia","Neotropics","Atelidae","Alouatta","Alouatta seniculus","Alouatta_seniculus ","Transects",0,NA,NA,NA,0,2011,0,NA,NA,NA,"Alouatta seniculus ","Alouatta seniculus",6.01,"D",70.20666667,"AR","Folivore_frugivore",55.22,1.464,7.1,507.35,190,370.04,300,1.42,1.29,"Polygyndry","Harem Polygyny",NA,"2Tropical_and_suptropical_moist_broadleaf_forest",0.688191177,0.79,87.11,1.4,1.54,91.02,2.37,2.54,93.39,3.56,3.8,93.79,NA,5.31,NA,NA,7.07,NA,8.12,9.08,89.47,9.97,11.34,87.91,11.86,13.85,85.64,13.95,16.62,83.95,16.21,19.63,82.56,18.61,22.9,81.28,21.23,26.42,80.35,24.27,30.19,80.39,27.65,34.21,80.83,31.3,38.48,81.35,35.1,43.01,81.6,39.06,47.78,81.75,43.34,52.81,82.07,47.82,58.09,82.31,52.52,63.62,82.55
-1,3141,181,"Sanchez-Giraldo & Daza 2017","Richness",-74.9968,6.3877,"Precise","Colombia","Neotropics","Atelidae","Alouatta","Alouatta seniculus","Alouatta_seniculus ","Transects",0,NA,NA,NA,0,2011,0,NA,NA,NA,"Alouatta seniculus ","Alouatta seniculus",6.01,"D",70.20666667,"AR","Folivore_frugivore",55.22,1.464,7.1,507.35,190,370.04,300,1.42,1.29,"Polygyndry","Harem Polygyny",NA,"2Tropical_and_suptropical_moist_broadleaf_forest",0.198384209,0.79,25.11,0.58,1.54,37.82,1.17,2.54,46.18,1.98,3.8,52.04,NA,5.31,NA,NA,7.07,NA,5.59,9.08,61.51,7.34,11.34,64.7,9.41,13.85,67.97,11.6,16.62,69.77,14.13,19.63,71.98,16.92,22.9,73.87,19.94,26.42,75.46,23.14,30.19,76.65,26.62,34.21,77.8,30.41,38.48,79.04,34.57,43.01,80.38,38.86,47.78,81.32,43.27,52.81,81.93,48.08,58.09,82.76,53.08,63.62,83.44
-1,3142,181,"Sanchez-Giraldo & Daza 2017","Richness",-75.0009,6.3518,"Precise","Colombia","Neotropics","Atelidae","Alouatta","Alouatta seniculus","Alouatta_seniculus ","Transects",0,NA,NA,NA,0,2011,0,NA,NA,NA,"Alouatta seniculus ","Alouatta seniculus",6.01,"D",70.20666667,"AR","Folivore_frugivore",55.22,1.464,7.1,507.35,190,370.04,300,1.42,1.29,"Polygyndry","Harem Polygyny",NA,"2Tropical_and_suptropical_moist_broadleaf_forest",0.67745178,0.79,85.75,1.34,1.54,87.01,2.29,2.54,90.02,3.47,3.8,91.26,NA,5.31,NA,NA,7.07,NA,8.37,9.08,92.16,10.51,11.34,92.68,12.74,13.85,91.98,15.13,16.62,91.06,17.68,19.63,90.09,20.49,22.9,89.48,23.49,26.42,88.9,26.53,30.19,87.87,29.57,34.21,86.42,32.66,38.48,84.87,36.11,43.01,83.96,39.7,47.78,83.09,43.47,52.81,82.32,47.44,58.09,81.67,51.57,63.62,81.05
-1,3143,181,"Sanchez-Giraldo & Daza 2017","Richness",-75.0012,6.349,"Precise","Colombia","Neotropics","Atelidae","Alouatta","Alouatta seniculus","Alouatta_seniculus ","Transects",0,NA,NA,NA,0,2011,0,NA,NA,NA,"Alouatta seniculus ","Alouatta seniculus",6.01,"D",70.20666667,"AR","Folivore_frugivore",55.22,1.464,7.1,507.35,190,370.04,300,1.42,1.29,"Polygyndry","Harem Polygyny",NA,"2Tropical_and_suptropical_moist_broadleaf_forest",0.669478696,0.79,84.74,1.32,1.54,85.95,2.25,2.54,88.57,3.41,3.8,89.75,NA,5.31,NA,NA,7.07,NA,8.39,9.08,92.43,10.52,11.34,92.75,12.73,13.85,91.88,15.06,16.62,90.6,17.72,19.63,90.28,20.64,22.9,90.14,23.59,26.42,89.27,26.65,30.19,88.27,29.92,34.21,87.46,33.22,38.48,86.34,36.58,43.01,85.06,40.2,47.78,84.13,43.89,52.81,83.11,47.54,58.09,81.84,51.79,63.62,81.41
-1,3144,181,"Sanchez-Giraldo & Daza 2017","Richness",-75.0035,6.3619,"Precise","Colombia","Neotropics","Atelidae","Alouatta","Alouatta seniculus","Alouatta_seniculus ","Transects",0,NA,NA,NA,0,2011,0,NA,NA,NA,"Alouatta seniculus ","Alouatta seniculus",6.01,"D",70.20666667,"AR","Folivore_frugivore",55.22,1.464,7.1,507.35,190,370.04,300,1.42,1.29,"Polygyndry","Harem Polygyny",NA,"2Tropical_and_suptropical_moist_broadleaf_forest",0.757299346,0.79,95.86,1.48,1.54,95.98,2.43,2.54,95.69,3.59,3.8,94.41,NA,5.31,NA,NA,7.07,NA,8.05,9.08,88.67,9.91,11.34,87.4,11.9,13.85,85.92,13.9,16.62,83.61,16.15,19.63,82.27,18.63,22.9,81.37,21.37,26.42,80.87,24.26,30.19,80.36,27.36,34.21,79.97,30.65,38.48,79.65,34.34,43.01,79.84,38.46,47.78,80.49,42.75,52.81,80.95,47.05,58.09,80.99,51.59,63.62,81.08
-1,3145,181,"Sanchez-Giraldo & Daza 2017","Richness",-75.0039,6.3915,"Precise","Colombia","Neotropics","Atelidae","Alouatta","Alouatta seniculus","Alouatta_seniculus ","Transects",0,NA,NA,NA,0,2011,0,NA,NA,NA,"Alouatta seniculus ","Alouatta seniculus",6.01,"D",70.20666667,"AR","Folivore_frugivore",55.22,1.464,7.1,507.35,190,370.04,300,1.42,1.29,"Polygyndry","Harem Polygyny",NA,"2Tropical_and_suptropical_moist_broadleaf_forest",0.475155406,0.79,60.15,0.81,1.54,52.4,1.27,2.54,49.9,1.9,3.8,50.03,NA,5.31,NA,NA,7.07,NA,5.09,9.08,56.03,6.64,11.34,58.53,8.49,13.85,61.27,10.68,16.62,64.23,13.15,19.63,67.01,15.91,22.9,69.46,19.01,26.42,71.96,22.37,30.19,74.11,25.99,34.21,75.98,29.86,38.48,77.59,33.91,43.01,78.84,38.2,47.78,79.95,42.7,52.81,80.86,47.46,58.09,81.71,52.41,63.62,82.37
-1,3146,181,"Sanchez-Giraldo & Daza 2017","Richness",-75.0043,6.3537,"Precise","Colombia","Neotropics","Atelidae","Alouatta","Alouatta seniculus","Alouatta_seniculus ","Transects",0,NA,NA,NA,0,2011,0,NA,NA,NA,"Alouatta seniculus ","Alouatta seniculus",6.01,"D",70.20666667,"AR","Folivore_frugivore",55.22,1.464,7.1,507.35,190,370.04,300,1.42,1.29,"Polygyndry","Harem Polygyny",NA,"2Tropical_and_suptropical_moist_broadleaf_forest",0.71072573,0.79,89.97,1.37,1.54,88.66,2.31,2.54,90.83,3.5,3.8,92.01,NA,5.31,NA,NA,7.07,NA,8.36,9.08,92.07,10.45,11.34,92.11,12.83,13.85,92.63,15.34,16.62,92.33,17.82,19.63,90.76,20.49,22.9,89.49,23.2,26.42,87.81,26.14,30.19,86.58,29.21,34.21,85.38,32.26,38.48,83.84,35.53,43.01,82.62,39.02,47.78,81.66,42.78,52.81,81,47.11,58.09,81.1,51.67,63.62,81.21
-1,3147,181,"Sanchez-Giraldo & Daza 2017","Richness",-75.0049,6.3519,"Precise","Colombia","Neotropics","Atelidae","Alouatta","Alouatta seniculus","Alouatta_seniculus ","Transects",0,NA,NA,NA,0,2011,0,NA,NA,NA,"Alouatta seniculus ","Alouatta seniculus",6.01,"D",70.20666667,"AR","Folivore_frugivore",55.22,1.464,7.1,507.35,190,370.04,300,1.42,1.29,"Polygyndry","Harem Polygyny",NA,"2Tropical_and_suptropical_moist_broadleaf_forest",0.651081548,0.79,82.42,1.37,1.54,88.77,2.31,2.54,90.79,3.48,3.8,91.7,NA,5.31,NA,NA,7.07,NA,8.36,9.08,92.12,10.45,11.34,92.12,12.82,13.85,92.59,15.42,16.62,92.78,18.06,19.63,92,20.71,22.9,90.42,23.49,26.42,88.9,26.49,30.19,87.74,29.44,34.21,86.05,32.55,38.48,84.58,35.95,43.01,83.57,39.48,47.78,82.62,43.19,52.81,81.78,47.14,58.09,81.15,51.56,63.62,81.04
-1,3148,181,"Sanchez-Giraldo & Daza 2017","Richness",-75.0052,6.3492,"Precise","Colombia","Neotropics","Atelidae","Alouatta","Alouatta seniculus","Alouatta_seniculus ","Transects",0,NA,NA,NA,0,2011,0,NA,NA,NA,"Alouatta seniculus ","Alouatta seniculus",6.01,"D",70.20666667,"AR","Folivore_frugivore",55.22,1.464,7.1,507.35,190,370.04,300,1.42,1.29,"Polygyndry","Harem Polygyny",NA,"2Tropical_and_suptropical_moist_broadleaf_forest",0.642881949,0.79,81.38,1.36,1.54,88.56,2.32,2.54,91.22,3.48,3.8,91.48,NA,5.31,NA,NA,7.07,NA,8.4,9.08,92.51,10.45,11.34,92.18,12.78,13.85,92.24,15.4,16.62,92.64,18.09,19.63,92.15,20.93,22.9,91.4,23.77,26.42,89.99,26.66,30.19,88.31,29.8,34.21,87.12,33.17,38.48,86.2,36.63,43.01,85.16,40.11,47.78,83.94,43.74,52.81,82.83,47.47,58.09,81.72,51.32,63.62,80.67
-1,3149,181,"Sanchez-Giraldo & Daza 2017","Richness",-75.0102,6.364,"Precise","Colombia","Neotropics","Atelidae","Alouatta","Alouatta seniculus","Alouatta_seniculus ","Transects",0,NA,NA,NA,0,2011,0,NA,NA,NA,"Alouatta seniculus ","Alouatta seniculus",6.01,"D",70.20666667,"AR","Folivore_frugivore",55.22,1.464,7.1,507.35,190,370.04,300,1.42,1.29,"Polygyndry","Harem Polygyny",NA,"2Tropical_and_suptropical_moist_broadleaf_forest",0.744127402,0.79,94.19,1.46,1.54,94.63,2.4,2.54,94.46,3.6,3.8,94.69,NA,5.31,NA,NA,7.07,NA,7.71,9.08,84.93,9.35,11.34,82.43,11.24,13.85,81.14,13.3,16.62,80.04,15.57,19.63,79.32,17.94,22.9,78.32,20.51,26.42,77.63,23.49,30.19,77.8,26.72,34.21,78.1,30.2,38.48,78.48,34.08,43.01,79.24,38.12,47.78,79.78,42.27,52.81,80.04,46.76,58.09,80.49,51.61,63.62,81.12
-1,3150,181,"Sanchez-Giraldo & Daza 2017","Richness",-75.0105,6.3861,"Precise","Colombia","Neotropics","Atelidae","Alouatta","Alouatta seniculus","Alouatta_seniculus ","Transects",0,NA,NA,NA,0,2011,0,NA,NA,NA,"Alouatta seniculus ","Alouatta seniculus",6.01,"D",70.20666667,"AR","Folivore_frugivore",55.22,1.464,7.1,507.35,190,370.04,300,1.42,1.29,"Polygyndry","Harem Polygyny",NA,"2Tropical_and_suptropical_moist_broadleaf_forest",0.358803533,0.79,45.42,0.54,1.54,35.13,0.78,2.54,30.74,1.37,3.8,36.01,NA,5.31,NA,NA,7.07,NA,4.32,9.08,47.58,5.75,11.34,50.72,7.66,13.85,55.28,9.98,16.62,60.06,12.58,19.63,64.07,15.35,22.9,67.04,18.54,26.42,70.16,21.93,30.19,72.63,25.58,34.21,74.77,29.52,38.48,76.71,33.58,43.01,78.08,37.77,47.78,79.05,42.17,52.81,79.86,46.77,58.09,80.52,51.77,63.62,81.37
-1,3151,181,"Sanchez-Giraldo & Daza 2017","Richness",-75.0206,6.4044,"Precise","Colombia","Neotropics","Atelidae","Alouatta","Alouatta seniculus","Alouatta_seniculus ","Transects",0,NA,NA,NA,0,2011,0,NA,NA,NA,"Alouatta seniculus ","Alouatta seniculus",6.01,"D",70.20666667,"AR","Folivore_frugivore",55.22,1.464,7.1,507.35,190,370.04,300,1.42,1.29,"Polygyndry","Harem Polygyny",NA,"2Tropical_and_suptropical_moist_broadleaf_forest",0.286637282,0.79,36.28,0.81,1.54,52.88,1.66,2.54,65.24,2.7,3.8,71.07,NA,5.31,NA,NA,7.07,NA,6.99,9.08,77.03,8.64,11.34,76.2,10.59,13.85,76.46,12.73,16.62,76.57,14.98,19.63,76.3,17.48,22.9,76.31,19.96,26.42,75.57,22.5,30.19,74.51,25.46,34.21,74.41,28.74,38.48,74.68,32.37,43.01,75.27,36.36,47.78,76.1,40.75,52.81,77.17,45.38,58.09,78.12,50.42,63.62,79.25
-1,3152,181,"Sanchez-Giraldo & Daza 2017","Richness",-75.0244,6.3676,"Precise","Colombia","Neotropics","Atelidae","Alouatta","Alouatta seniculus","Alouatta_seniculus ","Transects",0,NA,NA,NA,0,2011,0,NA,NA,NA,"Alouatta seniculus ","Alouatta seniculus",6.01,"D",70.20666667,"AR","Folivore_frugivore",55.22,1.464,7.1,507.35,190,370.04,300,1.42,1.29,"Polygyndry","Harem Polygyny",NA,"2Tropical_and_suptropical_moist_broadleaf_forest",0.737142571,0.79,93.31,1.45,1.54,94.24,2.34,2.54,92.17,3.36,3.8,88.55,NA,5.31,NA,NA,7.07,NA,7.06,9.08,77.71,8.82,11.34,77.75,10.85,13.85,78.31,12.94,16.62,77.86,15.36,19.63,78.25,18.01,22.9,78.65,20.78,26.42,78.64,23.76,30.19,78.69,26.99,34.21,78.9,30.55,38.48,79.39,34.33,43.01,79.82,38.36,47.78,80.28,42.76,52.81,80.98,47.33,58.09,81.47,52.1,63.62,81.9
-1,3153,181,"Sanchez-Giraldo & Daza 2017","Richness",-75.036,6.3911,"Precise","Colombia","Neotropics","Atelidae","Alouatta","Alouatta seniculus","Alouatta_seniculus ","Transects",0,NA,NA,NA,0,2011,0,NA,NA,NA,"Alouatta seniculus ","Alouatta seniculus",6.01,"D",70.20666667,"AR","Folivore_frugivore",55.22,1.464,7.1,507.35,190,370.04,300,1.42,1.29,"Polygyndry","Harem Polygyny",NA,"2Tropical_and_suptropical_moist_broadleaf_forest",0.66367175,0.79,84.01,1.36,1.54,88.07,2.3,2.54,90.64,3.5,3.8,92.14,NA,5.31,NA,NA,7.07,NA,7.86,9.08,86.58,9.48,11.34,83.56,11.34,13.85,81.89,13.49,16.62,81.18,15.73,19.63,80.13,17.99,22.9,78.58,20.39,26.42,77.19,22.99,30.19,76.15,26.16,34.21,76.47,29.7,38.48,77.19,33.49,43.01,77.87,37.5,47.78,78.48,41.72,52.81,78.99,46.1,58.09,79.36,50.71,63.62,79.7
-1,3154,181,"Sanchez-Giraldo & Daza 2017","Richness",-75.0371,6.3765,"Precise","Colombia","Neotropics","Atelidae","Alouatta","Alouatta seniculus","Alouatta_seniculus ","Transects",0,NA,NA,NA,0,2011,0,NA,NA,NA,"Alouatta seniculus ","Alouatta seniculus",6.01,"D",70.20666667,"AR","Folivore_frugivore",55.22,1.464,7.1,507.35,190,370.04,300,1.42,1.29,"Polygyndry","Harem Polygyny",NA,"2Tropical_and_suptropical_moist_broadleaf_forest",0.455300346,0.79,57.63,0.98,1.54,63.78,1.73,2.54,68.23,2.75,3.8,72.48,NA,5.31,NA,NA,7.07,NA,7.17,9.08,78.94,9.11,11.34,80.38,11.25,13.85,81.25,13.66,16.62,82.22,16.17,19.63,82.36,19.03,22.9,83.08,22.21,26.42,84.05,25.4,30.19,84.14,28.63,34.21,83.69,31.93,38.48,82.98,35.4,43.01,82.3,39.17,47.78,81.99,43.2,52.81,81.81,47.5,58.09,81.77,52,63.62,81.74
-1,3155,181,"Sanchez-Giraldo & Daza 2017","Richness",-75.0437,6.3678,"Precise","Colombia","Neotropics","Atelidae","Alouatta","Alouatta seniculus","Alouatta_seniculus ","Transects",0,NA,NA,NA,0,2011,0,NA,NA,NA,"Alouatta seniculus ","Alouatta seniculus",6.01,"D",70.20666667,"AR","Folivore_frugivore",55.22,1.464,7.1,507.35,190,370.04,300,1.42,1.29,"Polygyndry","Harem Polygyny",NA,"2Tropical_and_suptropical_moist_broadleaf_forest",0.737870313,0.79,93.4,1.43,1.54,92.84,2.18,2.54,85.87,3.21,3.8,84.4,NA,5.31,NA,NA,7.07,NA,7.8,9.08,85.87,9.75,11.34,85.94,12,13.85,86.63,14.36,16.62,86.39,17.03,19.63,86.77,19.89,22.9,86.85,22.96,26.42,86.91,26.3,30.19,87.11,29.72,34.21,86.89,33.35,38.48,86.67,37.12,43.01,86.3,41.26,47.78,86.34,45.59,52.81,86.32,50.01,58.09,86.09,54.63,63.62,85.87
-1,3156,181,"Sanchez-Giraldo & Daza 2017","Richness",-75.0457,6.3714,"Precise","Colombia","Neotropics","Atelidae","Alouatta","Alouatta seniculus","Alouatta_seniculus ","Transects",0,NA,NA,NA,0,2011,0,NA,NA,NA,"Alouatta seniculus ","Alouatta seniculus",6.01,"D",70.20666667,"AR","Folivore_frugivore",55.22,1.464,7.1,507.35,190,370.04,300,1.42,1.29,"Polygyndry","Harem Polygyny",NA,"2Tropical_and_suptropical_moist_broadleaf_forest",0.655644421,0.79,82.99,1.25,1.54,81.23,2.08,2.54,81.7,3.19,3.8,83.97,NA,5.31,NA,NA,7.07,NA,7.93,9.08,87.32,9.85,11.34,86.89,12.05,13.85,86.99,14.48,16.62,87.15,17.17,19.63,87.48,19.99,22.9,87.27,23.01,26.42,87.08,26.28,30.19,87.05,29.86,34.21,87.27,33.42,38.48,86.85,37.14,43.01,86.36,41.25,47.78,86.34,45.69,52.81,86.52,50.18,58.09,86.38,54.5,63.62,85.67
