OID,N,N_study,Source,BASE,X,Y,Precise,Country,Realm,Family,Genus,Taxon,Taxon_ITIS,Sample_met,Ocurrence,N_groups,Abundanc_1,Abundance,Density,Sample_yea,Sampling_e,Sampling_1,ID_Todo,TRAITS,Taxon_IT_1,ITIS_SPECI,BodyMass_k,DielActivi,HomeRange_,Locomotion,TrophicGui,Brain_size,Canine_Dim,MeanGroupS,Interbirth,Gestation,WeaningAge,MaxLongevi,LitterSz,AdultSexRa,Social_Sys,Mating_Sys,FOREST,BIOME,Buffer_500,Area500,FC_500,Buffer_700,Area700,FC_700,Buffer_900,Area900,FC_900,Buffer_110,Area1100,FC1100,Buffer_130,Area1300,FC_1300,Buffer_150,Area1500,FC_1500,Buffer_170,Area1700,FC_1700,Buffer_190,Area1900,FC_1900,Buffer_210,Area2100,FC_2100,Buffer_230,Area2300,FC_2300,Buffer_250,Area2500,FC_2500,Buffer_270,Area2700,FC_2700,Buffer_290,Area2900,FC_2900,Buffer_310,Area3100,FC_3100,Buffer_330,Area3300,FC_3300,Buffer_350,Area3500,FC_3500,Buffer_370,Area3700,F_Buffer_3,Buffer_390,Area_3900,FC_3900,Buffer_410,Area4100,FC_4100,Buffer_430,Area4300,FC_4300,Buffer_450,Area4500,FC_4500
-1,724,545,Silva & Bicca-Marques 2013,Ocurrencias,-51.46601111,-30.27256667,Precise,Brazil,Neotropics,Atelidae,Alouatta,Alouatta guariba,Alouatta_guariba ,Pre-existing trails,1,0,0,NA,0,2004,0, ,NA, ,Alouatta guariba ,Alouatta guariba,5.54,D,15.065,AR,Folivore_frugivore,51.7,1.783,6.53,664.8,190,NA,NA,NA,1.61,Polygyny,Harem Polygyny, ,8Tropical and Subtropical Grasslands Savannas and Shrublands,0.148040653,0.79,18.74,0.35,1.54,22.43,0.66,2.54,25.96,0.98,3.8,25.69,1.44,5.31,27.08,1.9,7.07,26.88,2.21,9.08,24.38,2.67,11.34,23.52,3.25,13.85,23.43,3.95,16.62,23.79,4.74,19.63,24.14,5.48,22.9,23.94,6.47,26.42,24.49,7.57,30.19,25.08,8.46,34.21,24.72,9.65,38.48,25.09,10.98,43.01,25.53,12.24,47.78,25.62,13.46,52.81,25.5,14.76,58.09,25.41,16.45,63.62,25.85
-1,725,545,Silva & Bicca-Marques 2013,Ocurrencias,-51.47225278,-30.28115278,Precise,Brazil,Neotropics,Atelidae,Alouatta,Alouatta guariba,Alouatta_guariba ,Pre-existing trails,1,0,0,NA,0,2004,0, ,NA, ,Alouatta guariba ,Alouatta guariba,5.54,D,15.065,AR,Folivore_frugivore,51.7,1.783,6.53,664.8,190,NA,NA,NA,1.61,Polygyny,Harem Polygyny, ,8Tropical and Subtropical Grasslands Savannas and Shrublands,0.358471266,0.79,45.38,0.66,1.54,43.11,0.98,2.54,38.74,1.44,3.8,37.84,2,5.31,37.62,2.52,7.07,35.6,3.01,9.08,33.2,3.75,11.34,33.11,4.71,13.85,34.03,5.56,16.62,33.44,6.23,19.63,31.75,7.13,22.9,31.13,7.98,26.42,30.22,8.69,30.19,28.78,9.61,34.21,28.09,10.79,38.48,28.05,11.95,43.01,27.79,13.28,47.78,27.79,14.84,52.81,28.11,16.69,58.09,28.73,18.77,63.62,29.51
-1,726,545,Silva & Bicca-Marques 2013,Ocurrencias,-51.44783056,-30.31506944,Precise,Brazil,Neotropics,Atelidae,Alouatta,Alouatta guariba,Alouatta_guariba ,Pre-existing trails,1,0,0,NA,0,2004,0, ,NA, ,Alouatta guariba ,Alouatta guariba,5.54,D,15.065,AR,Folivore_frugivore,51.7,1.783,6.53,664.8,190,NA,NA,NA,1.61,Polygyny,Harem Polygyny, ,8Tropical and Subtropical Grasslands Savannas and Shrublands,0.376055974,0.79,47.6,0.66,1.54,42.95,0.93,2.54,36.47,1.15,3.8,30.34,1.46,5.31,27.5,1.85,7.07,26.13,2.31,9.08,25.41,2.87,11.34,25.35,3.51,13.85,25.37,4.4,16.62,26.47,5.37,19.63,27.38,6.38,22.9,27.86,7.4,26.42,28,8.64,30.19,28.6,9.96,34.21,29.11,11.28,38.48,29.32,12.57,43.01,29.23,13.9,47.78,29.08,15.53,52.81,29.41,17.3,58.09,29.78,19.12,63.62,30.06
-1,727,545,Silva & Bicca-Marques 2013,Ocurrencias,-51.42677778,-30.30918611,Precise,Brazil,Neotropics,Atelidae,Alouatta,Alouatta guariba,Alouatta_guariba ,Pre-existing trails,1,0,0,NA,0,2004,0, ,NA, ,Alouatta guariba ,Alouatta guariba,5.54,D,15.065,AR,Folivore_frugivore,51.7,1.783,6.53,664.8,190,NA,NA,NA,1.61,Polygyny,Harem Polygyny, ,8Tropical and Subtropical Grasslands Savannas and Shrublands,0.12987504,0.79,16.44,0.32,1.54,20.62,0.6,2.54,23.8,0.77,3.8,20.35,0.92,5.31,17.26,1.14,7.07,16.14,1.32,9.08,14.59,1.54,11.34,13.56,1.78,13.85,12.87,2.08,16.62,12.49,2.43,19.63,12.39,2.85,22.9,12.43,3.41,26.42,12.89,4.01,30.19,13.27,4.76,34.21,13.9,5.46,38.48,14.19,6.44,43.01,14.98,7.68,47.78,16.07,8.9,52.81,16.86,10.2,58.09,17.55,11.71,63.62,18.4
-1,728,545,Silva & Bicca-Marques 2013,Ocurrencias,-51.42464722,-30.31468056,Precise,Brazil,Neotropics,Atelidae,Alouatta,Alouatta guariba,Alouatta_guariba ,Pre-existing trails,1,0,0,NA,0,2004,0, ,NA, ,Alouatta guariba ,Alouatta guariba,5.54,D,15.065,AR,Folivore_frugivore,51.7,1.783,6.53,664.8,190,NA,NA,NA,1.61,Polygyny,Harem Polygyny, ,8Tropical and Subtropical Grasslands Savannas and Shrublands,0.317707817,0.79,40.22,0.41,1.54,26.51,0.55,2.54,21.5,0.69,3.8,18.1,0.78,5.31,14.78,0.96,7.07,13.56,1.21,9.08,13.34,1.44,11.34,12.73,1.7,13.85,12.26,2.02,16.62,12.13,2.34,19.63,11.92,2.87,22.9,12.52,3.33,26.42,12.6,4.11,30.19,13.61,5.12,34.21,14.97,6.49,38.48,16.87,7.89,43.01,18.35,9.26,47.78,19.37,10.35,52.81,19.6,11.58,58.09,19.94,12.82,63.62,20.15
-1,729,545,Silva & Bicca-Marques 2013,Ocurrencias,-51.42043611,-30.31519167,Precise,Brazil,Neotropics,Atelidae,Alouatta,Alouatta guariba,Alouatta_guariba ,Pre-existing trails,1,0,0,NA,0,2004,0, ,NA, ,Alouatta guariba ,Alouatta guariba,5.54,D,15.065,AR,Folivore_frugivore,51.7,1.783,6.53,664.8,190,NA,NA,NA,1.61,Polygyny,Harem Polygyny, ,8Tropical and Subtropical Grasslands Savannas and Shrublands,0.286081061,0.79,36.21,0.38,1.54,24.7,0.47,2.54,18.5,0.55,3.8,14.48,0.7,5.31,13.23,0.9,7.07,12.77,1.06,9.08,11.67,1.23,11.34,10.84,1.48,13.85,10.67,1.81,16.62,10.9,2.18,19.63,11.09,2.48,22.9,10.83,3.04,26.42,11.5,3.78,30.19,12.53,4.63,34.21,13.54,5.8,38.48,15.08,6.89,43.01,16.03,8.14,47.78,17.03,9.49,52.81,17.97,10.84,58.09,18.66,12.36,63.62,19.43
-1,730,545,Silva & Bicca-Marques 2013,Ocurrencias,-51.422454,-30.317503,Precise,Brazil,Neotropics,Atelidae,Alouatta,Alouatta guariba,Alouatta_guariba ,Pre-existing trails,1,0,0,NA,0,2004,0, ,NA, ,Alouatta guariba ,Alouatta guariba,5.54,D,15.065,AR,Folivore_frugivore,51.7,1.783,6.53,664.8,190,NA,NA,NA,1.61,Polygyny,Harem Polygyny, ,8Tropical and Subtropical Grasslands Savannas and Shrublands,0.197628411,0.79,25.02,0.38,1.54,24.81,0.51,2.54,20.12,0.6,3.8,15.79,0.65,5.31,12.22,0.78,7.07,11.07,0.95,9.08,10.48,1.27,11.34,11.18,1.58,13.85,11.39,1.92,16.62,11.58,2.37,19.63,12.07,2.93,22.9,12.8,3.64,26.42,13.76,4.57,30.19,15.12,5.71,34.21,16.69,6.86,38.48,17.83,8.03,43.01,18.67,9.19,47.78,19.24,10.65,52.81,20.17,12.03,58.09,20.71,13.05,63.62,20.52
-1,731,545,Silva & Bicca-Marques 2013,Ocurrencias,-51.44949167,-30.34694167,Precise,Brazil,Neotropics,Atelidae,Alouatta,Alouatta guariba,Alouatta_guariba ,Pre-existing trails,1,0,0,NA,0,2004,0, ,NA, ,Alouatta guariba ,Alouatta guariba,5.54,D,15.065,AR,Folivore_frugivore,51.7,1.783,6.53,664.8,190,NA,NA,NA,1.61,Polygyny,Harem Polygyny, ,8Tropical and Subtropical Grasslands Savannas and Shrublands,0.356249248,0.79,45.09,0.73,1.54,47.59,1.22,2.54,48.22,1.79,3.8,47.09,2.42,5.31,45.53,3.03,7.07,42.91,3.54,9.08,39,4.15,11.34,36.63,4.63,13.85,33.42,5.15,16.62,30.98,5.78,19.63,29.42,6.66,22.9,29.1,7.74,26.42,29.31,8.89,30.19,29.44,10.08,34.21,29.45,11.29,38.48,29.33,12.59,43.01,29.27,13.71,47.78,28.69,15.08,52.81,28.56,16.63,58.09,28.62,18.22,63.62,28.64
-1,732,545,Silva & Bicca-Marques 2013,Ocurrencias,-51.45166944,-30.34557222,Precise,Brazil,Neotropics,Atelidae,Alouatta,Alouatta guariba,Alouatta_guariba ,Pre-existing trails,1,0,0,NA,0,2004,0, ,NA, ,Alouatta guariba ,Alouatta guariba,5.54,D,15.065,AR,Folivore_frugivore,51.7,1.783,6.53,664.8,190,NA,NA,NA,1.61,Polygyny,Harem Polygyny, ,8Tropical and Subtropical Grasslands Savannas and Shrublands,0.35182164,0.79,44.53,0.71,1.54,46,1.15,2.54,45.37,1.69,3.8,44.4,2.3,5.31,43.28,2.93,7.07,41.48,3.63,9.08,39.94,4.39,11.34,38.69,4.92,13.85,35.52,5.48,16.62,32.95,6.29,19.63,32.07,7.15,22.9,31.24,8.02,26.42,30.35,9.05,30.19,29.98,10.34,34.21,30.21,11.69,38.48,30.39,12.97,43.01,30.16,14.11,47.78,29.53,15.45,52.81,29.26,16.98,58.09,29.23,18.79,63.62,29.54
-1,733,545,Silva & Bicca-Marques 2013,Ocurrencias,-51.45284444,-30.34514722,Precise,Brazil,Neotropics,Atelidae,Alouatta,Alouatta guariba,Alouatta_guariba ,Pre-existing trails,1,0,0,NA,0,2004,0, ,NA, ,Alouatta guariba ,Alouatta guariba,5.54,D,15.065,AR,Folivore_frugivore,51.7,1.783,6.53,664.8,190,NA,NA,NA,1.61,Polygyny,Harem Polygyny, ,8Tropical and Subtropical Grasslands Savannas and Shrublands,0.310222937,0.79,39.27,0.65,1.54,41.93,1.06,2.54,41.61,1.57,3.8,41.3,2.2,5.31,41.41,2.92,7.07,41.34,3.56,9.08,39.2,4.43,11.34,39.09,5.05,13.85,36.45,5.69,16.62,34.22,6.57,19.63,33.48,7.4,22.9,32.29,8.16,26.42,30.9,9.15,30.19,30.31,10.48,34.21,30.63,11.84,38.48,30.76,13.11,43.01,30.47,14.31,47.78,29.95,15.65,52.81,29.64,17.18,58.09,29.58,19,63.62,29.87
-1,734,545,Silva & Bicca-Marques 2013,Ocurrencias,-51.45627222,-30.34357222,Precise,Brazil,Neotropics,Atelidae,Alouatta,Alouatta guariba,Alouatta_guariba ,Pre-existing trails,1,0,0,NA,0,2004,0, ,NA, ,Alouatta guariba ,Alouatta guariba,5.54,D,15.065,AR,Folivore_frugivore,51.7,1.783,6.53,664.8,190,NA,NA,NA,1.61,Polygyny,Harem Polygyny, ,8Tropical and Subtropical Grasslands Savannas and Shrublands,0.231793613,0.79,29.34,0.43,1.54,28.14,0.83,2.54,32.6,1.43,3.8,37.66,2.04,5.31,38.48,2.73,7.07,38.68,3.54,9.08,39.02,4.3,11.34,37.95,5.29,13.85,38.23,6.41,16.62,38.6,7.23,19.63,36.84,7.99,22.9,34.9,8.85,26.42,33.49,9.81,30.19,32.48,10.95,34.21,32.02,12.17,38.48,31.63,13.49,43.01,31.37,14.98,47.78,31.36,16.49,52.81,31.23,17.93,58.09,30.87,19.47,63.62,30.6
-1,735,545,Silva & Bicca-Marques 2013,Ocurrencias,-51.46868611,-30.33576111,Precise,Brazil,Neotropics,Atelidae,Alouatta,Alouatta guariba,Alouatta_guariba ,Pre-existing trails,1,0,0,NA,0,2004,0, ,NA, ,Alouatta guariba ,Alouatta guariba,5.54,D,15.065,AR,Folivore_frugivore,51.7,1.783,6.53,664.8,190,NA,NA,NA,1.61,Polygyny,Harem Polygyny, ,8Tropical and Subtropical Grasslands Savannas and Shrublands,0.395905606,0.79,50.11,0.73,1.54,47.67,1.24,2.54,48.69,1.83,3.8,48.07,2.48,5.31,46.69,3.32,7.07,47.03,4.24,9.08,46.69,5.07,11.34,44.69,5.94,13.85,42.89,7.01,16.62,42.18,8.08,19.63,41.16,9.42,22.9,41.15,10.79,26.42,40.85,12.25,30.19,40.58,13.65,34.21,39.91,15.12,38.48,39.29,16.63,43.01,38.68,18.05,47.78,37.78,19.59,52.81,37.1,21.3,58.09,36.67,22.86,63.62,35.94
-1,736,545,Silva & Bicca-Marques 2013,Ocurrencias,-51.47700556,-30.33192778,Precise,Brazil,Neotropics,Atelidae,Alouatta,Alouatta guariba,Alouatta_guariba ,Pre-existing trails,1,0,0,NA,0,2004,0, ,NA, ,Alouatta guariba ,Alouatta guariba,5.54,D,15.065,AR,Folivore_frugivore,51.7,1.783,6.53,664.8,190,NA,NA,NA,1.61,Polygyny,Harem Polygyny, ,8Tropical and Subtropical Grasslands Savannas and Shrublands,0.530598961,0.79,67.16,1.07,1.54,69.62,1.64,2.54,64.45,2.2,3.8,57.82,3.04,5.31,57.21,4.05,7.07,57.22,4.98,9.08,54.87,5.92,11.34,52.24,6.84,13.85,49.38,7.76,16.62,46.69,8.93,19.63,45.51,10.16,22.9,44.38,11.45,26.42,43.36,12.73,30.19,42.17,14.26,34.21,41.68,16,38.48,41.59,17.96,43.01,41.76,19.84,47.78,41.52,21.7,52.81,41.09,23.74,58.09,40.87,25.97,63.62,40.82
-1,737,545,Silva & Bicca-Marques 2013,Ocurrencias,-51.48373611,-30.33317222,Precise,Brazil,Neotropics,Atelidae,Alouatta,Alouatta guariba,Alouatta_guariba ,Pre-existing trails,1,0,0,NA,0,2004,0, ,NA, ,Alouatta guariba ,Alouatta guariba,5.54,D,15.065,AR,Folivore_frugivore,51.7,1.783,6.53,664.8,190,NA,NA,NA,1.61,Polygyny,Harem Polygyny, ,8Tropical and Subtropical Grasslands Savannas and Shrublands,0.451325322,0.79,57.13,0.91,1.54,59.11,1.45,2.54,57.12,2.21,3.8,58.23,2.95,5.31,55.54,3.74,7.07,52.87,4.65,9.08,51.17,5.9,11.34,52.02,7.09,13.85,51.2,8.06,16.62,48.48,9.15,19.63,46.59,10.41,22.9,45.47,11.78,26.42,44.59,13.15,30.19,43.57,14.66,34.21,42.84,16.31,38.48,42.38,18.1,43.01,42.09,20.08,47.78,42.02,22.29,52.81,42.21,24.75,58.09,42.61,27.06,63.62,42.53
-1,738,545,Silva & Bicca-Marques 2013,Ocurrencias,-51.49180278,-30.32063611,Precise,Brazil,Neotropics,Atelidae,Alouatta,Alouatta guariba,Alouatta_guariba ,Pre-existing trails,1,0,0,NA,0,2004,0, ,NA, ,Alouatta guariba ,Alouatta guariba,5.54,D,15.065,AR,Folivore_frugivore,51.7,1.783,6.53,664.8,190,NA,NA,NA,1.61,Polygyny,Harem Polygyny, ,8Tropical and Subtropical Grasslands Savannas and Shrublands,0.705786942,0.79,89.34,1.27,1.54,82.43,1.91,2.54,75.36,2.75,3.8,72.38,3.68,5.31,69.27,4.73,7.07,66.88,5.77,9.08,63.53,6.82,11.34,60.13,8.05,13.85,58.15,9.51,16.62,57.23,11.02,19.63,56.12,12.52,22.9,54.69,13.99,26.42,52.95,15.49,30.19,51.31,17.07,34.21,49.89,18.76,38.48,48.75,20.41,43.01,47.45,22.06,47.78,46.16,23.97,52.81,45.39,25.85,58.09,44.49,28.01,63.62,44.03
-1,739,545,Silva & Bicca-Marques 2013,Ocurrencias,-51.50481389,-30.31466389,Precise,Brazil,Neotropics,Atelidae,Alouatta,Alouatta guariba,Alouatta_guariba ,Pre-existing trails,1,0,0,NA,0,2004,0, ,NA, ,Alouatta guariba ,Alouatta guariba,5.54,D,15.065,AR,Folivore_frugivore,51.7,1.783,6.53,664.8,190,NA,NA,NA,1.61,Polygyny,Harem Polygyny, ,8Tropical and Subtropical Grasslands Savannas and Shrublands,0.353479212,0.79,44.74,0.65,1.54,42.51,1.15,2.54,45.27,2.01,3.8,52.89,3.19,5.31,60.04,4.38,7.07,61.92,5.81,9.08,63.94,7.04,11.34,62.1,8.26,13.85,59.64,9.5,16.62,57.18,10.81,19.63,55.05,12.2,22.9,53.28,13.68,26.42,51.77,15.19,30.19,50.3,16.71,34.21,48.85,18.34,38.48,47.67,20.07,43.01,46.65,22.29,47.78,46.65,24.55,52.81,46.48,26.58,58.09,45.76,28.57,63.62,44.91
-1,740,545,Silva & Bicca-Marques 2013,Ocurrencias,-51.45465556,-30.36390833,Precise,Brazil,Neotropics,Atelidae,Alouatta,Alouatta guariba,Alouatta_guariba ,Pre-existing trails,0,0,0,NA,0,2004,0, ,NA, ,Alouatta guariba ,Alouatta guariba,5.54,D,15.065,AR,Folivore_frugivore,51.7,1.783,6.53,664.8,190,NA,NA,NA,1.61,Polygyny,Harem Polygyny, ,8Tropical and Subtropical Grasslands Savannas and Shrublands,0.118633252,0.79,15.02,0.29,1.54,18.96,0.47,2.54,18.4,0.69,3.8,18.26,1.05,5.31,19.73,1.49,7.07,21.07,1.9,9.08,20.97,2.25,11.34,19.84,2.77,13.85,19.97,3.4,16.62,20.45,4.21,19.63,21.44,5.03,22.9,21.98,6.04,26.42,22.84,7.23,30.19,23.93,8.38,34.21,24.51,9.47,38.48,24.6,10.63,43.01,24.71,12.04,47.78,25.2,13.6,52.81,25.76,15.13,58.09,26.04,16.94,63.62,26.62
-1,741,545,Silva & Bicca-Marques 2013,Ocurrencias,-51.45041389,-30.37499167,Precise,Brazil,Neotropics,Atelidae,Alouatta,Alouatta guariba,Alouatta_guariba ,Pre-existing trails,1,0,0,NA,0,2004,0, ,NA, ,Alouatta guariba ,Alouatta guariba,5.54,D,15.065,AR,Folivore_frugivore,51.7,1.783,6.53,664.8,190,NA,NA,NA,1.61,Polygyny,Harem Polygyny, ,8Tropical and Subtropical Grasslands Savannas and Shrublands,0.514048002,0.79,65.07,0.74,1.54,48.37,0.98,2.54,38.5,1.19,3.8,31.45,1.41,5.31,26.59,1.62,7.07,22.86,1.9,9.08,20.94,2.45,11.34,21.62,2.85,13.85,20.56,3.31,16.62,19.92,3.79,19.63,19.33,4.33,22.9,18.89,5.12,26.42,19.37,6.19,30.19,20.5,7.26,34.21,21.21,8.45,38.48,21.97,9.64,43.01,22.41,10.94,47.78,22.89,12.15,52.81,23,13.7,58.09,23.59,15.39,63.62,24.2
-1,742,545,Silva & Bicca-Marques 2013,Ocurrencias,-51.46348611,-30.37553611,Precise,Brazil,Neotropics,Atelidae,Alouatta,Alouatta guariba,Alouatta_guariba ,Pre-existing trails,0,0,0,NA,0,2004,0, ,NA, ,Alouatta guariba ,Alouatta guariba,5.54,D,15.065,AR,Folivore_frugivore,51.7,1.783,6.53,664.8,190,NA,NA,NA,1.61,Polygyny,Harem Polygyny, ,8Tropical and Subtropical Grasslands Savannas and Shrublands,0.146762003,0.79,18.58,0.25,1.54,16.05,0.47,2.54,18.65,0.82,3.8,21.67,1.31,5.31,24.61,1.74,7.07,24.6,2.23,9.08,24.58,2.6,11.34,22.91,2.81,13.85,20.31,3.1,16.62,18.67,3.41,19.63,17.39,3.93,22.9,17.17,4.97,26.42,18.81,6.12,30.19,20.28,7.3,34.21,21.33,8.46,38.48,21.98,9.69,43.01,22.54,11.19,47.78,23.42,12.92,52.81,24.46,14.51,58.09,24.98,15.99,63.62,25.13
-1,743,545,Silva & Bicca-Marques 2013,Ocurrencias,-51.43363333,-30.42431667,Precise,Brazil,Neotropics,Atelidae,Alouatta,Alouatta guariba,Alouatta_guariba ,Pre-existing trails,0,0,0,NA,0,2004,0, ,NA, ,Alouatta guariba ,Alouatta guariba,5.54,D,15.065,AR,Folivore_frugivore,51.7,1.783,6.53,664.8,190,NA,NA,NA,1.61,Polygyny,Harem Polygyny, ,8Tropical and Subtropical Grasslands Savannas and Shrublands,0.752149841,0.79,95.21,1.4,1.54,90.71,2.16,2.54,85.1,2.93,3.8,77.04,3.61,5.31,67.92,4.25,7.07,60.12,4.99,9.08,54.96,5.77,11.34,50.84,6.49,13.85,46.87,7.49,16.62,45.05,8.54,19.63,43.49,9.79,22.9,42.74,11.26,26.42,42.62,12.72,30.19,42.12,14.09,34.21,41.2,15.56,38.48,40.44,17.02,43.01,39.58,18.41,47.78,38.54,19.5,52.81,36.92,20.66,58.09,35.56,21.62,63.62,33.98
-1,744,545,Silva & Bicca-Marques 2013,Ocurrencias,-51.42855556,-30.43507222,Precise,Brazil,Neotropics,Atelidae,Alouatta,Alouatta guariba,Alouatta_guariba ,Pre-existing trails,0,0,0,NA,0,2004,0, ,NA, ,Alouatta guariba ,Alouatta guariba,5.54,D,15.065,AR,Folivore_frugivore,51.7,1.783,6.53,664.8,190,NA,NA,NA,1.61,Polygyny,Harem Polygyny, ,8Tropical and Subtropical Grasslands Savannas and Shrublands,0.765372801,0.79,96.88,1.48,1.54,95.96,2.28,2.54,89.67,3.2,3.8,84.1,4.26,5.31,80.22,5.33,7.07,75.36,6.45,9.08,71.02,7.69,11.34,67.78,8.9,13.85,64.24,10.01,16.62,60.24,11.17,19.63,56.91,12.1,22.9,52.83,12.95,26.42,49.01,13.83,30.19,45.8,14.6,34.21,42.69,15.68,38.48,40.74,16.55,43.01,38.48,17.56,47.78,36.75,18.46,52.81,34.96,19.47,58.09,33.52,20.39,63.62,32.04
-1,745,545,Silva & Bicca-Marques 2013,Ocurrencias,-51.42225833,-30.448225,Precise,Brazil,Neotropics,Atelidae,Alouatta,Alouatta guariba,Alouatta_guariba ,Pre-existing trails,0,0,0,NA,0,2004,0, ,NA, ,Alouatta guariba ,Alouatta guariba,5.54,D,15.065,AR,Folivore_frugivore,51.7,1.783,6.53,664.8,190,NA,NA,NA,1.61,Polygyny,Harem Polygyny, ,8Tropical and Subtropical Grasslands Savannas and Shrublands,0.758262762,0.79,95.98,1.44,1.54,93.73,2.35,2.54,92.71,3.37,3.8,88.78,4.35,5.31,81.89,5.38,7.07,76.08,6.44,9.08,70.92,7.34,11.34,64.77,8.08,13.85,58.31,8.99,16.62,54.08,9.88,19.63,50.35,10.91,22.9,47.63,11.76,26.42,44.52,12.58,30.19,41.67,13.32,34.21,38.94,14.28,38.48,37.12,15.15,43.01,35.21,15.91,47.78,33.3,16.77,52.81,31.76,17.54,58.09,30.2,18.33,63.62,28.8
-1,746,545,Silva & Bicca-Marques 2013,Ocurrencias,-51.41528056,-30.44398611,Precise,Brazil,Neotropics,Atelidae,Alouatta,Alouatta guariba,Alouatta_guariba ,Pre-existing trails,0,0,0,NA,0,2004,0, ,NA, ,Alouatta guariba ,Alouatta guariba,5.54,D,15.065,AR,Folivore_frugivore,51.7,1.783,6.53,664.8,190,NA,NA,NA,1.61,Polygyny,Harem Polygyny, ,8Tropical and Subtropical Grasslands Savannas and Shrublands,0.67767066,0.79,85.78,1.15,1.54,74.63,1.86,2.54,73.21,2.77,3.8,72.98,3.77,5.31,71.02,4.95,7.07,70.08,6.17,9.08,67.97,7.37,11.34,65.03,8.48,13.85,61.26,9.73,16.62,58.52,10.71,19.63,54.56,11.36,22.9,49.59,12.2,26.42,46.19,12.93,30.19,42.83,13.68,34.21,39.98,14.26,38.48,37.07,14.84,43.01,34.49,15.53,47.78,32.5,16.28,52.81,30.82,17.08,58.09,29.4,17.68,63.62,27.8
-1,747,545,Silva & Bicca-Marques 2013,Ocurrencias,-51.30053333,-30.34388333,Precise,Brazil,Neotropics,Atelidae,Alouatta,Alouatta guariba,Alouatta_guariba ,Pre-existing trails,0,0,0,NA,0,2004,0, ,NA, ,Alouatta guariba ,Alouatta guariba,5.54,D,15.065,AR,Folivore_frugivore,51.7,1.783,6.53,664.8,190,NA,NA,NA,1.61,Polygyny,Harem Polygyny, ,8Tropical and Subtropical Grasslands Savannas and Shrublands,0.312512983,0.79,39.56,0.31,1.54,20.36,0.31,2.54,12.34,0.31,3.8,8.25,0.31,5.31,5.9,0.31,7.07,4.43,0.31,9.08,3.45,0.32,11.34,2.83,0.37,13.85,2.69,0.39,16.62,2.33,0.39,19.63,1.98,0.4,22.9,1.76,0.44,26.42,1.66,0.68,30.19,2.27,1.25,34.21,3.64,1.71,38.48,4.45,2.19,43.01,5.1,2.7,47.78,5.64,3.21,52.81,6.08,3.6,58.09,6.19,4.16,63.62,6.54
-1,748,545,Silva & Bicca-Marques 2013,Ocurrencias,-51.13401389,-30.43045,Precise,Brazil,Neotropics,Atelidae,Alouatta,Alouatta guariba,Alouatta_guariba ,Pre-existing trails,0,0,0,NA,0,2004,0, ,NA, ,Alouatta guariba ,Alouatta guariba,5.54,D,15.065,AR,Folivore_frugivore,51.7,1.783,6.53,664.8,190,NA,NA,NA,1.61,Polygyny,Harem Polygyny, ,8Tropical and Subtropical Grasslands Savannas and Shrublands,0.773458402,0.79,97.91,1.32,1.54,85.63,1.79,2.54,70.45,2.06,3.8,54.3,2.34,5.31,43.98,2.61,7.07,36.93,2.91,9.08,32.02,3.26,11.34,28.77,3.66,13.85,26.44,4.04,16.62,24.32,4.39,19.63,22.37,4.73,22.9,20.68,5.02,26.42,19,5.33,30.19,17.65,5.64,34.21,16.5,5.94,38.48,15.43,6.34,43.01,14.73,6.78,47.78,14.2,7.33,52.81,13.88,7.97,58.09,13.71,8.66,63.62,13.6
