OID,N,N_study,Source,BASE,X,Y,Precise,Country,Realm,Family,Genus,Taxon,Taxon_ITIS,Sample_met,Ocurrence,N_groups,Abundanc_1,Abundance,Density,Sample_yea,Sampling_e,Sampling_1,ID_Todo,TRAITS,Taxon_IT_1,ITIS_SPECI,BodyMass_k,DielActivi,HomeRange_,Locomotion,TrophicGui,Brain_size,Canine_Dim,MeanGroupS,Interbirth,Gestation,WeaningAge,MaxLongevi,LitterSz,AdultSexRa,Social_Sys,Mating_Sys,FOREST,BIOME,Buffer_500,Area500,FC_500,Buffer_700,Area700,FC_700,Buffer_900,Area900,FC_900,Buffer_110,Area1100,FC1100,Buffer_130,Area1300,FC_1300,Buffer_150,Area1500,FC_1500,Buffer_170,Area1700,FC_1700,Buffer_190,Area1900,FC_1900,Buffer_210,Area2100,FC_2100,Buffer_230,Area2300,FC_2300,Buffer_250,Area2500,FC_2500,Buffer_270,Area2700,FC_2700,Buffer_290,Area2900,FC_2900,Buffer_310,Area3100,FC_3100,Buffer_330,Area3300,FC_3300,Buffer_350,Area3500,FC_3500,Buffer_370,Area3700,F_Buffer_3,Buffer_390,Area_3900,FC_3900,Buffer_410,Area4100,FC_4100,Buffer_430,Area4300,FC_4300,Buffer_450,Area4500,FC_4500
-1,705,327,De Araujo 2009,Ocurrencias,-42.28333333,-22.51666667,Precise,Brazil,Neotropics,Atelidae,Alouatta,Alouatta guariba,Alouatta_guariba ,Line transects,1,0,0.72,Encounter rate (encounters /10 km),44.1,2004,194.8,km,NA, ,Alouatta guariba ,Alouatta guariba,5.54,D,15.065,AR,Folivore_frugivore,51.7,1.783,6.53,664.8,190,NA,NA,NA,1.61,Polygyny,Harem Polygyny, ,2Tropical_and_suptropical_moist_broadleaf_forest,0.771296606,0.79,97.63,1.51,1.54,98.16,2.48,2.54,97.62,3.58,3.8,94.09,4.85,5.31,91.3,NA,7.07,NA,8.07,9.08,88.86,10.03,11.34,88.44,12.16,13.85,87.76,14.28,16.62,85.91,16.22,19.63,82.62,18.23,22.9,79.6,20.2,26.42,76.44,22.39,30.19,74.17,24.92,34.21,72.86,27.68,38.48,71.92,30.51,43.01,70.93,33.41,47.78,69.93,36.49,52.81,69.1,39.65,58.09,68.25,42.84,63.62,67.33
-1,706,327,De Araujo 2009,Ocurrencias,-42.03333333,-22.45,Precise,Brazil,Neotropics,Atelidae,Alouatta,Alouatta guariba,Alouatta_guariba ,Line transects,1,0,1.11,Encounter rate (encounters /10 km),42.1,2004,180.2,km,NA, ,Alouatta guariba ,Alouatta guariba,5.54,D,15.065,AR,Folivore_frugivore,51.7,1.783,6.53,664.8,190,NA,NA,NA,1.61,Polygyny,Harem Polygyny, ,2Tropical_and_suptropical_moist_broadleaf_forest,0.383954446,0.79,48.6,0.83,1.54,54.01,1.53,2.54,60.17,2.34,3.8,61.67,3.27,5.31,61.68,NA,7.07,NA,5.77,9.08,63.53,7.39,11.34,65.13,9.15,13.85,66.04,11.1,16.62,66.8,13.19,19.63,67.2,15.45,22.9,67.47,17.86,26.42,67.6,20.22,30.19,66.96,22.67,34.21,66.26,25.14,38.48,65.33,27.56,43.01,64.07,30.04,47.78,62.86,32.45,52.81,61.46,34.91,58.09,60.1,37.6,63.62,59.1
-1,707,327,De Araujo 2009,Ocurrencias,-42.03499722,-22.53983333,Precise,Brazil,Neotropics,Atelidae,Alouatta,Alouatta guariba,Alouatta_guariba ,Interviews,1,0,0,NA,0,2006,0, ,NA, ,Alouatta guariba ,Alouatta guariba,5.54,D,15.065,AR,Folivore_frugivore,51.7,1.783,6.53,664.8,190,NA,NA,NA,1.61,Polygyny,Harem Polygyny, ,2Tropical_and_suptropical_moist_broadleaf_forest,0.77395064,0.79,97.97,1.52,1.54,98.51,2.51,2.54,98.73,3.75,3.8,98.59,5.23,5.31,98.54,NA,7.07,NA,8.94,9.08,98.51,11.16,11.34,98.44,13.22,13.85,95.43,14.79,16.62,89,15.67,19.63,79.8,16.19,22.9,70.69,16.47,26.42,62.34,16.75,30.19,55.48,17,34.21,49.68,17.33,38.48,45.03,17.72,43.01,41.19,18.27,47.78,38.25,18.89,52.81,35.76,19.46,58.09,33.5,20.18,63.62,31.72
-1,708,327,De Araujo 2009,Ocurrencias,-42.0582,-22.46062778,Precise,Brazil,Neotropics,Atelidae,Alouatta,Alouatta guariba,Alouatta_guariba ,Interviews,1,0,0,NA,0,2006,0, ,NA, ,Alouatta guariba ,Alouatta guariba,5.54,D,15.065,AR,Folivore_frugivore,51.7,1.783,6.53,664.8,190,NA,NA,NA,1.61,Polygyny,Harem Polygyny, ,2Tropical_and_suptropical_moist_broadleaf_forest,0.714343211,0.79,90.42,1.25,1.54,80.92,1.92,2.54,75.71,2.62,3.8,69.07,3.54,5.31,66.72,NA,7.07,NA,5.25,9.08,57.85,6.24,11.34,54.99,7.42,13.85,53.59,8.77,16.62,52.8,10.29,19.63,52.41,11.88,22.9,51.89,13.65,26.42,51.68,15.78,30.19,52.27,18,34.21,52.63,20.17,38.48,52.42,22.57,43.01,52.47,25.18,47.78,52.7,27.85,52.81,52.74,30.4,58.09,52.33,33.28,63.62,52.31
-1,709,327,De Araujo 2009,Ocurrencias,-42.23686667,-22.49846111,Precise,Brazil,Neotropics,Atelidae,Alouatta,Alouatta guariba,Alouatta_guariba ,Interviews,1,0,0,NA,0,2006,0, ,NA, ,Alouatta guariba ,Alouatta guariba,5.54,D,15.065,AR,Folivore_frugivore,51.7,1.783,6.53,664.8,190,NA,NA,NA,1.61,Polygyny,Harem Polygyny, ,2Tropical_and_suptropical_moist_broadleaf_forest,0.519527067,0.79,65.76,1.05,1.54,68.17,1.49,2.54,58.62,2.02,3.8,53.08,2.81,5.31,52.9,NA,7.07,NA,4.65,9.08,51.18,5.78,11.34,50.98,6.86,13.85,49.51,7.93,16.62,47.68,8.92,19.63,45.46,10.28,22.9,44.89,11.85,26.42,44.86,13.57,30.19,44.95,15.59,34.21,45.58,17.9,38.48,46.51,20.52,43.01,47.7,23.29,47.78,48.74,25.94,52.81,49.11,29.01,58.09,49.93,32.46,63.62,51.03
-1,710,327,De Araujo 2009,Ocurrencias,-42.25768333,-22.46366111,Precise,Brazil,Neotropics,Atelidae,Alouatta,Alouatta guariba,Alouatta_guariba ,Interviews,1,0,0,NA,0,2006,0, ,NA, ,Alouatta guariba ,Alouatta guariba,5.54,D,15.065,AR,Folivore_frugivore,51.7,1.783,6.53,664.8,190,NA,NA,NA,1.61,Polygyny,Harem Polygyny, ,2Tropical_and_suptropical_moist_broadleaf_forest,0.773883554,0.79,97.96,1.51,1.54,98.16,2.44,2.54,96.06,3.57,3.8,93.94,4.91,5.31,92.53,NA,7.07,NA,8.07,9.08,88.83,9.94,11.34,87.67,11.98,13.85,86.51,14.12,16.62,84.95,16.42,19.63,83.66,18.9,22.9,82.54,21.51,26.42,81.43,24.15,30.19,79.99,26.74,34.21,78.16,29.7,38.48,77.17,32.89,43.01,76.48,36.37,47.78,76.12,40.08,52.81,75.89,44.01,58.09,75.76,48.29,63.62,75.91
-1,711,327,De Araujo 2009,Ocurrencias,-42.26931389,-22.45091389,Precise,Brazil,Neotropics,Atelidae,Alouatta,Alouatta guariba,Alouatta_guariba ,Interviews,1,0,0,NA,0,2006,0, ,NA, ,Alouatta guariba ,Alouatta guariba,5.54,D,15.065,AR,Folivore_frugivore,51.7,1.783,6.53,664.8,190,NA,NA,NA,1.61,Polygyny,Harem Polygyny, ,2Tropical_and_suptropical_moist_broadleaf_forest,0.765690846,0.79,96.92,1.51,1.54,97.94,2.49,2.54,98.21,3.69,3.8,97.17,5.11,5.31,96.18,NA,7.07,NA,8.59,9.08,94.56,10.71,11.34,94.45,13.06,13.85,94.29,15.58,16.62,93.77,18.37,19.63,93.58,21.15,22.9,92.34,24.04,26.42,91.01,26.96,30.19,89.31,29.98,34.21,87.63,32.95,38.48,85.63,36.11,43.01,83.96,39.23,47.78,82.1,42.6,52.81,80.67,46.68,58.09,80.36,51.14,63.62,80.38
-1,712,327,De Araujo 2009,Ocurrencias,-42.37985,-22.47654444,Precise,Brazil,Neotropics,Atelidae,Alouatta,Alouatta guariba,Alouatta_guariba ,Interviews,1,0,0,NA,0,2006,0, ,NA, ,Alouatta guariba ,Alouatta guariba,5.54,D,15.065,AR,Folivore_frugivore,51.7,1.783,6.53,664.8,190,NA,NA,NA,1.61,Polygyny,Harem Polygyny, ,2Tropical_and_suptropical_moist_broadleaf_forest,0.706017372,0.79,89.37,1.29,1.54,83.47,2.04,2.54,80.26,2.86,3.8,75.23,3.58,5.31,67.41,NA,7.07,NA,5.76,9.08,63.4,7.33,11.34,64.59,9.17,13.85,66.24,11.22,16.62,67.51,13.51,19.63,68.84,16,22.9,69.88,18.55,26.42,70.2,21.34,30.19,70.69,23.92,34.21,69.93,26.81,38.48,69.67,29.99,43.01,69.74,33.43,47.78,69.97,37.1,52.81,70.24,41.17,58.09,70.87,45.45,63.62,71.43
-1,713,327,De Araujo 2009,Ocurrencias,-42.37259167,-22.43411667,Precise,Brazil,Neotropics,Atelidae,Alouatta,Alouatta guariba,Alouatta_guariba ,Interviews,1,0,0,NA,0,2006,0, ,NA, ,Alouatta guariba ,Alouatta guariba,5.54,D,15.065,AR,Folivore_frugivore,51.7,1.783,6.53,664.8,190,NA,NA,NA,1.61,Polygyny,Harem Polygyny, ,2Tropical_and_suptropical_moist_broadleaf_forest,0.766499304,0.79,97.03,1.5,1.54,97.38,2.49,2.54,97.85,3.7,3.8,97.29,5.11,5.31,96.23,NA,7.07,NA,8.37,9.08,92.22,10.24,11.34,90.28,12.41,13.85,89.59,14.88,16.62,89.55,17.55,19.63,89.39,20.47,22.9,89.38,23.55,26.42,89.15,26.8,30.19,88.76,30.38,34.21,88.8,34.2,38.48,88.87,38.22,43.01,88.87,42.55,47.78,89.05,47.06,52.81,89.11,51.78,58.09,89.15,56.59,63.62,88.95
-1,714,327,De Araujo 2009,Ocurrencias,-42.41805,-22.43109167,Precise,Brazil,Neotropics,Atelidae,Alouatta,Alouatta guariba,Alouatta_guariba ,Interviews,1,0,0,NA,0,2006,0, ,NA, ,Alouatta guariba ,Alouatta guariba,5.54,D,15.065,AR,Folivore_frugivore,51.7,1.783,6.53,664.8,190,NA,NA,NA,1.61,Polygyny,Harem Polygyny, ,2Tropical_and_suptropical_moist_broadleaf_forest,0.773924789,0.79,97.97,1.52,1.54,98.51,2.51,2.54,98.7,3.73,3.8,98.09,5.13,5.31,96.57,NA,7.07,NA,8.62,9.08,94.95,10.77,11.34,94.99,13.12,13.85,94.76,15.57,16.62,93.7,18.3,19.63,93.22,21.21,22.9,92.63,24.42,26.42,92.44,27.83,30.19,92.19,31.55,34.21,92.22,35.53,38.48,92.33,39.67,43.01,92.25,44.03,47.78,92.15,48.52,52.81,91.87,53.18,58.09,91.55,58.17,63.62,91.43
-1,715,327,De Araujo 2009,Ocurrencias,-42.54830556,-22.44555278,Precise,Brazil,Neotropics,Atelidae,Alouatta,Alouatta guariba,Alouatta_guariba ,Interviews,1,0,0,NA,0,2006,0, ,NA, ,Alouatta guariba ,Alouatta guariba,5.54,D,15.065,AR,Folivore_frugivore,51.7,1.783,6.53,664.8,190,NA,NA,NA,1.61,Polygyny,Harem Polygyny, ,2Tropical_and_suptropical_moist_broadleaf_forest,0.773966098,0.79,97.97,1.52,1.54,98.5,2.51,2.54,98.73,3.75,3.8,98.58,5.23,5.31,98.49,NA,7.07,NA,8.95,9.08,98.52,11.17,11.34,98.54,13.65,13.85,98.57,16.37,16.62,98.52,19.35,19.63,98.55,22.56,22.9,98.51,25.98,26.42,98.34,29.69,30.19,98.33,33.65,34.21,98.36,37.86,38.48,98.39,42.32,43.01,98.39,47.02,47.78,98.42,51.98,52.81,98.42,57.18,58.09,98.43,62.6,63.62,98.4
-1,716,327,De Araujo 2009,Ocurrencias,-42.52610556,-22.519,Precise,Brazil,Neotropics,Atelidae,Alouatta,Alouatta guariba,Alouatta_guariba ,Interviews,1,0,0,NA,0,2006,0, ,NA, ,Alouatta guariba ,Alouatta guariba,5.54,D,15.065,AR,Folivore_frugivore,51.7,1.783,6.53,664.8,190,NA,NA,NA,1.61,Polygyny,Harem Polygyny, ,2Tropical_and_suptropical_moist_broadleaf_forest,0.773986841,0.79,97.97,1.51,1.54,98.03,2.44,2.54,96,3.63,3.8,95.41,5.02,5.31,94.55,NA,7.07,NA,8.42,9.08,92.77,10.49,11.34,92.51,12.79,13.85,92.31,15.33,16.62,92.23,18.04,19.63,91.9,20.89,22.9,91.24,24.05,26.42,91.01,27.09,30.19,89.75,30.1,34.21,88,33.32,38.48,86.6,36.87,43.01,85.73,40.26,47.78,84.26,43.46,52.81,82.29,47.12,58.09,81.12,51.4,63.62,80.8
-1,717,327,De Araujo 2009,Ocurrencias,-42.44729722,-22.57009167,Precise,Brazil,Neotropics,Atelidae,Alouatta,Alouatta guariba,Alouatta_guariba ,Interviews,1,0,0,NA,0,2006,0, ,NA, ,Alouatta guariba ,Alouatta guariba,5.54,D,15.065,AR,Folivore_frugivore,51.7,1.783,6.53,664.8,190,NA,NA,NA,1.61,Polygyny,Harem Polygyny, ,2Tropical_and_suptropical_moist_broadleaf_forest,0.773155495,0.79,97.87,1.51,1.54,98.18,2.5,2.54,98.44,3.71,3.8,97.7,5.08,5.31,95.72,NA,7.07,NA,7.76,9.08,85.46,9.12,11.34,80.43,10.54,13.85,76.07,12.2,16.62,73.43,13.9,19.63,70.81,15.94,22.9,69.6,18.11,26.42,68.54,20.2,30.19,66.9,21.99,34.21,64.29,23.8,38.48,61.85,25.66,43.01,59.66,27.67,47.78,57.92,29.96,52.81,56.74,32.44,58.09,55.84,35.28,63.62,55.45
-1,718,327,De Araujo 2009,Ocurrencias,-42.334575,-22.59785833,Precise,Brazil,Neotropics,Atelidae,Alouatta,Alouatta guariba,Alouatta_guariba ,Interviews,1,0,0,NA,0,2006,0, ,NA, ,Alouatta guariba ,Alouatta guariba,5.54,D,15.065,AR,Folivore_frugivore,51.7,1.783,6.53,664.8,190,NA,NA,NA,1.61,Polygyny,Harem Polygyny, ,2Tropical_and_suptropical_moist_broadleaf_forest,0.755448582,0.79,95.63,1.44,1.54,93.22,2.19,2.54,86.29,3,3.8,79.03,3.91,5.31,73.64,NA,7.07,NA,5.85,9.08,64.43,7.01,11.34,61.8,8.28,13.85,59.77,9.69,16.62,58.29,11.33,19.63,57.7,12.87,22.9,56.2,14.73,26.42,55.74,16.75,30.19,55.47,19.11,34.21,55.87,21.66,38.48,56.28,24.09,43.01,56.02,26.29,47.78,55.02,28.35,52.81,53.67,30.33,58.09,52.21,32.2,63.62,50.61
-1,719,327,De Araujo 2009,Ocurrencias,-42.37286944,-22.60903889,Precise,Brazil,Neotropics,Atelidae,Alouatta,Alouatta guariba,Alouatta_guariba ,Interviews,1,0,0,NA,0,2006,0, ,NA, ,Alouatta guariba ,Alouatta guariba,5.54,D,15.065,AR,Folivore_frugivore,51.7,1.783,6.53,664.8,190,NA,NA,NA,1.61,Polygyny,Harem Polygyny, ,2Tropical_and_suptropical_moist_broadleaf_forest,0.745236106,0.79,94.33,1.44,1.54,93.28,2.15,2.54,84.53,2.76,3.8,72.73,3.48,5.31,65.62,NA,7.07,NA,5.16,9.08,56.84,6.19,11.34,54.6,7.3,13.85,52.72,8.55,16.62,51.45,9.84,19.63,50.11,11.13,22.9,48.62,12.46,26.42,47.16,13.75,30.19,45.53,15.21,34.21,44.45,16.63,38.48,43.22,18.45,43.01,42.9,20.59,47.78,43.1,22.8,52.81,43.18,24.72,58.09,42.56,26.54,63.62,41.72
-1,720,327,De Araujo 2009,Ocurrencias,-42.45663333,-22.713775,Precise,Brazil,Neotropics,Atelidae,Alouatta,Alouatta guariba,Alouatta_guariba ,Interviews,0,0,0,NA,0,2006,0, ,NA, ,Alouatta guariba ,Alouatta guariba,5.54,D,15.065,AR,Folivore_frugivore,51.7,1.783,6.53,664.8,190,NA,NA,NA,1.61,Polygyny,Harem Polygyny, ,2Tropical_and_suptropical_moist_broadleaf_forest,0.749319692,0.79,94.85,1.3,1.54,84.14,1.89,2.54,74.48,2.68,3.8,70.43,3.37,5.31,63.48,NA,7.07,NA,4.75,9.08,52.27,5.78,11.34,50.94,6.67,13.85,48.17,7.62,16.62,45.86,8.98,19.63,45.77,10.58,22.9,46.22,12.28,26.42,46.5,14.25,30.19,47.19,16.32,34.21,47.71,18.33,38.48,47.63,20.26,43.01,47.12,22.02,47.78,46.09,23.56,52.81,44.62,25.16,58.09,43.31,26.84,63.62,42.19
