OID,N,N_study,Source,BASE,X,Y,Precise,Country,Realm,Family,Genus,Taxon,Taxon_ITIS,Sample_met,Ocurrence,N_groups,Abundanc_1,Abundance,Density,Sample_yea,Sampling_e,Sampling_1,ID_Todo,TRAITS,Taxon_IT_1,ITIS_SPECI,BodyMass_k,DielActivi,HomeRange_,Locomotion,TrophicGui,Brain_size,Canine_Dim,MeanGroupS,Interbirth,Gestation,WeaningAge,MaxLongevi,LitterSz,AdultSexRa,Social_Sys,Mating_Sys,FOREST,BIOME,Buffer_500,Area500,FC_500,Buffer_700,Area700,FC_700,Buffer_900,Area900,FC_900,Buffer_110,Area1100,FC1100,Buffer_130,Area1300,FC_1300,Buffer_150,Area1500,FC_1500,Buffer_170,Area1700,FC_1700,Buffer_190,Area1900,FC_1900,Buffer_210,Area2100,FC_2100,Buffer_230,Area2300,FC_2300,Buffer_250,Area2500,FC_2500,Buffer_270,Area2700,FC_2700,Buffer_290,Area2900,FC_2900,Buffer_310,Area3100,FC_3100,Buffer_330,Area3300,FC_3300,Buffer_350,Area3500,FC_3500,Buffer_370,Area3700,F_Buffer_3,Buffer_390,Area_3900,FC_3900,Buffer_410,Area4100,FC_4100,Buffer_430,Area4300,FC_4300,Buffer_450,Area4500,FC_4500
-1,605,185,de Almeida e Silva et al. 2017,Ocurrencias,-45.98722222,-23.19944444,Precise,Brazil,Neotropics,Atelidae,Alouatta,Alouatta guariba,Alouatta_guariba ,Line Transect,1,0,12.6,Encounter rate,0,2014,672,h,NA, ,Alouatta guariba ,Alouatta guariba,5.54,D,15.065,AR,Folivore_frugivore,51.7,1.783,6.53,664.8,190,NA,NA,NA,1.61,Polygyny,Harem Polygyny, ,2Tropical_and_suptropical_moist_broadleaf_forest,0.097387105,0.79,12.33,0.32,1.54,20.79,0.74,2.54,28.99,1.26,3.8,33.08,NA,5.31,NA,NA,7.07,NA,2.97,9.08,32.75,3.74,11.34,32.98,4.64,13.85,33.51,5.36,16.62,32.25,5.98,19.63,30.44,6.72,22.9,29.37,7.72,26.42,29.22,8.75,30.19,28.97,9.95,34.21,29.07,11.1,38.48,28.85,12.31,43.01,28.63,13.86,47.78,29,15.35,52.81,29.07,17.09,58.09,29.42,18.66,63.62,29.33
-1,606,185,de Almeida e Silva et al. 2017,Ocurrencias,-45.95666667,-23.21805556,Precise,Brazil,Neotropics,Atelidae,Alouatta,Alouatta guariba,Alouatta_guariba ,Line Transect,1,0,16,Encounter rate,0,2014,672,h,NA, ,Alouatta guariba ,Alouatta guariba,5.54,D,15.065,AR,Folivore_frugivore,51.7,1.783,6.53,664.8,190,NA,NA,NA,1.61,Polygyny,Harem Polygyny, ,2Tropical_and_suptropical_moist_broadleaf_forest,0.222647793,0.79,28.18,0.39,1.54,25.53,0.52,2.54,20.41,0.6,3.8,15.89,NA,5.31,NA,NA,7.07,NA,1.48,9.08,16.28,2.05,11.34,18.1,2.85,13.85,20.61,3.79,16.62,22.83,4.87,19.63,24.8,5.85,22.9,25.54,6.78,26.42,25.66,7.65,30.19,25.34,8.36,34.21,24.43,9.21,38.48,23.93,10.02,43.01,23.31,10.84,47.78,22.69,11.81,52.81,22.36,12.63,58.09,21.75,13.31,63.62,20.92
-1,607,185,de Almeida e Silva et al. 2017,Ocurrencias,-45.94444444,-23.18083333,Precise,Brazil,Neotropics,Atelidae,Alouatta,Alouatta guariba,Alouatta_guariba ,Line Transect,1,0,17.5,Encounter rate,0,2014,672,h,NA, ,Alouatta guariba ,Alouatta guariba,5.54,D,15.065,AR,Folivore_frugivore,51.7,1.783,6.53,664.8,190,NA,NA,NA,1.61,Polygyny,Harem Polygyny, ,2Tropical_and_suptropical_moist_broadleaf_forest,0.024514784,0.79,3.1,0.12,1.54,7.67,0.2,2.54,7.8,0.25,3.8,6.56,NA,5.31,NA,NA,7.07,NA,0.52,9.08,5.68,0.88,11.34,7.75,1.24,13.85,8.93,1.63,16.62,9.82,2.12,19.63,10.81,2.73,22.9,11.92,3.42,26.42,12.93,4.15,30.19,13.76,4.98,34.21,14.55,6.01,38.48,15.62,7.05,43.01,16.38,8.12,47.78,17,9.17,52.81,17.36,10.58,58.09,18.21,12.15,63.62,19.1
-1,608,185,de Almeida e Silva et al. 2017,Ocurrencias,-45.96694444,-23.20694444,Precise,Brazil,Neotropics,Atelidae,Alouatta,Alouatta guariba,Alouatta_guariba ,Line Transect,1,0,19.5,Encounter rate,0,2014,672,h,NA, ,Alouatta guariba ,Alouatta guariba,5.54,D,15.065,AR,Folivore_frugivore,51.7,1.783,6.53,664.8,190,NA,NA,NA,1.61,Polygyny,Harem Polygyny, ,2Tropical_and_suptropical_moist_broadleaf_forest,0.268260506,0.79,33.96,0.57,1.54,37.31,0.87,2.54,34.06,1.29,3.8,33.94,NA,5.31,NA,NA,7.07,NA,2.68,9.08,29.55,3.4,11.34,30.02,4.16,13.85,30.03,4.94,16.62,29.7,5.76,19.63,29.34,6.64,22.9,29.02,7.57,26.42,28.65,8.28,30.19,27.42,9.04,34.21,26.44,9.5,38.48,24.69,10.21,43.01,23.74,11.09,47.78,23.21,12.09,52.81,22.89,13.23,58.09,22.77,14.41,63.62,22.66
-1,609,185,de Almeida e Silva et al. 2017,Ocurrencias,-45.965,-23.23472222,Precise,Brazil,Neotropics,Atelidae,Alouatta,Alouatta guariba,Alouatta_guariba ,Line Transect,1,0,15.5,Encounter rate,0,2014,672,h,NA, ,Alouatta guariba ,Alouatta guariba,5.54,D,15.065,AR,Folivore_frugivore,51.7,1.783,6.53,664.8,190,NA,NA,NA,1.61,Polygyny,Harem Polygyny, ,2Tropical_and_suptropical_moist_broadleaf_forest,0.221648525,0.79,28.06,0.47,1.54,30.83,0.76,2.54,29.96,1.13,3.8,29.75,NA,5.31,NA,NA,7.07,NA,2.85,9.08,31.41,3.61,11.34,31.8,4.34,13.85,31.36,4.91,16.62,29.56,5.54,19.63,28.22,6.16,22.9,26.91,6.82,26.42,25.8,7.34,30.19,24.3,7.9,34.21,23.09,8.69,38.48,22.59,9.64,43.01,22.42,10.75,47.78,22.5,11.94,52.81,22.61,13.17,58.09,22.68,14.21,63.62,22.33
-1,610,185,de Almeida e Silva et al. 2017,Ocurrencias,-45.98055556,-23.20416667,Precise,Brazil,Neotropics,Atelidae,Alouatta,Alouatta guariba,Alouatta_guariba ,Line Transect,1,0,14,Encounter rate,0,2014,672,h,NA, ,Alouatta guariba ,Alouatta guariba,5.54,D,15.065,AR,Folivore_frugivore,51.7,1.783,6.53,664.8,190,NA,NA,NA,1.61,Polygyny,Harem Polygyny, ,2Tropical_and_suptropical_moist_broadleaf_forest,0.323360871,0.79,40.93,0.65,1.54,42.09,1.03,2.54,40.55,1.48,3.8,38.98,NA,5.31,NA,NA,7.07,NA,3.45,9.08,37.98,4.07,11.34,35.85,4.69,13.85,33.89,5.46,16.62,32.84,6.22,19.63,31.69,7.06,22.9,30.83,8.11,26.42,30.71,9.01,30.19,29.85,9.94,34.21,29.05,10.93,38.48,28.41,11.88,43.01,27.63,13.08,47.78,27.39,14.59,52.81,27.62,16.33,58.09,28.11,17.8,63.62,27.97
-1,611,185,de Almeida e Silva et al. 2017,Ocurrencias,-45.99555556,-23.1725,Precise,Brazil,Neotropics,Atelidae,Alouatta,Alouatta guariba,Alouatta_guariba ,Line Transect,1,0,22.5,Encounter rate,0,2014,672,h,NA, ,Alouatta guariba ,Alouatta guariba,5.54,D,15.065,AR,Folivore_frugivore,51.7,1.783,6.53,664.8,190,NA,NA,NA,1.61,Polygyny,Harem Polygyny, ,2Tropical_and_suptropical_moist_broadleaf_forest,0.37846192,0.79,47.91,0.73,1.54,47.54,1.1,2.54,43.42,1.5,3.8,39.56,NA,5.31,NA,NA,7.07,NA,2.82,9.08,31.03,3.44,11.34,30.35,4.12,13.85,29.77,4.82,16.62,29,5.56,19.63,28.31,6.42,22.9,28.04,7.11,26.42,26.91,7.96,30.19,26.37,8.84,34.21,25.83,9.82,38.48,25.51,11.08,43.01,25.77,12.42,47.78,25.99,13.8,52.81,26.13,15.33,58.09,26.4,16.83,63.62,26.45
-1,612,185,de Almeida e Silva et al. 2017,Ocurrencias,-45.98444444,-23.24555556,Precise,Brazil,Neotropics,Atelidae,Alouatta,Alouatta guariba,Alouatta_guariba ,Line Transect,1,0,12.8,Encounter rate,0,2014,672,h,NA, ,Alouatta guariba ,Alouatta guariba,5.54,D,15.065,AR,Folivore_frugivore,51.7,1.783,6.53,664.8,190,NA,NA,NA,1.61,Polygyny,Harem Polygyny, ,2Tropical_and_suptropical_moist_broadleaf_forest,0.24983556,0.79,31.62,0.54,1.54,35.39,1.03,2.54,40.62,1.42,3.8,37.38,NA,5.31,NA,NA,7.07,NA,3.24,9.08,35.72,4.24,11.34,37.37,5.24,13.85,37.85,6.35,16.62,38.19,7.36,19.63,37.52,8.4,22.9,36.69,9.25,26.42,34.99,10.02,30.19,33.2,10.61,34.21,31.01,11.23,38.48,29.18,11.81,43.01,27.46,12.54,47.78,26.25,13.27,52.81,25.12,14.27,58.09,24.56,15.26,63.62,23.98
-1,613,185,de Almeida e Silva et al. 2017,Ocurrencias,-45.95861111,-23.20833333,Precise,Brazil,Neotropics,Atelidae,Alouatta,Alouatta guariba,Alouatta_guariba ,Line Transect,1,0,11.8,Encounter rate,0,2014,672,h,NA, ,Alouatta guariba ,Alouatta guariba,5.54,D,15.065,AR,Folivore_frugivore,51.7,1.783,6.53,664.8,190,NA,NA,NA,1.61,Polygyny,Harem Polygyny, ,2Tropical_and_suptropical_moist_broadleaf_forest,0.095865933,0.79,12.13,0.18,1.54,11.7,0.26,2.54,10.43,0.52,3.8,13.75,NA,5.31,NA,NA,7.07,NA,2.13,9.08,23.44,2.6,11.34,22.88,3.14,13.85,22.66,3.8,16.62,22.88,4.58,19.63,23.31,5.43,22.9,23.72,6.17,26.42,23.36,6.92,30.19,22.94,7.85,34.21,22.96,8.71,38.48,22.65,9.58,43.01,22.27,10.38,47.78,21.73,11.55,52.81,21.87,12.66,58.09,21.79,13.75,63.62,21.62
-1,614,185,de Almeida e Silva et al. 2017,Ocurrencias,-45.9725,-23.24027778,Precise,Brazil,Neotropics,Atelidae,Alouatta,Alouatta guariba,Alouatta_guariba ,Line Transect,1,0,10.4,Encounter rate,0,2014,672,h,NA, ,Alouatta guariba ,Alouatta guariba,5.54,D,15.065,AR,Folivore_frugivore,51.7,1.783,6.53,664.8,190,NA,NA,NA,1.61,Polygyny,Harem Polygyny, ,2Tropical_and_suptropical_moist_broadleaf_forest,0.313915026,0.79,39.74,0.73,1.54,47.13,1.22,2.54,48.17,1.83,3.8,48.15,NA,5.31,NA,NA,7.07,NA,3.63,9.08,39.93,4.15,11.34,36.64,4.71,13.85,33.98,5.21,16.62,31.32,5.77,19.63,29.41,6.41,22.9,28.01,7.02,26.42,26.57,7.81,30.19,25.85,8.87,34.21,25.92,10.12,38.48,26.29,11.18,43.01,25.99,12.2,47.78,25.53,12.84,52.81,24.31,13.41,58.09,23.08,14.29,63.62,22.46
-1,615,185,de Almeida e Silva et al. 2017,Ocurrencias,-45.96722222,-23.19583333,Precise,Brazil,Neotropics,Atelidae,Alouatta,Alouatta guariba,Alouatta_guariba ,Line Transect,1,0,9.2,Encounter rate,0,2014,672,h,NA, ,Alouatta guariba ,Alouatta guariba,5.54,D,15.065,AR,Folivore_frugivore,51.7,1.783,6.53,664.8,190,NA,NA,NA,1.61,Polygyny,Harem Polygyny, ,2Tropical_and_suptropical_moist_broadleaf_forest,0.237744964,0.79,30.09,0.42,1.54,27.49,0.6,2.54,23.5,0.79,3.8,20.71,NA,5.31,NA,NA,7.07,NA,2.02,9.08,22.28,2.58,11.34,22.79,3.2,13.85,23.11,3.95,16.62,23.76,4.53,19.63,23.07,5,22.9,21.81,5.76,26.42,21.8,6.74,30.19,22.34,7.87,34.21,23.01,8.98,38.48,23.33,10.24,43.01,23.8,11.7,47.78,24.48,13.08,52.81,24.78,14.32,58.09,24.66,15.41,63.62,24.23
-1,616,185,de Almeida e Silva et al. 2017,Ocurrencias,-45.90805556,-23.18777778,Precise,Brazil,Neotropics,Atelidae,Alouatta,Alouatta guariba,Alouatta_guariba ,Line Transect,1,0,3.8,Encounter rate,0,2014,672,h,NA, ,Alouatta guariba ,Alouatta guariba,5.54,D,15.065,AR,Folivore_frugivore,51.7,1.783,6.53,664.8,190,NA,NA,NA,1.61,Polygyny,Harem Polygyny, ,2Tropical_and_suptropical_moist_broadleaf_forest,0.06327121,0.79,8.01,0.24,1.54,15.46,0.36,2.54,14.32,0.5,3.8,13.13,NA,5.31,NA,NA,7.07,NA,1.7,9.08,18.68,2.26,11.34,19.9,2.8,13.85,20.18,3.18,16.62,19.11,3.5,19.63,17.84,3.69,22.9,16.11,4.01,26.42,15.16,4.35,30.19,14.42,4.71,34.21,13.76,5.25,38.48,13.64,5.78,43.01,13.45,6.21,47.78,13.01,6.7,52.81,12.68,7.4,58.09,12.73,8.18,63.62,12.86
-1,617,185,de Almeida e Silva et al. 2017,Ocurrencias,-45.95277778,-23.23833333,Precise,Brazil,Neotropics,Atelidae,Alouatta,Alouatta guariba,Alouatta_guariba ,Line Transect,0,0,0,NA,0,2014,672,h,NA, ,Alouatta guariba ,Alouatta guariba,5.54,D,15.065,AR,Folivore_frugivore,51.7,1.783,6.53,664.8,190,NA,NA,NA,1.61,Polygyny,Harem Polygyny, ,2Tropical_and_suptropical_moist_broadleaf_forest,0,0.79,0,0.01,1.54,0.59,0.06,2.54,2.55,0.13,3.8,3.39,NA,5.31,NA,NA,7.07,NA,0.59,9.08,6.48,0.9,11.34,7.97,1.33,13.85,9.57,1.8,16.62,10.85,2.47,19.63,12.57,3.34,22.9,14.61,4.32,26.42,16.36,5.27,30.19,17.45,6.11,34.21,17.85,6.98,38.48,18.14,8.03,43.01,18.66,8.97,47.78,18.77,9.8,52.81,18.55,10.55,58.09,18.16,11.44,63.62,17.98
-1,618,185,de Almeida e Silva et al. 2017,Ocurrencias,-45.98777778,-23.15361111,Precise,Brazil,Neotropics,Atelidae,Alouatta,Alouatta guariba,Alouatta_guariba ,Line Transect,0,0,0,NA,0,2014,672,h,NA, ,Alouatta guariba ,Alouatta guariba,5.54,D,15.065,AR,Folivore_frugivore,51.7,1.783,6.53,664.8,190,NA,NA,NA,1.61,Polygyny,Harem Polygyny, ,2Tropical_and_suptropical_moist_broadleaf_forest,0.140340694,0.79,17.76,0.37,1.54,23.98,0.7,2.54,27.55,1.07,3.8,28.08,NA,5.31,NA,NA,7.07,NA,2.95,9.08,32.44,3.61,11.34,31.83,4.42,13.85,31.9,5.36,16.62,32.27,6.46,19.63,32.92,7.41,22.9,32.35,8.58,26.42,32.46,9.61,30.19,31.83,10.86,34.21,31.73,12.25,38.48,31.84,13.65,43.01,31.73,15.1,47.78,31.61,16.51,52.81,31.26,18,58.09,30.98,19.58,63.62,30.77
-1,619,185,de Almeida e Silva et al. 2017,Ocurrencias,-45.95222222,-23.16055556,Precise,Brazil,Neotropics,Atelidae,Alouatta,Alouatta guariba,Alouatta_guariba ,Line Transect,0,0,0,NA,0,2014,672,h,NA, ,Alouatta guariba ,Alouatta guariba,5.54,D,15.065,AR,Folivore_frugivore,51.7,1.783,6.53,664.8,190,NA,NA,NA,1.61,Polygyny,Harem Polygyny, ,2Tropical_and_suptropical_moist_broadleaf_forest,0.261785584,0.79,33.14,0.43,1.54,28.17,0.63,2.54,24.75,0.98,3.8,25.88,NA,5.31,NA,NA,7.07,NA,2.39,9.08,26.31,3.09,11.34,27.28,3.77,13.85,27.23,4.37,16.62,26.31,4.93,19.63,25.1,5.51,22.9,24.05,6.3,26.42,23.86,7.22,30.19,23.91,8.09,34.21,23.64,9.05,38.48,23.53,9.99,43.01,23.22,11.1,47.78,23.23,12.65,52.81,23.95,14.29,58.09,24.6,15.76,63.62,24.77
-1,620,185,de Almeida e Silva et al. 2017,Ocurrencias,-45.95194444,-23.14583333,Precise,Brazil,Neotropics,Atelidae,Alouatta,Alouatta guariba,Alouatta_guariba ,Line Transect,0,0,0,NA,0,2014,672,h,NA, ,Alouatta guariba ,Alouatta guariba,5.54,D,15.065,AR,Folivore_frugivore,51.7,1.783,6.53,664.8,190,NA,NA,NA,1.61,Polygyny,Harem Polygyny, ,2Tropical_and_suptropical_moist_broadleaf_forest,0.560945452,0.79,71.01,1.01,1.54,65.86,1.5,2.54,59.23,1.93,3.8,50.87,NA,5.31,NA,NA,7.07,NA,3.5,9.08,38.5,4.03,11.34,35.56,4.63,13.85,33.46,5.39,16.62,32.41,6.38,19.63,32.48,7.5,22.9,32.75,8.59,26.42,32.5,9.68,30.19,32.05,10.82,34.21,31.62,11.81,38.48,30.69,12.95,43.01,30.1,14,47.78,29.31,15.07,52.81,28.54,16.09,58.09,27.71,17.25,63.62,27.12
-1,621,185,de Almeida e Silva et al. 2017,Ocurrencias,-45.95027778,-23.18944444,Precise,Brazil,Neotropics,Atelidae,Alouatta,Alouatta guariba,Alouatta_guariba ,Line Transect,0,0,0,NA,0,2014,672,h,NA, ,Alouatta guariba ,Alouatta guariba,5.54,D,15.065,AR,Folivore_frugivore,51.7,1.783,6.53,664.8,190,NA,NA,NA,1.61,Polygyny,Harem Polygyny, ,2Tropical_and_suptropical_moist_broadleaf_forest,0.043417418,0.79,5.5,0.09,1.54,6.17,0.17,2.54,6.74,0.24,3.8,6.38,NA,5.31,NA,NA,7.07,NA,0.65,9.08,7.11,0.84,11.34,7.4,1.25,13.85,9.02,1.66,16.62,9.98,2.16,19.63,11.01,2.86,22.9,12.5,3.72,26.42,14.08,4.62,30.19,15.29,5.4,34.21,15.78,6.29,38.48,16.34,7.43,43.01,17.27,8.68,47.78,18.17,10,52.81,18.93,11.32,58.09,19.49,12.73,63.62,20.01
-1,622,185,de Almeida e Silva et al. 2017,Ocurrencias,-45.94361111,-23.15472222,Precise,Brazil,Neotropics,Atelidae,Alouatta,Alouatta guariba,Alouatta_guariba ,Line Transect,0,0,0,NA,0,2014,672,h,NA, ,Alouatta guariba ,Alouatta guariba,5.54,D,15.065,AR,Folivore_frugivore,51.7,1.783,6.53,664.8,190,NA,NA,NA,1.61,Polygyny,Harem Polygyny, ,2Tropical_and_suptropical_moist_broadleaf_forest,0.141259559,0.79,17.88,0.31,1.54,19.85,0.52,2.54,20.29,0.85,3.8,22.4,NA,5.31,NA,NA,7.07,NA,2.22,9.08,24.4,2.78,11.34,24.51,3.59,13.85,25.94,4.34,16.62,26.12,5.13,19.63,26.13,5.89,22.9,25.72,6.54,26.42,24.77,7.33,30.19,24.28,8.01,34.21,23.41,8.96,38.48,23.3,10,43.01,23.25,11.22,47.78,23.48,12.6,52.81,23.86,13.78,58.09,23.72,14.95,63.62,23.49
-1,623,185,de Almeida e Silva et al. 2017,Ocurrencias,-45.93583333,-23.24194444,Precise,Brazil,Neotropics,Atelidae,Alouatta,Alouatta guariba,Alouatta_guariba ,Line Transect,0,0,0,NA,0,2014,672,h,NA, ,Alouatta guariba ,Alouatta guariba,5.54,D,15.065,AR,Folivore_frugivore,51.7,1.783,6.53,664.8,190,NA,NA,NA,1.61,Polygyny,Harem Polygyny, ,2Tropical_and_suptropical_moist_broadleaf_forest,0.00914162,0.79,1.16,0.08,1.54,5.05,0.2,2.54,7.89,0.34,3.8,8.86,NA,5.31,NA,NA,7.07,NA,0.73,9.08,8.03,0.88,11.34,7.79,1.09,13.85,7.88,1.26,16.62,7.58,1.36,19.63,6.92,1.53,22.9,6.69,1.7,26.42,6.45,1.96,30.19,6.48,2.41,34.21,7.04,2.89,38.48,7.52,3.49,43.01,8.1,4.13,47.78,8.65,4.72,52.81,8.94,5.51,58.09,9.48,6.39,63.62,10.05
-1,624,185,de Almeida e Silva et al. 2017,Ocurrencias,-45.94,-23.23583333,Precise,Brazil,Neotropics,Atelidae,Alouatta,Alouatta guariba,Alouatta_guariba ,Line Transect,0,0,0,NA,0,2014,672,h,NA, ,Alouatta guariba ,Alouatta guariba,5.54,D,15.065,AR,Folivore_frugivore,51.7,1.783,6.53,664.8,190,NA,NA,NA,1.61,Polygyny,Harem Polygyny, ,2Tropical_and_suptropical_moist_broadleaf_forest,0.01564036,0.79,1.98,0.02,1.54,1.02,0.04,2.54,1.43,0.11,3.8,2.92,NA,5.31,NA,NA,7.07,NA,0.76,9.08,8.32,0.93,11.34,8.23,1.04,13.85,7.53,1.31,16.62,7.9,1.71,19.63,8.72,2.17,22.9,9.47,2.65,26.42,10.05,3.14,30.19,10.41,3.7,34.21,10.8,4.33,38.48,11.26,4.9,43.01,11.4,5.72,47.78,11.97,6.66,52.81,12.6,7.72,58.09,13.29,8.83,63.62,13.89
-1,625,185,de Almeida e Silva et al. 2017,Ocurrencias,-45.92972222,-23.18666667,Precise,Brazil,Neotropics,Atelidae,Alouatta,Alouatta guariba,Alouatta_guariba ,Line Transect,0,0,0,NA,0,2014,672,h,NA, ,Alouatta guariba ,Alouatta guariba,5.54,D,15.065,AR,Folivore_frugivore,51.7,1.783,6.53,664.8,190,NA,NA,NA,1.61,Polygyny,Harem Polygyny, ,2Tropical_and_suptropical_moist_broadleaf_forest,0.038787064,0.79,4.91,0.14,1.54,8.92,0.24,2.54,9.56,0.29,3.8,7.64,NA,5.31,NA,NA,7.07,NA,0.76,9.08,8.39,1.09,11.34,9.59,1.46,13.85,10.51,1.87,16.62,11.27,2.39,19.63,12.19,2.86,22.9,12.51,3.32,26.42,12.55,3.92,30.19,12.97,4.48,34.21,13.09,5.31,38.48,13.8,6.23,43.01,14.48,7.13,47.78,14.92,8.08,52.81,15.29,8.84,58.09,15.21,9.42,63.62,14.8
