"OID","N","N_study","Source","BASE","X","Y","Precise","Country","Realm","Family","Genus","Taxon","Taxon_ITIS","Sample_met","Ocurrence","N_groups","Abundanc_1","Abundance","Density","Sample_yea","Sampling_e","Sampling_1","ID_Todo","TRAITS","Taxon_IT_1","ITIS_SPECI","BodyMass_k","DielActivi","HomeRange_","Locomotion","TrophicGui","Brain_size","Canine_Dim","MeanGroupS","Interbirth","Gestation","WeaningAge","MaxLongevi","LitterSz","AdultSexRa","Social_Sys","Mating_Sys","FOREST","BIOME","Buffer_500","Area500","FC_500","Buffer_700","Area700","FC_700","Buffer_900","Area900","FC_900","Buffer_110","Area1100","FC1100","Buffer_130","Area1300","FC_1300","Buffer_150","Area1500","FC_1500","Buffer_170","Area1700","FC_1700","Buffer_190","Area1900","FC_1900","Buffer_210","Area2100","FC_2100","Buffer_230","Area2300","FC_2300","Buffer_250","Area2500","FC_2500","Buffer_270","Area2700","FC_2700","Buffer_290","Area2900","FC_2900","Buffer_310","Area3100","FC_3100","Buffer_330","Area3300","FC_3300","Buffer_350","Area3500","FC_3500","Buffer_370","Area3700","F_Buffer_3","Buffer_390","Area_3900","FC_3900","Buffer_410","Area4100","FC_4100","Buffer_430","Area4300","FC_4300","Buffer_450","Area4500","FC_4500"
-1,3266,372,"Heymann et al. 2002","Richness",-74.46778611,-2.285575,"Precise","Peru","Neotropics","Atelidae","Alouatta","Alouatta seniculus","Alouatta_seniculus ","Transects",0,NA,NA,NA,0,1999,0,NA,NA,NA,"Alouatta seniculus ","Alouatta seniculus",6.01,"D",70.20666667,"AR","Folivore_frugivore",55.22,1.464,7.1,507.35,190,370.04,300,1.42,1.29,"Polygyndry","Harem Polygyny",NA,"2Tropical_and_suptropical_moist_broadleaf_forest",0.772458496,0.79,97.78,1.51,1.54,98.31,2.5,2.54,98.54,3.74,3.8,98.39,5.22,5.31,98.31,NA,7.07,NA,8.76,9.08,96.52,10.78,11.34,95.04,13.08,13.85,94.42,15.63,16.62,94.06,18.35,19.63,93.49,21.2,22.9,92.6,24.41,26.42,92.39,27.88,30.19,92.35,31.44,34.21,91.9,35.24,38.48,91.59,39.32,43.01,91.42,43.58,47.78,91.21,48.1,52.81,91.07,52.93,58.09,91.12,57.99,63.62,91.14
-1,3267,372,"Heymann et al. 2002","Richness",-74.86705278,-2.123458333,"Precise","Peru","Neotropics","Atelidae","Alouatta","Alouatta seniculus","Alouatta_seniculus ","Transects",0,NA,NA,NA,0,1999,0,NA,NA,NA,"Alouatta seniculus ","Alouatta seniculus",6.01,"D",70.20666667,"AR","Folivore_frugivore",55.22,1.464,7.1,507.35,190,370.04,300,1.42,1.29,"Polygyndry","Harem Polygyny",NA,"2Tropical_and_suptropical_moist_broadleaf_forest",0.768252174,0.79,97.25,1.47,1.54,95.65,2.39,2.54,94.04,3.56,3.8,93.64,4.99,5.31,94.05,NA,7.07,NA,8.53,9.08,93.96,10.72,11.34,94.53,13.14,13.85,94.9,15.83,16.62,95.22,18.75,19.63,95.5,21.89,22.9,95.61,25.3,26.42,95.76,28.98,30.19,95.99,32.89,34.21,96.14,37.07,38.48,96.34,41.47,43.01,96.42,46.12,47.78,96.53,51.03,52.81,96.62,56.19,58.09,96.73,61.51,63.62,96.69
-1,3268,372,"Heymann et al. 2002","Richness",-75.01069722,-2.164897222,"Precise","Peru","Neotropics","Atelidae","Alouatta","Alouatta seniculus","Alouatta_seniculus ","Transects",0,NA,NA,NA,0,1999,0,NA,NA,NA,"Alouatta seniculus ","Alouatta seniculus",6.01,"D",70.20666667,"AR","Folivore_frugivore",55.22,1.464,7.1,507.35,190,370.04,300,1.42,1.29,"Polygyndry","Harem Polygyny",NA,"2Tropical_and_suptropical_moist_broadleaf_forest",0.763873744,0.79,96.69,1.49,1.54,96.74,2.46,2.54,96.99,3.67,3.8,96.67,5.14,5.31,96.78,NA,7.07,NA,8.8,9.08,96.93,11.02,11.34,97.18,13.47,13.85,97.22,16.15,16.62,97.15,19.08,19.63,97.21,22.27,22.9,97.25,25.72,26.42,97.36,29.42,30.19,97.44,33.35,34.21,97.49,37.53,38.48,97.52,41.95,43.01,97.53,46.62,47.78,97.58,51.53,52.81,97.57,56.69,58.09,97.58,62.11,63.62,97.62
-1,3269,372,"Heymann et al. 2002","Richness",-74.43198333,-2.265786111,"Precise","Peru","Neotropics","Atelidae","Alouatta","Alouatta seniculus","Alouatta_seniculus ","Transects",0,NA,NA,NA,0,1999,0,NA,NA,NA,"Alouatta seniculus ","Alouatta seniculus",6.01,"D",70.20666667,"AR","Folivore_frugivore",55.22,1.464,7.1,507.35,190,370.04,300,1.42,1.29,"Polygyndry","Harem Polygyny",NA,"2Tropical_and_suptropical_moist_broadleaf_forest",0.712449875,0.79,90.18,1.32,1.54,85.71,2.16,2.54,84.95,3.18,3.8,83.71,4.34,5.31,81.82,NA,7.07,NA,7.35,9.08,80.99,9.19,11.34,81.08,11.43,13.85,82.52,13.84,16.62,83.25,16.24,19.63,82.74,19.11,22.9,83.43,22.13,26.42,83.77,25.29,30.19,83.76,28.84,34.21,84.31,32.78,38.48,85.18,36.74,43.01,85.42,40.8,47.78,85.39,45.47,52.81,86.1,50.53,58.09,86.99,55.72,63.62,87.59
-1,3270,372,"Heymann et al. 2002","Richness",-74.46195556,-2.249375,"Precise","Peru","Neotropics","Atelidae","Alouatta","Alouatta seniculus","Alouatta_seniculus ","Transects",0,NA,NA,NA,0,1999,0,NA,NA,NA,"Alouatta seniculus ","Alouatta seniculus",6.01,"D",70.20666667,"AR","Folivore_frugivore",55.22,1.464,7.1,507.35,190,370.04,300,1.42,1.29,"Polygyndry","Harem Polygyny",NA,"2Tropical_and_suptropical_moist_broadleaf_forest",0.765148721,0.79,96.85,1.41,1.54,91.26,2.19,2.54,86.38,3.17,3.8,83.4,4.36,5.31,82.07,NA,7.07,NA,7.53,9.08,82.93,9.51,11.34,83.85,11.72,13.85,84.6,14.09,16.62,84.78,16.7,19.63,85.1,19.49,22.9,85.11,22.54,26.42,85.31,25.84,30.19,85.58,29.43,34.21,86.02,33.13,38.48,86.09,37.13,43.01,86.33,41.2,47.78,86.24,45.9,52.81,86.91,50.98,58.09,87.75,56.26,63.62,88.44
-1,3271,372,"Heymann et al. 2002","Richness",-74.65540278,-2.122227778,"Precise","Peru","Neotropics","Atelidae","Alouatta","Alouatta seniculus","Alouatta_seniculus ","Transects",1,NA,NA,NA,0,1999,0,NA,NA,NA,"Alouatta seniculus ","Alouatta seniculus",6.01,"D",70.20666667,"AR","Folivore_frugivore",55.22,1.464,7.1,507.35,190,370.04,300,1.42,1.29,"Polygyndry","Harem Polygyny",NA,"2Tropical_and_suptropical_moist_broadleaf_forest",0.772481431,0.79,97.78,1.51,1.54,98.21,2.36,2.54,92.73,3.3,3.8,86.76,4.58,5.31,86.29,NA,7.07,NA,7.92,9.08,87.27,9.96,11.34,87.83,12.16,13.85,87.8,14.5,16.62,87.23,17.08,19.63,86.99,19.87,22.9,86.77,22.94,26.42,86.82,26.18,30.19,86.72,29.67,34.21,86.73,33.53,38.48,87.13,37.64,43.01,87.52,41.99,47.78,87.88,46.5,52.81,88.04,51.06,58.09,87.91,55.88,63.62,87.84
-1,3272,372,"Heymann et al. 2002","Richness",-74.67330556,-2.168175,"Precise","Peru","Neotropics","Atelidae","Alouatta","Alouatta seniculus","Alouatta_seniculus ","Transects",1,NA,NA,NA,0,1999,0,NA,NA,NA,"Alouatta seniculus ","Alouatta seniculus",6.01,"D",70.20666667,"AR","Folivore_frugivore",55.22,1.464,7.1,507.35,190,370.04,300,1.42,1.29,"Polygyndry","Harem Polygyny",NA,"2Tropical_and_suptropical_moist_broadleaf_forest",0.772472861,0.79,97.78,1.51,1.54,98.31,2.5,2.54,98.54,3.74,3.8,98.39,5.22,5.31,98.35,NA,7.07,NA,8.84,9.08,97.38,10.96,11.34,96.61,13.35,13.85,96.36,15.96,16.62,96.03,18.75,19.63,95.51,21.68,22.9,94.67,24.94,26.42,94.39,28.42,30.19,94.12,31.96,34.21,93.42,35.73,38.48,92.84,39.9,43.01,92.78,44.45,47.78,93.03,49.15,52.81,93.06,53.89,58.09,92.77,58.82,63.62,92.45
-1,3273,372,"Heymann et al. 2002","Richness",-74.87591111,-2.013447222,"Precise","Peru","Neotropics","Atelidae","Alouatta","Alouatta seniculus","Alouatta_seniculus ","Transects",1,NA,NA,NA,0,1999,0,NA,NA,NA,"Alouatta seniculus ","Alouatta seniculus",6.01,"D",70.20666667,"AR","Folivore_frugivore",55.22,1.464,7.1,507.35,190,370.04,300,1.42,1.29,"Polygyndry","Harem Polygyny",NA,"2Tropical_and_suptropical_moist_broadleaf_forest",0.673063736,0.79,85.2,1.34,1.54,86.93,2.24,2.54,88.05,3.27,3.8,86,4.47,5.31,84.22,NA,7.07,NA,7.67,9.08,84.47,9.64,11.34,85.01,11.82,13.85,85.32,14.29,16.62,85.96,16.83,19.63,85.72,19.78,22.9,86.39,23,26.42,87.06,26.41,30.19,87.47,29.95,34.21,87.54,33.8,38.48,87.84,38.04,43.01,88.45,42.56,47.78,89.07,47.32,52.81,89.6,52.07,58.09,89.64,57.21,63.62,89.92
-1,3274,372,"Heymann et al. 2002","Richness",-74.90436667,-2.051469444,"Precise","Peru","Neotropics","Atelidae","Alouatta","Alouatta seniculus","Alouatta_seniculus ","Transects",0,NA,NA,NA,0,1999,0,NA,NA,NA,"Alouatta seniculus ","Alouatta seniculus",6.01,"D",70.20666667,"AR","Folivore_frugivore",55.22,1.464,7.1,507.35,190,370.04,300,1.42,1.29,"Polygyndry","Harem Polygyny",NA,"2Tropical_and_suptropical_moist_broadleaf_forest",0.772413665,0.79,97.77,1.51,1.54,98.32,2.5,2.54,98.54,3.74,3.8,98.39,5.22,5.31,98.35,NA,7.07,NA,8.93,9.08,98.35,11.16,11.34,98.37,13.61,13.85,98.3,16.22,16.62,97.59,19.13,19.63,97.48,22.3,22.9,97.4,25.6,26.42,96.91,29.11,30.19,96.41,32.94,34.21,96.29,36.91,38.48,95.92,41.01,43.01,95.35,45.45,47.78,95.11,50.1,52.81,94.86,54.95,58.09,94.59,60.19,63.62,94.62
