OID,N,N_study,Source,BASE,X,Y,Precise,Country,Realm,Family,Genus,Taxon,Taxon_ITIS,Sample_met,Ocurrence,N_groups,Abundanc_1,Abundance,Density,Sample_yea,Sampling_e,Sampling_1,ID_Todo,TRAITS,Taxon_IT_1,ITIS_SPECI,BodyMass_k,DielActivi,HomeRange_,Locomotion,TrophicGui,Brain_size,Canine_Dim,MeanGroupS,Interbirth,Gestation,WeaningAge,MaxLongevi,LitterSz,AdultSexRa,Social_Sys,Mating_Sys,FOREST,BIOME,Buffer_500,Area500,FC_500,Buffer_700,Area700,FC_700,Buffer_900,Area900,FC_900,Buffer_110,Area1100,FC1100,Buffer_130,Area1300,FC_1300,Buffer_150,Area1500,FC_1500,Buffer_170,Area1700,FC_1700,Buffer_190,Area1900,FC_1900,Buffer_210,Area2100,FC_2100,Buffer_230,Area2300,FC_2300,Buffer_250,Area2500,FC_2500,Buffer_270,Area2700,FC_2700,Buffer_290,Area2900,FC_2900,Buffer_310,Area3100,FC_3100,Buffer_330,Area3300,FC_3300,Buffer_350,Area3500,FC_3500,Buffer_370,Area3700,F_Buffer_3,Buffer_390,Area_3900,FC_3900,Buffer_410,Area4100,FC_4100,Buffer_430,Area4300,FC_4300,Buffer_450,Area4500,FC_4500
-1,555,85,Lima 2008 (thesis),Richness,-46.87722222,-22.92666667,Precise,Brazil,Neotropics,Atelidae,Alouatta,Alouatta guariba,Alouatta_guariba ,Total count,0, , , ,0,2007,0, ,NA, ,Alouatta guariba ,Alouatta guariba,5.54,D,15.065,AR,Folivore_frugivore,51.7,1.783,6.53,664.8,190,NA,NA,NA,1.61,Polygyny,Harem Polygyny, ,2Tropical_and_suptropical_moist_broadleaf_forest,0.371417621,0.79,47.01,0.69,1.54,44.74,1.16,2.54,45.77,1.71,3.8,44.94,2.2,5.31,41.42,NA,7.07,NA,3.4,9.08,37.39,4.16,11.34,36.67,4.89,13.85,35.28,5.65,16.62,34.01,6.47,19.63,32.95,7.44,22.9,32.5,8.69,26.42,32.89,10.08,30.19,33.4,11.48,34.21,33.55,12.76,38.48,33.15,13.98,43.01,32.51,15.58,47.78,32.6,17.01,52.81,32.21,18.69,58.09,32.18,20.37,63.62,32.01
-1,556,85,Lima 2008 (thesis),Richness,-46.88583333,-22.8525,Precise,Brazil,Neotropics,Atelidae,Alouatta,Alouatta guariba,Alouatta_guariba ,Total count,0, , , ,0,2007,0, ,NA, ,Alouatta guariba ,Alouatta guariba,5.54,D,15.065,AR,Folivore_frugivore,51.7,1.783,6.53,664.8,190,NA,NA,NA,1.61,Polygyny,Harem Polygyny, ,2Tropical_and_suptropical_moist_broadleaf_forest,0.186157966,0.79,23.56,0.39,1.54,25.19,0.72,2.54,28.2,1.01,3.8,26.67,1.39,5.31,26.09,NA,7.07,NA,2.29,9.08,25.19,2.93,11.34,25.81,3.64,13.85,26.29,4.56,16.62,27.46,5.52,19.63,28.13,6.42,22.9,28.02,7.39,26.42,27.99,8.7,30.19,28.81,9.87,34.21,28.84,11.15,38.48,28.97,12.31,43.01,28.61,13.72,47.78,28.71,15.61,52.81,29.57,17.62,58.09,30.33,19.54,63.62,30.71
-1,557,85,Lima 2008 (thesis),Richness,-46.89138889,-22.86027778,Precise,Brazil,Neotropics,Atelidae,Alouatta,Alouatta guariba,Alouatta_guariba ,Total count,0, , , ,0,2007,0, ,NA, ,Alouatta guariba ,Alouatta guariba,5.54,D,15.065,AR,Folivore_frugivore,51.7,1.783,6.53,664.8,190,NA,NA,NA,1.61,Polygyny,Harem Polygyny, ,2Tropical_and_suptropical_moist_broadleaf_forest,0.134108658,0.79,16.98,0.3,1.54,19.77,0.46,2.54,18.16,0.74,3.8,19.47,1.04,5.31,19.68,NA,7.07,NA,1.94,9.08,21.37,2.56,11.34,22.61,3.44,13.85,24.83,4.67,16.62,28.07,5.59,19.63,28.48,6.5,22.9,28.39,7.52,26.42,28.47,8.48,30.19,28.08,9.51,34.21,27.79,10.52,38.48,27.35,11.6,43.01,26.97,13.07,47.78,27.36,14.7,52.81,27.84,16.47,58.09,28.35,18.7,63.62,29.4
-1,558,85,Lima 2008 (thesis),Richness,-46.90277778,-22.85194444,Precise,Brazil,Neotropics,Atelidae,Alouatta,Alouatta guariba,Alouatta_guariba ,Total count,0, , , ,0,2007,0, ,NA, ,Alouatta guariba ,Alouatta guariba,5.54,D,15.065,AR,Folivore_frugivore,51.7,1.783,6.53,664.8,190,NA,NA,NA,1.61,Polygyny,Harem Polygyny, ,2Tropical_and_suptropical_moist_broadleaf_forest,0.20287845,0.79,25.68,0.39,1.54,25.63,0.71,2.54,27.8,0.89,3.8,23.38,1.2,5.31,22.59,NA,7.07,NA,2.32,9.08,25.54,2.79,11.34,24.58,3.35,13.85,24.17,4.07,16.62,24.49,4.91,19.63,25.02,6,22.9,26.22,7.3,26.42,27.65,8.86,30.19,29.36,10.21,34.21,29.85,11.98,38.48,31.14,14.01,43.01,32.57,15.94,47.78,33.36,17.89,52.81,33.88,19.76,58.09,34.02,21.57,63.62,33.91
-1,559,85,Lima 2008 (thesis),Richness,-46.91416667,-22.90777778,Precise,Brazil,Neotropics,Atelidae,Alouatta,Alouatta guariba,Alouatta_guariba ,Total count,0, , , ,0,2007,0, ,NA, ,Alouatta guariba ,Alouatta guariba,5.54,D,15.065,AR,Folivore_frugivore,51.7,1.783,6.53,664.8,190,NA,NA,NA,1.61,Polygyny,Harem Polygyny, ,2Tropical_and_suptropical_moist_broadleaf_forest,0.390319114,0.79,49.41,0.64,1.54,41.31,1.02,2.54,40.2,1.43,3.8,37.73,1.83,5.31,34.53,NA,7.07,NA,3.23,9.08,35.52,4.03,11.34,35.52,4.83,13.85,34.9,5.88,16.62,35.41,6.8,19.63,34.64,7.74,22.9,33.8,8.99,26.42,34.03,10.26,30.19,33.98,11.52,34.21,33.68,13.2,38.48,34.3,14.86,43.01,34.55,16.87,47.78,35.3,18.74,52.81,35.49,20.32,58.09,34.98,21.98,63.62,34.56
-1,560,85,Lima 2008 (thesis),Richness,-46.92666667,-22.82944444,Precise,Brazil,Neotropics,Atelidae,Alouatta,Alouatta guariba,Alouatta_guariba ,Total count,1, , , ,0,2007,0, ,NA, ,Alouatta guariba ,Alouatta guariba,5.54,D,15.065,AR,Folivore_frugivore,51.7,1.783,6.53,664.8,190,NA,NA,NA,1.61,Polygyny,Harem Polygyny, ,2Tropical_and_suptropical_moist_broadleaf_forest,0.774021789,0.79,97.98,1.44,1.54,93.67,2.04,2.54,80.33,2.52,3.8,66.31,2.96,5.31,55.73,NA,7.07,NA,4.37,9.08,48.13,5.26,11.34,46.43,6.21,13.85,44.84,7.23,16.62,43.48,8.35,19.63,42.51,9.61,22.9,41.98,11.04,26.42,41.81,12.42,30.19,41.13,13.94,34.21,40.76,15.65,38.48,40.67,17.3,43.01,40.23,18.98,47.78,39.72,20.92,52.81,39.62,23.2,58.09,39.93,25.37,63.62,39.88
-1,561,85,Lima 2008 (thesis),Richness,-46.93833333,-22.88694444,Precise,Brazil,Neotropics,Atelidae,Alouatta,Alouatta guariba,Alouatta_guariba ,Total count,0, , , ,0,2007,0, ,NA, ,Alouatta guariba ,Alouatta guariba,5.54,D,15.065,AR,Folivore_frugivore,51.7,1.783,6.53,664.8,190,NA,NA,NA,1.61,Polygyny,Harem Polygyny, ,2Tropical_and_suptropical_moist_broadleaf_forest,0.261719319,0.79,33.13,0.54,1.54,35.02,0.84,2.54,33.12,1.31,3.8,34.38,1.88,5.31,35.34,NA,7.07,NA,3.71,9.08,40.82,4.66,11.34,41.05,5.53,13.85,39.9,6.37,16.62,38.31,7.28,19.63,37.11,8.47,22.9,37,9.68,26.42,36.63,11.07,30.19,36.68,12.59,34.21,36.79,14.35,38.48,37.29,16.08,43.01,37.38,17.86,47.78,37.38,19.72,52.81,37.33,21.48,58.09,36.97,23.25,63.62,36.55
-1,562,85,Lima 2008 (thesis),Richness,-46.94027778,-22.88694444,Precise,Brazil,Neotropics,Atelidae,Alouatta,Alouatta guariba,Alouatta_guariba ,Total count,0, , , ,0,2007,0, ,NA, ,Alouatta guariba ,Alouatta guariba,5.54,D,15.065,AR,Folivore_frugivore,51.7,1.783,6.53,664.8,190,NA,NA,NA,1.61,Polygyny,Harem Polygyny, ,2Tropical_and_suptropical_moist_broadleaf_forest,0.250807633,0.79,31.75,0.57,1.54,37.12,0.94,2.54,36.87,1.34,3.8,35.39,1.89,5.31,35.52,NA,7.07,NA,3.8,9.08,41.84,4.7,11.34,41.41,5.52,13.85,39.89,6.4,16.62,38.54,7.44,19.63,37.89,8.37,22.9,36.54,9.65,26.42,36.53,11.17,30.19,37,12.79,34.21,37.37,14.45,38.48,37.55,16.24,43.01,37.76,17.77,47.78,37.19,19.62,52.81,37.15,21.49,58.09,36.99,23.25,63.62,36.54
-1,563,85,Lima 2008 (thesis),Richness,-46.9825,-22.79111111,Precise,Brazil,Neotropics,Atelidae,Alouatta,Alouatta guariba,Alouatta_guariba ,Total count,1, , , ,0,2007,0, ,NA, ,Alouatta guariba ,Alouatta guariba,5.54,D,15.065,AR,Folivore_frugivore,51.7,1.783,6.53,664.8,190,NA,NA,NA,1.61,Polygyny,Harem Polygyny, ,2Tropical_and_suptropical_moist_broadleaf_forest,0.13207484,0.79,16.72,0.25,1.54,16.37,0.52,2.54,20.42,0.82,3.8,21.69,1.21,5.31,22.8,NA,7.07,NA,2.29,9.08,25.25,3,11.34,26.43,3.53,13.85,25.45,4.2,16.62,25.29,5.01,19.63,25.54,5.76,22.9,25.13,6.48,26.42,24.54,7.1,30.19,23.52,7.72,34.21,22.58,8.41,38.48,21.85,9.27,43.01,21.55,10.25,47.78,21.46,11.48,52.81,21.74,13.01,58.09,22.39,14.45,63.62,22.71
-1,564,85,Lima 2008 (thesis),Richness,-46.98416667,-22.80555556,Precise,Brazil,Neotropics,Atelidae,Alouatta,Alouatta guariba,Alouatta_guariba ,Total count,0, , , ,0,2007,0, ,NA, ,Alouatta guariba ,Alouatta guariba,5.54,D,15.065,AR,Folivore_frugivore,51.7,1.783,6.53,664.8,190,NA,NA,NA,1.61,Polygyny,Harem Polygyny, ,2Tropical_and_suptropical_moist_broadleaf_forest,0.218667441,0.79,27.68,0.4,1.54,25.76,0.62,2.54,24.25,0.87,3.8,23.02,1.22,5.31,22.99,NA,7.07,NA,1.79,9.08,19.75,2.1,11.34,18.49,2.78,13.85,20.06,3.69,16.62,22.22,4.45,19.63,22.69,5.17,22.9,22.59,6.11,26.42,23.12,7.08,30.19,23.44,8.03,34.21,23.47,9.12,38.48,23.69,10.23,43.01,23.78,11.13,47.78,23.3,12.28,52.81,23.25,13.56,58.09,23.35,14.67,63.62,23.06
-1,565,85,Lima 2008 (thesis),Richness,-46.9925,-22.80944444,Precise,Brazil,Neotropics,Atelidae,Alouatta,Alouatta guariba,Alouatta_guariba ,Total count,1, , , ,0,2007,0, ,NA, ,Alouatta guariba ,Alouatta guariba,5.54,D,15.065,AR,Folivore_frugivore,51.7,1.783,6.53,664.8,190,NA,NA,NA,1.61,Polygyny,Harem Polygyny, ,2Tropical_and_suptropical_moist_broadleaf_forest,0.209276399,0.79,26.49,0.25,1.54,16.23,0.29,2.54,11.39,0.42,3.8,11.04,0.58,5.31,10.93,NA,7.07,NA,1.01,9.08,11.14,1.46,11.34,12.85,2,13.85,14.47,2.61,16.62,15.72,3.22,19.63,16.41,3.97,22.9,17.33,4.76,26.42,18.03,5.42,30.19,17.97,6.17,34.21,18.05,7.26,38.48,18.86,8.23,43.01,19.14,9.12,47.78,19.09,10.22,52.81,19.36,11.58,58.09,19.94,12.9,63.62,20.28
-1,566,85,Lima 2008 (thesis),Richness,-46.99416667,-22.79,Precise,Brazil,Neotropics,Atelidae,Alouatta,Alouatta guariba,Alouatta_guariba ,Total count,1, , , ,0,2007,0, ,NA, ,Alouatta guariba ,Alouatta guariba,5.54,D,15.065,AR,Folivore_frugivore,51.7,1.783,6.53,664.8,190,NA,NA,NA,1.61,Polygyny,Harem Polygyny, ,2Tropical_and_suptropical_moist_broadleaf_forest,0.241527388,0.79,30.57,0.44,1.54,28.83,0.67,2.54,26.23,0.98,3.8,25.88,1.4,5.31,26.44,NA,7.07,NA,2.1,9.08,23.17,2.35,11.34,20.75,2.64,13.85,19.07,3.14,16.62,18.9,3.68,19.63,18.75,4.4,22.9,19.21,5.25,26.42,19.89,6.03,30.19,19.97,6.85,34.21,20.01,7.63,38.48,19.82,8.42,43.01,19.58,9.55,47.78,19.99,10.76,52.81,20.37,11.91,58.09,20.51,12.97,63.62,20.39
-1,567,85,Lima 2008 (thesis),Richness,-47.00166667,-22.78111111,Precise,Brazil,Neotropics,Atelidae,Alouatta,Alouatta guariba,Alouatta_guariba ,Total count,1, , , ,0,2007,0, ,NA, ,Alouatta guariba ,Alouatta guariba,5.54,D,15.065,AR,Folivore_frugivore,51.7,1.783,6.53,664.8,190,NA,NA,NA,1.61,Polygyny,Harem Polygyny, ,2Tropical_and_suptropical_moist_broadleaf_forest,0.361176542,0.79,45.72,0.52,1.54,33.46,0.76,2.54,29.9,1,3.8,26.23,1.27,5.31,23.97,NA,7.07,NA,1.96,9.08,21.56,2.38,11.34,20.96,2.86,13.85,20.62,3.55,16.62,21.35,4.28,19.63,21.78,4.84,22.9,21.14,5.46,26.42,20.66,6.26,30.19,20.75,7.11,34.21,20.79,7.97,38.48,20.71,8.84,43.01,20.55,9.66,47.78,20.22,10.27,52.81,19.45,10.81,58.09,18.61,11.66,63.62,18.33
-1,568,85,Lima 2008 (thesis),Richness,-47.00333333,-22.78416667,Precise,Brazil,Neotropics,Atelidae,Alouatta,Alouatta guariba,Alouatta_guariba ,Total count,1, , , ,0,2007,0, ,NA, ,Alouatta guariba ,Alouatta guariba,5.54,D,15.065,AR,Folivore_frugivore,51.7,1.783,6.53,664.8,190,NA,NA,NA,1.61,Polygyny,Harem Polygyny, ,2Tropical_and_suptropical_moist_broadleaf_forest,0.276959797,0.79,35.06,0.42,1.54,27.27,0.58,2.54,22.92,0.87,3.8,22.9,1.19,5.31,22.34,NA,7.07,NA,1.81,9.08,19.97,2.32,11.34,20.45,3.02,13.85,21.84,3.6,16.62,21.65,3.97,19.63,20.21,4.48,22.9,19.57,5.09,26.42,19.26,5.83,30.19,19.29,6.7,34.21,19.58,7.74,38.48,20.1,8.83,43.01,20.52,9.78,47.78,20.47,10.3,52.81,19.51,10.72,58.09,18.45,11.41,63.62,17.94
-1,569,85,Lima 2008 (thesis),Richness,-47.00694444,-22.88333333,Precise,Brazil,Neotropics,Atelidae,Alouatta,Alouatta guariba,Alouatta_guariba ,Total count,0, , , ,0,2007,0, ,NA, ,Alouatta guariba ,Alouatta guariba,5.54,D,15.065,AR,Folivore_frugivore,51.7,1.783,6.53,664.8,190,NA,NA,NA,1.61,Polygyny,Harem Polygyny, ,2Tropical_and_suptropical_moist_broadleaf_forest,0.226755948,0.79,28.7,0.44,1.54,28.52,0.64,2.54,25.12,0.89,3.8,23.37,1.3,5.31,24.39,NA,7.07,NA,1.78,9.08,19.56,2.22,11.34,19.6,2.62,13.85,18.88,3.01,16.62,18.11,3.48,19.63,17.74,3.91,22.9,17.09,4.08,26.42,15.45,4.42,30.19,14.65,5.07,34.21,14.83,5.73,38.48,14.9,6.23,43.01,14.48,6.69,47.78,13.99,7.33,52.81,13.87,8.29,58.09,14.27,8.97,63.62,14.1
-1,570,85,Lima 2008 (thesis),Richness,-47.01944444,-22.79111111,Precise,Brazil,Neotropics,Atelidae,Alouatta,Alouatta guariba,Alouatta_guariba ,Total count,1, , , ,0,2007,0, ,NA, ,Alouatta guariba ,Alouatta guariba,5.54,D,15.065,AR,Folivore_frugivore,51.7,1.783,6.53,664.8,190,NA,NA,NA,1.61,Polygyny,Harem Polygyny, ,2Tropical_and_suptropical_moist_broadleaf_forest,0.325168203,0.79,41.16,0.44,1.54,28.82,0.58,2.54,23.01,0.76,3.8,19.98,0.95,5.31,17.93,NA,7.07,NA,1.51,9.08,16.68,1.93,11.34,17.02,2.44,13.85,17.61,3.06,16.62,18.44,3.48,19.63,17.74,4.04,22.9,17.65,4.68,26.42,17.73,5.17,30.19,17.12,5.65,34.21,16.51,6.35,38.48,16.51,7.01,43.01,16.3,7.69,47.78,16.09,8.29,52.81,15.71,8.98,58.09,15.45,9.65,63.62,15.16
