OID,N,N_study,Source,BASE,X,Y,Precise,Country,Realm,Family,Genus,Taxon,Taxon_ITIS,Sample_met,Ocurrence,N_groups,Abundanc_1,Abundance,Density,Sample_yea,Sampling_e,Sampling_1,ID_Todo,TRAITS,Taxon_IT_1,ITIS_SPECI,BodyMass_k,DielActivi,HomeRange_,Locomotion,TrophicGui,Brain_size,Canine_Dim,MeanGroupS,Interbirth,Gestation,WeaningAge,MaxLongevi,LitterSz,AdultSexRa,Social_Sys,Mating_Sys,FOREST,BIOME,Buffer_500,Area500,FC_500,Buffer_700,Area700,FC_700,Buffer_900,Area900,FC_900,Buffer_110,Area1100,FC1100,Buffer_130,Area1300,FC_1300,Buffer_150,Area1500,FC_1500,Buffer_170,Area1700,FC_1700,Buffer_190,Area1900,FC_1900,Buffer_210,Area2100,FC_2100,Buffer_230,Area2300,FC_2300,Buffer_250,Area2500,FC_2500,Buffer_270,Area2700,FC_2700,Buffer_290,Area2900,FC_2900,Buffer_310,Area3100,FC_3100,Buffer_330,Area3300,FC_3300,Buffer_350,Area3500,FC_3500,Buffer_370,Area3700,F_Buffer_3,Buffer_390,Area_3900,FC_3900,Buffer_410,Area4100,FC_4100,Buffer_430,Area4300,FC_4300,Buffer_450,Area4500,FC_4500
-1,841,603,Bicca-Marques et al. 2008,Ocurrencias,-54.99477222,-29.57436389,Precise,Brazil,Neotropics,Atelidae,Alouatta,Alouatta guariba,Alouatta_guariba ,"2 trails (3km long each), direct sightings",0,0,0,NA,0,2007,315,km of census,NA, ,Alouatta guariba ,Alouatta guariba,5.54,D,15.065,AR,Folivore_frugivore,51.7,1.783,6.53,664.8,190,NA,NA,NA,1.61,Polygyny,Harem Polygyny, ,8Tropical and Subtropical Grasslands Savannas and Shrublands,0.715302688,0.79,90.54,1.36,1.54,88.17,2.06,2.54,81.29,2.85,3.8,74.98,3.45,5.31,65.04,3.85,7.07,54.51,4.18,9.08,46.01,4.48,11.34,39.54,4.8,13.85,34.63,5.45,16.62,32.82,6.29,19.63,32.03,7.29,22.9,31.84,8.32,26.42,31.51,9.3,30.19,30.8,10.44,34.21,30.53,11.63,38.48,30.22,12.84,43.01,29.86,14.22,47.78,29.76,15.49,52.81,29.33,16.77,58.09,28.86,18.02,63.62,28.32
-1,842,603,Bicca-Marques et al. 2008,Ocurrencias,-54.99501389,-29.57966389,Precise,Brazil,Neotropics,Atelidae,Alouatta,Alouatta guariba,Alouatta_guariba ,"2 trails (3km long each), direct sightings",0,0,0,NA,0,2007,315,km of census,NA, ,Alouatta guariba ,Alouatta guariba,5.54,D,15.065,AR,Folivore_frugivore,51.7,1.783,6.53,664.8,190,NA,NA,NA,1.61,Polygyny,Harem Polygyny, ,8Tropical and Subtropical Grasslands Savannas and Shrublands,0.649443293,0.79,82.21,1.21,1.54,78.56,1.88,2.54,73.93,2.51,3.8,66.01,2.97,5.31,56.01,3.44,7.07,48.62,3.97,9.08,43.77,4.52,11.34,39.84,4.98,13.85,35.93,5.33,16.62,32.05,5.58,19.63,28.45,6.09,22.9,26.58,6.77,26.42,25.62,7.76,30.19,25.7,8.9,34.21,26.01,10.12,38.48,26.31,11.28,43.01,26.23,12.54,47.78,26.25,14.01,52.81,26.52,15.44,58.09,26.58,16.83,63.62,26.45
-1,843,603,Bicca-Marques et al. 2008,Ocurrencias,-54.99515,-29.58275833,Precise,Brazil,Neotropics,Atelidae,Alouatta,Alouatta guariba,Alouatta_guariba ,"2 trails (3km long each), direct sightings",0,0,0,NA,0,2007,315,km of census,NA, ,Alouatta guariba ,Alouatta guariba,5.54,D,15.065,AR,Folivore_frugivore,51.7,1.783,6.53,664.8,190,NA,NA,NA,1.61,Polygyny,Harem Polygyny, ,8Tropical and Subtropical Grasslands Savannas and Shrublands,0.572456508,0.79,72.46,0.98,1.54,63.52,1.45,2.54,57.1,1.94,3.8,51.14,2.46,5.31,46.4,3.09,7.07,43.66,3.67,9.08,40.45,4.13,11.34,36.45,4.63,13.85,33.45,5.15,16.62,30.98,5.48,19.63,27.9,5.76,22.9,25.14,6.25,26.42,23.64,7.01,30.19,23.21,8.09,34.21,23.64,9.09,38.48,23.62,10.42,43.01,24.24,11.73,47.78,24.54,13.09,52.81,24.79,14.68,58.09,25.27,16.2,63.62,25.47
-1,844,603,Bicca-Marques et al. 2008,Ocurrencias,-54.99124722,-29.58386111,Precise,Brazil,Neotropics,Atelidae,Alouatta,Alouatta guariba,Alouatta_guariba ,"2 trails (3km long each), direct sightings",0,0,0,NA,0,2007,315,km of census,NA, ,Alouatta guariba ,Alouatta guariba,5.54,D,15.065,AR,Folivore_frugivore,51.7,1.783,6.53,664.8,190,NA,NA,NA,1.61,Polygyny,Harem Polygyny, ,8Tropical and Subtropical Grasslands Savannas and Shrublands,0.64218733,0.79,81.29,0.96,1.54,62.59,1.31,2.54,51.42,1.68,3.8,44.1,2.16,5.31,40.64,2.66,7.07,37.69,3.19,9.08,35.16,3.81,11.34,33.62,4.39,13.85,31.73,4.79,16.62,28.83,5.2,19.63,26.5,5.75,22.9,25.13,6.3,26.42,23.85,6.99,30.19,23.14,7.89,34.21,23.06,9,38.48,23.38,10.35,43.01,24.07,11.75,47.78,24.59,13.1,52.81,24.82,14.57,58.09,25.08,15.95,63.62,25.08
-1,845,603,Bicca-Marques et al. 2008,Ocurrencias,-54.98826944,-29.57751944,Precise,Brazil,Neotropics,Atelidae,Alouatta,Alouatta guariba,Alouatta_guariba ,"2 trails (3km long each), direct sightings",0,0,0,NA,0,2007,315,km of census,NA, ,Alouatta guariba ,Alouatta guariba,5.54,D,15.065,AR,Folivore_frugivore,51.7,1.783,6.53,664.8,190,NA,NA,NA,1.61,Polygyny,Harem Polygyny, ,8Tropical and Subtropical Grasslands Savannas and Shrublands,0.650070611,0.79,82.29,1.13,1.54,73.07,1.71,2.54,67.38,2.35,3.8,61.91,2.95,5.31,55.49,3.58,7.07,50.66,3.92,9.08,43.14,4.26,11.34,37.59,4.73,13.85,34.15,5.32,16.62,31.98,6.21,19.63,31.61,6.84,22.9,29.89,7.69,26.42,29.09,8.61,30.19,28.51,9.37,34.21,27.39,10.32,38.48,26.82,11.46,43.01,26.64,12.89,47.78,26.97,14.45,52.81,27.36,16.03,58.09,27.6,17.81,63.62,28
-1,846,603,Bicca-Marques et al. 2008,Ocurrencias,-54.98460556,-29.573975,Precise,Brazil,Neotropics,Atelidae,Alouatta,Alouatta guariba,Alouatta_guariba ,"2 trails (3km long each), direct sightings",0,0,0,NA,0,2007,315,km of census,NA, ,Alouatta guariba ,Alouatta guariba,5.54,D,15.065,AR,Folivore_frugivore,51.7,1.783,6.53,664.8,190,NA,NA,NA,1.61,Polygyny,Harem Polygyny, ,8Tropical and Subtropical Grasslands Savannas and Shrublands,0.369407679,0.79,46.76,0.74,1.54,47.83,1.28,2.54,50.49,1.93,3.8,50.91,2.69,5.31,50.65,3.43,7.07,48.45,4.1,9.08,45.16,4.68,11.34,41.28,5.28,13.85,38.16,6.01,16.62,36.15,6.76,19.63,34.45,7.55,22.9,32.96,8.3,26.42,31.4,9.2,30.19,30.46,10.13,34.21,29.63,11.21,38.48,29.13,12.33,43.01,28.68,13.65,47.78,28.57,15.07,52.81,28.53,16.65,58.09,28.67,18.78,63.62,29.52
-1,847,603,Bicca-Marques et al. 2008,Ocurrencias,-54.99052778,-29.56849722,Precise,Brazil,Neotropics,Atelidae,Alouatta,Alouatta guariba,Alouatta_guariba ,"2 trails (3km long each), direct sightings",0,0,0,NA,0,2007,315,km of census,NA, ,Alouatta guariba ,Alouatta guariba,5.54,D,15.065,AR,Folivore_frugivore,51.7,1.783,6.53,664.8,190,NA,NA,NA,1.61,Polygyny,Harem Polygyny, ,8Tropical and Subtropical Grasslands Savannas and Shrublands,0.643218283,0.79,81.42,1.09,1.54,71.1,1.53,2.54,60.12,2,3.8,52.69,2.55,5.31,48,3.21,7.07,45.35,3.9,9.08,42.98,4.68,11.34,41.29,5.79,13.85,41.79,6.67,16.62,40.12,7.35,19.63,37.42,8.07,22.9,35.23,9.14,26.42,34.58,10.57,30.19,35.02,11.79,34.21,34.48,13.08,38.48,33.99,14.41,43.01,33.49,15.81,47.78,33.09,17.42,52.81,33,19.29,58.09,33.2,21.11,63.62,33.19
-1,848,603,Bicca-Marques et al. 2008,Ocurrencias,-54.98155833,-29.56662222,Precise,Brazil,Neotropics,Atelidae,Alouatta,Alouatta guariba,Alouatta_guariba ,"2 trails (3km long each), direct sightings",1,1,7,NA,0,2007,315,km of census,NA, ,Alouatta guariba ,Alouatta guariba,5.54,D,15.065,AR,Folivore_frugivore,51.7,1.783,6.53,664.8,190,NA,NA,NA,1.61,Polygyny,Harem Polygyny, ,8Tropical and Subtropical Grasslands Savannas and Shrublands,0.328455922,0.79,41.58,0.56,1.54,36.29,0.85,2.54,33.45,1.33,3.8,35.03,2.09,5.31,39.37,3.03,7.07,42.91,3.88,9.08,42.73,4.74,11.34,41.84,5.65,13.85,40.8,6.71,16.62,40.36,7.77,19.63,39.57,8.52,22.9,37.21,9.36,26.42,35.43,10.36,30.19,34.33,11.39,34.21,33.3,12.6,38.48,32.75,14.34,43.01,33.34,16.35,47.78,34.22,18.34,52.81,34.72,20.36,58.09,35.04,22.33,63.62,35.09
