OID,N,N_study,Source,BASE,X,Y,Precise,Country,Realm,Family,Genus,Taxon,Taxon_ITIS,Sample_met,Ocurrence,N_groups,Abundanc_1,Abundance,Density,Sample_yea,Sampling_e,Sampling_1,ID_Todo,TRAITS,Taxon_IT_1,ITIS_SPECI,BodyMass_k,DielActivi,HomeRange_,Locomotion,TrophicGui,Brain_size,Canine_Dim,MeanGroupS,Interbirth,Gestation,WeaningAge,MaxLongevi,LitterSz,AdultSexRa,Social_Sys,Mating_Sys,FOREST,BIOME,Buffer_500,Area500,FC_500,Buffer_700,Area700,FC_700,Buffer_900,Area900,FC_900,Buffer_110,Area1100,FC1100,Buffer_130,Area1300,FC_1300,Buffer_150,Area1500,FC_1500,Buffer_170,Area1700,FC_1700,Buffer_190,Area1900,FC_1900,Buffer_210,Area2100,FC_2100,Buffer_230,Area2300,FC_2300,Buffer_250,Area2500,FC_2500,Buffer_270,Area2700,FC_2700,Buffer_290,Area2900,FC_2900,Buffer_310,Area3100,FC_3100,Buffer_330,Area3300,FC_3300,Buffer_350,Area3500,FC_3500,Buffer_370,Area3700,F_Buffer_3,Buffer_390,Area_3900,FC_3900,Buffer_410,Area4100,FC_4100,Buffer_430,Area4300,FC_4300,Buffer_450,Area4500,FC_4500
-1,1904,155,Arroyo-Rodr??Ã­guez et al 2008,Ocurrencias,-95.0642,18.612,Precise,Mexico,Neotropics,Atelidae,Alouatta,Alouatta palliata mexicana,Alouatta_palliata ,Walk surveys,1,0,0,NA,0,2004,0, ,NA, ,Alouatta palliata ,Alouatta palliata,6.12,D,40.45,AR,Folivore,49.88,1.703,12,684.37,186,495.6,300,1.02,2.17,Polygyndry,Harem Polygyny, ,2Tropical_and_suptropical_moist_broadleaf_forest,0.482886868,0.79,61.12,0.87,1.54,56.27,1.22,2.54,48.06,1.42,3.8,37.49,1.7,5.31,32.01,NA,7.07,NA,2.57,9.08,28.35,3.11,11.34,27.44,3.83,13.85,27.65,4.81,16.62,28.97,5.97,19.63,30.4,7.21,22.9,31.48,8.33,26.42,31.51,9.64,30.19,31.94,11.18,34.21,32.67,12.77,38.48,33.19,14.61,43.01,33.98,16.42,47.78,34.37,18.09,52.81,34.25,19.89,58.09,34.24,21.41,63.62,33.65
-1,1905,155,Arroyo-Rodr??Ã­guez et al 2008,Ocurrencias,-95.0787,18.6112,Precise,Mexico,Neotropics,Atelidae,Alouatta,Alouatta palliata mexicana,Alouatta_palliata ,Walk surveys,0,0,0,NA,0,2004,0, ,NA, ,Alouatta palliata ,Alouatta palliata,6.12,D,40.45,AR,Folivore,49.88,1.703,12,684.37,186,495.6,300,1.02,2.17,Polygyndry,Harem Polygyny, ,2Tropical_and_suptropical_moist_broadleaf_forest,0.248909863,0.79,31.51,0.58,1.54,37.87,1.17,2.54,46.17,2.03,3.8,53.41,2.95,5.31,55.63,NA,7.07,NA,5.18,9.08,56.99,6.4,11.34,56.46,7.68,13.85,55.46,9.03,16.62,54.34,10.41,19.63,53.02,11.91,22.9,52.01,13.59,26.42,51.44,15.25,30.19,50.52,17,34.21,49.69,18.97,38.48,49.3,21.16,43.01,49.2,23.17,47.78,48.49,25.18,52.81,47.68,26.9,58.09,46.31,28.67,63.62,45.07
-1,1906,155,Arroyo-Rodr??Ã­guez et al 2008,Ocurrencias,-95.0629,18.6075,Precise,Mexico,Neotropics,Atelidae,Alouatta,Alouatta palliata mexicana,Alouatta_palliata ,Walk surveys,1,0,0,NA,0,2004,0, ,NA, ,Alouatta palliata ,Alouatta palliata,6.12,D,40.45,AR,Folivore,49.88,1.703,12,684.37,186,495.6,300,1.02,2.17,Polygyndry,Harem Polygyny, ,2Tropical_and_suptropical_moist_broadleaf_forest,0.34168185,0.79,43.25,0.64,1.54,41.42,1.03,2.54,40.65,1.46,3.8,38.47,1.97,5.31,37.09,NA,7.07,NA,3.14,9.08,34.54,3.92,11.34,34.61,4.76,13.85,34.34,5.65,16.62,34.02,6.65,19.63,33.89,7.68,22.9,33.55,8.85,26.42,33.49,10.18,30.19,33.71,11.65,34.21,34.06,13.37,38.48,34.75,15.16,43.01,35.25,17.08,47.78,35.76,18.84,52.81,35.67,20.7,58.09,35.63,22.57,63.62,35.47
-1,1907,155,Arroyo-Rodr??Ã­guez et al 2008,Ocurrencias,-95.0594,18.603,Precise,Mexico,Neotropics,Atelidae,Alouatta,Alouatta palliata mexicana,Alouatta_palliata ,Walk surveys,0,0,0,NA,0,2004,0, ,NA, ,Alouatta palliata ,Alouatta palliata,6.12,D,40.45,AR,Folivore,49.88,1.703,12,684.37,186,495.6,300,1.02,2.17,Polygyndry,Harem Polygyny, ,2Tropical_and_suptropical_moist_broadleaf_forest,0.212233721,0.79,26.87,0.5,1.54,32.59,0.97,2.54,38.18,1.44,3.8,37.98,2,5.31,37.73,NA,7.07,NA,3.47,9.08,38.23,4.18,11.34,36.82,4.91,13.85,35.46,5.66,16.62,34.07,6.51,19.63,33.18,7.48,22.9,32.67,8.66,26.42,32.79,10.02,30.19,33.18,11.36,34.21,33.21,12.76,38.48,33.16,14.43,43.01,33.55,16.33,47.78,34.17,18.34,52.81,34.73,20.12,58.09,34.63,21.9,63.62,34.43
-1,1908,155,Arroyo-Rodr??Ã­guez et al 2008,Ocurrencias,-95.067,18.5782,Precise,Mexico,Neotropics,Atelidae,Alouatta,Alouatta palliata mexicana,Alouatta_palliata ,Walk surveys,1,0,0,NA,0,2004,0, ,NA, ,Alouatta palliata ,Alouatta palliata,6.12,D,40.45,AR,Folivore,49.88,1.703,12,684.37,186,495.6,300,1.02,2.17,Polygyndry,Harem Polygyny, ,2Tropical_and_suptropical_moist_broadleaf_forest,0.566476092,0.79,71.71,1.07,1.54,69.46,1.8,2.54,70.68,2.68,3.8,70.49,3.86,5.31,72.7,NA,7.07,NA,6.59,9.08,72.54,8.02,11.34,70.75,9.58,13.85,69.15,11.16,16.62,67.12,12.76,19.63,64.98,14.48,22.9,63.23,16.13,26.42,61.06,17.8,30.19,58.96,19.6,34.21,57.29,21.62,38.48,56.19,23.79,43.01,55.31,26.24,47.78,54.92,28.7,52.81,54.34,31.05,58.09,53.45,33.47,63.62,52.61
-1,1909,155,Arroyo-Rodr??Ã­guez et al 2008,Ocurrencias,-95.0671,18.5806,Precise,Mexico,Neotropics,Atelidae,Alouatta,Alouatta palliata mexicana,Alouatta_palliata ,Walk surveys,0,0,0,NA,0,2004,0, ,NA, ,Alouatta palliata ,Alouatta palliata,6.12,D,40.45,AR,Folivore,49.88,1.703,12,684.37,186,495.6,300,1.02,2.17,Polygyndry,Harem Polygyny, ,2Tropical_and_suptropical_moist_broadleaf_forest,0.636031011,0.79,80.51,1.21,1.54,78.77,1.94,2.54,76.38,2.8,3.8,73.73,3.89,5.31,73.23,NA,7.07,NA,6.63,9.08,72.99,8.1,11.34,71.47,9.65,13.85,69.66,11.24,16.62,67.63,12.77,19.63,65.06,14.16,22.9,61.84,15.8,26.42,59.82,17.55,30.19,58.12,19.39,34.21,56.67,21.4,38.48,55.62,23.58,43.01,54.83,25.73,47.78,53.86,28,52.81,53.02,30.44,58.09,52.4,32.88,63.62,51.67
-1,1910,155,Arroyo-Rodr??Ã­guez et al 2008,Ocurrencias,-95.0664,18.5913,Precise,Mexico,Neotropics,Atelidae,Alouatta,Alouatta palliata mexicana,Alouatta_palliata ,Walk surveys,0,0,0,NA,0,2004,0, ,NA, ,Alouatta palliata ,Alouatta palliata,6.12,D,40.45,AR,Folivore,49.88,1.703,12,684.37,186,495.6,300,1.02,2.17,Polygyndry,Harem Polygyny, ,2Tropical_and_suptropical_moist_broadleaf_forest,0.6553226,0.79,82.95,1.18,1.54,76.86,1.9,2.54,74.65,2.88,3.8,75.78,3.91,5.31,73.7,NA,7.07,NA,6.03,9.08,66.4,7.06,11.34,62.28,8.22,13.85,59.35,9.48,16.62,57.01,10.99,19.63,56,12.7,22.9,55.47,14.27,26.42,54.02,15.96,30.19,52.87,17.75,34.21,51.88,19.66,38.48,51.08,21.36,43.01,49.67,23.05,47.78,48.25,24.92,52.81,47.2,26.97,58.09,46.43,29.08,63.62,45.71
-1,1911,155,Arroyo-Rodr??Ã­guez et al 2008,Ocurrencias,-95.0731,18.5901,Precise,Mexico,Neotropics,Atelidae,Alouatta,Alouatta palliata mexicana,Alouatta_palliata ,Walk surveys,0,0,0,NA,0,2004,0, ,NA, ,Alouatta palliata ,Alouatta palliata,6.12,D,40.45,AR,Folivore,49.88,1.703,12,684.37,186,495.6,300,1.02,2.17,Polygyndry,Harem Polygyny, ,2Tropical_and_suptropical_moist_broadleaf_forest,0.49149299,0.79,62.21,1.11,1.54,72.28,1.91,2.54,75.28,2.87,3.8,75.58,4,5.31,75.24,NA,7.07,NA,6.58,9.08,72.5,8.09,11.34,71.31,9.67,13.85,69.8,11.54,16.62,69.44,13.35,19.63,68.02,15.05,22.9,65.73,16.81,26.42,63.63,18.74,30.19,62.07,20.67,34.21,60.43,22.66,38.48,58.89,24.74,43.01,57.52,26.71,47.78,55.91,28.73,52.81,54.41,30.98,58.09,53.33,33.24,63.62,52.25
-1,1912,155,Arroyo-Rodr??Ã­guez et al 2008,Ocurrencias,-95.0841,18.5966,Precise,Mexico,Neotropics,Atelidae,Alouatta,Alouatta palliata mexicana,Alouatta_palliata ,Walk surveys,0,0,0,NA,0,2004,0, ,NA, ,Alouatta palliata ,Alouatta palliata,6.12,D,40.45,AR,Folivore,49.88,1.703,12,684.37,186,495.6,300,1.02,2.17,Polygyndry,Harem Polygyny, ,2Tropical_and_suptropical_moist_broadleaf_forest,0.430331438,0.79,54.47,0.96,1.54,62.22,1.69,2.54,66.47,2.49,3.8,65.56,3.64,5.31,68.58,NA,7.07,NA,6.2,9.08,68.34,7.61,11.34,67.07,9.28,13.85,67.01,11.41,16.62,68.68,13.7,19.63,69.8,15.97,22.9,69.73,18.3,26.42,69.26,20.49,30.19,67.88,22.8,34.21,66.65,24.97,38.48,64.89,27.34,43.01,63.56,29.8,47.78,62.38,32.28,52.81,61.13,34.65,58.09,59.65,37.01,63.62,58.18
-1,1913,155,Arroyo-Rodr??Ã­guez et al 2008,Ocurrencias,-95.0827,18.5962,Precise,Mexico,Neotropics,Atelidae,Alouatta,Alouatta palliata mexicana,Alouatta_palliata ,Walk surveys,0,0,0,NA,0,2004,0, ,NA, ,Alouatta palliata ,Alouatta palliata,6.12,D,40.45,AR,Folivore,49.88,1.703,12,684.37,186,495.6,300,1.02,2.17,Polygyndry,Harem Polygyny, ,2Tropical_and_suptropical_moist_broadleaf_forest,0.417173441,0.79,52.81,1,1.54,64.96,1.6,2.54,62.8,2.39,3.8,63.02,3.55,5.31,66.95,NA,7.07,NA,6.25,9.08,68.86,7.69,11.34,67.83,9.44,13.85,68.18,11.54,16.62,69.43,13.73,19.63,69.95,16.03,22.9,70,18.24,26.42,69.04,20.44,30.19,67.71,22.5,34.21,65.77,24.64,38.48,64.03,26.94,43.01,62.63,29.26,47.78,61.24,31.72,52.81,60.07,34.23,58.09,58.92,36.56,63.62,57.47
-1,1914,155,Arroyo-Rodr??Ã­guez et al 2008,Ocurrencias,-95.076,18.6206,Precise,Mexico,Neotropics,Atelidae,Alouatta,Alouatta palliata mexicana,Alouatta_palliata ,Walk surveys,0,0,0,NA,0,2004,0, ,NA, ,Alouatta palliata ,Alouatta palliata,6.12,D,40.45,AR,Folivore,49.88,1.703,12,684.37,186,495.6,300,1.02,2.17,Polygyndry,Harem Polygyny, ,2Tropical_and_suptropical_moist_broadleaf_forest,0.36612956,0.79,46.35,0.58,1.54,37.97,0.95,2.54,37.5,1.55,3.8,40.86,2.26,5.31,42.66,NA,7.07,NA,3.98,9.08,43.84,4.87,11.34,42.97,5.81,13.85,41.95,6.85,16.62,41.21,8,19.63,40.73,9.35,22.9,40.83,10.72,26.42,40.58,12.08,30.19,40,13.43,34.21,39.25,14.82,38.48,38.51,16.14,43.01,37.53,17.7,47.78,37.04,19.47,52.81,36.86,21.31,58.09,36.68,23.1,63.62,36.31
-1,1915,155,Arroyo-Rodr??Ã­guez et al 2008,Ocurrencias,-95.0783,18.6165,Precise,Mexico,Neotropics,Atelidae,Alouatta,Alouatta palliata mexicana,Alouatta_palliata ,Walk surveys,0,0,0,NA,0,2004,0, ,NA, ,Alouatta palliata ,Alouatta palliata,6.12,D,40.45,AR,Folivore,49.88,1.703,12,684.37,186,495.6,300,1.02,2.17,Polygyndry,Harem Polygyny, ,2Tropical_and_suptropical_moist_broadleaf_forest,0.33624623,0.79,42.56,0.74,1.54,47.76,1.27,2.54,49.99,1.92,3.8,50.51,2.82,5.31,53.17,NA,7.07,NA,4.72,9.08,52.01,5.66,11.34,49.87,6.84,13.85,49.4,8.18,16.62,49.21,9.52,19.63,48.51,10.81,22.9,47.21,12.26,26.42,46.42,13.66,30.19,45.25,15.28,34.21,44.65,16.97,38.48,44.1,18.74,43.01,43.57,20.52,47.78,42.94,22.52,52.81,42.65,24.38,58.09,41.96,26.03,63.62,40.92
-1,1916,155,Arroyo-Rodr??Ã­guez et al 2008,Ocurrencias,-95.0822,18.6156,Precise,Mexico,Neotropics,Atelidae,Alouatta,Alouatta palliata mexicana,Alouatta_palliata ,Walk surveys,0,0,0,NA,0,2004,0, ,NA, ,Alouatta palliata ,Alouatta palliata,6.12,D,40.45,AR,Folivore,49.88,1.703,12,684.37,186,495.6,300,1.02,2.17,Polygyndry,Harem Polygyny, ,2Tropical_and_suptropical_moist_broadleaf_forest,0.461669024,0.79,58.44,0.87,1.54,56.19,1.48,2.54,58.29,2.25,3.8,59.28,3.14,5.31,59.2,NA,7.07,NA,5.35,9.08,58.88,6.66,11.34,58.77,8.08,13.85,58.31,9.33,16.62,56.13,10.58,19.63,53.89,11.87,22.9,51.85,13.25,26.42,50.15,14.76,30.19,48.89,16.54,34.21,48.36,18.38,38.48,47.75,20.36,43.01,47.33,22.39,47.78,46.87,24.28,52.81,45.97,26.19,58.09,45.08,27.79,63.62,43.68
-1,1917,155,Arroyo-Rodr??Ã­guez et al 2008,Ocurrencias,-95.0853,18.6153,Precise,Mexico,Neotropics,Atelidae,Alouatta,Alouatta palliata mexicana,Alouatta_palliata ,Walk surveys,0,0,0,NA,0,2004,0, ,NA, ,Alouatta palliata ,Alouatta palliata,6.12,D,40.45,AR,Folivore,49.88,1.703,12,684.37,186,495.6,300,1.02,2.17,Polygyndry,Harem Polygyny, ,2Tropical_and_suptropical_moist_broadleaf_forest,0.544178219,0.79,68.88,1.05,1.54,68.03,1.67,2.54,65.76,2.45,3.8,64.54,3.41,5.31,64.15,NA,7.07,NA,5.87,9.08,64.65,7.19,11.34,63.39,8.48,13.85,61.2,9.74,16.62,58.63,11.06,19.63,56.33,12.42,22.9,54.22,14.04,26.42,53.14,15.76,30.19,52.21,17.53,34.21,51.25,19.34,38.48,50.27,21.24,43.01,49.38,23.19,47.78,48.54,25.05,52.81,47.43,26.98,58.09,46.44,28.85,63.62,45.35
-1,1918,155,Arroyo-Rodr??Ã­guez et al 2008,Ocurrencias,-95.0751,18.6106,Precise,Mexico,Neotropics,Atelidae,Alouatta,Alouatta palliata mexicana,Alouatta_palliata ,Walk surveys,0,0,0,NA,0,2004,0, ,NA, ,Alouatta palliata ,Alouatta palliata,6.12,D,40.45,AR,Folivore,49.88,1.703,12,684.37,186,495.6,300,1.02,2.17,Polygyndry,Harem Polygyny, ,2Tropical_and_suptropical_moist_broadleaf_forest,0.273801958,0.79,34.66,0.6,1.54,38.92,1.14,2.54,44.9,1.85,3.8,48.78,2.81,5.31,52.83,NA,7.07,NA,4.61,9.08,50.75,5.54,11.34,48.86,6.72,13.85,48.52,8.05,16.62,48.43,9.48,19.63,48.3,11.24,22.9,49.08,12.99,26.42,49.16,14.78,30.19,48.97,16.58,34.21,48.47,18.1,38.48,47.05,19.68,43.01,45.76,21.45,47.78,44.89,23.45,52.81,44.4,25.51,58.09,43.91,27.5,63.62,43.23
-1,1919,155,Arroyo-Rodr??Ã­guez et al 2008,Ocurrencias,-95.0825,18.6068,Precise,Mexico,Neotropics,Atelidae,Alouatta,Alouatta palliata mexicana,Alouatta_palliata ,Walk surveys,0,0,0,NA,0,2004,0, ,NA, ,Alouatta palliata ,Alouatta palliata,6.12,D,40.45,AR,Folivore,49.88,1.703,12,684.37,186,495.6,300,1.02,2.17,Polygyndry,Harem Polygyny, ,2Tropical_and_suptropical_moist_broadleaf_forest,0.48335107,0.79,61.18,0.96,1.54,62.28,1.41,2.54,55.45,2.04,3.8,53.66,2.97,5.31,55.91,NA,7.07,NA,5.62,9.08,61.93,7.14,11.34,63,8.76,13.85,63.27,10.43,16.62,62.77,12.1,19.63,61.66,13.54,22.9,59.12,15.32,26.42,57.98,17.2,30.19,56.98,19.36,34.21,56.58,21.83,38.48,56.72,24.15,43.01,56.16,26.34,47.78,55.13,28.34,52.81,53.66,30.26,58.09,52.09,32.22,63.62,50.64
-1,1920,155,Arroyo-Rodr??Ã­guez et al 2008,Ocurrencias,-95.0695,18.6129,Precise,Mexico,Neotropics,Atelidae,Alouatta,Alouatta palliata mexicana,Alouatta_palliata ,Walk surveys,0,0,0,NA,0,2004,0, ,NA, ,Alouatta palliata ,Alouatta palliata,6.12,D,40.45,AR,Folivore,49.88,1.703,12,684.37,186,495.6,300,1.02,2.17,Polygyndry,Harem Polygyny, ,2Tropical_and_suptropical_moist_broadleaf_forest,0.607112319,0.79,76.85,1,1.54,65.1,1.38,2.54,54.2,1.76,3.8,46.26,2.15,5.31,40.55,NA,7.07,NA,3.14,9.08,34.58,3.93,11.34,34.67,4.9,13.85,35.36,6.05,16.62,36.43,7.25,19.63,36.91,8.69,22.9,37.96,10.19,26.42,38.58,11.91,30.19,39.45,13.68,34.21,40,15.39,38.48,39.98,17.01,43.01,39.54,18.61,47.78,38.94,20.11,52.81,38.08,21.79,58.09,37.51,23.39,63.62,36.76
-1,1921,155,Arroyo-Rodr??Ã­guez et al 2008,Ocurrencias,-95.0809,18.607,Precise,Mexico,Neotropics,Atelidae,Alouatta,Alouatta palliata mexicana,Alouatta_palliata ,Walk surveys,0,0,0,NA,0,2004,0, ,NA, ,Alouatta palliata ,Alouatta palliata,6.12,D,40.45,AR,Folivore,49.88,1.703,12,684.37,186,495.6,300,1.02,2.17,Polygyndry,Harem Polygyny, ,2Tropical_and_suptropical_moist_broadleaf_forest,0.423073781,0.79,53.55,0.83,1.54,53.68,1.29,2.54,50.69,1.91,3.8,50.37,2.84,5.31,53.39,NA,7.07,NA,5.48,9.08,60.41,7.11,11.34,62.68,8.59,13.85,62.01,10.18,16.62,61.26,11.83,19.63,60.26,13.41,22.9,58.55,15.1,26.42,57.17,16.95,30.19,56.14,18.91,34.21,55.28,21.07,38.48,54.77,23.35,43.01,54.28,25.56,47.78,53.49,27.66,52.81,52.38,29.62,58.09,50.99,31.52,63.62,49.55
-1,1922,155,Arroyo-Rodr??Ã­guez et al 2008,Ocurrencias,-95.102,18.6038,Precise,Mexico,Neotropics,Atelidae,Alouatta,Alouatta palliata mexicana,Alouatta_palliata ,Walk surveys,0,0,0,NA,0,2004,0, ,NA, ,Alouatta palliata ,Alouatta palliata,6.12,D,40.45,AR,Folivore,49.88,1.703,12,684.37,186,495.6,300,1.02,2.17,Polygyndry,Harem Polygyny, ,2Tropical_and_suptropical_moist_broadleaf_forest,0.399630558,0.79,50.59,0.77,1.54,50.25,1.26,2.54,49.62,2,3.8,52.54,2.97,5.31,55.93,NA,7.07,NA,5.36,9.08,59.06,6.8,11.34,59.99,8.31,13.85,60,10.15,16.62,61.05,11.92,19.63,60.7,13.96,22.9,60.97,16.11,26.42,60.99,18.17,30.19,60.19,20.67,34.21,60.42,23.31,38.48,60.59,26.02,43.01,60.5,28.9,47.78,60.48,31.92,52.81,60.44,34.85,58.09,59.99,37.64,63.62,59.16
-1,1923,155,Arroyo-Rodr??Ã­guez et al 2008,Ocurrencias,-95.0981,18.6374,Precise,Mexico,Neotropics,Atelidae,Alouatta,Alouatta palliata mexicana,Alouatta_palliata ,Walk surveys,0,0,0,NA,0,2004,0, ,NA, ,Alouatta palliata ,Alouatta palliata,6.12,D,40.45,AR,Folivore,49.88,1.703,12,684.37,186,495.6,300,1.02,2.17,Polygyndry,Harem Polygyny, ,2Tropical_and_suptropical_moist_broadleaf_forest,0.391897055,0.79,49.61,0.77,1.54,50.24,1.29,2.54,50.91,1.97,3.8,51.85,2.82,5.31,53.11,NA,7.07,NA,4.82,9.08,53.04,5.9,11.34,52.07,6.88,13.85,49.65,7.81,16.62,47,8.71,19.63,44.35,9.55,22.9,41.69,10.45,26.42,39.54,11.54,30.19,38.22,12.6,34.21,36.84,13.7,38.48,35.61,14.66,43.01,34.1,15.7,47.78,32.85,16.77,52.81,31.76,18,58.09,30.98,19.36,63.62,30.44
-1,1924,155,Arroyo-Rodr??Ã­guez et al 2008,Ocurrencias,-95.0986,18.6381,Precise,Mexico,Neotropics,Atelidae,Alouatta,Alouatta palliata mexicana,Alouatta_palliata ,Walk surveys,0,0,0,NA,0,2004,0, ,NA, ,Alouatta palliata ,Alouatta palliata,6.12,D,40.45,AR,Folivore,49.88,1.703,12,684.37,186,495.6,300,1.02,2.17,Polygyndry,Harem Polygyny, ,2Tropical_and_suptropical_moist_broadleaf_forest,0.3725258,0.79,47.16,0.75,1.54,48.52,1.22,2.54,48.14,1.91,3.8,50.26,2.7,5.31,50.76,NA,7.07,NA,4.62,9.08,50.86,5.7,11.34,50.28,6.7,13.85,48.4,7.64,16.62,46,8.52,19.63,43.42,9.31,22.9,40.65,10.22,26.42,38.7,11.43,30.19,37.85,12.5,34.21,36.54,13.58,38.48,35.28,14.45,43.01,33.6,15.48,47.78,32.41,16.57,52.81,31.37,17.77,58.09,30.59,19.26,63.62,30.27
-1,1925,155,Arroyo-Rodr??Ã­guez et al 2008,Ocurrencias,-95.101,18.6335,Precise,Mexico,Neotropics,Atelidae,Alouatta,Alouatta palliata mexicana,Alouatta_palliata ,Walk surveys,0,0,0,NA,0,2004,0, ,NA, ,Alouatta palliata ,Alouatta palliata,6.12,D,40.45,AR,Folivore,49.88,1.703,12,684.37,186,495.6,300,1.02,2.17,Polygyndry,Harem Polygyny, ,2Tropical_and_suptropical_moist_broadleaf_forest,0.446820364,0.79,56.56,0.79,1.54,51.41,1.21,2.54,47.71,1.96,3.8,51.59,3.04,5.31,57.16,NA,7.07,NA,5.68,9.08,62.51,6.92,11.34,61.06,8.13,13.85,58.73,9.25,16.62,55.68,10.13,19.63,51.6,11.08,22.9,48.39,12.16,26.42,46.01,13.3,30.19,44.05,14.21,34.21,41.53,15.12,38.48,39.3,16.05,43.01,37.32,17.17,47.78,35.95,18.36,52.81,34.77,19.66,58.09,33.84,21.32,63.62,33.52
-1,1926,155,Arroyo-Rodr??Ã­guez et al 2008,Ocurrencias,-95.1035,18.6292,Precise,Mexico,Neotropics,Atelidae,Alouatta,Alouatta palliata mexicana,Alouatta_palliata ,Walk surveys,0,0,0,NA,0,2004,0, ,NA, ,Alouatta palliata ,Alouatta palliata,6.12,D,40.45,AR,Folivore,49.88,1.703,12,684.37,186,495.6,300,1.02,2.17,Polygyndry,Harem Polygyny, ,2Tropical_and_suptropical_moist_broadleaf_forest,0.465085439,0.79,58.87,0.96,1.54,62.07,1.55,2.54,61.21,2.28,3.8,60.03,3.23,5.31,60.78,NA,7.07,NA,5.76,9.08,63.4,7.23,11.34,63.73,8.63,13.85,62.34,10.03,16.62,60.38,11.44,19.63,58.26,12.58,22.9,54.94,13.52,26.42,51.18,14.39,30.19,47.67,15.38,34.21,44.96,16.44,38.48,42.71,17.52,43.01,40.74,18.68,47.78,39.09,20.13,52.81,38.11,21.8,58.09,37.53,23.32,63.62,36.65
-1,1927,155,Arroyo-Rodr??Ã­guez et al 2008,Ocurrencias,-95.0957,18.627,Precise,Mexico,Neotropics,Atelidae,Alouatta,Alouatta palliata mexicana,Alouatta_palliata ,Walk surveys,0,0,0,NA,0,2004,0, ,NA, ,Alouatta palliata ,Alouatta palliata,6.12,D,40.45,AR,Folivore,49.88,1.703,12,684.37,186,495.6,300,1.02,2.17,Polygyndry,Harem Polygyny, ,2Tropical_and_suptropical_moist_broadleaf_forest,0.483371747,0.79,61.19,0.97,1.54,62.8,1.64,2.54,64.57,2.48,3.8,65.25,3.67,5.31,69.15,NA,7.07,NA,6.24,9.08,68.75,7.58,11.34,66.87,9.12,13.85,65.81,10.4,16.62,62.59,11.42,19.63,58.19,12.39,22.9,54.09,13.47,26.42,50.98,14.64,30.19,48.48,15.71,34.21,45.92,16.82,38.48,43.71,17.9,43.01,41.63,19.02,47.78,39.8,20.27,52.81,38.38,21.56,58.09,37.11,22.87,63.62,35.95
-1,1928,155,Arroyo-Rodr??Ã­guez et al 2008,Ocurrencias,-95.1009,18.6266,Precise,Mexico,Neotropics,Atelidae,Alouatta,Alouatta palliata mexicana,Alouatta_palliata ,Walk surveys,0,0,0,NA,0,2004,0, ,NA, ,Alouatta palliata ,Alouatta palliata,6.12,D,40.45,AR,Folivore,49.88,1.703,12,684.37,186,495.6,300,1.02,2.17,Polygyndry,Harem Polygyny, ,2Tropical_and_suptropical_moist_broadleaf_forest,0.462966914,0.79,58.6,0.95,1.54,61.8,1.59,2.54,62.7,2.35,3.8,61.9,3.31,5.31,62.27,NA,7.07,NA,6.1,9.08,67.17,7.74,11.34,68.25,9.19,13.85,66.34,10.61,16.62,63.82,11.98,19.63,61.05,13.04,22.9,56.94,13.99,26.42,52.96,14.95,30.19,49.51,16.02,34.21,46.82,17.09,38.48,44.4,18.19,43.01,42.3,19.55,47.78,40.91,20.75,52.81,39.3,22.12,58.09,38.08,23.9,63.62,37.57
-1,1929,155,Arroyo-Rodr??Ã­guez et al 2008,Ocurrencias,-95.0914,18.6226,Precise,Mexico,Neotropics,Atelidae,Alouatta,Alouatta palliata mexicana,Alouatta_palliata ,Walk surveys,0,0,0,NA,0,2004,0, ,NA, ,Alouatta palliata ,Alouatta palliata,6.12,D,40.45,AR,Folivore,49.88,1.703,12,684.37,186,495.6,300,1.02,2.17,Polygyndry,Harem Polygyny, ,2Tropical_and_suptropical_moist_broadleaf_forest,0.632261902,0.79,80.03,1.17,1.54,76.22,1.92,2.54,75.55,2.81,3.8,73.87,3.86,5.31,72.78,NA,7.07,NA,6.04,9.08,66.57,7.35,11.34,64.79,8.66,13.85,62.5,10.06,16.62,60.51,11.41,19.63,58.11,12.94,22.9,56.52,14.29,26.42,54.09,15.49,30.19,51.32,16.6,34.21,48.53,17.84,38.48,46.37,19,43.01,44.19,20.25,47.78,42.37,21.66,52.81,41.02,23.05,58.09,39.68,24.7,63.62,38.82
-1,1930,155,Arroyo-Rodr??Ã­guez et al 2008,Ocurrencias,-95.1045,18.6205,Precise,Mexico,Neotropics,Atelidae,Alouatta,Alouatta palliata mexicana,Alouatta_palliata ,Walk surveys,0,0,0,NA,0,2004,0, ,NA, ,Alouatta palliata ,Alouatta palliata,6.12,D,40.45,AR,Folivore,49.88,1.703,12,684.37,186,495.6,300,1.02,2.17,Polygyndry,Harem Polygyny, ,2Tropical_and_suptropical_moist_broadleaf_forest,0.464747735,0.79,58.83,0.98,1.54,63.33,1.69,2.54,66.54,2.56,3.8,67.47,3.51,5.31,66.08,NA,7.07,NA,5.78,9.08,63.63,7.09,11.34,62.56,8.45,13.85,61.01,9.88,16.62,59.45,11.47,19.63,58.44,13.08,22.9,57.12,14.84,26.42,56.17,16.34,30.19,54.11,17.83,34.21,52.12,18.78,38.48,48.82,19.92,43.01,46.33,21.61,47.78,45.23,23.6,52.81,44.7,25.62,58.09,44.11,27.73,63.62,43.58
-1,1931,155,Arroyo-Rodr??Ã­guez et al 2008,Ocurrencias,-95.0678,18.6155,Precise,Mexico,Neotropics,Atelidae,Alouatta,Alouatta palliata mexicana,Alouatta_palliata ,Walk surveys,0,0,0,NA,0,2004,0, ,NA, ,Alouatta palliata ,Alouatta palliata,6.12,D,40.45,AR,Folivore,49.88,1.703,12,684.37,186,495.6,300,1.02,2.17,Polygyndry,Harem Polygyny, ,2Tropical_and_suptropical_moist_broadleaf_forest,0.66085765,0.79,83.65,0.96,1.54,62.34,1.2,2.54,47.4,1.52,3.8,39.93,1.8,5.31,33.92,NA,7.07,NA,2.59,9.08,28.51,3.16,11.34,27.89,4.03,13.85,29.11,4.97,16.62,29.88,6.19,19.63,31.51,7.48,22.9,32.65,8.87,26.42,33.58,10.4,30.19,34.45,12.09,34.21,35.33,13.73,38.48,35.69,15.36,43.01,35.72,17.01,47.78,35.6,18.61,52.81,35.24,20.18,58.09,34.73,21.6,63.62,33.95
-1,1932,155,Arroyo-Rodr??Ã­guez et al 2008,Ocurrencias,-95.0543,18.5989,Precise,Mexico,Neotropics,Atelidae,Alouatta,Alouatta palliata mexicana,Alouatta_palliata ,Walk surveys,0,0,0,NA,0,2004,0, ,NA, ,Alouatta palliata ,Alouatta palliata,6.12,D,40.45,AR,Folivore,49.88,1.703,12,684.37,186,495.6,300,1.02,2.17,Polygyndry,Harem Polygyny, ,2Tropical_and_suptropical_moist_broadleaf_forest,0.364932242,0.79,46.19,0.56,1.54,36.45,0.92,2.54,36.3,1.34,3.8,35.3,1.78,5.31,33.43,NA,7.07,NA,2.74,9.08,30.17,3.35,11.34,29.57,4.2,13.85,30.34,4.99,16.62,30,5.89,19.63,30.02,7.01,22.9,30.6,8.1,26.42,30.67,9.13,30.19,30.24,10.38,34.21,30.33,11.72,38.48,30.47,13.19,43.01,30.67,14.55,47.78,30.45,16.18,52.81,30.65,17.96,58.09,30.91,19.89,63.62,31.26
-1,1933,155,Arroyo-Rodr??Ã­guez et al 2008,Ocurrencias,-95.0633,18.6046,Precise,Mexico,Neotropics,Atelidae,Alouatta,Alouatta palliata mexicana,Alouatta_palliata ,Walk surveys,0,0,0,NA,0,2004,0, ,NA, ,Alouatta palliata ,Alouatta palliata,6.12,D,40.45,AR,Folivore,49.88,1.703,12,684.37,186,495.6,300,1.02,2.17,Polygyndry,Harem Polygyny, ,2Tropical_and_suptropical_moist_broadleaf_forest,0.381913312,0.79,48.34,0.65,1.54,42.38,1.07,2.54,42.27,1.6,3.8,42.11,2.2,5.31,41.42,NA,7.07,NA,3.84,9.08,42.24,4.65,11.34,41.01,5.49,13.85,39.63,6.33,16.62,38.09,7.37,19.63,37.52,8.59,22.9,37.51,9.75,26.42,36.9,11.1,30.19,36.78,12.69,34.21,37.09,14.49,38.48,37.66,16.26,43.01,37.81,18.05,47.78,37.77,19.96,52.81,37.8,21.86,58.09,37.63,23.57,63.62,37.05
-1,1934,155,Arroyo-Rodr??Ã­guez et al 2008,Ocurrencias,-95.0637,18.602,Precise,Mexico,Neotropics,Atelidae,Alouatta,Alouatta palliata mexicana,Alouatta_palliata ,Walk surveys,0,0,0,NA,0,2004,0, ,NA, ,Alouatta palliata ,Alouatta palliata,6.12,D,40.45,AR,Folivore,49.88,1.703,12,684.37,186,495.6,300,1.02,2.17,Polygyndry,Harem Polygyny, ,2Tropical_and_suptropical_moist_broadleaf_forest,0.411873846,0.79,52.14,0.73,1.54,47.42,1.13,2.54,44.59,1.8,3.8,47.27,2.55,5.31,48.02,NA,7.07,NA,4.31,9.08,47.42,5.22,11.34,46.05,6.01,13.85,43.39,7,16.62,42.09,8.1,19.63,41.25,9.38,22.9,40.96,10.65,26.42,40.3,12.02,30.19,39.8,13.62,34.21,39.82,15.37,38.48,39.95,17.31,43.01,40.24,19.13,47.78,40.04,20.91,52.81,39.59,22.64,58.09,38.98,24.55,63.62,38.59
-1,1935,155,Arroyo-Rodr??Ã­guez et al 2008,Ocurrencias,-95.0642,18.5989,Precise,Mexico,Neotropics,Atelidae,Alouatta,Alouatta palliata mexicana,Alouatta_palliata ,Walk surveys,0,0,0,NA,0,2004,0, ,NA, ,Alouatta palliata ,Alouatta palliata,6.12,D,40.45,AR,Folivore,49.88,1.703,12,684.37,186,495.6,300,1.02,2.17,Polygyndry,Harem Polygyny, ,2Tropical_and_suptropical_moist_broadleaf_forest,0.486130686,0.79,61.54,0.85,1.54,55.06,1.43,2.54,56.21,2.15,3.8,56.71,2.93,5.31,55.23,NA,7.07,NA,4.71,9.08,51.92,5.68,11.34,50.09,6.68,13.85,48.25,7.79,16.62,46.85,8.99,19.63,45.8,10.28,22.9,44.9,11.63,26.42,44.03,13.11,30.19,43.41,14.72,34.21,43.03,16.6,38.48,43.13,18.5,43.01,43.01,20.18,47.78,42.24,21.85,52.81,41.38,23.91,58.09,41.15,25.79,63.62,40.54
-1,1936,155,Arroyo-Rodr??Ã­guez et al 2008,Ocurrencias,-95.0577,18.5937,Precise,Mexico,Neotropics,Atelidae,Alouatta,Alouatta palliata mexicana,Alouatta_palliata ,Walk surveys,1,0,0,NA,0,2004,0, ,NA, ,Alouatta palliata ,Alouatta palliata,6.12,D,40.45,AR,Folivore,49.88,1.703,12,684.37,186,495.6,300,1.02,2.17,Polygyndry,Harem Polygyny, ,2Tropical_and_suptropical_moist_broadleaf_forest,0.712876349,0.79,90.24,1.29,1.54,83.46,1.74,2.54,68.53,2.24,3.8,58.94,2.76,5.31,51.96,NA,7.07,NA,3.99,9.08,43.96,4.8,11.34,42.32,5.75,13.85,41.53,6.81,16.62,40.96,7.87,19.63,40.1,9.08,22.9,39.67,10.47,26.42,39.64,11.82,30.19,39.16,13.15,34.21,38.44,14.64,38.48,38.05,16.31,43.01,37.92,17.95,47.78,37.57,19.58,52.81,37.08,21.43,58.09,36.89,23.42,63.62,36.81
-1,1937,155,Arroyo-Rodr??Ã­guez et al 2008,Ocurrencias,-95.0642,18.5844,Precise,Mexico,Neotropics,Atelidae,Alouatta,Alouatta palliata mexicana,Alouatta_palliata ,Walk surveys,1,0,0,NA,0,2004,0, ,NA, ,Alouatta palliata ,Alouatta palliata,6.12,D,40.45,AR,Folivore,49.88,1.703,12,684.37,186,495.6,300,1.02,2.17,Polygyndry,Harem Polygyny, ,2Tropical_and_suptropical_moist_broadleaf_forest,0.665701947,0.79,84.27,1.25,1.54,80.91,2,2.54,78.82,2.86,3.8,75.34,3.96,5.31,74.5,NA,7.07,NA,6.2,9.08,68.28,7.57,11.34,66.77,8.86,13.85,63.95,10.06,16.62,60.52,11.36,19.63,57.88,12.89,22.9,56.28,14.45,26.42,54.68,15.93,30.19,52.76,17.71,34.21,51.77,19.57,38.48,50.85,21.45,43.01,49.88,23.59,47.78,49.37,25.74,52.81,48.74,27.93,58.09,48.07,30.18,63.62,47.43
-1,1938,155,Arroyo-Rodr??Ã­guez et al 2008,Ocurrencias,-95.0676,18.5899,Precise,Mexico,Neotropics,Atelidae,Alouatta,Alouatta palliata mexicana,Alouatta_palliata ,Walk surveys,0,0,0,NA,0,2004,0, ,NA, ,Alouatta palliata ,Alouatta palliata,6.12,D,40.45,AR,Folivore,49.88,1.703,12,684.37,186,495.6,300,1.02,2.17,Polygyndry,Harem Polygyny, ,2Tropical_and_suptropical_moist_broadleaf_forest,0.644460037,0.79,81.58,1.23,1.54,79.74,1.97,2.54,77.53,2.92,3.8,76.9,4.01,5.31,75.51,NA,7.07,NA,6.34,9.08,69.82,7.49,11.34,66.04,8.65,13.85,62.43,10,16.62,60.17,11.66,19.63,59.4,13.34,22.9,58.25,14.95,26.42,56.59,16.64,30.19,55.11,18.62,34.21,54.43,20.44,38.48,53.12,22.15,43.01,51.5,23.93,47.78,50.09,25.98,52.81,49.2,28.02,58.09,48.23,30.19,63.62,47.46
-1,1939,155,Arroyo-Rodr??Ã­guez et al 2008,Ocurrencias,-95.0725,18.5912,Precise,Mexico,Neotropics,Atelidae,Alouatta,Alouatta palliata mexicana,Alouatta_palliata ,Walk surveys,0,0,0,NA,0,2004,0, ,NA, ,Alouatta palliata ,Alouatta palliata,6.12,D,40.45,AR,Folivore,49.88,1.703,12,684.37,186,495.6,300,1.02,2.17,Polygyndry,Harem Polygyny, ,2Tropical_and_suptropical_moist_broadleaf_forest,0.510688408,0.79,64.64,1.04,1.54,67.62,1.84,2.54,72.56,2.75,3.8,72.36,3.86,5.31,72.74,NA,7.07,NA,6.46,9.08,71.17,7.99,11.34,70.45,9.55,13.85,68.92,11.21,16.62,67.42,13.05,19.63,66.48,14.8,22.9,64.61,16.43,26.42,62.17,18.36,30.19,60.8,20.3,34.21,59.35,22.19,38.48,57.65,24.21,43.01,56.3,26.14,47.78,54.7,28.14,52.81,53.29,30.3,58.09,52.16,32.6,63.62,51.24
-1,1940,155,Arroyo-Rodr??Ã­guez et al 2008,Ocurrencias,-95.0712,18.5881,Precise,Mexico,Neotropics,Atelidae,Alouatta,Alouatta palliata mexicana,Alouatta_palliata ,Walk surveys,1,0,0,NA,0,2004,0, ,NA, ,Alouatta palliata ,Alouatta palliata,6.12,D,40.45,AR,Folivore,49.88,1.703,12,684.37,186,495.6,300,1.02,2.17,Polygyndry,Harem Polygyny, ,2Tropical_and_suptropical_moist_broadleaf_forest,0.615249361,0.79,77.88,1.23,1.54,79.77,2.03,2.54,80.06,3.09,3.8,81.32,4.17,5.31,78.57,NA,7.07,NA,6.6,9.08,72.74,7.97,11.34,70.25,9.7,13.85,70.06,11.4,16.62,68.61,12.93,19.63,65.86,14.69,22.9,64.17,16.58,26.42,62.74,18.36,30.19,60.83,20.25,34.21,59.2,22.15,38.48,57.56,24.21,43.01,56.3,26.23,47.78,54.89,28.47,52.81,53.91,30.42,58.09,52.36,32.58,63.62,51.21
-1,1941,155,Arroyo-Rodr??Ã­guez et al 2008,Ocurrencias,-95.0681,18.5934,Precise,Mexico,Neotropics,Atelidae,Alouatta,Alouatta palliata mexicana,Alouatta_palliata ,Walk surveys,0,0,0,NA,0,2004,0, ,NA, ,Alouatta palliata ,Alouatta palliata,6.12,D,40.45,AR,Folivore,49.88,1.703,12,684.37,186,495.6,300,1.02,2.17,Polygyndry,Harem Polygyny, ,2Tropical_and_suptropical_moist_broadleaf_forest,0.518642093,0.79,65.65,1.03,1.54,66.76,1.78,2.54,70.04,2.64,3.8,69.37,3.69,5.31,69.44,NA,7.07,NA,5.97,9.08,65.8,7.14,11.34,62.92,8.4,13.85,60.65,9.86,16.62,59.32,11.19,19.63,57.01,12.78,22.9,55.81,14.65,26.42,55.46,16.36,30.19,54.19,18.04,34.21,52.75,19.76,38.48,51.36,21.67,43.01,50.38,23.55,47.78,49.29,25.37,52.81,48.04,27.28,58.09,46.97,29.32,63.62,46.08
-1,1942,155,Arroyo-Rodr??Ã­guez et al 2008,Ocurrencias,-95.0711,18.5963,Precise,Mexico,Neotropics,Atelidae,Alouatta,Alouatta palliata mexicana,Alouatta_palliata ,Walk surveys,0,0,0,NA,0,2004,0, ,NA, ,Alouatta palliata ,Alouatta palliata,6.12,D,40.45,AR,Folivore,49.88,1.703,12,684.37,186,495.6,300,1.02,2.17,Polygyndry,Harem Polygyny, ,2Tropical_and_suptropical_moist_broadleaf_forest,0.413797212,0.79,52.38,0.84,1.54,54.45,1.44,2.54,56.89,2.21,3.8,58.12,3.16,5.31,59.42,NA,7.07,NA,5.79,9.08,63.74,7.41,11.34,65.37,8.82,13.85,63.7,10.27,16.62,61.77,11.86,19.63,60.43,13.5,22.9,58.97,15.26,26.42,57.76,16.88,30.19,55.92,18.55,34.21,54.24,20.31,38.48,52.79,22.26,43.01,51.75,24.16,47.78,50.56,26.07,52.81,49.37,28.07,58.09,48.33,30.16,63.62,47.41
-1,1943,155,Arroyo-Rodr??Ã­guez et al 2008,Ocurrencias,-95.0712,18.6083,Precise,Mexico,Neotropics,Atelidae,Alouatta,Alouatta palliata mexicana,Alouatta_palliata ,Walk surveys,1,0,0,NA,0,2004,0, ,NA, ,Alouatta palliata ,Alouatta palliata,6.12,D,40.45,AR,Folivore,49.88,1.703,12,684.37,186,495.6,300,1.02,2.17,Polygyndry,Harem Polygyny, ,2Tropical_and_suptropical_moist_broadleaf_forest,0.310581735,0.79,39.31,0.76,1.54,49.18,1.29,2.54,50.9,1.8,3.8,47.38,2.55,5.31,47.93,NA,7.07,NA,4.19,9.08,46.11,5.17,11.34,45.57,6.2,13.85,44.8,7.42,16.62,44.65,8.96,19.63,45.66,10.65,22.9,46.5,12.36,26.42,46.79,14.08,30.19,46.64,15.72,34.21,45.94,17.4,38.48,45.22,18.97,43.01,44.11,20.53,47.78,42.97,22.09,52.81,41.83,24.14,58.09,41.56,26.33,63.62,41.39
-1,1944,155,Arroyo-Rodr??Ã­guez et al 2008,Ocurrencias,-95.0701,18.6007,Precise,Mexico,Neotropics,Atelidae,Alouatta,Alouatta palliata mexicana,Alouatta_palliata ,Walk surveys,0,0,0,NA,0,2004,0, ,NA, ,Alouatta palliata ,Alouatta palliata,6.12,D,40.45,AR,Folivore,49.88,1.703,12,684.37,186,495.6,300,1.02,2.17,Polygyndry,Harem Polygyny, ,2Tropical_and_suptropical_moist_broadleaf_forest,0.306604525,0.79,38.81,0.64,1.54,41.56,1.24,2.54,48.66,1.93,3.8,50.83,2.77,5.31,52.15,NA,7.07,NA,5.06,9.08,55.76,6.39,11.34,56.38,7.94,13.85,57.32,9.31,16.62,56.04,10.68,19.63,54.43,12.19,22.9,53.24,13.83,26.42,52.34,15.46,30.19,51.19,17.03,34.21,49.77,18.79,38.48,48.83,20.6,43.01,47.9,22.38,47.78,46.84,24.24,52.81,45.9,26.21,58.09,45.12,28.27,63.62,44.44
-1,1945,155,Arroyo-Rodr??Ã­guez et al 2008,Ocurrencias,-95.0604,18.6105,Precise,Mexico,Neotropics,Atelidae,Alouatta,Alouatta palliata mexicana,Alouatta_palliata ,Walk surveys,0,0,0,NA,0,2004,0, ,NA, ,Alouatta palliata ,Alouatta palliata,6.12,D,40.45,AR,Folivore,49.88,1.703,12,684.37,186,495.6,300,1.02,2.17,Polygyndry,Harem Polygyny, ,2Tropical_and_suptropical_moist_broadleaf_forest,0.175369902,0.79,22.2,0.39,1.54,25.13,0.73,2.54,28.77,1.15,3.8,30.19,1.54,5.31,28.95,NA,7.07,NA,2.42,9.08,26.66,2.92,11.34,25.72,3.59,13.85,25.94,4.41,16.62,26.52,5.22,19.63,26.59,6.15,22.9,26.86,7.24,26.42,27.4,8.36,30.19,27.68,9.63,34.21,28.14,11.1,38.48,28.86,12.77,43.01,29.69,14.55,47.78,30.45,16.56,52.81,31.35,18.44,58.09,31.75,20.13,63.62,31.65
-1,1946,155,Arroyo-Rodr??Ã­guez et al 2008,Ocurrencias,-95.0609,18.6078,Precise,Mexico,Neotropics,Atelidae,Alouatta,Alouatta palliata mexicana,Alouatta_palliata ,Walk surveys,0,0,0,NA,0,2004,0, ,NA, ,Alouatta palliata ,Alouatta palliata,6.12,D,40.45,AR,Folivore,49.88,1.703,12,684.37,186,495.6,300,1.02,2.17,Polygyndry,Harem Polygyny, ,2Tropical_and_suptropical_moist_broadleaf_forest,0.208256377,0.79,26.36,0.45,1.54,29.48,0.8,2.54,31.64,1.29,3.8,33.91,1.78,5.31,33.52,NA,7.07,NA,2.87,9.08,31.66,3.55,11.34,31.32,4.34,13.85,31.36,5.13,16.62,30.89,5.93,19.63,30.2,6.93,22.9,30.26,7.99,26.42,30.23,9.24,30.19,30.6,10.62,34.21,31.03,12.1,38.48,31.45,13.91,43.01,32.33,15.78,47.78,33.02,17.65,52.81,33.41,19.55,58.09,33.65,21.47,63.62,33.74
-1,1947,155,Arroyo-Rodr??Ã­guez et al 2008,Ocurrencias,-95.0646,18.6087,Precise,Mexico,Neotropics,Atelidae,Alouatta,Alouatta palliata mexicana,Alouatta_palliata ,Walk surveys,0,0,0,NA,0,2004,0, ,NA, ,Alouatta palliata ,Alouatta palliata,6.12,D,40.45,AR,Folivore,49.88,1.703,12,684.37,186,495.6,300,1.02,2.17,Polygyndry,Harem Polygyny, ,2Tropical_and_suptropical_moist_broadleaf_forest,0.458148931,0.79,57.99,0.81,1.54,52.88,1.15,2.54,45.32,1.58,3.8,41.61,2.05,5.31,38.65,NA,7.07,NA,3.08,9.08,33.93,3.89,11.34,34.27,4.76,13.85,34.38,5.84,16.62,35.15,6.94,19.63,35.35,7.98,22.9,34.86,9.26,26.42,35.04,10.65,30.19,35.27,12.24,34.21,35.79,13.98,38.48,36.33,15.79,43.01,36.71,17.66,47.78,36.95,19.41,52.81,36.75,21.06,58.09,36.25,22.81,63.62,35.86
-1,1948,155,Arroyo-Rodr??Ã­guez et al 2008,Ocurrencias,-95.064,18.6177,Precise,Mexico,Neotropics,Atelidae,Alouatta,Alouatta palliata mexicana,Alouatta_palliata ,Walk surveys,1,0,0,NA,0,2004,0, ,NA, ,Alouatta palliata ,Alouatta palliata,6.12,D,40.45,AR,Folivore,49.88,1.703,12,684.37,186,495.6,300,1.02,2.17,Polygyndry,Harem Polygyny, ,2Tropical_and_suptropical_moist_broadleaf_forest,0.300065412,0.79,37.98,0.53,1.54,34.48,0.81,2.54,32.09,1.11,3.8,29.18,1.37,5.31,25.71,NA,7.07,NA,1.9,9.08,20.95,2.3,11.34,20.31,2.81,13.85,20.3,3.49,16.62,20.99,4.43,19.63,22.57,5.59,22.9,24.4,6.95,26.42,26.3,8.32,30.19,27.56,9.74,34.21,28.48,11.18,38.48,29.06,12.67,43.01,29.46,14.28,47.78,29.89,15.96,52.81,30.23,17.65,58.09,30.38,19.27,63.62,30.29
-1,1949,155,Arroyo-Rodr??Ã­guez et al 2008,Ocurrencias,-95.0629,18.6142,Precise,Mexico,Neotropics,Atelidae,Alouatta,Alouatta palliata mexicana,Alouatta_palliata ,Walk surveys,0,0,0,NA,0,2004,0, ,NA, ,Alouatta palliata ,Alouatta palliata,6.12,D,40.45,AR,Folivore,49.88,1.703,12,684.37,186,495.6,300,1.02,2.17,Polygyndry,Harem Polygyny, ,2Tropical_and_suptropical_moist_broadleaf_forest,0.361205298,0.79,45.72,0.67,1.54,43.51,0.99,2.54,38.78,1.26,3.8,33.25,1.5,5.31,28.21,NA,7.07,NA,2.14,9.08,23.62,2.67,11.34,23.53,3.19,13.85,23.06,3.84,16.62,23.11,4.96,19.63,25.26,6.16,22.9,26.91,7.41,26.42,28.06,8.66,30.19,28.67,9.93,34.21,29.03,11.48,38.48,29.82,13.16,43.01,30.61,14.92,47.78,31.22,16.67,52.81,31.57,18.36,58.09,31.61,20.14,63.62,31.65
-1,1950,155,Arroyo-Rodr??Ã­guez et al 2008,Ocurrencias,-95.0878,18.6318,Precise,Mexico,Neotropics,Atelidae,Alouatta,Alouatta palliata mexicana,Alouatta_palliata ,Walk surveys,0,0,0,NA,0,2004,0, ,NA, ,Alouatta palliata ,Alouatta palliata,6.12,D,40.45,AR,Folivore,49.88,1.703,12,684.37,186,495.6,300,1.02,2.17,Polygyndry,Harem Polygyny, ,2Tropical_and_suptropical_moist_broadleaf_forest,0.695604501,0.79,88.05,1.23,1.54,79.84,1.92,2.54,75.74,2.71,3.8,71.33,3.53,5.31,66.39,NA,7.07,NA,5,9.08,55.09,5.75,11.34,50.68,6.54,13.85,47.19,7.32,16.62,44.02,8.26,19.63,42.07,9.5,22.9,41.48,10.78,26.42,40.81,12.04,30.19,39.89,13.28,34.21,38.82,14.31,38.48,37.19,15.3,43.01,35.56,16.3,47.78,34.11,17.4,52.81,32.94,18.39,58.09,31.66,19.68,63.62,30.93
-1,1951,155,Arroyo-Rodr??Ã­guez et al 2008,Ocurrencias,-95.0773,18.5989,Precise,Mexico,Neotropics,Atelidae,Alouatta,Alouatta palliata mexicana,Alouatta_palliata ,Walk surveys,1,0,0,NA,0,2004,0, ,NA, ,Alouatta palliata ,Alouatta palliata,6.12,D,40.45,AR,Folivore,49.88,1.703,12,684.37,186,495.6,300,1.02,2.17,Polygyndry,Harem Polygyny, ,2Tropical_and_suptropical_moist_broadleaf_forest,0.376680663,0.79,47.68,0.81,1.54,52.45,1.28,2.54,50.59,1.99,3.8,52.41,2.89,5.31,54.52,NA,7.07,NA,5.59,9.08,61.53,7.21,11.34,63.54,9.19,13.85,66.39,11.34,16.62,68.24,13.31,19.63,67.81,15.14,22.9,66.1,16.77,26.42,63.47,18.4,30.19,60.94,20.16,34.21,58.94,22.1,38.48,57.44,23.93,43.01,55.63,25.91,47.78,54.24,28.15,52.81,53.3,30.48,58.09,52.48,32.95,63.62,51.8
-1,1952,155,Arroyo-Rodr??Ã­guez et al 2008,Ocurrencias,-95.0794,18.5938,Precise,Mexico,Neotropics,Atelidae,Alouatta,Alouatta palliata mexicana,Alouatta_palliata ,Walk surveys,0,0,0,NA,0,2004,0, ,NA, ,Alouatta palliata ,Alouatta palliata,6.12,D,40.45,AR,Folivore,49.88,1.703,12,684.37,186,495.6,300,1.02,2.17,Polygyndry,Harem Polygyny, ,2Tropical_and_suptropical_moist_broadleaf_forest,0.490347198,0.79,62.07,0.93,1.54,60.52,1.6,2.54,62.81,2.44,3.8,64.14,3.5,5.31,65.95,NA,7.07,NA,6.41,9.08,70.55,8.24,11.34,72.67,10.07,13.85,72.71,11.77,16.62,70.85,13.68,19.63,69.68,15.86,22.9,69.25,18.12,26.42,68.6,20.2,30.19,66.92,22.21,34.21,64.94,24.21,38.48,62.91,26.33,43.01,61.23,28.6,47.78,59.85,30.77,52.81,58.26,33.11,58.09,57,35.64,63.62,56.02
-1,1953,155,Arroyo-Rodr??Ã­guez et al 2008,Ocurrencias,-95.1296,18.6158,Precise,Mexico,Neotropics,Atelidae,Alouatta,Alouatta palliata mexicana,Alouatta_palliata ,Walk surveys,0,0,0,NA,0,2004,0, ,NA, ,Alouatta palliata ,Alouatta palliata,6.12,D,40.45,AR,Folivore,49.88,1.703,12,684.37,186,495.6,300,1.02,2.17,Polygyndry,Harem Polygyny, ,2Tropical_and_suptropical_moist_broadleaf_forest,0.144743243,0.79,18.32,0.23,1.54,14.69,0.43,2.54,16.94,0.66,3.8,17.24,1.02,5.31,19.13,NA,7.07,NA,2.33,9.08,25.65,3.17,11.34,27.96,3.98,13.85,28.76,5.06,16.62,30.44,6.38,19.63,32.53,7.86,22.9,34.32,9.42,26.42,35.64,11.44,30.19,37.91,13.77,34.21,40.26,15.83,38.48,41.15,17.88,43.01,41.58,20.38,47.78,42.65,23.13,52.81,43.8,26.1,58.09,44.92,29.09,63.62,45.72
-1,1954,155,Arroyo-Rodr??Ã­guez et al 2008,Ocurrencias,-95.1386,18.6015,Precise,Mexico,Neotropics,Atelidae,Alouatta,Alouatta palliata mexicana,Alouatta_palliata ,Walk surveys,1,0,0,NA,0,2004,0, ,NA, ,Alouatta palliata ,Alouatta palliata,6.12,D,40.45,AR,Folivore,49.88,1.703,12,684.37,186,495.6,300,1.02,2.17,Polygyndry,Harem Polygyny, ,2Tropical_and_suptropical_moist_broadleaf_forest,0.044078624,0.79,5.58,0.05,1.54,3.2,0.11,2.54,4.27,0.29,3.8,7.65,0.65,5.31,12.21,NA,7.07,NA,1.27,9.08,13.99,1.8,11.34,15.9,2.47,13.85,17.83,3.25,16.62,19.56,4.52,19.63,23,6.06,22.9,26.47,8,26.42,30.27,9.92,30.19,32.87,12.17,34.21,35.56,14.68,38.48,38.15,17.57,43.01,40.84,20.85,47.78,43.64,24.19,52.81,45.8,27.47,58.09,47.29,31.25,63.62,49.12
-1,1955,155,Arroyo-Rodr??Ã­guez et al 2008,Ocurrencias,-95.1267,18.6016,Precise,Mexico,Neotropics,Atelidae,Alouatta,Alouatta palliata mexicana,Alouatta_palliata ,Walk surveys,1,0,0,NA,0,2004,0, ,NA, ,Alouatta palliata ,Alouatta palliata,6.12,D,40.45,AR,Folivore,49.88,1.703,12,684.37,186,495.6,300,1.02,2.17,Polygyndry,Harem Polygyny, ,2Tropical_and_suptropical_moist_broadleaf_forest,0.119658321,0.79,15.15,0.15,1.54,9.71,0.26,2.54,10.37,0.38,3.8,10.11,0.69,5.31,12.96,NA,7.07,NA,2.55,9.08,28.04,3.61,11.34,31.82,4.56,13.85,32.94,5.64,16.62,33.94,6.95,19.63,35.39,8.36,22.9,36.51,9.97,26.42,37.72,12.01,30.19,39.78,14.44,34.21,42.21,17.12,38.48,44.48,20.24,43.01,47.07,23.46,47.78,49.1,26.65,52.81,50.46,29.92,58.09,51.5,33.73,63.62,53.01
-1,1956,155,Arroyo-Rodr??Ã­guez et al 2008,Ocurrencias,-95.1199,18.5965,Precise,Mexico,Neotropics,Atelidae,Alouatta,Alouatta palliata mexicana,Alouatta_palliata ,Walk surveys,1,0,0,NA,0,2004,0, ,NA, ,Alouatta palliata ,Alouatta palliata,6.12,D,40.45,AR,Folivore,49.88,1.703,12,684.37,186,495.6,300,1.02,2.17,Polygyndry,Harem Polygyny, ,2Tropical_and_suptropical_moist_broadleaf_forest,0.319911259,0.79,40.5,0.61,1.54,39.45,1.07,2.54,42,1.63,3.8,42.93,2.2,5.31,41.5,NA,7.07,NA,3.92,9.08,43.16,5.07,11.34,44.73,6.33,13.85,45.71,7.69,16.62,46.27,9.37,19.63,47.72,11.35,22.9,49.58,13.51,26.42,51.12,15.8,30.19,52.34,18.34,34.21,53.61,20.93,38.48,54.38,23.62,43.01,54.91,26.44,47.78,55.33,29.59,52.81,56.04,32.87,58.09,56.59,36.29,63.62,57.04
-1,1957,155,Arroyo-Rodr??Ã­guez et al 2008,Ocurrencias,-95.1145,18.5933,Precise,Mexico,Neotropics,Atelidae,Alouatta,Alouatta palliata mexicana,Alouatta_palliata ,Walk surveys,0,0,0,NA,0,2004,0, ,NA, ,Alouatta palliata ,Alouatta palliata,6.12,D,40.45,AR,Folivore,49.88,1.703,12,684.37,186,495.6,300,1.02,2.17,Polygyndry,Harem Polygyny, ,2Tropical_and_suptropical_moist_broadleaf_forest,0.554674325,0.79,70.21,1.01,1.54,65.43,1.62,2.54,63.79,2.2,3.8,57.8,2.91,5.31,54.87,NA,7.07,NA,4.96,9.08,54.64,6.35,11.34,56.03,7.94,13.85,57.36,9.78,16.62,58.87,11.83,19.63,60.26,13.79,22.9,60.23,15.9,26.42,60.19,18.16,30.19,60.15,20.7,34.21,60.52,23.41,38.48,60.83,26.22,43.01,60.97,29.13,47.78,60.96,32.15,52.81,60.89,35.26,58.09,60.7,38.58,63.62,60.63
-1,1958,155,Arroyo-Rodr??Ã­guez et al 2008,Ocurrencias,-95.1098,18.5967,Precise,Mexico,Neotropics,Atelidae,Alouatta,Alouatta palliata mexicana,Alouatta_palliata ,Walk surveys,1,0,0,NA,0,2004,0, ,NA, ,Alouatta palliata ,Alouatta palliata,6.12,D,40.45,AR,Folivore,49.88,1.703,12,684.37,186,495.6,300,1.02,2.17,Polygyndry,Harem Polygyny, ,2Tropical_and_suptropical_moist_broadleaf_forest,0.570382859,0.79,72.2,0.89,1.54,58,1.15,2.54,45.24,1.66,3.8,43.77,2.45,5.31,46.21,NA,7.07,NA,4.76,9.08,52.44,6.34,11.34,55.9,8.15,13.85,58.84,9.94,16.62,59.83,11.88,19.63,60.53,14.09,22.9,61.53,16.39,26.42,62.02,18.69,30.19,61.9,21.1,34.21,61.69,23.72,38.48,61.65,26.46,43.01,61.53,29.27,47.78,61.27,32.2,52.81,60.98,35.12,58.09,60.46,38.36,63.62,60.3
-1,1959,155,Arroyo-Rodr??Ã­guez et al 2008,Ocurrencias,-95.1158,18.5958,Precise,Mexico,Neotropics,Atelidae,Alouatta,Alouatta palliata mexicana,Alouatta_palliata ,Walk surveys,0,0,0,NA,0,2004,0, ,NA, ,Alouatta palliata ,Alouatta palliata,6.12,D,40.45,AR,Folivore,49.88,1.703,12,684.37,186,495.6,300,1.02,2.17,Polygyndry,Harem Polygyny, ,2Tropical_and_suptropical_moist_broadleaf_forest,0.559735024,0.79,70.85,1.05,1.54,68.42,1.39,2.54,54.61,1.75,3.8,46.02,2.35,5.31,44.32,NA,7.07,NA,4.3,9.08,47.35,5.52,11.34,48.7,7.05,13.85,50.94,8.94,16.62,53.77,10.86,19.63,55.34,12.87,22.9,56.2,14.86,26.42,56.24,17.21,30.19,56.99,19.75,34.21,57.72,22.32,38.48,58,25.03,43.01,58.2,28.09,47.78,58.8,31.12,52.81,58.92,34.19,58.09,58.86,37.48,63.62,58.92
-1,1960,155,Arroyo-Rodr??Ã­guez et al 2008,Ocurrencias,-95.1451,18.5942,Precise,Mexico,Neotropics,Atelidae,Alouatta,Alouatta palliata mexicana,Alouatta_palliata ,Walk surveys,0,0,0,NA,0,2004,0, ,NA, ,Alouatta palliata ,Alouatta palliata,6.12,D,40.45,AR,Folivore,49.88,1.703,12,684.37,186,495.6,300,1.02,2.17,Polygyndry,Harem Polygyny, ,2Tropical_and_suptropical_moist_broadleaf_forest,0.094416154,0.79,11.95,0.15,1.54,9.73,0.3,2.54,11.95,0.46,3.8,12.2,0.67,5.31,12.68,NA,7.07,NA,1.38,9.08,15.15,2.12,11.34,18.71,3.11,13.85,22.45,4.17,16.62,25.11,5.4,19.63,27.53,7.05,22.9,30.8,9.01,26.42,34.1,11.29,30.19,37.41,13.55,34.21,39.61,16.2,38.48,42.09,19.1,43.01,44.41,22.17,47.78,46.41,25.37,52.81,48.05,28.91,58.09,49.77,32.62,63.62,51.27
-1,1961,155,Arroyo-Rodr??Ã­guez et al 2008,Ocurrencias,-95.1219,18.6175,Precise,Mexico,Neotropics,Atelidae,Alouatta,Alouatta palliata mexicana,Alouatta_palliata ,Walk surveys,0,0,0,NA,0,2004,0, ,NA, ,Alouatta palliata ,Alouatta palliata,6.12,D,40.45,AR,Folivore,49.88,1.703,12,684.37,186,495.6,300,1.02,2.17,Polygyndry,Harem Polygyny, ,2Tropical_and_suptropical_moist_broadleaf_forest,0.17876996,0.79,22.63,0.39,1.54,25.5,0.81,2.54,32.07,1.41,3.8,37.11,1.94,5.31,36.62,NA,7.07,NA,3.22,9.08,35.48,4,11.34,35.3,5.07,13.85,36.62,6.45,16.62,38.81,7.88,19.63,40.15,9.42,22.9,41.13,10.9,26.42,41.26,12.58,30.19,41.66,14.45,34.21,42.24,16.52,38.48,42.94,18.95,43.01,44.06,21.72,47.78,45.46,24.65,52.81,46.68,27.49,58.09,47.33,30.41,63.62,47.8
-1,1962,155,Arroyo-Rodr??Ã­guez et al 2008,Ocurrencias,-95.1212,18.6229,Precise,Mexico,Neotropics,Atelidae,Alouatta,Alouatta palliata mexicana,Alouatta_palliata ,Walk surveys,0,0,0,NA,0,2004,0, ,NA, ,Alouatta palliata ,Alouatta palliata,6.12,D,40.45,AR,Folivore,49.88,1.703,12,684.37,186,495.6,300,1.02,2.17,Polygyndry,Harem Polygyny, ,2Tropical_and_suptropical_moist_broadleaf_forest,0.171880568,0.79,21.76,0.46,1.54,29.71,0.89,2.54,35.03,1.63,3.8,42.85,2.46,5.31,46.31,NA,7.07,NA,4.14,9.08,45.64,5.06,11.34,44.59,6.01,13.85,43.4,7.2,16.62,43.3,8.38,19.63,42.69,9.72,22.9,42.42,11.36,26.42,42.99,13.05,30.19,43.22,14.78,34.21,43.21,16.49,38.48,42.85,18.46,43.01,42.91,20.72,47.78,43.36,23.39,52.81,44.28,25.99,58.09,44.75,28.57,63.62,44.91
-1,1963,155,Arroyo-Rodr??Ã­guez et al 2008,Ocurrencias,-95.1251,18.6223,Precise,Mexico,Neotropics,Atelidae,Alouatta,Alouatta palliata mexicana,Alouatta_palliata ,Walk surveys,0,0,0,NA,0,2004,0, ,NA, ,Alouatta palliata ,Alouatta palliata,6.12,D,40.45,AR,Folivore,49.88,1.703,12,684.37,186,495.6,300,1.02,2.17,Polygyndry,Harem Polygyny, ,2Tropical_and_suptropical_moist_broadleaf_forest,0.234916388,0.79,29.74,0.39,1.54,25.28,0.59,2.54,23.15,1.03,3.8,27.22,1.68,5.31,31.59,NA,7.07,NA,3.59,9.08,39.49,4.79,11.34,42.24,5.96,13.85,43.05,6.96,16.62,41.9,8.12,19.63,41.38,9.28,22.9,40.54,10.7,26.42,40.49,12.44,30.19,41.19,14.29,34.21,41.77,16.2,38.48,42.1,18.14,43.01,42.19,20.35,47.78,42.59,22.7,52.81,42.99,25.7,58.09,44.25,28.69,63.62,45.1
-1,1964,155,Arroyo-Rodr??Ã­guez et al 2008,Ocurrencias,-95.1271,18.6228,Precise,Mexico,Neotropics,Atelidae,Alouatta,Alouatta palliata mexicana,Alouatta_palliata ,Walk surveys,0,0,0,NA,0,2004,0, ,NA, ,Alouatta palliata ,Alouatta palliata,6.12,D,40.45,AR,Folivore,49.88,1.703,12,684.37,186,495.6,300,1.02,2.17,Polygyndry,Harem Polygyny, ,2Tropical_and_suptropical_moist_broadleaf_forest,0.225408313,0.79,28.53,0.41,1.54,26.5,0.62,2.54,24.34,0.86,3.8,22.72,1.41,5.31,26.49,NA,7.07,NA,3.47,9.08,38.24,4.73,11.34,41.7,5.86,13.85,42.28,7.09,16.62,42.66,8.18,19.63,41.67,9.23,22.9,40.33,10.56,26.42,39.97,12.24,30.19,40.56,14.11,34.21,41.24,16.08,38.48,41.78,18.1,43.01,42.08,20.18,47.78,42.24,22.62,52.81,42.83,25.11,58.09,43.23,28.01,63.62,44.03
-1,1965,155,Arroyo-Rodr??Ã­guez et al 2008,Ocurrencias,-95.1228,18.6268,Precise,Mexico,Neotropics,Atelidae,Alouatta,Alouatta palliata mexicana,Alouatta_palliata ,Walk surveys,1,0,0,NA,0,2004,0, ,NA, ,Alouatta palliata ,Alouatta palliata,6.12,D,40.45,AR,Folivore,49.88,1.703,12,684.37,186,495.6,300,1.02,2.17,Polygyndry,Harem Polygyny, ,2Tropical_and_suptropical_moist_broadleaf_forest,0.184621796,0.79,23.37,0.53,1.54,34.51,1.03,2.54,40.72,1.64,3.8,43.28,2.43,5.31,45.8,NA,7.07,NA,4.32,9.08,47.54,5.24,11.34,46.22,6.3,13.85,45.49,7.49,16.62,45.08,8.8,19.63,44.83,10.05,22.9,43.89,11.45,26.42,43.35,12.79,30.19,42.36,14.2,34.21,41.51,16.08,38.48,41.8,18.21,43.01,42.33,20.35,47.78,42.59,22.55,52.81,42.69,24.74,58.09,42.58,27.26,63.62,42.85
-1,1966,155,Arroyo-Rodr??Ã­guez et al 2008,Ocurrencias,-95.1177,18.6289,Precise,Mexico,Neotropics,Atelidae,Alouatta,Alouatta palliata mexicana,Alouatta_palliata ,Walk surveys,0,0,0,NA,0,2004,0, ,NA, ,Alouatta palliata ,Alouatta palliata,6.12,D,40.45,AR,Folivore,49.88,1.703,12,684.37,186,495.6,300,1.02,2.17,Polygyndry,Harem Polygyny, ,2Tropical_and_suptropical_moist_broadleaf_forest,0.446139041,0.79,56.47,0.92,1.54,59.75,1.49,2.54,58.67,2.21,3.8,58.11,3.12,5.31,58.82,NA,7.07,NA,4.76,9.08,52.47,5.72,11.34,50.45,6.84,13.85,49.38,7.88,16.62,47.42,8.9,19.63,45.31,9.96,22.9,43.48,11.41,26.42,43.18,13.1,30.19,43.39,14.98,34.21,43.79,16.89,38.48,43.89,18.83,43.01,43.78,20.58,47.78,43.07,22.22,52.81,42.08,23.86,58.09,41.07,25.75,63.62,40.48
-1,1967,155,Arroyo-Rodr??Ã­guez et al 2008,Ocurrencias,-95.1272,18.6323,Precise,Mexico,Neotropics,Atelidae,Alouatta,Alouatta palliata mexicana,Alouatta_palliata ,Walk surveys,1,0,0,NA,0,2004,0, ,NA, ,Alouatta palliata ,Alouatta palliata,6.12,D,40.45,AR,Folivore,49.88,1.703,12,684.37,186,495.6,300,1.02,2.17,Polygyndry,Harem Polygyny, ,2Tropical_and_suptropical_moist_broadleaf_forest,0.469310505,0.79,59.41,0.78,1.54,50.33,1.18,2.54,46.46,1.75,3.8,46.06,2.45,5.31,46.21,NA,7.07,NA,3.99,9.08,43.96,5.05,11.34,44.54,6.36,13.85,45.95,7.79,16.62,46.84,9.1,19.63,46.38,10.37,22.9,45.29,11.73,26.42,44.4,13.04,30.19,43.18,14.5,34.21,42.38,15.94,38.48,41.42,17.53,43.01,40.76,19.54,47.78,40.9,21.89,52.81,41.46,24.13,58.09,41.54,26.2,63.62,41.18
-1,1968,155,Arroyo-Rodr??Ã­guez et al 2008,Ocurrencias,-95.1199,18.6331,Precise,Mexico,Neotropics,Atelidae,Alouatta,Alouatta palliata mexicana,Alouatta_palliata ,Walk surveys,0,0,0,NA,0,2004,0, ,NA, ,Alouatta palliata ,Alouatta palliata,6.12,D,40.45,AR,Folivore,49.88,1.703,12,684.37,186,495.6,300,1.02,2.17,Polygyndry,Harem Polygyny, ,2Tropical_and_suptropical_moist_broadleaf_forest,0.45643443,0.79,57.78,0.89,1.54,57.56,1.54,2.54,60.62,2.22,3.8,58.38,2.91,5.31,54.85,NA,7.07,NA,4.59,9.08,50.52,5.54,11.34,48.88,6.41,13.85,46.27,7.39,16.62,44.44,8.69,19.63,44.24,9.96,22.9,43.49,11.23,26.42,42.5,12.66,30.19,41.95,14.29,34.21,41.76,15.98,38.48,41.52,17.65,43.01,41.03,19.54,47.78,40.9,21.69,52.81,41.06,23.7,58.09,40.79,25.6,63.62,40.23
-1,1969,155,Arroyo-Rodr??Ã­guez et al 2008,Ocurrencias,-95.1215,18.6385,Precise,Mexico,Neotropics,Atelidae,Alouatta,Alouatta palliata mexicana,Alouatta_palliata ,Walk surveys,0,0,0,NA,0,2004,0, ,NA, ,Alouatta palliata ,Alouatta palliata,6.12,D,40.45,AR,Folivore,49.88,1.703,12,684.37,186,495.6,300,1.02,2.17,Polygyndry,Harem Polygyny, ,2Tropical_and_suptropical_moist_broadleaf_forest,0.414025802,0.79,52.41,0.82,1.54,53,1.32,2.54,52.14,1.98,3.8,52.16,2.76,5.31,52.04,NA,7.07,NA,4.15,9.08,45.66,5.02,11.34,44.24,6,13.85,43.29,6.99,16.62,42.04,8.15,19.63,41.5,9.39,22.9,40.99,10.63,26.42,40.23,11.97,30.19,39.64,13.43,34.21,39.26,15.09,38.48,39.22,16.87,43.01,39.22,18.78,47.78,39.31,20.74,52.81,39.27,22.66,58.09,39.01,24.35,63.62,38.27
-1,1970,155,Arroyo-Rodr??Ã­guez et al 2008,Ocurrencias,-95.1183,18.6377,Precise,Mexico,Neotropics,Atelidae,Alouatta,Alouatta palliata mexicana,Alouatta_palliata ,Walk surveys,0,0,0,NA,0,2004,0, ,NA, ,Alouatta palliata ,Alouatta palliata,6.12,D,40.45,AR,Folivore,49.88,1.703,12,684.37,186,495.6,300,1.02,2.17,Polygyndry,Harem Polygyny, ,2Tropical_and_suptropical_moist_broadleaf_forest,0.477987009,0.79,60.5,0.93,1.54,60.2,1.41,2.54,55.62,2.06,3.8,54.14,2.78,5.31,52.29,NA,7.07,NA,4.35,9.08,47.89,5.14,11.34,45.3,5.98,13.85,43.17,6.95,16.62,41.8,7.92,19.63,40.35,9.16,22.9,39.98,10.69,26.42,40.47,12.31,30.19,40.78,13.78,34.21,40.27,15.29,38.48,39.74,16.91,43.01,39.31,18.64,47.78,39,20.43,52.81,38.68,22.17,58.09,38.16,24.04,63.62,37.78
-1,1971,155,Arroyo-Rodr??Ã­guez et al 2008,Ocurrencias,-95.0962,18.6055,Precise,Mexico,Neotropics,Atelidae,Alouatta,Alouatta palliata mexicana,Alouatta_palliata ,Walk surveys,1,0,0,NA,0,2004,0, ,NA, ,Alouatta palliata ,Alouatta palliata,6.12,D,40.45,AR,Folivore,49.88,1.703,12,684.37,186,495.6,300,1.02,2.17,Polygyndry,Harem Polygyny, ,2Tropical_and_suptropical_moist_broadleaf_forest,0.667977319,0.79,84.55,1.23,1.54,79.96,1.91,2.54,75.22,2.68,3.8,70.52,3.61,5.31,67.94,NA,7.07,NA,5.55,9.08,61.14,6.8,11.34,60.01,8.44,13.85,60.91,10.32,16.62,62.11,12.22,19.63,62.25,14.17,22.9,61.89,16.41,26.42,62.11,18.77,30.19,62.19,21.16,34.21,61.85,23.67,38.48,61.52,26.27,43.01,61.07,28.86,47.78,60.4,31.39,52.81,59.44,34.15,58.09,58.79,36.7,63.62,57.69
-1,1972,155,Arroyo-Rodr??Ã­guez et al 2008,Ocurrencias,-95.1094,18.6214,Precise,Mexico,Neotropics,Atelidae,Alouatta,Alouatta palliata mexicana,Alouatta_palliata ,Walk surveys,1,0,0,NA,0,2004,0, ,NA, ,Alouatta palliata ,Alouatta palliata,6.12,D,40.45,AR,Folivore,49.88,1.703,12,684.37,186,495.6,300,1.02,2.17,Polygyndry,Harem Polygyny, ,2Tropical_and_suptropical_moist_broadleaf_forest,0.560895378,0.79,71,1.06,1.54,68.9,1.8,2.54,70.74,2.54,3.8,66.81,3.33,5.31,62.79,NA,7.07,NA,5.21,9.08,57.43,6.34,11.34,55.92,7.47,13.85,53.9,8.89,16.62,53.49,10.41,19.63,53.04,12.07,22.9,52.72,13.8,26.42,52.23,15.34,30.19,50.8,16.95,34.21,49.55,18.73,38.48,48.66,20.25,43.01,47.07,21.66,47.78,45.33,23.42,52.81,44.35,25.52,58.09,43.93,27.71,63.62,43.56
-1,1973,155,Arroyo-Rodr??Ã­guez et al 2008,Ocurrencias,-95.0868,18.6403,Precise,Mexico,Neotropics,Atelidae,Alouatta,Alouatta palliata mexicana,Alouatta_palliata ,Walk surveys,1,0,0,NA,0,2004,0, ,NA, ,Alouatta palliata ,Alouatta palliata,6.12,D,40.45,AR,Folivore,49.88,1.703,12,684.37,186,495.6,300,1.02,2.17,Polygyndry,Harem Polygyny, ,2Tropical_and_suptropical_moist_broadleaf_forest,0.670078044,0.79,84.82,1.14,1.54,73.99,1.56,2.54,61.29,1.96,3.8,51.59,2.35,5.31,44.19,NA,7.07,NA,3.26,9.08,35.86,3.77,11.34,33.21,4.3,13.85,31.01,4.89,16.62,29.45,5.72,19.63,29.15,6.53,22.9,28.51,7.49,26.42,28.37,8.43,30.19,27.93,9.52,34.21,27.83,10.71,38.48,27.83,11.84,43.01,27.53,12.88,47.78,26.96,13.85,52.81,26.23,15.02,58.09,25.85,16.36,63.62,25.71
-1,1974,155,Arroyo-Rodr??Ã­guez et al 2008,Ocurrencias,-95.0892,18.6244,Precise,Mexico,Neotropics,Atelidae,Alouatta,Alouatta palliata mexicana,Alouatta_palliata ,Walk surveys,1,0,0,NA,0,2004,0, ,NA, ,Alouatta palliata ,Alouatta palliata,6.12,D,40.45,AR,Folivore,49.88,1.703,12,684.37,186,495.6,300,1.02,2.17,Polygyndry,Harem Polygyny, ,2Tropical_and_suptropical_moist_broadleaf_forest,0.726752455,0.79,91.99,1.3,1.54,84.67,2.01,2.54,78.95,2.76,3.8,72.54,3.63,5.31,68.45,NA,7.07,NA,5.75,9.08,63.37,6.96,11.34,61.4,8.35,13.85,60.32,9.52,16.62,57.3,10.61,19.63,54.04,12.06,22.9,52.66,13.5,26.42,51.1,14.74,30.19,48.82,15.81,34.21,46.23,16.9,38.48,43.93,18.07,43.01,42.01,19.25,47.78,40.3,20.45,52.81,38.72,21.83,58.09,37.58,23.4,63.62,36.78
-1,1975,155,Arroyo-Rodr??Ã­guez et al 2008,Ocurrencias,-95.058,18.5846,Precise,Mexico,Neotropics,Atelidae,Alouatta,Alouatta palliata mexicana,Alouatta_palliata ,Walk surveys,0,0,0,NA,0,2004,0, ,NA, ,Alouatta palliata ,Alouatta palliata,6.12,D,40.45,AR,Folivore,49.88,1.703,12,684.37,186,495.6,300,1.02,2.17,Polygyndry,Harem Polygyny, ,2Tropical_and_suptropical_moist_broadleaf_forest,0.485238779,0.79,61.42,0.97,1.54,62.7,1.6,2.54,63.06,2.44,3.8,64.23,3.38,5.31,63.7,NA,7.07,NA,5.2,9.08,57.3,6.23,11.34,54.93,7.31,13.85,52.77,8.31,16.62,49.97,9.51,19.63,48.43,10.77,22.9,47.03,12.03,26.42,45.54,13.34,30.19,44.2,14.9,34.21,43.56,16.62,38.48,43.18,18.49,43.01,42.99,20.44,47.78,42.79,22.45,52.81,42.51,24.65,58.09,42.43,26.93,63.62,42.32
-1,1976,155,Arroyo-Rodr??Ã­guez et al 2008,Ocurrencias,-95.0854,18.6003,Precise,Mexico,Neotropics,Atelidae,Alouatta,Alouatta palliata mexicana,Alouatta_palliata ,Walk surveys,1,0,0,NA,0,2004,0, ,NA, ,Alouatta palliata ,Alouatta palliata,6.12,D,40.45,AR,Folivore,49.88,1.703,12,684.37,186,495.6,300,1.02,2.17,Polygyndry,Harem Polygyny, ,2Tropical_and_suptropical_moist_broadleaf_forest,0.590177293,0.79,74.71,1.01,1.54,65.66,1.65,2.54,65.14,2.5,3.8,65.71,3.54,5.31,66.68,NA,7.07,NA,5.82,9.08,64.13,7.21,11.34,63.59,8.97,13.85,64.77,10.91,16.62,65.66,13.09,19.63,66.68,15.29,22.9,66.76,17.64,26.42,66.76,20.01,30.19,66.26,22.21,34.21,64.93,24.38,38.48,63.35,26.81,43.01,62.34,29.13,47.78,60.96,31.45,52.81,59.55,33.75,58.09,58.1,36.15,63.62,56.82
-1,1977,155,Arroyo-Rodr??Ã­guez et al 2008,Ocurrencias,-94.8335,18.539,Precise,Mexico,Neotropics,Atelidae,Alouatta,Alouatta palliata mexicana,Alouatta_palliata ,Walk surveys,1,0,0,NA,0,2004,0, ,NA, ,Alouatta palliata ,Alouatta palliata,6.12,D,40.45,AR,Folivore,49.88,1.703,12,684.37,186,495.6,300,1.02,2.17,Polygyndry,Harem Polygyny, ,2Tropical_and_suptropical_moist_broadleaf_forest,0.519435405,0.79,65.75,0.74,1.54,47.89,0.97,2.54,38.18,1.21,3.8,31.81,1.41,5.31,26.64,NA,7.07,NA,1.83,9.08,20.1,2.04,11.34,18.01,2.29,13.85,16.53,2.54,16.62,15.28,2.87,19.63,14.61,3.25,22.9,14.21,3.55,26.42,13.43,3.86,30.19,12.79,4.2,34.21,12.28,4.58,38.48,11.91,5.13,43.01,11.92,5.68,47.78,11.88,6.19,52.81,11.71,6.75,58.09,11.61,7.33,63.62,11.52
-1,1978,155,Arroyo-Rodr??Ã­guez et al 2008,Ocurrencias,-94.8155,18.5346,Precise,Mexico,Neotropics,Atelidae,Alouatta,Alouatta palliata mexicana,Alouatta_palliata ,Walk surveys,0,0,0,NA,0,2004,0, ,NA, ,Alouatta palliata ,Alouatta palliata,6.12,D,40.45,AR,Folivore,49.88,1.703,12,684.37,186,495.6,300,1.02,2.17,Polygyndry,Harem Polygyny, ,2Tropical_and_suptropical_moist_broadleaf_forest,0.431785104,0.79,54.66,0.6,1.54,39.02,0.8,2.54,31.41,1.06,3.8,27.98,1.3,5.31,24.55,NA,7.07,NA,1.79,9.08,19.75,1.99,11.34,17.54,2.34,13.85,16.93,2.66,16.62,16,2.93,19.63,14.95,3.22,22.9,14.05,3.48,26.42,13.17,3.73,30.19,12.34,4.05,34.21,11.83,4.3,38.48,11.19,4.49,43.01,10.44,4.74,47.78,9.93,5.17,52.81,9.79,5.48,58.09,9.44,5.89,63.62,9.25
-1,1979,155,Arroyo-Rodr??Ã­guez et al 2008,Ocurrencias,-94.8068,18.5269,Precise,Mexico,Neotropics,Atelidae,Alouatta,Alouatta palliata mexicana,Alouatta_palliata ,Walk surveys,0,0,0,NA,0,2004,0, ,NA, ,Alouatta palliata ,Alouatta palliata,6.12,D,40.45,AR,Folivore,49.88,1.703,12,684.37,186,495.6,300,1.02,2.17,Polygyndry,Harem Polygyny, ,2Tropical_and_suptropical_moist_broadleaf_forest,0.260144305,0.79,32.93,0.42,1.54,27.04,0.64,2.54,25.07,0.88,3.8,23.13,1.16,5.31,21.8,NA,7.07,NA,1.62,9.08,17.89,1.86,11.34,16.43,2.15,13.85,15.52,2.36,16.62,14.23,2.63,19.63,13.42,2.92,22.9,12.77,3.21,26.42,12.14,3.65,30.19,12.07,4.04,34.21,11.8,4.5,38.48,11.69,4.88,43.01,11.33,5.12,47.78,10.72,5.3,52.81,10.04,5.59,58.09,9.63,6.06,63.62,9.52
-1,1980,155,Arroyo-Rodr??Ã­guez et al 2008,Ocurrencias,-94.8471,18.5073,Precise,Mexico,Neotropics,Atelidae,Alouatta,Alouatta palliata mexicana,Alouatta_palliata ,Walk surveys,0,0,0,NA,0,2004,0, ,NA, ,Alouatta palliata ,Alouatta palliata,6.12,D,40.45,AR,Folivore,49.88,1.703,12,684.37,186,495.6,300,1.02,2.17,Polygyndry,Harem Polygyny, ,2Tropical_and_suptropical_moist_broadleaf_forest,0.141694041,0.79,17.94,0.35,1.54,22.68,0.66,2.54,26.06,0.93,3.8,24.36,1.29,5.31,24.26,NA,7.07,NA,2.37,9.08,26.1,2.86,11.34,25.24,3.46,13.85,24.95,4,16.62,24.05,4.55,19.63,23.16,5.29,22.9,23.11,6.07,26.42,22.97,7.02,30.19,23.26,8.08,34.21,23.62,9.28,38.48,24.13,10.92,43.01,25.4,13.12,47.78,27.46,15.29,52.81,28.95,17.39,58.09,29.94,19.7,63.62,30.96
-1,1981,155,Arroyo-Rodr??Ã­guez et al 2008,Ocurrencias,-94.8162,18.4777,Precise,Mexico,Neotropics,Atelidae,Alouatta,Alouatta palliata mexicana,Alouatta_palliata ,Walk surveys,0,0,0,NA,0,2004,0, ,NA, ,Alouatta palliata ,Alouatta palliata,6.12,D,40.45,AR,Folivore,49.88,1.703,12,684.37,186,495.6,300,1.02,2.17,Polygyndry,Harem Polygyny, ,2Tropical_and_suptropical_moist_broadleaf_forest,0.259191333,0.79,32.81,0.48,1.54,30.99,0.71,2.54,27.79,1.08,3.8,28.31,1.59,5.31,29.91,NA,7.07,NA,2.34,9.08,25.75,2.79,11.34,24.62,3.34,13.85,24.13,4.07,16.62,24.51,4.78,19.63,24.34,5.6,22.9,24.47,6.49,26.42,24.58,7.47,30.19,24.73,8.68,34.21,25.37,10.03,38.48,26.07,11.64,43.01,27.07,13.21,47.78,27.64,14.7,52.81,27.83,16.26,58.09,27.99,17.93,63.62,28.18
-1,1982,155,Arroyo-Rodr??Ã­guez et al 2008,Ocurrencias,-94.8224,18.4781,Precise,Mexico,Neotropics,Atelidae,Alouatta,Alouatta palliata mexicana,Alouatta_palliata ,Walk surveys,0,0,0,NA,0,2004,0, ,NA, ,Alouatta palliata ,Alouatta palliata,6.12,D,40.45,AR,Folivore,49.88,1.703,12,684.37,186,495.6,300,1.02,2.17,Polygyndry,Harem Polygyny, ,2Tropical_and_suptropical_moist_broadleaf_forest,0.149877538,0.79,18.97,0.4,1.54,25.75,0.65,2.54,25.58,1.03,3.8,27.22,1.47,5.31,27.75,NA,7.07,NA,2.4,9.08,26.42,2.83,11.34,24.95,3.47,13.85,25.02,4.18,16.62,25.17,4.93,19.63,25.1,5.89,22.9,25.74,6.96,26.42,26.34,8.17,30.19,27.07,9.56,34.21,27.94,10.94,38.48,28.42,12.38,43.01,28.79,14.17,47.78,29.66,16.05,52.81,30.38,17.92,58.09,30.84,20.15,63.62,31.68
-1,1983,155,Arroyo-Rodr??Ã­guez et al 2008,Ocurrencias,-94.8266,18.4905,Precise,Mexico,Neotropics,Atelidae,Alouatta,Alouatta palliata mexicana,Alouatta_palliata ,Walk surveys,0,0,0,NA,0,2004,0, ,NA, ,Alouatta palliata ,Alouatta palliata,6.12,D,40.45,AR,Folivore,49.88,1.703,12,684.37,186,495.6,300,1.02,2.17,Polygyndry,Harem Polygyny, ,2Tropical_and_suptropical_moist_broadleaf_forest,0.074529819,0.79,9.43,0.16,1.54,10.31,0.31,2.54,12.01,0.48,3.8,12.54,0.6,5.31,11.29,NA,7.07,NA,0.97,9.08,10.69,1.25,11.34,10.98,1.67,13.85,12.09,2.34,16.62,14.05,3.3,19.63,16.82,4.23,22.9,18.46,5.18,26.42,19.59,6.41,30.19,21.24,7.64,34.21,22.34,8.92,38.48,23.18,10.36,43.01,24.09,12.09,47.78,25.31,13.99,52.81,26.5,16.06,58.09,27.65,18.12,63.62,28.48
-1,1984,155,Arroyo-Rodr??Ã­guez et al 2008,Ocurrencias,-94.7839,18.4905,Precise,Mexico,Neotropics,Atelidae,Alouatta,Alouatta palliata mexicana,Alouatta_palliata ,Walk surveys,0,0,0,NA,0,2004,0, ,NA, ,Alouatta palliata ,Alouatta palliata,6.12,D,40.45,AR,Folivore,49.88,1.703,12,684.37,186,495.6,300,1.02,2.17,Polygyndry,Harem Polygyny, ,2Tropical_and_suptropical_moist_broadleaf_forest,0.082762835,0.79,10.48,0.13,1.54,8.16,0.18,2.54,6.94,0.22,3.8,5.76,0.29,5.31,5.51,NA,7.07,NA,0.65,9.08,7.15,0.78,11.34,6.87,1.02,13.85,7.34,1.26,16.62,7.61,1.55,19.63,7.91,1.88,22.9,8.23,2.22,26.42,8.4,2.48,30.19,8.21,2.92,34.21,8.52,3.43,38.48,8.92,3.9,43.01,9.08,4.55,47.78,9.52,5.26,52.81,9.97,6.01,58.09,10.35,6.73,63.62,10.58
-1,1985,155,Arroyo-Rodr??Ã­guez et al 2008,Ocurrencias,-94.7975,18.4836,Precise,Mexico,Neotropics,Atelidae,Alouatta,Alouatta palliata mexicana,Alouatta_palliata ,Walk surveys,0,0,0,NA,0,2004,0, ,NA, ,Alouatta palliata ,Alouatta palliata,6.12,D,40.45,AR,Folivore,49.88,1.703,12,684.37,186,495.6,300,1.02,2.17,Polygyndry,Harem Polygyny, ,2Tropical_and_suptropical_moist_broadleaf_forest,0.022470164,0.79,2.84,0.04,1.54,2.92,0.1,2.54,4.08,0.21,3.8,5.51,0.32,5.31,5.93,NA,7.07,NA,1.05,9.08,11.62,1.62,11.34,14.32,2.27,13.85,16.38,2.76,16.62,16.61,3.28,19.63,16.72,3.86,22.9,16.85,4.52,26.42,17.11,5.26,30.19,17.43,6.17,34.21,18.03,6.94,38.48,18.04,7.76,43.01,18.04,8.6,47.78,18,9.42,52.81,17.83,10.05,58.09,17.3,10.78,63.62,16.95
-1,1986,155,Arroyo-Rodr??Ã­guez et al 2008,Ocurrencias,-94.8006,18.4838,Precise,Mexico,Neotropics,Atelidae,Alouatta,Alouatta palliata mexicana,Alouatta_palliata ,Walk surveys,0,0,0,NA,0,2004,0, ,NA, ,Alouatta palliata ,Alouatta palliata,6.12,D,40.45,AR,Folivore,49.88,1.703,12,684.37,186,495.6,300,1.02,2.17,Polygyndry,Harem Polygyny, ,2Tropical_and_suptropical_moist_broadleaf_forest,0.022073972,0.79,2.79,0.02,1.54,1.56,0.09,2.54,3.72,0.19,3.8,4.91,0.38,5.31,7.17,NA,7.07,NA,1.22,9.08,13.42,1.85,11.34,16.33,2.43,13.85,17.54,2.91,16.62,17.49,3.51,19.63,17.88,4.18,22.9,18.24,4.98,26.42,18.86,5.68,30.19,18.81,6.43,34.21,18.8,7.28,38.48,18.91,8.22,43.01,19.12,9.04,47.78,18.92,9.74,52.81,18.44,10.47,58.09,18.03,11.29,63.62,17.75
-1,1987,155,Arroyo-Rodr??Ã­guez et al 2008,Ocurrencias,-94.7945,18.4902,Precise,Mexico,Neotropics,Atelidae,Alouatta,Alouatta palliata mexicana,Alouatta_palliata ,Walk surveys,0,0,0,NA,0,2004,0, ,NA, ,Alouatta palliata ,Alouatta palliata,6.12,D,40.45,AR,Folivore,49.88,1.703,12,684.37,186,495.6,300,1.02,2.17,Polygyndry,Harem Polygyny, ,2Tropical_and_suptropical_moist_broadleaf_forest,0.113359272,0.79,14.35,0.14,1.54,9.26,0.23,2.54,9.16,0.4,3.8,10.57,0.56,5.31,10.45,NA,7.07,NA,1.08,9.08,11.92,1.41,11.34,12.41,1.64,13.85,11.86,2,16.62,12.03,2.52,19.63,12.84,2.98,22.9,13.03,3.43,26.42,13,3.91,30.19,12.94,4.57,34.21,13.36,5.26,38.48,13.68,5.9,43.01,13.72,6.56,47.78,13.72,7.39,52.81,13.98,8.22,58.09,14.16,9.05,63.62,14.22
-1,1988,155,Arroyo-Rodr??Ã­guez et al 2008,Ocurrencias,-94.8438,18.4875,Precise,Mexico,Neotropics,Atelidae,Alouatta,Alouatta palliata mexicana,Alouatta_palliata ,Walk surveys,0,0,0,NA,0,2004,0, ,NA, ,Alouatta palliata ,Alouatta palliata,6.12,D,40.45,AR,Folivore,49.88,1.703,12,684.37,186,495.6,300,1.02,2.17,Polygyndry,Harem Polygyny, ,2Tropical_and_suptropical_moist_broadleaf_forest,0.272180176,0.79,34.45,0.52,1.54,34.08,0.74,2.54,29.25,0.98,3.8,25.79,1.29,5.31,24.33,NA,7.07,NA,2.38,9.08,26.2,3,11.34,26.47,3.82,13.85,27.58,4.97,16.62,29.88,6.14,19.63,31.27,7.45,22.9,32.54,9.02,26.42,34.13,10.65,30.19,35.29,12.34,34.21,36.07,14.08,38.48,36.58,15.98,43.01,37.15,18.13,47.78,37.95,20.44,52.81,38.71,22.87,58.09,39.38,25.3,63.62,39.76
-1,1989,155,Arroyo-Rodr??Ã­guez et al 2008,Ocurrencias,-94.8557,18.5259,Precise,Mexico,Neotropics,Atelidae,Alouatta,Alouatta palliata mexicana,Alouatta_palliata ,Walk surveys,0,0,0,NA,0,2004,0, ,NA, ,Alouatta palliata ,Alouatta palliata,6.12,D,40.45,AR,Folivore,49.88,1.703,12,684.37,186,495.6,300,1.02,2.17,Polygyndry,Harem Polygyny, ,2Tropical_and_suptropical_moist_broadleaf_forest,0.171757426,0.79,21.74,0.29,1.54,18.89,0.55,2.54,21.73,0.94,3.8,24.64,1.29,5.31,24.32,NA,7.07,NA,2.12,9.08,23.32,2.53,11.34,22.31,3.21,13.85,23.19,4.16,16.62,25.01,5.11,19.63,26.05,6.15,22.9,26.86,7.13,26.42,26.98,8.07,30.19,26.74,9.08,34.21,26.55,10.15,38.48,26.39,11.34,43.01,26.37,12.6,47.78,26.37,13.96,52.81,26.43,15.44,58.09,26.57,16.86,63.62,26.5
-1,1990,155,Arroyo-Rodr??Ã­guez et al 2008,Ocurrencias,-94.8546,18.5177,Precise,Mexico,Neotropics,Atelidae,Alouatta,Alouatta palliata mexicana,Alouatta_palliata ,Walk surveys,0,0,0,NA,0,2004,0, ,NA, ,Alouatta palliata ,Alouatta palliata,6.12,D,40.45,AR,Folivore,49.88,1.703,12,684.37,186,495.6,300,1.02,2.17,Polygyndry,Harem Polygyny, ,2Tropical_and_suptropical_moist_broadleaf_forest,0.305451874,0.79,38.66,0.63,1.54,41.04,1.06,2.54,41.7,1.35,3.8,35.62,1.62,5.31,30.44,NA,7.07,NA,2.61,9.08,28.75,3.11,11.34,27.45,3.69,13.85,26.62,4.31,16.62,25.95,5.07,19.63,25.84,5.82,22.9,25.43,6.78,26.42,25.67,8.07,30.19,26.72,9.46,34.21,27.66,10.94,38.48,28.44,12.53,43.01,29.13,13.99,47.78,29.27,15.56,52.81,29.47,17.24,58.09,29.67,19.1,63.62,30.02
-1,1991,155,Arroyo-Rodr??Ã­guez et al 2008,Ocurrencias,-94.8468,18.515,Precise,Mexico,Neotropics,Atelidae,Alouatta,Alouatta palliata mexicana,Alouatta_palliata ,Walk surveys,0,0,0,NA,0,2004,0, ,NA, ,Alouatta palliata ,Alouatta palliata,6.12,D,40.45,AR,Folivore,49.88,1.703,12,684.37,186,495.6,300,1.02,2.17,Polygyndry,Harem Polygyny, ,2Tropical_and_suptropical_moist_broadleaf_forest,0.169017616,0.79,21.39,0.34,1.54,22.35,0.56,2.54,22.12,0.89,3.8,23.52,1.29,5.31,24.37,NA,7.07,NA,2.28,9.08,25.12,2.56,11.34,22.61,2.92,13.85,21.1,3.44,16.62,20.68,4.08,19.63,20.76,4.77,22.9,20.82,5.7,26.42,21.58,6.83,30.19,22.62,7.89,34.21,23.07,8.98,38.48,23.33,10.5,43.01,24.42,12.13,47.78,25.39,13.97,52.81,26.45,15.76,58.09,27.14,17.66,63.62,27.76
-1,1992,155,Arroyo-Rodr??Ã­guez et al 2008,Ocurrencias,-94.8505,18.5151,Precise,Mexico,Neotropics,Atelidae,Alouatta,Alouatta palliata mexicana,Alouatta_palliata ,Walk surveys,0,0,0,NA,0,2004,0, ,NA, ,Alouatta palliata ,Alouatta palliata,6.12,D,40.45,AR,Folivore,49.88,1.703,12,684.37,186,495.6,300,1.02,2.17,Polygyndry,Harem Polygyny, ,2Tropical_and_suptropical_moist_broadleaf_forest,0.201031005,0.79,25.45,0.48,1.54,31.24,0.83,2.54,32.54,1.29,3.8,33.97,1.72,5.31,32.49,NA,7.07,NA,2.35,9.08,25.91,2.82,11.34,24.9,3.31,13.85,23.92,3.92,16.62,23.58,4.61,19.63,23.5,5.29,22.9,23.11,6.14,26.42,23.22,7.25,30.19,24.01,8.4,34.21,24.55,9.74,38.48,25.32,11.35,43.01,26.39,13.17,47.78,27.57,14.98,52.81,28.36,16.86,58.09,29.03,18.7,63.62,29.39
-1,1993,155,Arroyo-Rodr??Ã­guez et al 2008,Ocurrencias,-94.8511,18.5138,Precise,Mexico,Neotropics,Atelidae,Alouatta,Alouatta palliata mexicana,Alouatta_palliata ,Walk surveys,0,0,0,NA,0,2004,0, ,NA, ,Alouatta palliata ,Alouatta palliata,6.12,D,40.45,AR,Folivore,49.88,1.703,12,684.37,186,495.6,300,1.02,2.17,Polygyndry,Harem Polygyny, ,2Tropical_and_suptropical_moist_broadleaf_forest,0.220469461,0.79,27.91,0.49,1.54,31.51,0.93,2.54,36.52,1.37,3.8,36.06,1.78,5.31,33.61,NA,7.07,NA,2.4,9.08,26.46,2.89,11.34,25.45,3.46,13.85,24.99,4.08,16.62,24.53,4.8,19.63,24.48,5.52,22.9,24.1,6.21,26.42,23.5,7.23,30.19,23.95,8.55,34.21,25,10.09,38.48,26.21,11.75,43.01,27.31,13.39,47.78,28.02,15.33,52.81,29.03,17.35,58.09,29.86,19.29,63.62,30.32
-1,1994,155,Arroyo-Rodr??Ã­guez et al 2008,Ocurrencias,-94.8502,18.5117,Precise,Mexico,Neotropics,Atelidae,Alouatta,Alouatta palliata mexicana,Alouatta_palliata ,Walk surveys,1,0,0,NA,0,2004,0, ,NA, ,Alouatta palliata ,Alouatta palliata,6.12,D,40.45,AR,Folivore,49.88,1.703,12,684.37,186,495.6,300,1.02,2.17,Polygyndry,Harem Polygyny, ,2Tropical_and_suptropical_moist_broadleaf_forest,0.193407063,0.79,24.48,0.47,1.54,30.43,0.84,2.54,32.95,1.35,3.8,35.47,1.72,5.31,32.31,NA,7.07,NA,2.45,9.08,26.96,2.91,11.34,25.7,3.45,13.85,24.93,4.08,16.62,24.53,4.76,19.63,24.26,5.57,22.9,24.31,6.27,26.42,23.75,7.07,30.19,23.41,8.28,34.21,24.21,9.91,38.48,25.76,11.61,43.01,26.98,13.36,47.78,27.96,15.4,52.81,29.16,17.62,58.09,30.34,19.57,63.62,30.77
-1,1995,155,Arroyo-Rodr??Ã­guez et al 2008,Ocurrencias,-94.8552,18.5117,Precise,Mexico,Neotropics,Atelidae,Alouatta,Alouatta palliata mexicana,Alouatta_palliata ,Walk surveys,1,0,0,NA,0,2004,0, ,NA, ,Alouatta palliata ,Alouatta palliata,6.12,D,40.45,AR,Folivore,49.88,1.703,12,684.37,186,495.6,300,1.02,2.17,Polygyndry,Harem Polygyny, ,2Tropical_and_suptropical_moist_broadleaf_forest,0.409356378,0.79,51.82,0.77,1.54,50.22,1.1,2.54,43.13,1.45,3.8,38.25,1.9,5.31,35.74,NA,7.07,NA,2.8,9.08,30.86,3.39,11.34,29.86,4.08,13.85,29.44,4.75,16.62,28.56,5.45,19.63,27.76,6.25,22.9,27.3,7.31,26.42,27.67,8.59,30.19,28.44,9.98,34.21,29.18,11.46,38.48,29.79,13.23,43.01,30.76,15.04,47.78,31.49,16.71,52.81,31.64,18.63,58.09,32.07,20.76,63.62,32.63
-1,1996,155,Arroyo-Rodr??Ã­guez et al 2008,Ocurrencias,-94.8192,18.4723,Precise,Mexico,Neotropics,Atelidae,Alouatta,Alouatta palliata mexicana,Alouatta_palliata ,Walk surveys,0,0,0,NA,0,2004,0, ,NA, ,Alouatta palliata ,Alouatta palliata,6.12,D,40.45,AR,Folivore,49.88,1.703,12,684.37,186,495.6,300,1.02,2.17,Polygyndry,Harem Polygyny, ,2Tropical_and_suptropical_moist_broadleaf_forest,0.27486226,0.79,34.79,0.63,1.54,40.79,1.1,2.54,43.34,1.6,3.8,42.02,2.02,5.31,38.02,NA,7.07,NA,3.16,9.08,34.78,3.74,11.34,32.97,4.44,13.85,32.05,5.13,16.62,30.85,5.98,19.63,30.44,6.82,22.9,29.78,7.63,26.42,28.9,8.77,30.19,29.04,10.22,34.21,29.87,11.81,38.48,30.7,13.5,43.01,31.38,15.12,47.78,31.64,16.73,52.81,31.68,18.62,58.09,32.06,20.48,63.62,32.19
-1,1997,155,Arroyo-Rodr??Ã­guez et al 2008,Ocurrencias,-94.8428,18.5295,Precise,Mexico,Neotropics,Atelidae,Alouatta,Alouatta palliata mexicana,Alouatta_palliata ,Walk surveys,0,0,0,NA,0,2004,0, ,NA, ,Alouatta palliata ,Alouatta palliata,6.12,D,40.45,AR,Folivore,49.88,1.703,12,684.37,186,495.6,300,1.02,2.17,Polygyndry,Harem Polygyny, ,2Tropical_and_suptropical_moist_broadleaf_forest,0.085739907,0.79,10.85,0.23,1.54,14.84,0.34,2.54,13.45,0.55,3.8,14.48,0.93,5.31,17.55,NA,7.07,NA,1.95,9.08,21.51,2.41,11.34,21.28,2.79,13.85,20.14,3.33,16.62,20.06,3.87,19.63,19.69,4.35,22.9,18.98,4.93,26.42,18.67,5.45,30.19,18.04,6.09,34.21,17.8,6.93,38.48,18.01,7.97,43.01,18.53,8.97,47.78,18.78,9.96,52.81,18.86,10.96,58.09,18.87,12.06,63.62,18.96
-1,1998,155,Arroyo-Rodr??Ã­guez et al 2008,Ocurrencias,-94.7862,18.4982,Precise,Mexico,Neotropics,Atelidae,Alouatta,Alouatta palliata mexicana,Alouatta_palliata ,Walk surveys,0,0,0,NA,0,2004,0, ,NA, ,Alouatta palliata ,Alouatta palliata,6.12,D,40.45,AR,Folivore,49.88,1.703,12,684.37,186,495.6,300,1.02,2.17,Polygyndry,Harem Polygyny, ,2Tropical_and_suptropical_moist_broadleaf_forest,0.054291446,0.79,6.87,0.16,1.54,10.56,0.26,2.54,10.06,0.4,3.8,10.4,0.53,5.31,10.02,NA,7.07,NA,0.81,9.08,8.93,0.93,11.34,8.22,1.08,13.85,7.81,1.23,16.62,7.4,1.47,19.63,7.48,1.78,22.9,7.75,2.04,26.42,7.71,2.32,30.19,7.68,2.81,34.21,8.22,3.31,38.48,8.6,3.74,43.01,8.68,4.15,47.78,8.68,4.78,52.81,9.06,5.35,58.09,9.22,5.86,63.62,9.21
-1,1999,155,Arroyo-Rodr??Ã­guez et al 2008,Ocurrencias,-94.791,18.4891,Precise,Mexico,Neotropics,Atelidae,Alouatta,Alouatta palliata mexicana,Alouatta_palliata ,Walk surveys,0,0,0,NA,0,2004,0, ,NA, ,Alouatta palliata ,Alouatta palliata,6.12,D,40.45,AR,Folivore,49.88,1.703,12,684.37,186,495.6,300,1.02,2.17,Polygyndry,Harem Polygyny, ,2Tropical_and_suptropical_moist_broadleaf_forest,0.134949858,0.79,17.08,0.18,1.54,11.52,0.23,2.54,9.16,0.34,3.8,9.02,0.47,5.31,8.78,NA,7.07,NA,0.79,9.08,8.72,1.17,11.34,10.29,1.53,13.85,11.02,1.99,16.62,12,2.22,19.63,11.33,2.57,22.9,11.22,3.04,26.42,11.49,3.67,30.19,12.17,4.16,34.21,12.15,4.71,38.48,12.25,5.43,43.01,12.63,6.26,47.78,13.09,7.08,52.81,13.4,7.83,58.09,13.48,8.57,63.62,13.48
-1,2000,155,Arroyo-Rodr??Ã­guez et al 2008,Ocurrencias,-94.7866,18.4809,Precise,Mexico,Neotropics,Atelidae,Alouatta,Alouatta palliata mexicana,Alouatta_palliata ,Walk surveys,0,0,0,NA,0,2004,0, ,NA, ,Alouatta palliata ,Alouatta palliata,6.12,D,40.45,AR,Folivore,49.88,1.703,12,684.37,186,495.6,300,1.02,2.17,Polygyndry,Harem Polygyny, ,2Tropical_and_suptropical_moist_broadleaf_forest,0.066233137,0.79,8.38,0.12,1.54,7.96,0.22,2.54,8.85,0.46,3.8,12.03,0.64,5.31,12.05,NA,7.07,NA,1,9.08,11.06,1.09,11.34,9.63,1.28,13.85,9.26,1.61,16.62,9.7,2.09,19.63,10.66,2.53,22.9,11.03,3.19,26.42,12.06,3.96,30.19,13.11,4.56,34.21,13.33,5.12,38.48,13.31,5.95,43.01,13.83,6.76,47.78,14.14,7.58,52.81,14.36,8.36,58.09,14.39,9.31,63.62,14.64
-1,2001,155,Arroyo-Rodr??Ã­guez et al 2008,Ocurrencias,-94.7803,18.4756,Precise,Mexico,Neotropics,Atelidae,Alouatta,Alouatta palliata mexicana,Alouatta_palliata ,Walk surveys,0,0,0,NA,0,2004,0, ,NA, ,Alouatta palliata ,Alouatta palliata,6.12,D,40.45,AR,Folivore,49.88,1.703,12,684.37,186,495.6,300,1.02,2.17,Polygyndry,Harem Polygyny, ,2Tropical_and_suptropical_moist_broadleaf_forest,0.13206734,0.79,16.72,0.21,1.54,13.69,0.34,2.54,13.49,0.53,3.8,13.92,0.66,5.31,12.4,NA,7.07,NA,0.93,9.08,10.21,1.21,11.34,10.68,1.43,13.85,10.3,1.68,16.62,10.1,1.92,19.63,9.77,2.2,22.9,9.59,2.5,26.42,9.44,3.04,30.19,10.07,3.66,34.21,10.7,4.43,38.48,11.52,5.21,43.01,12.1,6.08,47.78,12.72,6.85,52.81,12.97,7.81,58.09,13.44,8.92,63.62,14.02
-1,2002,155,Arroyo-Rodr??Ã­guez et al 2008,Ocurrencias,-94.7917,18.4702,Precise,Mexico,Neotropics,Atelidae,Alouatta,Alouatta palliata mexicana,Alouatta_palliata ,Walk surveys,0,0,0,NA,0,2004,0, ,NA, ,Alouatta palliata ,Alouatta palliata,6.12,D,40.45,AR,Folivore,49.88,1.703,12,684.37,186,495.6,300,1.02,2.17,Polygyndry,Harem Polygyny, ,2Tropical_and_suptropical_moist_broadleaf_forest,0.230672276,0.79,29.2,0.39,1.54,25.12,0.59,2.54,23.27,0.84,3.8,22.01,1.13,5.31,21.21,NA,7.07,NA,1.74,9.08,19.21,2.19,11.34,19.33,2.71,13.85,19.55,3.36,16.62,20.24,4.01,19.63,20.43,4.59,22.9,20.03,5.29,26.42,20.01,6.03,30.19,19.96,6.99,34.21,20.44,8.05,38.48,20.93,9.16,43.01,21.3,10.23,47.78,21.4,11.2,52.81,21.21,12.26,58.09,21.11,13.5,63.62,21.22
-1,2003,155,Arroyo-Rodr??Ã­guez et al 2008,Ocurrencias,-94.7881,18.4985,Precise,Mexico,Neotropics,Atelidae,Alouatta,Alouatta palliata mexicana,Alouatta_palliata ,Walk surveys,0,0,0,NA,0,2004,0, ,NA, ,Alouatta palliata ,Alouatta palliata,6.12,D,40.45,AR,Folivore,49.88,1.703,12,684.37,186,495.6,300,1.02,2.17,Polygyndry,Harem Polygyny, ,2Tropical_and_suptropical_moist_broadleaf_forest,0.134342626,0.79,17.01,0.21,1.54,13.37,0.28,2.54,10.93,0.49,3.8,12.78,0.65,5.31,12.16,NA,7.07,NA,0.89,9.08,9.83,1,11.34,8.85,1.22,13.85,8.8,1.38,16.62,8.31,1.63,19.63,8.31,1.93,22.9,8.43,2.15,26.42,8.14,2.56,30.19,8.48,3.08,34.21,8.99,3.56,38.48,9.24,3.97,43.01,9.24,4.4,47.78,9.2,5.05,52.81,9.57,5.57,58.09,9.59,6.19,63.62,9.74
-1,2004,155,Arroyo-Rodr??Ã­guez et al 2008,Ocurrencias,-94.8352,18.5355,Precise,Mexico,Neotropics,Atelidae,Alouatta,Alouatta palliata mexicana,Alouatta_palliata ,Walk surveys,0,0,0,NA,0,2004,0, ,NA, ,Alouatta palliata ,Alouatta palliata,6.12,D,40.45,AR,Folivore,49.88,1.703,12,684.37,186,495.6,300,1.02,2.17,Polygyndry,Harem Polygyny, ,2Tropical_and_suptropical_moist_broadleaf_forest,0.337982102,0.79,42.78,0.67,1.54,43.21,0.93,2.54,36.77,1.16,3.8,30.57,1.44,5.31,27.11,NA,7.07,NA,1.93,9.08,21.23,2.17,11.34,19.16,2.53,13.85,18.29,2.88,16.62,17.31,3.22,19.63,16.42,3.6,22.9,15.71,3.98,26.42,15.08,4.33,30.19,14.35,4.77,34.21,13.93,5.28,38.48,13.72,5.84,43.01,13.57,6.46,47.78,13.53,6.99,52.81,13.24,7.66,58.09,13.19,8.46,63.62,13.29
-1,2005,155,Arroyo-Rodr??Ã­guez et al 2008,Ocurrencias,-94.8565,18.5274,Precise,Mexico,Neotropics,Atelidae,Alouatta,Alouatta palliata mexicana,Alouatta_palliata ,Walk surveys,0,0,0,NA,0,2004,0, ,NA, ,Alouatta palliata ,Alouatta palliata,6.12,D,40.45,AR,Folivore,49.88,1.703,12,684.37,186,495.6,300,1.02,2.17,Polygyndry,Harem Polygyny, ,2Tropical_and_suptropical_moist_broadleaf_forest,0.166692683,0.79,21.1,0.29,1.54,18.76,0.47,2.54,18.63,0.86,3.8,22.73,1.21,5.31,22.81,NA,7.07,NA,1.96,9.08,21.61,2.5,11.34,22.07,3.28,13.85,23.72,4.24,16.62,25.51,5.14,19.63,26.18,6.15,22.9,26.85,7.23,26.42,27.38,8.14,30.19,26.97,9.11,34.21,26.63,10.1,38.48,26.24,11.26,43.01,26.19,12.5,47.78,26.16,13.8,52.81,26.13,15.17,58.09,26.11,16.55,63.62,26.02
-1,2006,155,Arroyo-Rodr??Ã­guez et al 2008,Ocurrencias,-94.8553,18.5243,Precise,Mexico,Neotropics,Atelidae,Alouatta,Alouatta palliata mexicana,Alouatta_palliata ,Walk surveys,0,0,0,NA,0,2004,0, ,NA, ,Alouatta palliata ,Alouatta palliata,6.12,D,40.45,AR,Folivore,49.88,1.703,12,684.37,186,495.6,300,1.02,2.17,Polygyndry,Harem Polygyny, ,2Tropical_and_suptropical_moist_broadleaf_forest,0.203048051,0.79,25.7,0.33,1.54,21.56,0.66,2.54,25.99,0.99,3.8,26.05,1.39,5.31,26.15,NA,7.07,NA,2.22,9.08,24.41,2.65,11.34,23.35,3.27,13.85,23.61,4.11,16.62,24.71,5.13,19.63,26.13,6.12,22.9,26.71,7.07,26.42,26.76,8.06,30.19,26.71,9.14,34.21,26.73,10.32,38.48,26.81,11.48,43.01,26.7,12.82,47.78,26.83,14.29,52.81,27.05,15.79,58.09,27.18,17.31,63.62,27.2
-1,2007,155,Arroyo-Rodr??Ã­guez et al 2008,Ocurrencias,-94.8381,18.5307,Precise,Mexico,Neotropics,Atelidae,Alouatta,Alouatta palliata mexicana,Alouatta_palliata ,Walk surveys,0,0,0,NA,0,2004,0, ,NA, ,Alouatta palliata ,Alouatta palliata,6.12,D,40.45,AR,Folivore,49.88,1.703,12,684.37,186,495.6,300,1.02,2.17,Polygyndry,Harem Polygyny, ,2Tropical_and_suptropical_moist_broadleaf_forest,0.100071721,0.79,12.67,0.18,1.54,11.54,0.37,2.54,14.75,0.81,3.8,21.38,1.29,5.31,24.25,NA,7.07,NA,2,9.08,22.05,2.28,11.34,20.08,2.74,13.85,19.78,3.24,16.62,19.48,3.73,19.63,18.99,4.18,22.9,18.24,4.63,26.42,17.54,5.09,30.19,16.87,5.72,34.21,16.72,6.28,38.48,16.32,6.92,43.01,16.08,7.57,47.78,15.84,8.5,52.81,16.09,9.43,58.09,16.23,10.33,63.62,16.24
-1,2008,155,Arroyo-Rodr??Ã­guez et al 2008,Ocurrencias,-94.8347,18.5277,Precise,Mexico,Neotropics,Atelidae,Alouatta,Alouatta palliata mexicana,Alouatta_palliata ,Walk surveys,0,0,0,NA,0,2004,0, ,NA, ,Alouatta palliata ,Alouatta palliata,6.12,D,40.45,AR,Folivore,49.88,1.703,12,684.37,186,495.6,300,1.02,2.17,Polygyndry,Harem Polygyny, ,2Tropical_and_suptropical_moist_broadleaf_forest,0.057541034,0.79,7.28,0.16,1.54,10.2,0.28,2.54,11.09,0.52,3.8,13.61,0.87,5.31,16.37,NA,7.07,NA,2.06,9.08,22.68,2.46,11.34,21.68,2.92,13.85,21.11,3.35,16.62,20.18,3.81,19.63,19.43,4.31,22.9,18.82,4.9,26.42,18.54,5.51,30.19,18.24,6.02,34.21,17.61,6.49,38.48,16.85,7.02,43.01,16.33,7.45,47.78,15.58,8.03,52.81,15.2,9.02,58.09,15.53,10.21,63.62,16.06
-1,2009,155,Arroyo-Rodr??Ã­guez et al 2008,Ocurrencias,-94.8417,18.5209,Precise,Mexico,Neotropics,Atelidae,Alouatta,Alouatta palliata mexicana,Alouatta_palliata ,Walk surveys,0,0,0,NA,0,2004,0, ,NA, ,Alouatta palliata ,Alouatta palliata,6.12,D,40.45,AR,Folivore,49.88,1.703,12,684.37,186,495.6,300,1.02,2.17,Polygyndry,Harem Polygyny, ,2Tropical_and_suptropical_moist_broadleaf_forest,0.142901563,0.79,18.09,0.24,1.54,15.76,0.38,2.54,14.99,0.62,3.8,16.28,0.89,5.31,16.78,NA,7.07,NA,1.42,9.08,15.62,1.91,11.34,16.85,2.49,13.85,17.96,3.38,16.62,20.33,4.11,19.63,20.91,4.75,22.9,20.76,5.53,26.42,20.93,6.38,30.19,21.12,7.2,34.21,21.05,8.16,38.48,21.21,9.19,43.01,21.37,10.23,47.78,21.4,11.22,52.81,21.25,12.33,58.09,21.23,13.63,63.62,21.43
-1,2010,155,Arroyo-Rodr??Ã­guez et al 2008,Ocurrencias,-94.848,18.4993,Precise,Mexico,Neotropics,Atelidae,Alouatta,Alouatta palliata mexicana,Alouatta_palliata ,Walk surveys,0,0,0,NA,0,2004,0, ,NA, ,Alouatta palliata ,Alouatta palliata,6.12,D,40.45,AR,Folivore,49.88,1.703,12,684.37,186,495.6,300,1.02,2.17,Polygyndry,Harem Polygyny, ,2Tropical_and_suptropical_moist_broadleaf_forest,0.321910156,0.79,40.75,0.5,1.54,32.53,0.73,2.54,28.89,1.06,3.8,27.92,1.51,5.31,28.38,NA,7.07,NA,2.58,9.08,28.42,3.18,11.34,28.08,3.77,13.85,27.19,4.44,16.62,26.71,5.28,19.63,26.88,6.18,22.9,27.01,7.31,26.42,27.65,8.6,30.19,28.47,9.93,34.21,29.02,11.31,38.48,29.38,13,43.01,30.22,14.72,47.78,30.81,16.85,52.81,31.9,19.33,58.09,33.27,22,63.62,34.58
-1,2011,155,Arroyo-Rodr??Ã­guez et al 2008,Ocurrencias,-94.8502,18.5005,Precise,Mexico,Neotropics,Atelidae,Alouatta,Alouatta palliata mexicana,Alouatta_palliata ,Walk surveys,0,0,0,NA,0,2004,0, ,NA, ,Alouatta palliata ,Alouatta palliata,6.12,D,40.45,AR,Folivore,49.88,1.703,12,684.37,186,495.6,300,1.02,2.17,Polygyndry,Harem Polygyny, ,2Tropical_and_suptropical_moist_broadleaf_forest,0.327163679,0.79,41.41,0.54,1.54,34.75,0.88,2.54,34.46,1.24,3.8,32.61,1.75,5.31,32.98,NA,7.07,NA,2.85,9.08,31.37,3.4,11.34,29.98,4,13.85,28.89,4.72,16.62,28.4,5.53,19.63,28.19,6.48,22.9,28.28,7.65,26.42,28.94,8.91,30.19,29.5,10.15,34.21,29.67,11.68,38.48,30.34,13.23,43.01,30.77,15.09,47.78,31.59,17.24,52.81,32.65,19.52,58.09,33.6,22.18,63.62,34.87
-1,2012,155,Arroyo-Rodr??Ã­guez et al 2008,Ocurrencias,-94.8091,18.5151,Precise,Mexico,Neotropics,Atelidae,Alouatta,Alouatta palliata mexicana,Alouatta_palliata ,Walk surveys,0,0,0,NA,0,2004,0, ,NA, ,Alouatta palliata ,Alouatta palliata,6.12,D,40.45,AR,Folivore,49.88,1.703,12,684.37,186,495.6,300,1.02,2.17,Polygyndry,Harem Polygyny, ,2Tropical_and_suptropical_moist_broadleaf_forest,0.285171838,0.79,36.1,0.39,1.54,25.63,0.56,2.54,22.01,0.8,3.8,21.18,1.15,5.31,21.58,NA,7.07,NA,1.73,9.08,19.11,2.16,11.34,19.05,2.53,13.85,18.26,2.87,16.62,17.24,3.29,19.63,16.78,3.69,22.9,16.1,3.94,26.42,14.92,4.22,30.19,13.98,4.6,34.21,13.45,4.99,38.48,12.96,5.37,43.01,12.48,5.75,47.78,12.03,6.16,52.81,11.67,6.63,58.09,11.41,7.17,63.62,11.26
-1,2013,155,Arroyo-Rodr??Ã­guez et al 2008,Ocurrencias,-94.8308,18.525,Precise,Mexico,Neotropics,Atelidae,Alouatta,Alouatta palliata mexicana,Alouatta_palliata ,Walk surveys,0,0,0,NA,0,2004,0, ,NA, ,Alouatta palliata ,Alouatta palliata,6.12,D,40.45,AR,Folivore,49.88,1.703,12,684.37,186,495.6,300,1.02,2.17,Polygyndry,Harem Polygyny, ,2Tropical_and_suptropical_moist_broadleaf_forest,0.03831254,0.79,4.85,0.1,1.54,6.33,0.23,2.54,8.97,0.41,3.8,10.71,0.66,5.31,12.38,NA,7.07,NA,1.77,9.08,19.47,2.45,11.34,21.64,3.04,13.85,21.91,3.56,16.62,21.42,4.02,19.63,20.48,4.45,22.9,19.42,4.77,26.42,18.06,5.41,30.19,17.93,5.98,34.21,17.47,6.56,38.48,17.04,7,43.01,16.27,7.6,47.78,15.91,8.25,52.81,15.62,8.97,58.09,15.44,9.69,63.62,15.23
-1,2014,155,Arroyo-Rodr??Ã­guez et al 2008,Ocurrencias,-94.8326,18.5184,Precise,Mexico,Neotropics,Atelidae,Alouatta,Alouatta palliata mexicana,Alouatta_palliata ,Walk surveys,0,0,0,NA,0,2004,0, ,NA, ,Alouatta palliata ,Alouatta palliata,6.12,D,40.45,AR,Folivore,49.88,1.703,12,684.37,186,495.6,300,1.02,2.17,Polygyndry,Harem Polygyny, ,2Tropical_and_suptropical_moist_broadleaf_forest,0.106910253,0.79,13.53,0.17,1.54,10.79,0.27,2.54,10.58,0.44,3.8,11.47,0.52,5.31,9.72,NA,7.07,NA,0.87,9.08,9.58,1.23,11.34,10.81,1.85,13.85,13.38,2.66,16.62,16.02,3.71,19.63,18.91,4.82,22.9,21.06,5.66,26.42,21.43,6.34,30.19,21.01,6.98,34.21,20.42,7.61,38.48,19.78,8.37,43.01,19.46,9.17,47.78,19.2,10.1,52.81,19.12,10.81,58.09,18.61,11.68,63.62,18.35
-1,2015,155,Arroyo-Rodr??Ã­guez et al 2008,Ocurrencias,-94.8196,18.5241,Precise,Mexico,Neotropics,Atelidae,Alouatta,Alouatta palliata mexicana,Alouatta_palliata ,Walk surveys,0,0,0,NA,0,2004,0, ,NA, ,Alouatta palliata ,Alouatta palliata,6.12,D,40.45,AR,Folivore,49.88,1.703,12,684.37,186,495.6,300,1.02,2.17,Polygyndry,Harem Polygyny, ,2Tropical_and_suptropical_moist_broadleaf_forest,0.121592226,0.79,15.39,0.25,1.54,16.46,0.45,2.54,17.88,0.71,3.8,18.79,1.24,5.31,23.45,NA,7.07,NA,2.19,9.08,24.13,2.56,11.34,22.53,2.88,13.85,20.78,3.3,16.62,19.83,3.65,19.63,18.6,3.88,22.9,16.95,4.14,26.42,15.68,4.61,30.19,15.27,5.17,34.21,15.1,5.55,38.48,14.43,5.85,43.01,13.61,6.21,47.78,13,6.96,52.81,13.19,7.62,58.09,13.12,8.32,63.62,13.07
-1,2016,155,Arroyo-Rodr??Ã­guez et al 2008,Ocurrencias,-94.8176,18.5271,Precise,Mexico,Neotropics,Atelidae,Alouatta,Alouatta palliata mexicana,Alouatta_palliata ,Walk surveys,0,0,0,NA,0,2004,0, ,NA, ,Alouatta palliata ,Alouatta palliata,6.12,D,40.45,AR,Folivore,49.88,1.703,12,684.37,186,495.6,300,1.02,2.17,Polygyndry,Harem Polygyny, ,2Tropical_and_suptropical_moist_broadleaf_forest,0.21758042,0.79,27.54,0.47,1.54,30.49,0.83,2.54,32.62,1.15,3.8,30.17,1.38,5.31,25.96,NA,7.07,NA,2.16,9.08,23.75,2.5,11.34,22.02,2.8,13.85,20.19,3.09,16.62,18.6,3.47,19.63,17.68,3.8,22.9,16.58,3.97,26.42,15.05,4.19,30.19,13.89,4.63,34.21,13.55,5.17,38.48,13.44,5.49,43.01,12.76,5.79,47.78,12.13,6.21,52.81,11.76,6.71,58.09,11.55,7.34,63.62,11.54
-1,2017,155,Arroyo-Rodr??Ã­guez et al 2008,Ocurrencias,-94.8099,18.47,Precise,Mexico,Neotropics,Atelidae,Alouatta,Alouatta palliata mexicana,Alouatta_palliata ,Walk surveys,1,0,0,NA,0,2004,0, ,NA, ,Alouatta palliata ,Alouatta palliata,6.12,D,40.45,AR,Folivore,49.88,1.703,12,684.37,186,495.6,300,1.02,2.17,Polygyndry,Harem Polygyny, ,2Tropical_and_suptropical_moist_broadleaf_forest,0.338440203,0.79,42.84,0.49,1.54,31.68,0.85,2.54,33.29,1.27,3.8,33.51,1.79,5.31,33.7,NA,7.07,NA,2.8,9.08,30.85,3.39,11.34,29.88,4.23,13.85,30.52,5.09,16.62,30.65,6.02,19.63,30.67,7.12,22.9,31.08,8.03,26.42,30.41,9.11,30.19,30.16,10.24,34.21,29.94,11.36,38.48,29.53,12.33,43.01,28.68,13.39,47.78,28.03,14.74,52.81,27.92,16.31,58.09,28.08,17.85,63.62,28.06
-1,2018,155,Arroyo-Rodr??Ã­guez et al 2008,Ocurrencias,-94.8237,18.5184,Precise,Mexico,Neotropics,Atelidae,Alouatta,Alouatta palliata mexicana,Alouatta_palliata ,Walk surveys,0,0,0,NA,0,2004,0, ,NA, ,Alouatta palliata ,Alouatta palliata,6.12,D,40.45,AR,Folivore,49.88,1.703,12,684.37,186,495.6,300,1.02,2.17,Polygyndry,Harem Polygyny, ,2Tropical_and_suptropical_moist_broadleaf_forest,0.092236066,0.79,11.68,0.13,1.54,8.35,0.18,2.54,7.16,0.36,3.8,9.39,0.61,5.31,11.56,NA,7.07,NA,1.4,9.08,15.41,1.96,11.34,17.24,2.57,13.85,18.57,3.11,16.62,18.69,3.62,19.63,18.42,4.16,22.9,18.15,4.78,26.42,18.09,5.27,30.19,17.46,5.74,34.21,16.77,6.47,38.48,16.8,7.22,43.01,16.78,8.02,47.78,16.79,8.82,52.81,16.71,9.37,58.09,16.13,9.95,63.62,15.64
-1,2019,155,Arroyo-Rodr??Ã­guez et al 2008,Ocurrencias,-94.8234,18.5203,Precise,Mexico,Neotropics,Atelidae,Alouatta,Alouatta palliata mexicana,Alouatta_palliata ,Walk surveys,0,0,0,NA,0,2004,0, ,NA, ,Alouatta palliata ,Alouatta palliata,6.12,D,40.45,AR,Folivore,49.88,1.703,12,684.37,186,495.6,300,1.02,2.17,Polygyndry,Harem Polygyny, ,2Tropical_and_suptropical_moist_broadleaf_forest,0.098600403,0.79,12.48,0.12,1.54,7.57,0.19,2.54,7.59,0.38,3.8,10.12,0.66,5.31,12.46,NA,7.07,NA,1.68,9.08,18.52,2.32,11.34,20.44,2.81,13.85,20.28,3.32,16.62,19.95,3.71,19.63,18.92,4.15,22.9,18.11,4.63,26.42,17.51,5.14,30.19,17.04,5.56,34.21,16.26,6.12,38.48,15.89,6.88,43.01,15.99,7.59,47.78,15.89,8.46,52.81,16.01,9.03,58.09,15.55,9.56,63.62,15.02
-1,2020,155,Arroyo-Rodr??Ã­guez et al 2008,Ocurrencias,-94.8091,18.4897,Precise,Mexico,Neotropics,Atelidae,Alouatta,Alouatta palliata mexicana,Alouatta_palliata ,Walk surveys,0,0,0,NA,0,2004,0, ,NA, ,Alouatta palliata ,Alouatta palliata,6.12,D,40.45,AR,Folivore,49.88,1.703,12,684.37,186,495.6,300,1.02,2.17,Polygyndry,Harem Polygyny, ,2Tropical_and_suptropical_moist_broadleaf_forest,0.169890472,0.79,21.51,0.27,1.54,17.58,0.4,2.54,15.87,0.56,3.8,14.7,0.85,5.31,15.98,NA,7.07,NA,1.51,9.08,16.65,1.87,11.34,16.5,2.28,13.85,16.45,2.82,16.62,16.94,3.32,19.63,16.92,3.85,22.9,16.83,4.48,26.42,16.95,5.18,30.19,17.14,5.79,34.21,16.94,6.47,38.48,16.82,7.32,43.01,17.03,8.3,47.78,17.37,9.68,52.81,18.32,11.21,58.09,19.29,12.54,63.62,19.71
-1,2021,155,Arroyo-Rodr??Ã­guez et al 2008,Ocurrencias,-94.8087,18.4857,Precise,Mexico,Neotropics,Atelidae,Alouatta,Alouatta palliata mexicana,Alouatta_palliata ,Walk surveys,0,0,0,NA,0,2004,0, ,NA, ,Alouatta palliata ,Alouatta palliata,6.12,D,40.45,AR,Folivore,49.88,1.703,12,684.37,186,495.6,300,1.02,2.17,Polygyndry,Harem Polygyny, ,2Tropical_and_suptropical_moist_broadleaf_forest,0.085797287,0.79,10.86,0.17,1.54,11.11,0.28,2.54,10.91,0.45,3.8,11.84,0.81,5.31,15.28,NA,7.07,NA,1.59,9.08,17.46,2.06,11.34,18.18,2.55,13.85,18.41,2.98,16.62,17.9,3.58,19.63,18.21,4.32,22.9,18.86,5.02,26.42,18.99,5.77,30.19,19.11,6.6,34.21,19.29,7.43,38.48,19.32,8.32,43.01,19.34,9.38,47.78,19.62,10.59,52.81,20.06,11.96,58.09,20.59,13.52,63.62,21.26
-1,2022,155,Arroyo-Rodr??Ã­guez et al 2008,Ocurrencias,-94.8068,18.4931,Precise,Mexico,Neotropics,Atelidae,Alouatta,Alouatta palliata mexicana,Alouatta_palliata ,Walk surveys,0,0,0,NA,0,2004,0, ,NA, ,Alouatta palliata ,Alouatta palliata,6.12,D,40.45,AR,Folivore,49.88,1.703,12,684.37,186,495.6,300,1.02,2.17,Polygyndry,Harem Polygyny, ,2Tropical_and_suptropical_moist_broadleaf_forest,0.178163684,0.79,22.55,0.35,1.54,22.98,0.59,2.54,23.12,0.74,3.8,19.41,0.9,5.31,16.88,NA,7.07,NA,1.4,9.08,15.47,1.73,11.34,15.25,2.19,13.85,15.78,2.64,16.62,15.87,3.16,19.63,16.11,3.7,22.9,16.18,4.16,26.42,15.73,4.56,30.19,15.11,5.13,34.21,14.98,5.85,38.48,15.22,6.65,43.01,15.46,7.4,47.78,15.48,8.25,52.81,15.62,9.22,58.09,15.88,10.64,63.62,16.73
