OID,N,N_study,Source,BASE,X,Y,Precise,Country,Realm,Family,Genus,Taxon,Taxon_ITIS,Sample_met,Ocurrence,N_groups,Abundanc_1,Abundance,Density,Sample_yea,Sampling_e,Sampling_1,ID_Todo,TRAITS,Taxon_IT_1,ITIS_SPECI,BodyMass_k,DielActivi,HomeRange_,Locomotion,TrophicGui,Brain_size,Canine_Dim,MeanGroupS,Interbirth,Gestation,WeaningAge,MaxLongevi,LitterSz,AdultSexRa,Social_Sys,Mating_Sys,FOREST,BIOME,Buffer_500,Area500,FC_500,Buffer_700,Area700,FC_700,Buffer_900,Area900,FC_900,Buffer_110,Area1100,FC1100,Buffer_130,Area1300,FC_1300,Buffer_150,Area1500,FC_1500,Buffer_170,Area1700,FC_1700,Buffer_190,Area1900,FC_1900,Buffer_210,Area2100,FC_2100,Buffer_230,Area2300,FC_2300,Buffer_250,Area2500,FC_2500,Buffer_270,Area2700,FC_2700,Buffer_290,Area2900,FC_2900,Buffer_310,Area3100,FC_3100,Buffer_330,Area3300,FC_3300,Buffer_350,Area3500,FC_3500,Buffer_370,Area3700,F_Buffer_3,Buffer_390,Area_3900,FC_3900,Buffer_410,Area4100,FC_4100,Buffer_430,Area4300,FC_4300,Buffer_450,Area4500,FC_4500
-1,2815,1,Galan-Acedo et al,Ocurrencias,-90.77739444,16.0757,Precise,Mexico,Neotropics,Atelidae,Alouatta,Alouatta pigra,Alouatta_pigra,Total count,1,1,4,NA,0,2015,0, ,NA, ,Alouatta pigra,Alouatta pigra,6.56,D,11.98,AR,Folivore_frugivore,51.13,1.109,6.6,NA,187,NA,240,1.01,1.13,Polygyndry,Harem Polygyny, ,2Tropical_and_suptropical_moist_broadleaf_forest,0.512561801,0.79,64.88,0.94,1.54,61.04,1.47,2.54,57.96,2.01,3.8,52.82,NA,5.31,NA,NA,7.07,NA,4.34,9.08,47.82,5.52,11.34,48.68,6.97,13.85,50.3,8.4,16.62,50.52,9.91,19.63,50.47,11.5,22.9,50.24,13.29,26.42,50.31,15.21,30.19,50.4,17.36,34.21,50.75,19.87,38.48,51.64,22.5,43.01,52.32,25.28,47.78,52.92,28.3,52.81,53.58,31.53,58.09,54.27,35.04,63.62,55.07
-1,2816,1,Galan-Acedo et al,Ocurrencias,-90.84220556,16.24895278,Precise,Mexico,Neotropics,Atelidae,Alouatta,Alouatta pigra,Alouatta_pigra,Total count,1,3,23,NA,0,2015,0, ,NA, ,Alouatta pigra,Alouatta pigra,6.56,D,11.98,AR,Folivore_frugivore,51.13,1.109,6.6,NA,187,NA,240,1.01,1.13,Polygyndry,Harem Polygyny, ,2Tropical_and_suptropical_moist_broadleaf_forest,0.558114545,0.79,70.65,1.02,1.54,65.98,1.74,2.54,68.53,2.76,3.8,72.63,NA,5.31,NA,NA,7.07,NA,7.02,9.08,77.27,8.54,11.34,75.27,10.25,13.85,73.98,12.17,16.62,73.23,14.29,19.63,72.77,16.71,22.9,72.95,19.15,26.42,72.5,21.74,30.19,72,24.55,34.21,71.76,27.68,38.48,71.92,31.06,43.01,72.21,34.62,47.78,72.46,38.15,52.81,72.23,41.76,58.09,71.89,45.48,63.62,71.49
-1,2817,1,Galan-Acedo et al,Ocurrencias,-91.03942778,16.08659167,Precise,Mexico,Neotropics,Atelidae,Alouatta,Alouatta pigra,Alouatta_pigra,Total count,0,0,0,NA,0,2015,0, ,NA, ,Alouatta pigra,Alouatta pigra,6.56,D,11.98,AR,Folivore_frugivore,51.13,1.109,6.6,NA,187,NA,240,1.01,1.13,Polygyndry,Harem Polygyny, ,2Tropical_and_suptropical_moist_broadleaf_forest,0.360218701,0.79,45.6,0.85,1.54,55.42,1.46,2.54,57.49,2.23,3.8,58.62,NA,5.31,NA,NA,7.07,NA,5.89,9.08,64.91,7.56,11.34,66.67,9.45,13.85,68.25,11.51,16.62,69.27,13.5,19.63,68.79,15.71,22.9,68.59,17.93,26.42,67.87,20.37,30.19,67.46,23.06,34.21,67.4,26.13,38.48,67.91,29.46,43.01,68.49,32.97,47.78,69.01,36.71,52.81,69.52,40.66,58.09,69.99,44.81,63.62,70.44
-1,2818,1,Galan-Acedo et al,Ocurrencias,-90.858775,16.15901389,Precise,Mexico,Neotropics,Atelidae,Alouatta,Alouatta pigra,Alouatta_pigra,Total count,1,2,12,NA,0,2015,0, ,NA, ,Alouatta pigra,Alouatta pigra,6.56,D,11.98,AR,Folivore_frugivore,51.13,1.109,6.6,NA,187,NA,240,1.01,1.13,Polygyndry,Harem Polygyny, ,2Tropical_and_suptropical_moist_broadleaf_forest,0.545196942,0.79,69.01,0.95,1.54,61.66,1.45,2.54,56.98,2.02,3.8,53.21,NA,5.31,NA,NA,7.07,NA,4.74,9.08,52.2,5.93,11.34,52.28,7.33,13.85,52.96,9.3,16.62,55.95,11.2,19.63,57.08,13.22,22.9,57.73,15.79,26.42,59.77,18.54,30.19,61.41,21.52,34.21,62.92,24.57,38.48,63.84,27.62,43.01,64.21,31.07,47.78,65.02,34.81,52.81,65.92,38.67,58.09,66.58,42.75,63.62,67.19
-1,2819,1,Galan-Acedo et al,Ocurrencias,-90.90036111,16.15388333,Precise,Mexico,Neotropics,Atelidae,Alouatta,Alouatta pigra,Alouatta_pigra,Total count,1,1,7,NA,0,2015,0, ,NA, ,Alouatta pigra,Alouatta pigra,6.56,D,11.98,AR,Folivore_frugivore,51.13,1.109,6.6,NA,187,NA,240,1.01,1.13,Polygyndry,Harem Polygyny, ,2Tropical_and_suptropical_moist_broadleaf_forest,0.484055807,0.79,61.27,1.03,1.54,66.7,1.8,2.54,70.89,2.8,3.8,73.72,NA,5.31,NA,NA,7.07,NA,7.12,9.08,78.42,8.92,11.34,78.7,10.94,13.85,78.96,13.03,16.62,78.4,15.36,19.63,78.27,17.97,22.9,78.46,20.73,26.42,78.47,23.75,30.19,78.65,26.89,34.21,78.61,30.25,38.48,78.61,33.99,43.01,79.03,37.82,47.78,79.16,41.91,52.81,79.35,46.25,58.09,79.63,50.79,63.62,79.84
-1,2820,1,Galan-Acedo et al,Ocurrencias,-90.87945,16.17861389,Precise,Mexico,Neotropics,Atelidae,Alouatta,Alouatta pigra,Alouatta_pigra,Total count,1,3,13,NA,0,2015,0, ,NA, ,Alouatta pigra,Alouatta pigra,6.56,D,11.98,AR,Folivore_frugivore,51.13,1.109,6.6,NA,187,NA,240,1.01,1.13,Polygyndry,Harem Polygyny, ,2Tropical_and_suptropical_moist_broadleaf_forest,0.553161848,0.79,70.02,1.03,1.54,66.63,1.66,2.54,65.51,2.5,3.8,65.81,NA,5.31,NA,NA,7.07,NA,6.14,9.08,67.65,7.55,11.34,66.6,9.06,13.85,65.38,10.63,16.62,63.94,12.06,19.63,61.45,13.88,22.9,60.6,16,26.42,60.56,18.45,30.19,61.1,21.31,34.21,62.3,24.37,38.48,63.34,27.75,43.01,64.52,31.44,47.78,65.79,35.09,52.81,66.44,38.9,58.09,66.97,42.9,63.62,67.43
-1,2821,1,Galan-Acedo et al,Ocurrencias,-91.07365,16.07850833,Precise,Mexico,Neotropics,Atelidae,Alouatta,Alouatta pigra,Alouatta_pigra,Total count,0,0,0,NA,0,2015,0, ,NA, ,Alouatta pigra,Alouatta pigra,6.56,D,11.98,AR,Folivore_frugivore,51.13,1.109,6.6,NA,187,NA,240,1.01,1.13,Polygyndry,Harem Polygyny, ,2Tropical_and_suptropical_moist_broadleaf_forest,0.395692281,0.79,50.09,0.77,1.54,50.18,1.33,2.54,52.54,1.98,3.8,52.08,NA,5.31,NA,NA,7.07,NA,5.23,9.08,57.56,6.79,11.34,59.89,8.52,13.85,61.54,10.4,16.62,62.57,12.37,19.63,63.01,14.6,22.9,63.75,16.77,26.42,63.46,18.95,30.19,62.78,21.49,34.21,62.82,24.53,38.48,63.75,27.58,43.01,64.13,30.84,47.78,64.54,34.54,52.81,65.4,38.23,58.09,65.81,41.97,63.62,65.97
-1,2822,1,Galan-Acedo et al,Ocurrencias,-90.8408,16.08785556,Precise,Mexico,Neotropics,Atelidae,Alouatta,Alouatta pigra,Alouatta_pigra,Total count,1,2,23,NA,0,2015,0, ,NA, ,Alouatta pigra,Alouatta pigra,6.56,D,11.98,AR,Folivore_frugivore,51.13,1.109,6.6,NA,187,NA,240,1.01,1.13,Polygyndry,Harem Polygyny, ,2Tropical_and_suptropical_moist_broadleaf_forest,0.565419802,0.79,71.57,1.04,1.54,67.25,1.54,2.54,60.71,2.2,3.8,57.83,NA,5.31,NA,NA,7.07,NA,4.74,9.08,52.18,5.6,11.34,49.4,6.76,13.85,48.78,8.24,16.62,49.58,9.67,19.63,49.24,11.3,22.9,49.33,13.07,26.42,49.47,14.95,30.19,49.52,17.17,34.21,50.18,19.89,38.48,51.69,23.08,43.01,53.66,26.52,47.78,55.5,30.23,52.81,57.24,33.99,58.09,58.51,37.72,63.62,59.29
-1,2823,1,Galan-Acedo et al,Ocurrencias,-90.72623611,16.24026389,Precise,Mexico,Neotropics,Atelidae,Alouatta,Alouatta pigra,Alouatta_pigra,Total count,1,11,63,NA,0,2015,0, ,NA, ,Alouatta pigra,Alouatta pigra,6.56,D,11.98,AR,Folivore_frugivore,51.13,1.109,6.6,NA,187,NA,240,1.01,1.13,Polygyndry,Harem Polygyny, ,2Tropical_and_suptropical_moist_broadleaf_forest,0.575076048,0.79,72.79,0.91,1.54,59.14,1.35,2.54,53.33,1.93,3.8,50.92,NA,5.31,NA,NA,7.07,NA,4.3,9.08,47.39,5.36,11.34,47.23,6.51,13.85,47,7.92,16.62,47.66,9.62,19.63,48.99,11.53,22.9,50.36,13.51,26.42,51.13,15.54,30.19,51.48,17.75,34.21,51.89,20.22,38.48,52.53,22.7,43.01,52.78,25.42,47.78,53.19,28.49,52.81,53.94,32.14,58.09,55.32,35.78,63.62,56.25
-1,2824,1,Galan-Acedo et al,Ocurrencias,-90.964225,16.08703889,Precise,Mexico,Neotropics,Atelidae,Alouatta,Alouatta pigra,Alouatta_pigra,Total count,0,0,0,NA,0,2015,0, ,NA, ,Alouatta pigra,Alouatta pigra,6.56,D,11.98,AR,Folivore_frugivore,51.13,1.109,6.6,NA,187,NA,240,1.01,1.13,Polygyndry,Harem Polygyny, ,2Tropical_and_suptropical_moist_broadleaf_forest,0.507442959,0.79,64.23,0.97,1.54,62.92,1.48,2.54,58.4,2.19,3.8,57.51,NA,5.31,NA,NA,7.07,NA,5.45,9.08,60.04,6.88,11.34,60.66,8.56,13.85,61.78,10.55,16.62,63.47,12.66,19.63,64.47,15.24,22.9,66.54,17.69,26.42,66.95,20.16,30.19,66.79,23.11,34.21,67.56,26.35,38.48,68.47,29.7,43.01,69.05,33.36,47.78,69.82,37.12,52.81,70.28,41.22,58.09,70.96,45.67,63.62,71.78
-1,2825,1,Galan-Acedo et al,Ocurrencias,-90.97220278,16.10684444,Precise,Mexico,Neotropics,Atelidae,Alouatta,Alouatta pigra,Alouatta_pigra,Total count,1,6,31,NA,0,2015,0, ,NA, ,Alouatta pigra,Alouatta pigra,6.56,D,11.98,AR,Folivore_frugivore,51.13,1.109,6.6,NA,187,NA,240,1.01,1.13,Polygyndry,Harem Polygyny, ,2Tropical_and_suptropical_moist_broadleaf_forest,0.773191708,0.79,97.87,1.48,1.54,96.25,2.31,2.54,91.12,3.42,3.8,90.09,NA,5.31,NA,NA,7.07,NA,7.71,9.08,84.94,9.34,11.34,82.36,11.25,13.85,81.22,13.42,16.62,80.76,15.81,19.63,80.54,18.37,22.9,80.22,20.95,26.42,79.29,23.89,30.19,79.12,26.9,34.21,78.63,30.25,38.48,78.61,33.97,43.01,78.99,38.01,47.78,79.55,42.28,52.81,80.07,46.69,58.09,80.37,51.2,63.62,80.47
-1,2826,1,Galan-Acedo et al,Ocurrencias,-90.77055,16.29564444,Precise,Mexico,Neotropics,Atelidae,Alouatta,Alouatta pigra,Alouatta_pigra,Total count,1,15,68,NA,0,2015,0, ,NA, ,Alouatta pigra,Alouatta pigra,6.56,D,11.98,AR,Folivore_frugivore,51.13,1.109,6.6,NA,187,NA,240,1.01,1.13,Polygyndry,Harem Polygyny, ,2Tropical_and_suptropical_moist_broadleaf_forest,0.562196261,0.79,71.16,1,1.54,64.92,1.37,2.54,53.96,1.9,3.8,49.99,NA,5.31,NA,NA,7.07,NA,4.18,9.08,46.07,5.4,11.34,47.62,6.66,13.85,48.06,8.11,16.62,48.82,9.87,19.63,50.27,11.6,22.9,50.68,13.34,26.42,50.48,14.99,30.19,49.65,16.87,34.21,49.3,18.96,38.48,49.27,21.25,43.01,49.4,23.59,47.78,49.38,25.87,52.81,48.98,28.3,58.09,48.72,30.79,63.62,48.4
