OID,N,N_study,Source,BASE,X,Y,Precise,Country,Realm,Family,Genus,Taxon,Taxon_ITIS,Sample_met,Ocurrence,N_groups,Abundanc_1,Abundance,Density,Sample_yea,Sampling_e,Sampling_1,ID_Todo,TRAITS,Taxon_IT_1,ITIS_SPECI,BodyMass_k,DielActivi,HomeRange_,Locomotion,TrophicGui,Brain_size,Canine_Dim,MeanGroupS,Interbirth,Gestation,WeaningAge,MaxLongevi,LitterSz,AdultSexRa,Social_Sys,Mating_Sys,FOREST,BIOME,Buffer_500,Area500,FC_500,Buffer_700,Area700,FC_700,Buffer_900,Area900,FC_900,Buffer_110,Area1100,FC1100,Buffer_130,Area1300,FC_1300,Buffer_150,Area1500,FC_1500,Buffer_170,Area1700,FC_1700,Buffer_190,Area1900,FC_1900,Buffer_210,Area2100,FC_2100,Buffer_230,Area2300,FC_2300,Buffer_250,Area2500,FC_2500,Buffer_270,Area2700,FC_2700,Buffer_290,Area2900,FC_2900,Buffer_310,Area3100,FC_3100,Buffer_330,Area3300,FC_3300,Buffer_350,Area3500,FC_3500,Buffer_370,Area3700,F_Buffer_3,Buffer_390,Area_3900,FC_3900,Buffer_410,Area4100,FC_4100,Buffer_430,Area4300,FC_4300,Buffer_450,Area4500,FC_4500
-1,495,51,"Ribeiro & Bicca-Marques, 2005",Ocurrencias,-52.03972222,-29.70527778,Precise,Brazil,Neotropics,Atelidae,Alouatta,Alouatta guariba clamitans,Alouatta_guariba ,Preestablished trails,1,0,0,NA,0,2002,5,days,NA, ,Alouatta guariba ,Alouatta guariba,5.54,D,15.065,AR,Folivore_frugivore,51.7,1.783,6.53,664.8,190,NA,NA,NA,1.61,Polygyny,Harem Polygyny, ,8Tropical and Subtropical Grasslands Savannas and Shrublands,0.371905047,0.79,47.08,0.6,1.54,39.23,0.76,2.54,29.74,0.93,3.8,24.58,1.15,5.31,21.6,1.44,7.07,20.32,1.64,9.08,18.08,1.83,11.34,16.17,2.08,13.85,15,2.5,16.62,15.03,2.99,19.63,15.24,3.59,22.9,15.67,4.19,26.42,15.87,4.76,30.19,15.78,5.5,34.21,16.08,6.7,38.48,17.42,8.06,43.01,18.74,9.52,47.78,19.93,11.07,52.81,20.97,12.77,58.09,21.98,14.54,63.62,22.86
-1,496,51,"Ribeiro & Bicca-Marques, 2005",Ocurrencias,-52.02333333,-29.73694444,Precise,Brazil,Neotropics,Atelidae,Alouatta,Alouatta guariba clamitans,Alouatta_guariba ,Preestablished trails,1,0,0,NA,0,2002,6,days,NA, ,Alouatta guariba ,Alouatta guariba,5.54,D,15.065,AR,Folivore_frugivore,51.7,1.783,6.53,664.8,190,NA,NA,NA,1.61,Polygyny,Harem Polygyny, ,8Tropical and Subtropical Grasslands Savannas and Shrublands,0.137666358,0.79,17.43,0.38,1.54,24.5,0.56,2.54,22.22,0.67,3.8,17.59,0.84,5.31,15.91,0.96,7.07,13.65,1.05,9.08,11.57,1.17,11.34,10.33,1.32,13.85,9.56,1.55,16.62,9.33,1.83,19.63,9.31,2.39,22.9,10.42,3.12,26.42,11.81,3.89,30.19,12.88,4.71,34.21,13.77,5.66,38.48,14.7,6.52,43.01,15.17,7.6,47.78,15.92,8.7,52.81,16.47,9.63,58.09,16.57,10.65,63.62,16.74
-1,497,51,"Ribeiro & Bicca-Marques, 2005",Ocurrencias,-52.04194444,-29.68083333,Precise,Brazil,Neotropics,Atelidae,Alouatta,Alouatta guariba clamitans,Alouatta_guariba ,Preestablished trails,1,0,0,NA,0,2002,7,days,NA, ,Alouatta guariba ,Alouatta guariba,5.54,D,15.065,AR,Folivore_frugivore,51.7,1.783,6.53,664.8,190,NA,NA,NA,1.61,Polygyny,Harem Polygyny, ,2Tropical_and_suptropical_moist_broadleaf_forest,0.14335003,0.79,18.15,0.29,1.54,18.62,0.55,2.54,21.74,0.81,3.8,21.41,1.15,5.31,21.64,NA,7.07,NA,2.5,9.08,27.56,3.24,11.34,28.55,3.85,13.85,27.77,4.4,16.62,26.46,5.01,19.63,25.51,5.79,22.9,25.28,6.73,26.42,25.49,7.94,30.19,26.31,9.2,34.21,26.89,10.48,38.48,27.22,11.84,43.01,27.53,13.57,47.78,28.4,15.05,52.81,28.5,16.52,58.09,28.43,18.01,63.62,28.3
-1,498,51,"Ribeiro & Bicca-Marques, 2005",Ocurrencias,-52.05111111,-29.70305556,Precise,Brazil,Neotropics,Atelidae,Alouatta,Alouatta guariba clamitans,Alouatta_guariba ,Preestablished trails,1,0,0,NA,0,2002,8,days,NA, ,Alouatta guariba ,Alouatta guariba,5.54,D,15.065,AR,Folivore_frugivore,51.7,1.783,6.53,664.8,190,NA,NA,NA,1.61,Polygyny,Harem Polygyny, ,8Tropical and Subtropical Grasslands Savannas and Shrublands,0.19157017,0.79,24.25,0.27,1.54,17.47,0.45,2.54,17.91,0.77,3.8,20.17,1.22,5.31,23.02,1.66,7.07,23.46,1.93,9.08,21.28,2.26,11.34,19.94,2.48,13.85,17.94,2.67,16.62,16.07,3.19,19.63,16.23,4.13,22.9,18.02,5.02,26.42,19,5.96,30.19,19.75,7.32,34.21,21.4,8.77,38.48,22.78,10.21,43.01,23.73,11.56,47.78,24.2,12.91,52.81,24.45,14.36,58.09,24.72,16.1,63.62,25.31
-1,499,51,"Ribeiro & Bicca-Marques, 2005",Ocurrencias,-52.02722222,-29.74277778,Precise,Brazil,Neotropics,Atelidae,Alouatta,Alouatta guariba clamitans,Alouatta_guariba ,Preestablished trails,1,0,0,NA,0,2002,9,days,NA, ,Alouatta guariba ,Alouatta guariba,5.54,D,15.065,AR,Folivore_frugivore,51.7,1.783,6.53,664.8,190,NA,NA,NA,1.61,Polygyny,Harem Polygyny, ,8Tropical and Subtropical Grasslands Savannas and Shrublands,0.144509753,0.79,18.29,0.23,1.54,14.88,0.36,2.54,14.2,0.62,3.8,16.4,0.91,5.31,17.18,0.98,7.07,13.85,1.07,9.08,11.73,1.16,11.34,10.2,1.23,13.85,8.85,1.41,16.62,8.46,1.72,19.63,8.78,2.17,22.9,9.49,2.71,26.42,10.28,3.19,30.19,10.58,3.69,34.21,10.8,4.44,38.48,11.53,5.05,43.01,11.75,5.71,47.78,11.94,6.52,52.81,12.35,7.56,58.09,13.01,9,63.62,14.15
-1,500,51,"Ribeiro & Bicca-Marques, 2005",Ocurrencias,-52.05333333,-29.745,Precise,Brazil,Neotropics,Atelidae,Alouatta,Alouatta guariba clamitans,Alouatta_guariba ,Preestablished trails,1,0,0,NA,0,2002,10,days,NA, ,Alouatta guariba ,Alouatta guariba,5.54,D,15.065,AR,Folivore_frugivore,51.7,1.783,6.53,664.8,190,NA,NA,NA,1.61,Polygyny,Harem Polygyny, ,8Tropical and Subtropical Grasslands Savannas and Shrublands,0,0.79,0,0.02,1.54,1.46,0.06,2.54,2.2,0.11,3.8,2.83,0.19,5.31,3.55,0.28,7.07,4.01,0.34,9.08,3.77,0.54,11.34,4.73,0.83,13.85,6.02,1.28,16.62,7.69,1.7,19.63,8.65,2.12,22.9,9.25,2.72,26.42,10.3,3.47,30.19,11.49,4.1,34.21,11.98,4.74,38.48,12.33,5.54,43.01,12.87,6.31,47.78,13.2,7.04,52.81,13.32,7.74,58.09,13.33,8.42,63.62,13.24
-1,501,51,"Ribeiro & Bicca-Marques, 2005",Ocurrencias,-52.05027778,-29.73444444,Precise,Brazil,Neotropics,Atelidae,Alouatta,Alouatta guariba clamitans,Alouatta_guariba ,Preestablished trails,1,0,0,NA,0,2002,11,days,NA, ,Alouatta guariba ,Alouatta guariba,5.54,D,15.065,AR,Folivore_frugivore,51.7,1.783,6.53,664.8,190,NA,NA,NA,1.61,Polygyny,Harem Polygyny, ,8Tropical and Subtropical Grasslands Savannas and Shrublands,0.233100634,0.79,29.51,0.34,1.54,22.27,0.49,2.54,19.35,0.69,3.8,18.15,0.87,5.31,16.3,0.96,7.07,13.54,1.04,9.08,11.41,1.21,11.34,10.69,1.43,13.85,10.29,1.72,16.62,10.34,2.12,19.63,10.8,2.74,22.9,11.98,3.41,26.42,12.92,3.94,30.19,13.06,4.7,34.21,13.74,5.58,38.48,14.49,6.4,43.01,14.89,7.07,47.78,14.81,7.79,52.81,14.75,8.43,58.09,14.51,9.34,63.62,14.68
-1,502,51,"Ribeiro & Bicca-Marques, 2005",Ocurrencias,-52.05388889,-29.73583333,Precise,Brazil,Neotropics,Atelidae,Alouatta,Alouatta guariba clamitans,Alouatta_guariba ,Preestablished trails,1,0,0,NA,0,2002,12,days,NA, ,Alouatta guariba ,Alouatta guariba,5.54,D,15.065,AR,Folivore_frugivore,51.7,1.783,6.53,664.8,190,NA,NA,NA,1.61,Polygyny,Harem Polygyny, ,8Tropical and Subtropical Grasslands Savannas and Shrublands,0.189125303,0.79,23.94,0.28,1.54,18.24,0.36,2.54,14,0.49,3.8,12.87,0.77,5.31,14.59,0.99,7.07,14,1.11,9.08,12.21,1.31,11.34,11.52,1.66,13.85,12.01,2.1,16.62,12.63,2.57,19.63,13.11,3,22.9,13.11,3.46,26.42,13.09,4,30.19,13.23,4.6,34.21,13.44,5.46,38.48,14.19,6.26,43.01,14.55,7.15,47.78,14.97,7.86,52.81,14.88,8.6,58.09,14.81,9.43,63.62,14.82
-1,504,51,"Ribeiro & Bicca-Marques, 2005",Ocurrencias,-52.03555556,-29.68138889,Precise,Brazil,Neotropics,Atelidae,Alouatta,Alouatta guariba clamitans,Alouatta_guariba ,Preestablished trails,0,0,0,NA,0,2002,14,days,NA, ,Alouatta guariba ,Alouatta guariba,5.54,D,15.065,AR,Folivore_frugivore,51.7,1.783,6.53,664.8,190,NA,NA,NA,1.61,Polygyny,Harem Polygyny, ,2Tropical_and_suptropical_moist_broadleaf_forest,0.291019899,0.79,36.84,0.49,1.54,31.75,0.68,2.54,26.88,0.92,3.8,24.12,1.31,5.31,24.67,NA,7.07,NA,2.13,9.08,23.51,2.53,11.34,22.3,3.13,13.85,22.62,3.98,16.62,23.98,4.9,19.63,24.94,5.8,22.9,25.34,6.94,26.42,26.26,8.15,30.19,27,9.51,34.21,27.79,10.78,38.48,28.03,12.41,43.01,28.85,13.94,47.78,29.18,15.54,52.81,29.43,17.21,58.09,29.63,19.16,63.62,30.11
-1,505,51,"Ribeiro & Bicca-Marques, 2005",Ocurrencias,-52.05277778,-29.70027778,Precise,Brazil,Neotropics,Atelidae,Alouatta,Alouatta guariba clamitans,Alouatta_guariba ,Preestablished trails,0,0,0,NA,0,2002,15,days,NA, ,Alouatta guariba ,Alouatta guariba,5.54,D,15.065,AR,Folivore_frugivore,51.7,1.783,6.53,664.8,190,NA,NA,NA,1.61,Polygyny,Harem Polygyny, ,2Tropical_and_suptropical_moist_broadleaf_forest,0.226099873,0.79,28.62,0.47,1.54,30.38,0.65,2.54,25.45,0.91,3.8,23.9,1.41,5.31,26.5,NA,7.07,NA,2.6,9.08,28.6,2.97,11.34,26.15,3.37,13.85,24.33,3.97,16.62,23.88,4.76,19.63,24.23,5.7,22.9,24.9,6.94,26.42,26.27,8.39,30.19,27.8,9.94,34.21,29.05,11.67,38.48,30.32,13.2,43.01,30.7,14.88,47.78,31.14,16.62,52.81,31.46,18.44,58.09,31.74,19.98,63.62,31.41
-1,506,51,"Ribeiro & Bicca-Marques, 2005",Ocurrencias,-52.05416667,-29.73638889,Precise,Brazil,Neotropics,Atelidae,Alouatta,Alouatta guariba clamitans,Alouatta_guariba ,Preestablished trails,0,0,0,NA,0,2002,16,days,NA, ,Alouatta guariba ,Alouatta guariba,5.54,D,15.065,AR,Folivore_frugivore,51.7,1.783,6.53,664.8,190,NA,NA,NA,1.61,Polygyny,Harem Polygyny, ,8Tropical and Subtropical Grasslands Savannas and Shrublands,0.176667014,0.79,22.36,0.26,1.54,16.65,0.33,2.54,13.04,0.45,3.8,11.79,0.7,5.31,13.15,0.96,7.07,13.61,1.09,9.08,12.05,1.3,11.34,11.51,1.65,13.85,11.91,2.07,16.62,12.45,2.55,19.63,12.99,2.97,22.9,12.97,3.41,26.42,12.91,3.97,30.19,13.15,4.55,34.21,13.31,5.37,38.48,13.96,6.22,43.01,14.46,7.13,47.78,14.92,7.84,52.81,14.84,8.52,58.09,14.67,9.41,63.62,14.79
