OID,N,N_study,Source,BASE,X,Y,Precise,Country,Realm,Family,Genus,Taxon,Taxon_ITIS,Sample_met,Ocurrence,N_groups,Abundanc_1,Abundance,Density,Sample_yea,Sampling_e,Sampling_1,ID_Todo,TRAITS,Taxon_IT_1,ITIS_SPECI,BodyMass_k,DielActivi,HomeRange_,Locomotion,TrophicGui,Brain_size,Canine_Dim,MeanGroupS,Interbirth,Gestation,WeaningAge,MaxLongevi,LitterSz,AdultSexRa,Social_Sys,Mating_Sys,FOREST,BIOME,Buffer_500,Area500,FC_500,Buffer_700,Area700,FC_700,Buffer_900,Area900,FC_900,Buffer_110,Area1100,FC1100,Buffer_130,Area1300,FC_1300,Buffer_150,Area1500,FC_1500,Buffer_170,Area1700,FC_1700,Buffer_190,Area1900,FC_1900,Buffer_210,Area2100,FC_2100,Buffer_230,Area2300,FC_2300,Buffer_250,Area2500,FC_2500,Buffer_270,Area2700,FC_2700,Buffer_290,Area2900,FC_2900,Buffer_310,Area3100,FC_3100,Buffer_330,Area3300,FC_3300,Buffer_350,Area3500,FC_3500,Buffer_370,Area3700,F_Buffer_3,Buffer_390,Area_3900,FC_3900,Buffer_410,Area4100,FC_4100,Buffer_430,Area4300,FC_4300,Buffer_450,Area4500,FC_4500
-1,749,548,Barbisan 2008 (thesis),Ocurrencias,-53.86858333,-29.78557222,Precise,Brazil,Neotropics,Atelidae,Alouatta,Alouatta guariba,Alouatta_guariba ,Direct sighting,1,0,0,Density per patch,1.1,2005,47,days,NA, ,Alouatta guariba ,Alouatta guariba,5.54,D,15.065,AR,Folivore_frugivore,51.7,1.783,6.53,664.8,190,NA,NA,NA,1.61,Polygyny,Harem Polygyny, ,8Tropical and Subtropical Grasslands Savannas and Shrublands,0.77501103,0.79,98.1,1.52,1.54,98.49,2.49,2.54,97.87,3.5,3.8,92.23,4.6,5.31,86.63,5.6,7.07,79.28,6.56,9.08,72.28,7.52,11.34,66.35,8.45,13.85,61.04,9.31,16.62,56.02,10.05,19.63,51.2,10.69,22.9,46.69,11.31,26.42,42.79,12.07,30.19,39.98,12.78,34.21,37.37,13.5,38.48,35.09,14.16,43.01,32.92,14.89,47.78,31.17,16.02,52.81,30.34,17.3,58.09,29.78,18.34,63.62,28.82
-1,750,548,Barbisan 2008 (thesis),Ocurrencias,-53.86252778,-29.76596944,Precise,Brazil,Neotropics,Atelidae,Alouatta,Alouatta guariba,Alouatta_guariba ,Direct sighting,0,0,0,Density per patch,0,2005,47,days,NA, ,Alouatta guariba ,Alouatta guariba,5.54,D,15.065,AR,Folivore_frugivore,51.7,1.783,6.53,664.8,190,NA,NA,NA,1.61,Polygyny,Harem Polygyny, ,8Tropical and Subtropical Grasslands Savannas and Shrublands,0.382823943,0.79,48.46,0.51,1.54,32.99,0.65,2.54,25.75,0.77,3.8,20.32,0.99,5.31,18.68,1.4,7.07,19.8,2.11,9.08,23.21,3.01,11.34,26.56,3.97,13.85,28.65,4.96,16.62,29.85,6.04,19.63,30.76,7.27,22.9,31.76,8.66,26.42,32.76,10.14,30.19,33.6,11.62,34.21,33.98,13.13,38.48,34.11,14.76,43.01,34.32,16.35,47.78,34.22,17.88,52.81,33.86,19.14,58.09,32.95,20.57,63.62,32.33
-1,751,548,Barbisan 2008 (thesis),Ocurrencias,-53.82790556,-29.77951667,Precise,Brazil,Neotropics,Atelidae,Alouatta,Alouatta guariba,Alouatta_guariba ,Direct sighting,1,0,64,Density per patch,1.7,2005,47,days,NA, ,Alouatta guariba ,Alouatta guariba,5.54,D,15.065,AR,Folivore_frugivore,51.7,1.783,6.53,664.8,190,NA,NA,NA,1.61,Polygyny,Harem Polygyny, ,8Tropical and Subtropical Grasslands Savannas and Shrublands,0.346757332,0.79,43.89,0.41,1.54,26.31,0.43,2.54,16.8,0.49,3.8,12.89,0.8,5.31,15.01,1.16,7.07,16.45,1.82,9.08,20.05,2.76,11.34,24.35,3.7,13.85,26.7,4.87,16.62,29.31,6.07,19.63,30.94,7.31,22.9,31.94,8.65,26.42,32.75,9.95,30.19,32.97,11.49,34.21,33.57,12.95,38.48,33.64,14.33,43.01,33.32,15.61,47.78,32.67,16.75,52.81,31.71,17.74,58.09,30.54,18.84,63.62,29.62
-1,752,548,Barbisan 2008 (thesis),Ocurrencias,-53.87581389,-29.75615,Precise,Brazil,Neotropics,Atelidae,Alouatta,Alouatta guariba,Alouatta_guariba ,Direct sighting,1,0,45,Density per patch,2.2,2005,47,days,NA, ,Alouatta guariba ,Alouatta guariba,5.54,D,15.065,AR,Folivore_frugivore,51.7,1.783,6.53,664.8,190,NA,NA,NA,1.61,Polygyny,Harem Polygyny, ,8Tropical and Subtropical Grasslands Savannas and Shrublands,0.198304139,0.79,25.1,0.24,1.54,15.67,0.29,2.54,11.6,0.45,3.8,11.83,0.61,5.31,11.52,0.92,7.07,12.97,1.4,9.08,15.37,2.04,11.34,17.97,2.87,13.85,20.71,3.76,16.62,22.6,4.56,19.63,23.23,5.46,22.9,23.84,6.65,26.42,25.15,8.07,30.19,26.72,9.67,34.21,28.27,11.11,38.48,28.88,12.63,43.01,29.37,14.04,47.78,29.38,15.42,52.81,29.19,16.8,58.09,28.91,18.32,63.62,28.8
-1,753,548,Barbisan 2008 (thesis),Ocurrencias,-53.88381389,-29.76112222,Precise,Brazil,Neotropics,Atelidae,Alouatta,Alouatta guariba,Alouatta_guariba ,Direct sighting,1,0,44,Density per patch,2.6,2005,47,days,NA, ,Alouatta guariba ,Alouatta guariba,5.54,D,15.065,AR,Folivore_frugivore,51.7,1.783,6.53,664.8,190,NA,NA,NA,1.61,Polygyny,Harem Polygyny, ,8Tropical and Subtropical Grasslands Savannas and Shrublands,0.18911645,0.79,23.94,0.26,1.54,16.75,0.43,2.54,16.96,0.73,3.8,19.22,1.02,5.31,19.18,1.41,7.07,19.96,1.84,9.08,20.24,2.37,11.34,20.89,3.16,13.85,22.81,4,16.62,24.05,4.8,19.63,24.46,5.73,22.9,25.02,7.15,26.42,27.05,8.62,30.19,28.54,9.95,34.21,29.08,11.06,38.48,28.74,12.33,43.01,28.66,13.92,47.78,29.14,15.6,52.81,29.55,17.29,58.09,29.76,18.8,63.62,29.55
-1,754,548,Barbisan 2008 (thesis),Ocurrencias,-53.82789444,-29.73554444,Precise,Brazil,Neotropics,Atelidae,Alouatta,Alouatta guariba,Alouatta_guariba ,Direct sighting,1,0,21,Density per patch,1.3,2005,47,days,NA, ,Alouatta guariba ,Alouatta guariba,5.54,D,15.065,AR,Folivore_frugivore,51.7,1.783,6.53,664.8,190,NA,NA,NA,1.61,Polygyny,Harem Polygyny, ,2Tropical_and_suptropical_moist_broadleaf_forest,0.369558004,0.79,46.78,0.61,1.54,39.82,0.83,2.54,32.66,1.15,3.8,30.35,1.53,5.31,28.83,NA,7.07,NA,2.49,9.08,27.44,3.16,11.34,27.82,3.99,13.85,28.81,4.87,16.62,29.28,5.66,19.63,28.85,6.52,22.9,28.46,7.24,26.42,27.41,8.18,30.19,27.1,9.45,34.21,27.64,10.77,38.48,27.98,12.35,43.01,28.71,13.91,47.78,29.1,15.33,52.81,29.03,16.49,58.09,28.39,17.68,63.62,27.78
-1,755,548,Barbisan 2008 (thesis),Ocurrencias,-53.87841389,-29.77815833,Precise,Brazil,Neotropics,Atelidae,Alouatta,Alouatta guariba,Alouatta_guariba ,Direct sighting,1,0,20,Density per patch,1.4,2005,47,days,NA, ,Alouatta guariba ,Alouatta guariba,5.54,D,15.065,AR,Folivore_frugivore,51.7,1.783,6.53,664.8,190,NA,NA,NA,1.61,Polygyny,Harem Polygyny, ,8Tropical and Subtropical Grasslands Savannas and Shrublands,0.430794708,0.79,54.53,0.93,1.54,60.28,1.57,2.54,61.91,2.3,3.8,60.5,3,5.31,56.43,3.81,7.07,53.83,4.7,9.08,51.73,5.7,11.34,50.26,6.82,13.85,49.23,7.96,16.62,47.92,9.22,19.63,46.98,10.09,22.9,44.08,10.94,26.42,41.42,11.89,30.19,39.4,12.81,34.21,37.44,13.66,38.48,35.49,14.67,43.01,34.11,15.67,47.78,32.8,16.63,52.81,31.49,17.63,58.09,30.35,18.68,63.62,29.36
-1,756,548,Barbisan 2008 (thesis),Ocurrencias,-53.83216389,-29.73410278,Precise,Brazil,Neotropics,Atelidae,Alouatta,Alouatta guariba,Alouatta_guariba ,Direct sighting,1,0,13,Density per patch,1.1,2005,47,days,NA, ,Alouatta guariba ,Alouatta guariba,5.54,D,15.065,AR,Folivore_frugivore,51.7,1.783,6.53,664.8,190,NA,NA,NA,1.61,Polygyny,Harem Polygyny, ,2Tropical_and_suptropical_moist_broadleaf_forest,0.30390698,0.79,38.47,0.42,1.54,27.46,0.59,2.54,23.19,0.91,3.8,23.86,1.28,5.31,24.18,NA,7.07,NA,2.36,9.08,25.98,3.03,11.34,26.74,3.81,13.85,27.5,4.71,16.62,28.31,5.6,19.63,28.52,6.53,22.9,28.51,7.47,26.42,28.26,8.64,30.19,28.62,9.86,34.21,28.81,10.98,38.48,28.53,12.13,43.01,28.19,13.26,47.78,27.76,14.46,52.81,27.39,15.93,58.09,27.42,17.37,63.62,27.3
-1,757,548,Barbisan 2008 (thesis),Ocurrencias,-53.83559444,-29.746025,Precise,Brazil,Neotropics,Atelidae,Alouatta,Alouatta guariba,Alouatta_guariba ,Direct sighting,0,0,0,Density per patch,0,2005,47,days,NA, ,Alouatta guariba ,Alouatta guariba,5.54,D,15.065,AR,Folivore_frugivore,51.7,1.783,6.53,664.8,190,NA,NA,NA,1.61,Polygyny,Harem Polygyny, ,8Tropical and Subtropical Grasslands Savannas and Shrublands,0.254779172,0.79,32.25,0.52,1.54,33.67,0.83,2.54,32.8,1.35,3.8,35.63,1.99,5.31,37.52,2.51,7.07,35.46,2.84,9.08,31.24,3.35,11.34,29.53,3.98,13.85,28.73,4.62,16.62,27.83,5.31,19.63,27.07,5.88,22.9,25.67,6.51,26.42,24.64,7.04,30.19,23.3,7.69,34.21,22.48,8.32,38.48,21.62,9.13,43.01,21.23,9.96,47.78,20.84,10.74,52.81,20.33,11.62,58.09,20,12.76,63.62,20.05
-1,758,548,Barbisan 2008 (thesis),Ocurrencias,-53.87082778,-29.77571389,Precise,Brazil,Neotropics,Atelidae,Alouatta,Alouatta guariba,Alouatta_guariba ,Direct sighting,1,0,9,Density per patch,1.6,2005,47,days,NA, ,Alouatta guariba ,Alouatta guariba,5.54,D,15.065,AR,Folivore_frugivore,51.7,1.783,6.53,664.8,190,NA,NA,NA,1.61,Polygyny,Harem Polygyny, ,8Tropical and Subtropical Grasslands Savannas and Shrublands,0.386619862,0.79,48.94,0.85,1.54,55.32,1.43,2.54,56.33,2.11,3.8,55.64,2.87,5.31,54.07,3.77,7.07,53.31,4.69,9.08,51.68,5.56,11.34,49.01,6.49,13.85,46.84,7.55,16.62,45.41,8.55,19.63,43.57,9.52,22.9,41.59,10.56,26.42,39.97,11.67,30.19,38.66,12.92,34.21,37.77,14.08,38.48,36.6,15.22,43.01,35.39,16.5,47.78,34.54,17.75,52.81,33.61,18.99,58.09,32.7,20.03,63.62,31.49
-1,759,548,Barbisan 2008 (thesis),Ocurrencias,-53.85162222,-29.74291111,Precise,Brazil,Neotropics,Atelidae,Alouatta,Alouatta guariba,Alouatta_guariba ,Direct sighting,1,0,4,Density per patch,1,2005,47,days,NA, ,Alouatta guariba ,Alouatta guariba,5.54,D,15.065,AR,Folivore_frugivore,51.7,1.783,6.53,664.8,190,NA,NA,NA,1.61,Polygyny,Harem Polygyny, ,8Tropical and Subtropical Grasslands Savannas and Shrublands,0.117034571,0.79,14.81,0.3,1.54,19.43,0.65,2.54,25.78,1.24,3.8,32.54,1.9,5.31,35.87,2.53,7.07,35.8,3.21,9.08,35.4,3.7,11.34,32.65,4.14,13.85,29.87,4.6,16.62,27.67,5.04,19.63,25.69,5.66,22.9,24.72,6.22,26.42,23.54,6.84,30.19,22.67,7.42,34.21,21.69,8.13,38.48,21.14,8.94,43.01,20.8,9.77,47.78,20.44,10.69,52.81,20.23,12.12,58.09,20.86,13.51,63.62,21.24
-1,760,548,Barbisan 2008 (thesis),Ocurrencias,-53.86974722,-29.75809722,Precise,Brazil,Neotropics,Atelidae,Alouatta,Alouatta guariba,Alouatta_guariba ,Direct sighting,1,0,5,Density per patch,2.1,2005,47,days,NA, ,Alouatta guariba ,Alouatta guariba,5.54,D,15.065,AR,Folivore_frugivore,51.7,1.783,6.53,664.8,190,NA,NA,NA,1.61,Polygyny,Harem Polygyny, ,8Tropical and Subtropical Grasslands Savannas and Shrublands,0.057926257,0.79,7.33,0.24,1.54,15.53,0.49,2.54,19.39,0.71,3.8,18.78,0.97,5.31,18.22,1.42,7.07,20.11,2.04,9.08,22.45,2.64,11.34,23.3,3.22,13.85,23.26,3.91,16.62,23.54,4.78,19.63,24.33,5.73,22.9,25.02,6.83,26.42,25.84,8.16,30.19,27.04,9.5,34.21,27.77,11,38.48,28.59,12.73,43.01,29.59,14.52,47.78,30.39,16.21,52.81,30.69,17.95,58.09,30.9,19.56,63.62,30.75
-1,761,548,Barbisan 2008 (thesis),Ocurrencias,-53.86063611,-29.77628056,Precise,Brazil,Neotropics,Atelidae,Alouatta,Alouatta guariba,Alouatta_guariba ,Direct sighting,1,0,3,Density per patch,2.6,2005,47,days,NA, ,Alouatta guariba ,Alouatta guariba,5.54,D,15.065,AR,Folivore_frugivore,51.7,1.783,6.53,664.8,190,NA,NA,NA,1.61,Polygyny,Harem Polygyny, ,8Tropical and Subtropical Grasslands Savannas and Shrublands,0.23328664,0.79,29.53,0.5,1.54,32.39,0.92,2.54,36.37,1.52,3.8,39.97,2.23,5.31,41.91,3.01,7.07,42.59,3.84,9.08,42.28,4.74,11.34,41.8,5.76,13.85,41.59,7.03,16.62,42.29,8.35,19.63,42.56,9.65,22.9,42.12,11.03,26.42,41.75,12.43,30.19,41.18,13.75,34.21,40.18,14.83,38.48,38.55,15.9,43.01,36.96,16.8,47.78,35.16,17.68,52.81,33.47,18.79,58.09,32.34,19.82,63.62,31.16
-1,762,548,Barbisan 2008 (thesis),Ocurrencias,-53.86865833,-29.77307778,Precise,Brazil,Neotropics,Atelidae,Alouatta,Alouatta guariba,Alouatta_guariba ,Direct sighting,1,0,5,Density per patch,4.6,2005,47,days,NA, ,Alouatta guariba ,Alouatta guariba,5.54,D,15.065,AR,Folivore_frugivore,51.7,1.783,6.53,664.8,190,NA,NA,NA,1.61,Polygyny,Harem Polygyny, ,8Tropical and Subtropical Grasslands Savannas and Shrublands,0.242382295,0.79,30.68,0.64,1.54,41.4,1.18,2.54,46.28,1.74,3.8,45.79,2.35,5.31,44.29,3.03,7.07,42.91,3.86,9.08,42.53,4.74,11.34,41.8,5.75,13.85,41.48,6.78,16.62,40.82,7.78,19.63,39.63,8.88,22.9,38.78,10.12,26.42,38.29,11.47,30.19,38.01,12.82,34.21,37.49,14.13,38.48,36.72,15.51,43.01,36.05,16.98,47.78,35.53,18.25,52.81,34.56,19.39,58.09,33.39,20.4,63.62,32.07
