OID,N,N_study,Source,BASE,X,Y,Precise,Country,Realm,Family,Genus,Taxon,Taxon_ITIS,Sample_met,Ocurrence,N_groups,Abundanc_1,Abundance,Density,Sample_yea,Sampling_e,Sampling_1,ID_Todo,TRAITS,Taxon_IT_1,ITIS_SPECI,BodyMass_k,DielActivi,HomeRange_,Locomotion,TrophicGui,Brain_size,Canine_Dim,MeanGroupS,Interbirth,Gestation,WeaningAge,MaxLongevi,LitterSz,AdultSexRa,Social_Sys,Mating_Sys,FOREST,BIOME,Buffer_500,Area500,FC_500,Buffer_700,Area700,FC_700,Buffer_900,Area900,FC_900,Buffer_110,Area1100,FC1100,Buffer_130,Area1300,FC_1300,Buffer_150,Area1500,FC_1500,Buffer_170,Area1700,FC_1700,Buffer_190,Area1900,FC_1900,Buffer_210,Area2100,FC_2100,Buffer_230,Area2300,FC_2300,Buffer_250,Area2500,FC_2500,Buffer_270,Area2700,FC_2700,Buffer_290,Area2900,FC_2900,Buffer_310,Area3100,FC_3100,Buffer_330,Area3300,FC_3300,Buffer_350,Area3500,FC_3500,Buffer_370,Area3700,F_Buffer_3,Buffer_390,Area_3900,FC_3900,Buffer_410,Area4100,FC_4100,Buffer_430,Area4300,FC_4300,Buffer_450,Area4500,FC_4500
-1,2973,553,Dias et al. 2013,Ocurrencias,-92.299654,17.795236,Precise,Mexico,Neotropics,Atelidae,Alouatta,Alouatta pigra,Alouatta_pigra,"Capture, direct sighting",1,0,0,NA,0,2010,4,months,NA, ,Alouatta pigra,Alouatta pigra,6.56,D,11.98,AR,Folivore_frugivore,51.13,1.109,6.6,NA,187,NA,240,1.01,1.13,Polygyndry,Harem Polygyny, ,2Tropical_and_suptropical_moist_broadleaf_forest,0.612537283,0.79,77.54,0.93,1.54,60.46,1.14,2.54,44.7,1.36,3.8,35.73,1.74,5.31,32.68,NA,7.07,NA,2.36,9.08,25.99,2.72,11.34,24.02,3.15,13.85,22.72,3.53,16.62,21.25,4.09,19.63,20.84,4.79,22.9,20.92,5.45,26.42,20.62,5.89,30.19,19.52,6.41,34.21,18.75,6.92,38.48,17.97,7.51,43.01,17.47,8.08,47.78,16.91,8.59,52.81,16.27,9.1,58.09,15.66,9.85,63.62,15.48
-1,2974,553,Dias et al. 2013,Ocurrencias,-92.292225,17.787188,Precise,Mexico,Neotropics,Atelidae,Alouatta,Alouatta pigra,Alouatta_pigra,"Capture, direct sighting",0,0,0,NA,0,2010,4,months,NA, ,Alouatta pigra,Alouatta pigra,6.56,D,11.98,AR,Folivore_frugivore,51.13,1.109,6.6,NA,187,NA,240,1.01,1.13,Polygyndry,Harem Polygyny, ,2Tropical_and_suptropical_moist_broadleaf_forest,0.239384104,0.79,30.3,0.42,1.54,27.48,0.68,2.54,26.61,1.03,3.8,27.1,1.5,5.31,28.25,NA,7.07,NA,2.38,9.08,26.2,2.88,11.34,25.37,3.2,13.85,23.12,3.57,16.62,21.5,4.18,19.63,21.31,4.7,22.9,20.54,5.25,26.42,19.88,5.76,30.19,19.06,6.26,34.21,18.3,6.85,38.48,17.8,7.71,43.01,17.94,8.28,47.78,17.32,8.82,52.81,16.7,9.38,58.09,16.14,10.01,63.62,15.73
-1,2975,553,Dias et al. 2013,Ocurrencias,-92.290091,17.791741,Precise,Mexico,Neotropics,Atelidae,Alouatta,Alouatta pigra,Alouatta_pigra,"Capture, direct sighting",1,0,0,NA,0,2010,4,months,NA, ,Alouatta pigra,Alouatta pigra,6.56,D,11.98,AR,Folivore_frugivore,51.13,1.109,6.6,NA,187,NA,240,1.01,1.13,Polygyndry,Harem Polygyny, ,2Tropical_and_suptropical_moist_broadleaf_forest,0.258095007,0.79,32.67,0.44,1.54,28.81,0.64,2.54,25.21,0.9,3.8,23.68,1.33,5.31,25.04,NA,7.07,NA,2.39,9.08,26.28,2.85,11.34,25.13,3.17,13.85,22.92,3.6,16.62,21.66,4.17,19.63,21.26,4.64,22.9,20.26,5.01,26.42,18.98,5.57,30.19,18.45,6.13,34.21,17.92,6.74,38.48,17.52,7.22,43.01,16.79,7.85,47.78,16.42,8.56,52.81,16.21,9.25,58.09,15.92,9.93,63.62,15.6
-1,2976,553,Dias et al. 2013,Ocurrencias,-92.30119,17.781821,Precise,Mexico,Neotropics,Atelidae,Alouatta,Alouatta pigra,Alouatta_pigra,"Capture, direct sighting",1,0,0,NA,0,2010,4,months,NA, ,Alouatta pigra,Alouatta pigra,6.56,D,11.98,AR,Folivore_frugivore,51.13,1.109,6.6,NA,187,NA,240,1.01,1.13,Polygyndry,Harem Polygyny, ,2Tropical_and_suptropical_moist_broadleaf_forest,0.17937717,0.79,22.71,0.34,1.54,21.97,0.55,2.54,21.78,0.89,3.8,23.37,1.33,5.31,24.96,NA,7.07,NA,2.41,9.08,26.54,2.98,11.34,26.24,3.39,13.85,24.45,3.8,16.62,22.87,4.3,19.63,21.91,4.88,22.9,21.33,5.32,26.42,20.13,5.7,30.19,18.87,6.3,34.21,18.4,6.94,38.48,18.04,7.62,43.01,17.71,8.37,47.78,17.51,9.16,52.81,17.34,9.82,58.09,16.9,10.45,63.62,16.42
-1,2977,553,Dias et al. 2013,Ocurrencias,-92.287701,17.808245,Precise,Mexico,Neotropics,Atelidae,Alouatta,Alouatta pigra,Alouatta_pigra,"Capture, direct sighting",1,0,0,NA,0,2010,4,months,NA, ,Alouatta pigra,Alouatta pigra,6.56,D,11.98,AR,Folivore_frugivore,51.13,1.109,6.6,NA,187,NA,240,1.01,1.13,Polygyndry,Harem Polygyny, ,2Tropical_and_suptropical_moist_broadleaf_forest,0.232866177,0.79,29.48,0.32,1.54,20.52,0.4,2.54,15.62,0.53,3.8,14.06,0.61,5.31,11.52,NA,7.07,NA,0.99,9.08,10.87,1.61,11.34,14.22,2.18,13.85,15.71,2.63,16.62,15.82,3.15,19.63,16.06,3.76,22.9,16.44,4.44,26.42,16.79,4.87,30.19,16.14,5.43,34.21,15.88,5.98,38.48,15.55,6.55,43.01,15.24,7.26,47.78,15.19,7.86,52.81,14.88,8.45,58.09,14.54,9.19,63.62,14.44
-1,2978,553,Dias et al. 2013,Ocurrencias,-92.28437,17.78979,Precise,Mexico,Neotropics,Atelidae,Alouatta,Alouatta pigra,Alouatta_pigra,"Capture, direct sighting",0,0,0,NA,0,2010,4,months,NA, ,Alouatta pigra,Alouatta pigra,6.56,D,11.98,AR,Folivore_frugivore,51.13,1.109,6.6,NA,187,NA,240,1.01,1.13,Polygyndry,Harem Polygyny, ,2Tropical_and_suptropical_moist_broadleaf_forest,0.106088743,0.79,13.43,0.37,1.54,23.76,0.67,2.54,26.48,0.93,3.8,24.45,1.22,5.31,23.05,NA,7.07,NA,1.87,9.08,20.54,2.36,11.34,20.83,3.01,13.85,21.7,3.45,16.62,20.75,3.92,19.63,19.99,4.46,22.9,19.49,4.86,26.42,18.41,5.36,30.19,17.75,5.92,34.21,17.31,6.41,38.48,16.65,7.07,43.01,16.44,7.76,47.78,16.25,8.54,52.81,16.17,9.53,58.09,16.41,10.61,63.62,16.68
-1,2979,553,Dias et al. 2013,Ocurrencias,-92.285138,17.786213,Precise,Mexico,Neotropics,Atelidae,Alouatta,Alouatta pigra,Alouatta_pigra,"Capture, direct sighting",0,0,0,NA,0,2010,4,months,NA, ,Alouatta pigra,Alouatta pigra,6.56,D,11.98,AR,Folivore_frugivore,51.13,1.109,6.6,NA,187,NA,240,1.01,1.13,Polygyndry,Harem Polygyny, ,2Tropical_and_suptropical_moist_broadleaf_forest,0.078412509,0.79,9.93,0.25,1.54,16.26,0.61,2.54,23.82,0.97,3.8,25.4,1.28,5.31,24.03,NA,7.07,NA,1.93,9.08,21.21,2.42,11.34,21.33,2.88,13.85,20.83,3.38,16.62,20.34,3.88,19.63,19.74,4.35,22.9,19.02,4.94,26.42,18.71,5.65,30.19,18.72,6.2,34.21,18.12,6.71,38.48,17.44,7.23,43.01,16.82,7.89,47.78,16.51,8.76,52.81,16.58,9.92,58.09,17.08,10.69,63.62,16.8
-1,2980,553,Dias et al. 2013,Ocurrencias,-92.306913,17.798569,Precise,Mexico,Neotropics,Atelidae,Alouatta,Alouatta pigra,Alouatta_pigra,"Capture, direct sighting",0,0,0,NA,0,2010,4,months,NA, ,Alouatta pigra,Alouatta pigra,6.56,D,11.98,AR,Folivore_frugivore,51.13,1.109,6.6,NA,187,NA,240,1.01,1.13,Polygyndry,Harem Polygyny, ,2Tropical_and_suptropical_moist_broadleaf_forest,0.235546718,0.79,29.82,0.46,1.54,30.1,0.78,2.54,30.84,1.12,3.8,29.58,1.52,5.31,28.63,NA,7.07,NA,2.23,9.08,24.52,2.59,11.34,22.8,3.1,13.85,22.36,3.67,16.62,22.08,4.12,19.63,21.01,4.55,22.9,19.89,4.98,26.42,18.84,5.61,30.19,18.58,6.24,34.21,18.25,6.93,38.48,18,7.71,43.01,17.92,8.17,47.78,17.1,8.63,52.81,16.33,9.2,58.09,15.83,9.91,63.62,15.58
-1,2981,553,Dias et al. 2013,Ocurrencias,-92.307168,17.795804,Precise,Mexico,Neotropics,Atelidae,Alouatta,Alouatta pigra,Alouatta_pigra,"Capture, direct sighting",0,0,0,NA,0,2010,4,months,NA, ,Alouatta pigra,Alouatta pigra,6.56,D,11.98,AR,Folivore_frugivore,51.13,1.109,6.6,NA,187,NA,240,1.01,1.13,Polygyndry,Harem Polygyny, ,2Tropical_and_suptropical_moist_broadleaf_forest,0.230511642,0.79,29.18,0.48,1.54,31.19,0.85,2.54,33.61,1.33,3.8,35.03,1.72,5.31,32.47,NA,7.07,NA,2.44,9.08,26.86,2.83,11.34,24.96,3.16,13.85,22.81,3.5,16.62,21.06,3.96,19.63,20.2,4.55,22.9,19.88,5.17,26.42,19.59,5.76,30.19,19.08,6.45,34.21,18.85,7.14,38.48,18.55,7.74,43.01,18.01,8.24,47.78,17.24,8.74,52.81,16.55,9.34,58.09,16.08,9.91,63.62,15.57
