OID,N,N_study,Source,BASE,X,Y,Precise,Country,Realm,Family,Genus,Taxon,Taxon_ITIS,Sample_met,Ocurrence,N_groups,Abundanc_1,Abundance,Density,Sample_yea,Sampling_e,Sampling_1,ID_Todo,TRAITS,Taxon_IT_1,ITIS_SPECI,BodyMass_k,DielActivi,HomeRange_,Locomotion,TrophicGui,Brain_size,Canine_Dim,MeanGroupS,Interbirth,Gestation,WeaningAge,MaxLongevi,LitterSz,AdultSexRa,Social_Sys,Mating_Sys,FOREST,BIOME,Buffer_500,Area500,FC_500,Buffer_700,Area700,FC_700,Buffer_900,Area900,FC_900,Buffer_110,Area1100,FC1100,Buffer_130,Area1300,FC_1300,Buffer_150,Area1500,FC_1500,Buffer_170,Area1700,FC_1700,Buffer_190,Area1900,FC_1900,Buffer_210,Area2100,FC_2100,Buffer_230,Area2300,FC_2300,Buffer_250,Area2500,FC_2500,Buffer_270,Area2700,FC_2700,Buffer_290,Area2900,FC_2900,Buffer_310,Area3100,FC_3100,Buffer_330,Area3300,FC_3300,Buffer_350,Area3500,FC_3500,Buffer_370,Area3700,F_Buffer_3,Buffer_390,Area_3900,FC_3900,Buffer_410,Area4100,FC_4100,Buffer_430,Area4300,FC_4300,Buffer_450,Area4500,FC_4500
-1,597,173,Chiarello 1999,Ocurrencias,-40.16187,-19.876262,Precise,Brazil,Neotropics,Atelidae,Alouatta,Alouatta fusca,Alouatta_guariba ,Line Transect,0,0,0,Encounter rate (n ind/km walked),0,1995,59,km,NA, ,Alouatta guariba ,Alouatta guariba,5.54,D,15.065,AR,Folivore_frugivore,51.7,1.783,6.53,664.8,190,NA,NA,NA,1.61,Polygyny,Harem Polygyny, ,2Tropical_and_suptropical_moist_broadleaf_forest,0.759402022,0.79,96.13,1.49,1.54,96.9,2.47,2.54,97.32,3.68,3.8,96.74,5.12,5.31,96.48,NA,7.07,NA,8.75,9.08,96.33,10.93,11.34,96.39,13.35,13.85,96.37,16.03,16.62,96.44,18.89,19.63,96.22,21.94,22.9,95.81,25.2,26.42,95.37,28.63,30.19,94.83,32.21,34.21,94.15,36.02,38.48,93.61,40.04,43.01,93.08,44.26,47.78,92.63,48.74,52.81,92.3,53.38,58.09,91.89,58.44,63.62,91.85
-1,598,173,Chiarello 1999,Richness,-40.12372,-19.805467,Precise,Brazil,Neotropics,Atelidae,Alouatta,Alouatta fusca,Alouatta_guariba ,Line Transect,1, ,0.22,Encounter rate (n ind/km walked),0,1995,62.9,km,NA, ,Alouatta guariba ,Alouatta guariba,5.54,D,15.065,AR,Folivore_frugivore,51.7,1.783,6.53,664.8,190,NA,NA,NA,1.61,Polygyny,Harem Polygyny, ,2Tropical_and_suptropical_moist_broadleaf_forest,0.773567808,0.79,97.92,1.5,1.54,97.7,2.45,2.54,96.53,3.66,3.8,96.23,5.1,5.31,96.03,NA,7.07,NA,8.62,9.08,94.97,10.56,11.34,93.13,12.65,13.85,91.31,14.94,16.62,89.87,17.51,19.63,89.19,20.4,22.9,89.07,23.59,26.42,89.31,26.99,30.19,89.41,30.43,34.21,88.96,34.11,38.48,88.65,38.23,43.01,88.88,42.43,47.78,88.81,46.89,52.81,88.79,51.8,58.09,89.17,56.86,63.62,89.38
-1,599,173,Chiarello 1999,Richness,-40.13806389,-19.01885278,Precise,Brazil,Neotropics,Atelidae,Alouatta,Alouatta fusca,Alouatta_guariba ,Line Transect,1, ,0,Encounter rate (n ind/km walked),0,1995,83.6,km,NA, ,Alouatta guariba ,Alouatta guariba,5.54,D,15.065,AR,Folivore_frugivore,51.7,1.783,6.53,664.8,190,NA,NA,NA,1.61,Polygyny,Harem Polygyny, ,2Tropical_and_suptropical_moist_broadleaf_forest,0.773495839,0.79,97.91,1.52,1.54,98.46,2.51,2.54,98.68,3.74,3.8,98.53,5.23,5.31,98.49,NA,7.07,NA,8.94,9.08,98.49,11.17,11.34,98.51,13.65,13.85,98.53,16.37,16.62,98.5,19.34,19.63,98.53,22.56,22.9,98.51,26.02,26.42,98.5,29.74,30.19,98.5,33.7,34.21,98.51,37.91,38.48,98.51,42.36,43.01,98.5,47.07,47.78,98.51,52.02,52.81,98.5,57.18,58.09,98.43,62.39,63.62,98.07
-1,600,173,Chiarello 1999,Richness,-40.14874167,-18.34444722,Precise,Brazil,Neotropics,Atelidae,Alouatta,Alouatta fusca,Alouatta_guariba ,Line Transect,0, ,0,Encounter rate (n ind/km walked),0,1995,85.3,km,NA, ,Alouatta guariba ,Alouatta guariba,5.54,D,15.065,AR,Folivore_frugivore,51.7,1.783,6.53,664.8,190,NA,NA,NA,1.61,Polygyny,Harem Polygyny, ,2Tropical_and_suptropical_moist_broadleaf_forest,0.773483979,0.79,97.91,1.52,1.54,98.44,2.51,2.54,98.67,3.74,3.8,98.52,5.23,5.31,98.47,NA,7.07,NA,8.35,9.08,91.99,9.94,11.34,87.68,11.62,13.85,83.88,13.4,16.62,80.6,15.23,19.63,77.57,16.93,22.9,73.95,18.51,26.42,70.05,19.98,30.19,66.2,21.33,34.21,62.36,22.55,38.48,58.61,23.59,43.01,54.85,24.46,47.78,51.19,25.09,52.81,47.5,25.59,58.09,44.05,26.1,63.62,41.02
-1,601,173,Chiarello 1999,Richness,-39.80627778,-18.26845278,Precise,Brazil,Neotropics,Atelidae,Alouatta,Alouatta fusca,Alouatta_guariba ,Line Transect,0, ,0,Encounter rate (n ind/km walked),0,1995,87.9,km,NA, ,Alouatta guariba ,Alouatta guariba,5.54,D,15.065,AR,Folivore_frugivore,51.7,1.783,6.53,664.8,190,NA,NA,NA,1.61,Polygyny,Harem Polygyny, ,2Tropical_and_suptropical_moist_broadleaf_forest,0.773468596,0.79,97.91,1.52,1.54,98.44,2.51,2.54,98.67,3.74,3.8,98.52,5.21,5.31,98.21,NA,7.07,NA,8.39,9.08,92.39,10.01,11.34,88.29,11.66,13.85,84.19,13.33,16.62,80.23,14.79,19.63,75.32,16.27,22.9,71.03,17.89,26.42,67.72,19.63,30.19,65.01,21.52,34.21,62.91,23.83,38.48,61.93,26.72,43.01,62.12,29.56,47.78,61.88,32.34,52.81,61.24,35.2,58.09,60.59,38.19,63.62,60.03
-1,602,173,Chiarello 1999,Richness,-39.94515556,-19.11418056,Precise,Brazil,Neotropics,Atelidae,Alouatta,Alouatta fusca,Alouatta_guariba ,Line Transect,1, ,0.15,Encounter rate (n ind/km walked),0,1995,80.1,km,NA, ,Alouatta guariba ,Alouatta guariba,5.54,D,15.065,AR,Folivore_frugivore,51.7,1.783,6.53,664.8,190,NA,NA,NA,1.61,Polygyny,Harem Polygyny, ,2Tropical_and_suptropical_moist_broadleaf_forest,0.773483087,0.79,97.91,1.52,1.54,98.46,2.51,2.54,98.68,3.74,3.8,98.53,5.23,5.31,98.49,NA,7.07,NA,8.94,9.08,98.49,11.17,11.34,98.51,13.65,13.85,98.53,16.37,16.62,98.5,19.34,19.63,98.53,22.54,22.9,98.44,25.98,26.42,98.34,29.66,30.19,98.24,33.38,34.21,97.57,37.14,38.48,96.52,40.93,43.01,95.16,44.6,47.78,93.34,48.17,52.81,91.22,51.72,58.09,89.04,55.35,63.62,87
