OID,N,N_study,Source,BASE,X,Y,Precise,Country,Realm,Family,Genus,Taxon,Taxon_ITIS,Sample_met,Ocurrence,N_groups,Abundanc_1,Abundance,Density,Sample_yea,Sampling_e,Sampling_1,ID_Todo,TRAITS,Taxon_IT_1,ITIS_SPECI,BodyMass_k,DielActivi,HomeRange_,Locomotion,TrophicGui,Brain_size,Canine_Dim,MeanGroupS,Interbirth,Gestation,WeaningAge,MaxLongevi,LitterSz,AdultSexRa,Social_Sys,Mating_Sys,FOREST,BIOME,Buffer_500,Area500,FC_500,Buffer_700,Area700,FC_700,Buffer_900,Area900,FC_900,Buffer_110,Area1100,FC1100,Buffer_130,Area1300,FC_1300,Buffer_150,Area1500,FC_1500,Buffer_170,Area1700,FC_1700,Buffer_190,Area1900,FC_1900,Buffer_210,Area2100,FC_2100,Buffer_230,Area2300,FC_2300,Buffer_250,Area2500,FC_2500,Buffer_270,Area2700,FC_2700,Buffer_290,Area2900,FC_2900,Buffer_310,Area3100,FC_3100,Buffer_330,Area3300,FC_3300,Buffer_350,Area3500,FC_3500,Buffer_370,Area3700,F_Buffer_3,Buffer_390,Area_3900,FC_3900,Buffer_410,Area4100,FC_4100,Buffer_430,Area4300,FC_4300,Buffer_450,Area4500,FC_4500
-1,4056,28,Shanee et al. 2015,Ocurrencias,-76.71861111,-8.411111111,Precise,Peru,Neotropics,Aotidae,Aotus,Aotus nancymaae,Aotus_nancymai, ,0,0,0,NA,0,2011,0,Day,NA, ,Aotus nancymai,Aotus nancymai,0.79,N,9.2,AR,Frugivore,NA,NA,3.9,365.2,117,NA,NA,1.02,1,Pair,Monogamy, ,2Tropical_and_suptropical_moist_broadleaf_forest,0.768274139,0.79,97.25,1.49,1.54,96.86,2.47,2.54,97.28,3.71,3.8,97.56,NA,5.31,NA,NA,7.07,NA,8.87,9.08,97.64,11.08,11.34,97.74,13.55,13.85,97.82,16.22,16.62,97.6,19.1,19.63,97.32,22.23,22.9,97.08,25.59,26.42,96.88,29.15,30.19,96.55,32.88,34.21,96.11,36.88,38.48,95.84,41.11,43.01,95.59,45.56,47.78,95.36,50.2,52.81,95.06,55.05,58.09,94.77,60.08,63.62,94.43
-1,4057,28,Shanee et al. 2015,Ocurrencias,-76.59361111,-8.482777778,Precise,Peru,Neotropics,Aotidae,Aotus,Aotus nancymaae,Aotus_nancymai, ,0,0,0,NA,0,2011,0,Day,NA, ,Aotus nancymai,Aotus nancymai,0.79,N,9.2,AR,Frugivore,NA,NA,3.9,365.2,117,NA,NA,1.02,1,Pair,Monogamy, ,2Tropical_and_suptropical_moist_broadleaf_forest,0.768263492,0.79,97.25,1.51,1.54,98.06,2.5,2.54,98.39,3.73,3.8,98.23,NA,5.31,NA,NA,7.07,NA,8.71,9.08,95.94,10.85,11.34,95.72,13.25,13.85,95.65,15.86,16.62,95.4,18.76,19.63,95.55,21.88,22.9,95.54,25.2,26.42,95.38,28.74,30.19,95.2,32.55,34.21,95.15,36.44,38.48,94.7,40.66,43.01,94.53,45.19,47.78,94.59,50,52.81,94.68,54.93,58.09,94.57,60.08,63.62,94.44
-1,4058,28,Shanee et al. 2015,Ocurrencias,-76.01138889,-9.291666667,Precise,Peru,Neotropics,Aotidae,Aotus,Aotus nancymaae,Aotus_nancymai,"Visual, referred to by local",1,0,0,NA,0,2011,0,Day,NA, ,Aotus nancymai,Aotus nancymai,0.79,N,9.2,AR,Frugivore,NA,NA,3.9,365.2,117,NA,NA,1.02,1,Pair,Monogamy, ,2Tropical_and_suptropical_moist_broadleaf_forest,0.435855763,0.79,55.17,0.92,1.54,60.04,1.56,2.54,61.58,2.34,3.8,61.5,NA,5.31,NA,NA,7.07,NA,5.62,9.08,61.91,7.2,11.34,63.45,9.04,13.85,65.27,11.24,16.62,67.65,13.78,19.63,70.18,16.66,22.9,72.75,19.76,26.42,74.81,23.2,30.19,76.84,26.85,34.21,78.5,30.71,38.48,79.82,34.75,43.01,80.8,38.8,47.78,81.21,43.13,52.81,81.67,47.47,58.09,81.72,52.28,63.62,82.18
-1,4059,28,Shanee et al. 2015,Ocurrencias,-75.97055556,-9.419722222,Precise,Peru,Neotropics,Aotidae,Aotus,Aotus nancymaae,Aotus_nancymai, ,0,0,0,NA,0,2011,0,Day,NA, ,Aotus nancymai,Aotus nancymai,0.79,N,9.2,AR,Frugivore,NA,NA,3.9,365.2,117,NA,NA,1.02,1,Pair,Monogamy, ,2Tropical_and_suptropical_moist_broadleaf_forest,0.701357874,0.79,88.78,1.43,1.54,92.61,2.38,2.54,93.89,3.57,3.8,93.91,NA,5.31,NA,NA,7.07,NA,8.6,9.08,94.75,10.75,11.34,94.81,13.16,13.85,95.05,15.82,16.62,95.19,18.68,19.63,95.17,21.78,22.9,95.12,25.16,26.42,95.24,28.8,30.19,95.38,32.62,34.21,95.35,36.75,38.48,95.51,41.15,43.01,95.67,45.7,47.78,95.65,50.5,52.81,95.63,55.48,58.09,95.51,60.72,63.62,95.44
-1,4060,28,Shanee et al. 2015,Ocurrencias,-75.75861111,-9.807777778,Precise,Peru,Neotropics,Aotidae,Aotus,Aotus nancymaae,Aotus_nancymai, ,0,0,0,NA,0,2011,0,Day,NA, ,Aotus nancymai,Aotus nancymai,0.79,N,9.2,AR,Frugivore,NA,NA,3.9,365.2,117,NA,NA,1.02,1,Pair,Monogamy, ,2Tropical_and_suptropical_moist_broadleaf_forest,0.728138838,0.79,92.17,1.43,1.54,92.84,2.41,2.54,94.69,3.64,3.8,95.76,NA,5.31,NA,NA,7.07,NA,8.82,9.08,97.15,11.03,11.34,97.29,13.45,13.85,97.11,16.15,16.62,97.17,19.1,19.63,97.3,22.28,22.9,97.27,25.67,26.42,97.15,29.31,30.19,97.08,33.06,34.21,96.65,37.17,38.48,96.59,41.42,43.01,96.3,45.79,47.78,95.84,50.29,52.81,95.23,54.92,58.09,94.54,59.77,63.62,93.94
-1,4061,28,Shanee et al. 2015,Ocurrencias,-75.74083333,-9.804166667,Precise,Peru,Neotropics,Aotidae,Aotus,Aotus nancymaae,Aotus_nancymai, ,0,0,0,NA,0,2011,0,Day,NA, ,Aotus nancymai,Aotus nancymai,0.79,N,9.2,AR,Frugivore,NA,NA,3.9,365.2,117,NA,NA,1.02,1,Pair,Monogamy, ,2Tropical_and_suptropical_moist_broadleaf_forest,0.772275021,0.79,97.76,1.51,1.54,98.19,2.5,2.54,98.33,3.73,3.8,98.13,NA,5.31,NA,NA,7.07,NA,8.89,9.08,97.92,11.06,11.34,97.56,13.52,13.85,97.59,16.23,16.62,97.67,19.16,19.63,97.63,22.29,22.9,97.36,25.71,26.42,97.32,29.32,30.19,97.11,33.16,34.21,96.93,37.28,38.48,96.89,41.65,43.01,96.85,46.19,47.78,96.67,50.95,52.81,96.48,55.84,58.09,96.13,60.9,63.62,95.73
-1,4062,28,Shanee et al. 2015,Ocurrencias,-75.80361111,-9.684166667,Precise,Peru,Neotropics,Aotidae,Aotus,Aotus nancymaae,Aotus_nancymai, ,0,0,0,NA,0,2011,0,Day,NA, ,Aotus nancymai,Aotus nancymai,0.79,N,9.2,AR,Frugivore,NA,NA,3.9,365.2,117,NA,NA,1.02,1,Pair,Monogamy, ,2Tropical_and_suptropical_moist_broadleaf_forest,0.749199725,0.79,94.84,1.48,1.54,96.03,2.41,2.54,94.72,3.59,3.8,94.54,NA,5.31,NA,NA,7.07,NA,8.57,9.08,94.37,10.65,11.34,93.87,12.83,13.85,92.65,15.24,16.62,91.69,17.89,19.63,91.16,20.77,22.9,90.71,23.84,26.42,90.23,27.21,30.19,90.13,30.92,34.21,90.38,34.8,38.48,90.44,38.76,43.01,90.12,42.85,47.78,89.68,47.17,52.81,89.32,51.5,58.09,88.65,55.85,63.62,87.79
-1,4063,28,Shanee et al. 2015,Ocurrencias,-75.84222222,-9.689166667,Precise,Peru,Neotropics,Aotidae,Aotus,Aotus nancymaae,Aotus_nancymai, ,0,0,0,NA,0,2011,0,Day,NA, ,Aotus nancymai,Aotus nancymai,0.79,N,9.2,AR,Frugivore,NA,NA,3.9,365.2,117,NA,NA,1.02,1,Pair,Monogamy, ,2Tropical_and_suptropical_moist_broadleaf_forest,0.558956824,0.79,70.75,1.09,1.54,70.59,1.79,2.54,70.42,2.67,3.8,70.14,NA,5.31,NA,NA,7.07,NA,6.43,9.08,70.81,8.09,11.34,71.34,9.89,13.85,71.42,11.91,16.62,71.65,14.2,19.63,72.34,16.78,22.9,73.27,19.7,26.42,74.57,22.85,30.19,75.69,26.39,34.21,77.15,30.23,38.48,78.55,34.18,43.01,79.48,38.42,47.78,80.41,42.87,52.81,81.18,47.6,58.09,81.95,52.42,63.62,82.4
-1,4064,28,Shanee et al. 2015,Ocurrencias,-77.91416667,-5.583055556,Precise,Peru,Neotropics,Aotidae,Aotus,Aotus nancymaae,Aotus_nancymai, ,0,0,0,NA,0,2011,0,Day,NA, ,Aotus nancymai,Aotus nancymai,0.79,N,9.2,AR,Frugivore,NA,NA,3.9,365.2,117,NA,NA,1.02,1,Pair,Monogamy, ,2Tropical_and_suptropical_moist_broadleaf_forest,0.772495366,0.79,97.78,1.51,1.54,98.33,2.5,2.54,98.55,3.74,3.8,98.41,NA,5.31,NA,NA,7.07,NA,8.93,9.08,98.3,11.14,11.34,98.27,13.62,13.85,98.31,16.3,16.62,98.1,19.26,19.63,98.11,22.44,22.9,97.98,25.85,26.42,97.84,29.53,30.19,97.8,33.47,34.21,97.83,37.64,38.48,97.81,42.08,43.01,97.83,46.76,47.78,97.87,51.69,52.81,97.88,56.85,58.09,97.86,62.23,63.62,97.82
-1,4065,28,Shanee et al. 2015,Ocurrencias,-77.90611111,-5.707777778,Precise,Peru,Neotropics,Aotidae,Aotus,Aotus nancymaae,Aotus_nancymai, ,0,0,0,NA,0,2011,0,Day,NA, ,Aotus nancymai,Aotus nancymai,0.79,N,9.2,AR,Frugivore,NA,NA,3.9,365.2,117,NA,NA,1.02,1,Pair,Monogamy, ,2Tropical_and_suptropical_moist_broadleaf_forest,0.648307857,0.79,82.06,1.28,1.54,83.1,2.18,2.54,85.7,3.33,3.8,87.74,NA,5.31,NA,NA,7.07,NA,7.97,9.08,87.73,10.04,11.34,88.5,12.33,13.85,89.02,14.8,16.62,89.04,17.41,19.63,88.68,20.25,22.9,88.41,23.34,26.42,88.35,26.7,30.19,88.42,30.24,34.21,88.39,34.08,38.48,88.56,38.06,43.01,88.49,42.04,47.78,87.99,46.41,52.81,87.89,50.94,58.09,87.7,55.67,63.62,87.51
-1,4066,28,Shanee et al. 2015,Ocurrencias,-77.9125,-5.728055556,Precise,Peru,Neotropics,Aotidae,Aotus,Aotus nancymaae,Aotus_nancymai, ,0,0,0,NA,0,2011,0,Day,NA, ,Aotus nancymai,Aotus nancymai,0.79,N,9.2,AR,Frugivore,NA,NA,3.9,365.2,117,NA,NA,1.02,1,Pair,Monogamy, ,2Tropical_and_suptropical_moist_broadleaf_forest,0.717735942,0.79,90.85,1.4,1.54,91.13,2.33,2.54,91.69,3.49,3.8,91.77,NA,5.31,NA,NA,7.07,NA,7.79,9.08,85.8,9.53,11.34,84,11.35,13.85,81.93,13.44,16.62,80.88,15.82,19.63,80.57,18.54,22.9,80.94,21.39,26.42,80.95,24.51,30.19,81.19,27.97,34.21,81.76,31.66,38.48,82.27,35.45,43.01,82.42,39.55,47.78,82.77,43.86,52.81,83.06,48.32,58.09,83.19,53.02,63.62,83.33
-1,4067,28,Shanee et al. 2015,Ocurrencias,-77.91638889,-5.645,Precise,Peru,Neotropics,Aotidae,Aotus,Aotus nancymaae,Aotus_nancymai, ,0,0,0,NA,0,2011,0,Day,NA, ,Aotus nancymai,Aotus nancymai,0.79,N,9.2,AR,Frugivore,NA,NA,3.9,365.2,117,NA,NA,1.02,1,Pair,Monogamy, ,2Tropical_and_suptropical_moist_broadleaf_forest,0.759041256,0.79,96.08,1.49,1.54,96.65,2.47,2.54,97.3,3.7,3.8,97.28,NA,5.31,NA,NA,7.07,NA,8.81,9.08,97.08,10.99,11.34,96.89,13.43,13.85,96.96,16.14,16.62,97.11,19.07,19.63,97.16,22.18,22.9,96.84,25.57,26.42,96.78,29.26,30.19,96.93,33.18,34.21,96.99,37.33,38.48,97.01,41.67,43.01,96.89,46.22,47.78,96.75,50.86,52.81,96.31,55.63,58.09,95.77,60.75,63.62,95.49
-1,4068,28,Shanee et al. 2015,Ocurrencias,-77.64777778,-6.053611111,Precise,Peru,Neotropics,Aotidae,Aotus,Aotus nancymaae,Aotus_nancymai, ,0,0,0,NA,0,2011,0,Day,NA, ,Aotus nancymai,Aotus nancymai,0.79,N,9.2,AR,Frugivore,NA,NA,3.9,365.2,117,NA,NA,1.02,1,Pair,Monogamy, ,2Tropical_and_suptropical_moist_broadleaf_forest,0.72806916,0.79,92.16,1.43,1.54,92.91,2.38,2.54,93.84,3.58,3.8,94.27,NA,5.31,NA,NA,7.07,NA,8.12,9.08,89.48,9.73,11.34,85.8,11.44,13.85,82.57,13.23,16.62,79.59,15.13,19.63,77.08,17.14,22.9,74.86,19.2,26.42,72.66,21.14,30.19,70.02,23.2,34.21,67.83,25.27,38.48,65.67,27.48,43.01,63.89,29.92,47.78,62.61,32.05,52.81,60.69,34.22,58.09,58.91,36.71,63.62,57.71
-1,4069,28,Shanee et al. 2015,Ocurrencias,-78.25083333,-5.641666667,Precise,Peru,Neotropics,Aotidae,Aotus,Aotus nancymaae,Aotus_nancymai, ,0,0,0,NA,0,2011,0,Day,NA, ,Aotus nancymai,Aotus nancymai,0.79,N,9.2,AR,Frugivore,NA,NA,3.9,365.2,117,NA,NA,1.02,1,Pair,Monogamy, ,2Tropical_and_suptropical_moist_broadleaf_forest,0.771812645,0.79,97.7,1.5,1.54,97.44,2.48,2.54,97.69,3.7,3.8,97.39,NA,5.31,NA,NA,7.07,NA,8.85,9.08,97.42,11.07,11.34,97.63,13.54,13.85,97.78,16.24,16.62,97.74,19.21,19.63,97.85,22.41,22.9,97.86,25.82,26.42,97.73,29.43,30.19,97.48,33.16,34.21,96.93,37.03,38.48,96.23,41.15,43.01,95.68,45.52,47.78,95.28,50.12,52.81,94.9,54.86,58.09,94.44,59.89,63.62,94.14
-1,4070,28,Shanee et al. 2015,Ocurrencias,-78.30166667,-5.680555556,Precise,Peru,Neotropics,Aotidae,Aotus,Aotus nancymaae,Aotus_nancymai, ,0,0,0,NA,0,2011,0,Day,NA, ,Aotus nancymai,Aotus nancymai,0.79,N,9.2,AR,Frugivore,NA,NA,3.9,365.2,117,NA,NA,1.02,1,Pair,Monogamy, ,2Tropical_and_suptropical_moist_broadleaf_forest,0.770265307,0.79,97.5,1.5,1.54,97.25,2.43,2.54,95.78,3.63,3.8,95.48,NA,5.31,NA,NA,7.07,NA,8.63,9.08,95.1,10.66,11.34,94.02,13.01,13.85,93.93,15.66,16.62,94.22,18.53,19.63,94.39,21.65,22.9,94.54,24.98,26.42,94.56,28.49,30.19,94.37,32.23,34.21,94.21,36.06,38.48,93.72,40.13,43.01,93.31,44.29,47.78,92.7,48.42,52.81,91.69,52.66,58.09,90.66,57.17,63.62,89.87
-1,4071,28,Shanee et al. 2015,Ocurrencias,-78.16583333,-5.938333333,Precise,Peru,Neotropics,Aotidae,Aotus,Aotus nancymaae,Aotus_nancymai, ,0,0,0,NA,0,2011,0,Day,NA, ,Aotus nancymai,Aotus nancymai,0.79,N,9.2,AR,Frugivore,NA,NA,3.9,365.2,117,NA,NA,1.02,1,Pair,Monogamy, ,2Tropical_and_suptropical_moist_broadleaf_forest,0.6950219,0.79,87.98,1.31,1.54,84.82,2.01,2.54,79.08,2.78,3.8,73.03,NA,5.31,NA,NA,7.07,NA,6,9.08,66.07,7.63,11.34,67.31,9.5,13.85,68.56,11.46,16.62,68.94,13.49,19.63,68.72,15.45,22.9,67.46,17.58,26.42,66.55,19.96,30.19,66.11,22.56,34.21,65.93,25.15,38.48,65.35,27.77,43.01,64.57,30.72,47.78,64.3,33.89,52.81,64.17,37.25,58.09,64.13,40.43,63.62,63.55
-1,4072,28,Shanee et al. 2015,Ocurrencias,-78.00027778,-5.993888889,Precise,Peru,Neotropics,Aotidae,Aotus,Aotus nancymaae,Aotus_nancymai, ,0,0,0,NA,0,2011,0,Day,NA, ,Aotus nancymai,Aotus nancymai,0.79,N,9.2,AR,Frugivore,NA,NA,3.9,365.2,117,NA,NA,1.02,1,Pair,Monogamy, ,2Tropical_and_suptropical_moist_broadleaf_forest,0.243401562,0.79,30.81,0.51,1.54,32.86,1.1,2.54,43.47,1.72,3.8,45.27,NA,5.31,NA,NA,7.07,NA,4.53,9.08,49.94,5.76,11.34,50.78,7.12,13.85,51.42,8.54,16.62,51.37,10.07,19.63,51.29,12.1,22.9,52.82,14.64,26.42,55.4,17.48,30.19,57.9,20.47,34.21,59.84,23.57,38.48,61.26,26.84,43.01,62.41,30.21,47.78,63.23,33.76,52.81,63.94,37.57,58.09,64.68,41.53,63.62,65.27
-1,4073,28,Shanee et al. 2015,Ocurrencias,-77.68166667,-6.735277778,Precise,Peru,Neotropics,Aotidae,Aotus,Aotus nancymaae,Aotus_nancymai, ,0,0,0,NA,0,2011,0,Day,NA, ,Aotus nancymai,Aotus nancymai,0.79,N,9.2,AR,Frugivore,NA,NA,3.9,365.2,117,NA,NA,1.02,1,Pair,Monogamy, ,2Tropical_and_suptropical_moist_broadleaf_forest,0.772613061,0.79,97.8,1.51,1.54,98.11,2.48,2.54,97.79,3.71,3.8,97.51,NA,5.31,NA,NA,7.07,NA,8.84,9.08,97.41,11.04,11.34,97.34,13.48,13.85,97.35,16.15,16.62,97.16,19.03,19.63,96.92,22.2,22.9,96.93,25.59,26.42,96.87,29.28,30.19,96.98,33.23,34.21,97.15,37.43,38.48,97.28,41.87,43.01,97.36,46.55,47.78,97.43,51.46,52.81,97.44,56.64,58.09,97.5,62.04,63.62,97.52
-1,4074,28,Shanee et al. 2015,Ocurrencias,-77.22472222,-6.707777778,Precise,Peru,Neotropics,Aotidae,Aotus,Aotus nancymaae,Aotus_nancymai, ,0,0,0,NA,0,2011,0,Day,NA, ,Aotus nancymai,Aotus nancymai,0.79,N,9.2,AR,Frugivore,NA,NA,3.9,365.2,117,NA,NA,1.02,1,Pair,Monogamy, ,2Tropical_and_suptropical_moist_broadleaf_forest,0.772603373,0.79,97.8,1.51,1.54,98.33,2.5,2.54,98.56,3.74,3.8,98.41,5.22,5.31,98.36,NA,7.07,NA,8.93,9.08,98.33,11.13,11.34,98.14,13.59,13.85,98.13,16.31,16.62,98.14,19.25,19.63,98.08,22.46,22.9,98.06,25.91,26.42,98.05,29.61,30.19,98.08,33.55,34.21,98.07,37.69,38.48,97.94,42.1,43.01,97.88,46.74,47.78,97.82,51.65,52.81,97.81,56.83,58.09,97.83,62.24,63.62,97.83
-1,4075,28,Shanee et al. 2015,Ocurrencias,-78.27833333,-5.694444444,Precise,Peru,Neotropics,Aotidae,Aotus,Aotus nancymaae,Aotus_nancymai, ,0,0,0,NA,0,2011,0,Day,NA, ,Aotus nancymai,Aotus nancymai,0.79,N,9.2,AR,Frugivore,NA,NA,3.9,365.2,117,NA,NA,1.02,1,Pair,Monogamy, ,2Tropical_and_suptropical_moist_broadleaf_forest,0.691651754,0.79,87.55,1.39,1.54,90.11,2.29,2.54,90.12,3.45,3.8,90.72,NA,5.31,NA,NA,7.07,NA,8.23,9.08,90.58,10.34,11.34,91.19,12.64,13.85,91.27,15.11,16.62,90.92,17.82,19.63,90.77,20.78,22.9,90.75,23.9,26.42,90.47,27.18,30.19,90.03,30.75,34.21,89.89,34.43,38.48,89.47,38.49,43.01,89.5,42.74,47.78,89.45,47.21,52.81,89.39,51.68,58.09,88.96,56.29,63.62,88.48
-1,4076,28,Shanee et al. 2015,Ocurrencias,-78.4125,-5.918888889,Precise,Peru,Neotropics,Aotidae,Aotus,Aotus nancymaae,Aotus_nancymai, ,0,0,0,NA,0,2011,0,Day,NA, ,Aotus nancymai,Aotus nancymai,0.79,N,9.2,AR,Frugivore,NA,NA,3.9,365.2,117,NA,NA,1.02,1,Pair,Monogamy, ,2Tropical_and_suptropical_moist_broadleaf_forest,0.680083388,0.79,86.09,1.31,1.54,84.75,2.15,2.54,84.77,3.24,3.8,85.19,4.52,5.31,85.18,NA,7.07,NA,7.84,9.08,86.33,9.89,11.34,87.18,12.15,13.85,87.7,14.52,16.62,87.35,17.13,19.63,87.26,19.91,22.9,86.96,22.74,26.42,86.08,25.59,30.19,84.78,28.39,34.21,82.98,31.26,38.48,81.25,34.46,43.01,80.12,37.89,47.78,79.31,41.33,52.81,78.26,44.59,58.09,76.75,48.04,63.62,75.52
-1,4077,28,Shanee et al. 2015,Ocurrencias,-78.28,-5.6375,Precise,Peru,Neotropics,Aotidae,Aotus,Aotus nancymaae,Aotus_nancymai, ,0,0,0,NA,0,2011,0,Day,NA, ,Aotus nancymai,Aotus nancymai,0.79,N,9.2,AR,Frugivore,NA,NA,3.9,365.2,117,NA,NA,1.02,1,Pair,Monogamy, ,2Tropical_and_suptropical_moist_broadleaf_forest,0.724325498,0.79,91.69,1.39,1.54,90.45,2.32,2.54,91.23,3.5,3.8,92.02,NA,5.31,NA,NA,7.07,NA,8.5,9.08,93.59,10.62,11.34,93.62,13.03,13.85,94.1,15.68,16.62,94.32,18.59,19.63,94.7,21.79,22.9,95.17,25.23,26.42,95.49,28.91,30.19,95.75,32.78,34.21,95.81,36.86,38.48,95.78,41.14,43.01,95.65,45.63,47.78,95.5,50.36,52.81,95.36,55.39,58.09,95.35,60.74,63.62,95.48
-1,4078,28,Shanee et al. 2015,Ocurrencias,-77.91527778,-6.265555556,Precise,Peru,Neotropics,Aotidae,Aotus,Aotus nancymaae,Aotus_nancymai, ,0,0,0,NA,0,2011,0,Day,NA, ,Aotus nancymai,Aotus nancymai,0.79,N,9.2,AR,Frugivore,NA,NA,3.9,365.2,117,NA,NA,1.02,1,Pair,Monogamy, ,2Tropical_and_suptropical_moist_broadleaf_forest,0.360947764,0.79,45.69,0.57,1.54,37.11,0.9,2.54,35.37,1.47,3.8,38.62,NA,5.31,NA,NA,7.07,NA,4.32,9.08,47.55,5.62,11.34,49.52,7.12,13.85,51.39,8.77,16.62,52.79,10.65,19.63,54.26,12.35,22.9,53.92,14.06,26.42,53.2,15.79,30.19,52.3,17.64,34.21,51.58,19.84,38.48,51.55,21.95,43.01,51.04,23.99,47.78,50.21,25.99,52.81,49.21,28.01,58.09,48.22,30.01,63.62,47.17
-1,4079,28,Shanee et al. 2015,Ocurrencias,-77.33444444,-6.160555556,Precise,Peru,Neotropics,Aotidae,Aotus,Aotus nancymaae,Aotus_nancymai, ,0,0,0,NA,0,2011,0,Day,NA, ,Aotus nancymai,Aotus nancymai,0.79,N,9.2,AR,Frugivore,NA,NA,3.9,365.2,117,NA,NA,1.02,1,Pair,Monogamy, ,2Tropical_and_suptropical_moist_broadleaf_forest,0.645091995,0.79,81.66,1.22,1.54,79.41,2.08,2.54,81.81,3.23,3.8,85.07,NA,5.31,NA,NA,7.07,NA,8.07,9.08,88.87,10.13,11.34,89.31,12.46,13.85,90,15.06,16.62,90.59,17.88,19.63,91.11,20.93,22.9,91.41,24.24,26.42,91.76,27.84,30.19,92.21,31.56,34.21,92.26,35.54,38.48,92.35,39.75,43.01,92.42,44.24,47.78,92.59,48.98,52.81,92.74,54,58.09,92.95,59.27,63.62,93.17
-1,4080,28,Shanee et al. 2015,Ocurrencias,-77.45083333,-6.346666667,Precise,Peru,Neotropics,Aotidae,Aotus,Aotus nancymaae,Aotus_nancymai, ,0,0,0,NA,0,2011,0,Day,NA, ,Aotus nancymai,Aotus nancymai,0.79,N,9.2,AR,Frugivore,NA,NA,3.9,365.2,117,NA,NA,1.02,1,Pair,Monogamy, ,2Tropical_and_suptropical_moist_broadleaf_forest,0.599230078,0.79,75.85,1.19,1.54,77.56,2.12,2.54,83.28,3.27,3.8,86.13,NA,5.31,NA,NA,7.07,NA,7.99,9.08,88,10.1,11.34,89.1,12.47,13.85,90.03,15.1,16.62,90.88,17.97,19.63,91.56,21.09,22.9,92.08,24.45,26.42,92.53,28.08,30.19,93.02,31.99,34.21,93.52,36.12,38.48,93.88,40.46,43.01,94.07,45.06,47.78,94.31,49.88,52.81,94.45,54.94,58.09,94.58,60.16,63.62,94.56
-1,4081,28,Shanee et al. 2015,Ocurrencias,-77.92666667,-5.699444444,Precise,Peru,Neotropics,Aotidae,Aotus,Aotus nancymaae,Aotus_nancymai, ,0,0,0,NA,0,2011,0,Day,NA, ,Aotus nancymai,Aotus nancymai,0.79,N,9.2,AR,Frugivore,NA,NA,3.9,365.2,117,NA,NA,1.02,1,Pair,Monogamy, ,2Tropical_and_suptropical_moist_broadleaf_forest,0.617635323,0.79,78.18,1.27,1.54,82.25,2.14,2.54,84.29,3.23,3.8,85.09,NA,5.31,NA,NA,7.07,NA,8,9.08,88.13,10.02,11.34,88.33,12.32,13.85,88.93,14.73,16.62,88.65,17.29,19.63,88.06,20.3,22.9,88.66,23.43,26.42,88.69,26.91,30.19,89.12,30.56,34.21,89.35,34.42,38.48,89.46,38.43,43.01,89.36,42.68,47.78,89.32,47.21,52.81,89.4,51.9,58.09,89.34,56.7,63.62,89.12
-1,4082,28,Shanee et al. 2015,Ocurrencias,-77.76444444,-5.671666667,Precise,Peru,Neotropics,Aotidae,Aotus,Aotus nancymaae,Aotus_nancymai, ,0,0,0,NA,0,2011,0,Day,NA, ,Aotus nancymai,Aotus nancymai,0.79,N,9.2,AR,Frugivore,NA,NA,3.9,365.2,117,NA,NA,1.02,1,Pair,Monogamy, ,2Tropical_and_suptropical_moist_broadleaf_forest,0.735392949,0.79,93.09,1.46,1.54,94.69,2.42,2.54,95.43,3.61,3.8,95.03,5.07,5.31,95.39,NA,7.07,NA,8.72,9.08,96,10.84,11.34,95.57,13.22,13.85,95.45,15.84,16.62,95.31,18.69,19.63,95.21,21.8,22.9,95.19,25.21,26.42,95.41,28.85,30.19,95.55,32.77,34.21,95.79,36.9,38.48,95.89,41.3,43.01,96.02,45.97,47.78,96.21,50.86,52.81,96.31,55.96,58.09,96.34,61.31,63.62,96.38
-1,4083,28,Shanee et al. 2015,Ocurrencias,-76.89027778,-7.238888889,Precise,Peru,Neotropics,Aotidae,Aotus,Aotus nancymaae,Aotus_nancymai,"Visual, audio, referred to by local",1,0,0,NA,0,2011,0,Day,NA, ,Aotus nancymai,Aotus nancymai,0.79,N,9.2,AR,Frugivore,NA,NA,3.9,365.2,117,NA,NA,1.02,1,Pair,Monogamy, ,2Tropical_and_suptropical_moist_broadleaf_forest,0.77263454,0.79,97.8,1.51,1.54,98.3,2.5,2.54,98.32,3.73,3.8,98.25,NA,5.31,NA,NA,7.07,NA,8.89,9.08,97.9,11.07,11.34,97.65,13.51,13.85,97.52,16.15,16.62,97.17,18.92,19.63,96.4,21.95,22.9,95.85,25.23,26.42,95.5,28.73,30.19,95.16,32.41,34.21,94.75,36.26,38.48,94.23,40.29,43.01,93.68,44.63,47.78,93.41,49.05,52.81,92.87,53.68,58.09,92.4,58.67,63.62,92.23
-1,4084,28,Shanee et al. 2015,Ocurrencias,-77.19972222,-7.044166667,Precise,Peru,Neotropics,Aotidae,Aotus,Aotus nancymaae,Aotus_nancymai,"Visual, audio, referred to by local",1,0,0,NA,0,2011,0,Day,NA, ,Aotus nancymai,Aotus nancymai,0.79,N,9.2,AR,Frugivore,NA,NA,3.9,365.2,117,NA,NA,1.02,1,Pair,Monogamy, ,2Tropical_and_suptropical_moist_broadleaf_forest,0.772582566,0.79,97.8,1.51,1.54,98.34,2.5,2.54,98.56,3.74,3.8,98.41,5.22,5.31,98.36,NA,7.07,NA,8.93,9.08,98.35,11.16,11.34,98.37,13.63,13.85,98.4,16.35,16.62,98.36,19.32,19.63,98.4,22.51,22.9,98.3,25.96,26.42,98.27,29.67,30.19,98.27,33.59,34.21,98.18,37.76,38.48,98.13,42.2,43.01,98.11,46.88,47.78,98.13,51.82,52.81,98.12,56.99,58.09,98.11,62.4,63.62,98.09
-1,4085,28,Shanee et al. 2015,Ocurrencias,-77.98055556,-5.909722222,Precise,Peru,Neotropics,Aotidae,Aotus,Aotus nancymaae,Aotus_nancymai, ,0,0,0,NA,0,2011,0,Day,NA, ,Aotus nancymai,Aotus nancymai,0.79,N,9.2,AR,Frugivore,NA,NA,3.9,365.2,117,NA,NA,1.02,1,Pair,Monogamy, ,2Tropical_and_suptropical_moist_broadleaf_forest,0.521692693,0.79,66.04,1.05,1.54,68.38,1.75,2.54,68.95,2.61,3.8,68.69,3.82,5.31,72.01,NA,7.07,NA,6.79,9.08,74.73,8.52,11.34,75.12,10.44,13.85,75.36,12.71,16.62,76.48,15.17,19.63,77.28,17.62,22.9,76.92,20.22,26.42,76.52,23.28,30.19,77.1,26.69,34.21,78.02,30.3,38.48,78.74,33.95,43.01,78.94,37.55,47.78,78.59,41.15,52.81,77.92,44.95,58.09,77.39,48.91,63.62,76.88
-1,4086,28,Shanee et al. 2015,Ocurrencias,-78.32972222,-6.216666667,Precise,Peru,Neotropics,Aotidae,Aotus,Aotus nancymaae,Aotus_nancymai, ,0,0,0,NA,0,2011,0,Day,NA, ,Aotus nancymai,Aotus nancymai,0.79,N,9.2,AR,Frugivore,NA,NA,3.9,365.2,117,NA,NA,1.02,1,Pair,Monogamy, ,2Tropical_and_suptropical_moist_broadleaf_forest,0.76407249,0.79,96.72,1.46,1.54,94.73,2.36,2.54,93.05,3.47,3.8,91.31,NA,5.31,NA,NA,7.07,NA,8.25,9.08,90.91,10.29,11.34,90.7,12.52,13.85,90.39,14.79,16.62,88.99,17.16,19.63,87.44,19.68,22.9,85.94,22.53,26.42,85.28,25.59,30.19,84.78,28.85,34.21,84.32,32.48,38.48,84.4,36.23,43.01,84.24,39.91,47.78,83.53,43.77,52.81,82.89,47.92,58.09,82.5,51.91,63.62,81.6
-1,4087,28,Shanee et al. 2015,Ocurrencias,-77.84833333,-5.575277778,Precise,Peru,Neotropics,Aotidae,Aotus,Aotus nancymaae,Aotus_nancymai, ,0,0,0,NA,0,2011,0,Day,NA, ,Aotus nancymai,Aotus nancymai,0.79,N,9.2,AR,Frugivore,NA,NA,3.9,365.2,117,NA,NA,1.02,1,Pair,Monogamy, ,2Tropical_and_suptropical_moist_broadleaf_forest,0.770373169,0.79,97.52,1.49,1.54,96.54,2.47,2.54,97.43,3.71,3.8,97.61,5.19,5.31,97.77,NA,7.07,NA,8.9,9.08,98.01,11.12,11.34,98.1,13.6,13.85,98.16,16.31,16.62,98.16,19.28,19.63,98.22,22.49,22.9,98.22,25.93,26.42,98.16,29.61,30.19,98.08,33.54,34.21,98.03,37.69,38.48,97.95,42.01,43.01,97.68,46.65,47.78,97.63,51.53,52.81,97.58,56.64,58.09,97.5,62.02,63.62,97.48
-1,4088,28,Shanee et al. 2015,Ocurrencias,-77.49305556,-7.144722222,Precise,Peru,Neotropics,Aotidae,Aotus,Aotus nancymaae,Aotus_nancymai, ,0,0,0,NA,0,2011,0,Day,NA, ,Aotus nancymai,Aotus nancymai,0.79,N,9.2,AR,Frugivore,NA,NA,3.9,365.2,117,NA,NA,1.02,1,Pair,Monogamy, ,2Tropical_and_suptropical_moist_broadleaf_forest,0.75352235,0.79,95.38,1.49,1.54,97.01,2.48,2.54,97.73,3.7,3.8,97.37,NA,5.31,NA,NA,7.07,NA,8.84,9.08,97.4,11.07,11.34,97.58,13.51,13.85,97.53,16.21,16.62,97.5,19.11,19.63,97.35,22.19,22.9,96.9,25.45,26.42,96.32,28.88,30.19,95.65,32.37,34.21,94.63,36.1,38.48,93.81,40.03,43.01,93.06,44.1,47.78,92.31,48.35,52.81,91.55,52.71,58.09,90.74,57.34,63.62,90.13
-1,4089,28,Shanee et al. 2015,Ocurrencias,-78.24444444,-5.575555556,Precise,Peru,Neotropics,Aotidae,Aotus,Aotus nancymaae,Aotus_nancymai, ,0,0,0,NA,0,2011,0,Day,NA, ,Aotus nancymai,Aotus nancymai,0.79,N,9.2,AR,Frugivore,NA,NA,3.9,365.2,117,NA,NA,1.02,1,Pair,Monogamy, ,2Tropical_and_suptropical_moist_broadleaf_forest,0.767193742,0.79,97.11,1.51,1.54,97.98,2.5,2.54,98.34,3.73,3.8,98.26,NA,5.31,NA,NA,7.07,NA,8.91,9.08,98.18,11.14,11.34,98.19,13.6,13.85,98.18,16.31,16.62,98.11,19.25,19.63,98.06,22.45,22.9,98.05,25.89,26.42,98,29.54,30.19,97.86,33.41,34.21,97.66,37.46,38.48,97.36,41.74,43.01,97.05,46.28,47.78,96.86,51.06,52.81,96.68,56.06,58.09,96.5,61.36,63.62,96.44
-1,4090,28,Shanee et al. 2015,Ocurrencias,-76.75611111,-7.229444444,Precise,Peru,Neotropics,Aotidae,Aotus,Aotus nancymaae,Aotus_nancymai, ,0,0,0,NA,0,2011,0,Day,NA, ,Aotus nancymai,Aotus nancymai,0.79,N,9.2,AR,Frugivore,NA,NA,3.9,365.2,117,NA,NA,1.02,1,Pair,Monogamy, ,2Tropical_and_suptropical_moist_broadleaf_forest,0.560747982,0.79,70.98,1.16,1.54,75.39,1.97,2.54,77.57,3.01,3.8,79.33,4.13,5.31,77.79,NA,7.07,NA,6.82,9.08,75.13,8.44,11.34,74.4,10.1,13.85,72.92,12.06,16.62,72.58,14.35,19.63,73.1,16.97,22.9,74.1,19.66,26.42,74.43,22.51,30.19,74.55,25.54,34.21,74.65,28.63,38.48,74.39,31.74,43.01,73.79,35.09,47.78,73.45,38.54,52.81,72.97,42.33,58.09,72.87,46.58,63.62,73.22
-1,4091,28,Shanee et al. 2015,Ocurrencias,-76.90666667,-6.292777778,Precise,Peru,Neotropics,Aotidae,Aotus,Aotus nancymaae,Aotus_nancymai, ,0,0,0,NA,0,2011,0,Day,NA, ,Aotus nancymai,Aotus nancymai,0.79,N,9.2,AR,Frugivore,NA,NA,3.9,365.2,117,NA,NA,1.02,1,Pair,Monogamy, ,2Tropical_and_suptropical_moist_broadleaf_forest,0.707778981,0.79,89.59,1.44,1.54,93.45,2.4,2.54,94.44,3.52,3.8,92.72,NA,5.31,NA,NA,7.07,NA,8.37,9.08,92.16,10.39,11.34,91.65,12.67,13.85,91.48,15.22,16.62,91.57,17.92,19.63,91.28,20.8,22.9,90.82,23.9,26.42,90.46,27.23,30.19,90.2,30.72,34.21,89.81,34.18,38.48,88.83,38.06,43.01,88.49,42.06,47.78,88.03,46.25,52.81,87.59,50.77,58.09,87.4,55.51,63.62,87.25
-1,4092,28,Shanee et al. 2015,Ocurrencias,-77.78666667,-5.795277778,Precise,Peru,Neotropics,Aotidae,Aotus,Aotus nancymaae,Aotus_nancymai, ,0,0,0,NA,0,2011,0,Day,NA, ,Aotus nancymai,Aotus nancymai,0.79,N,9.2,AR,Frugivore,NA,NA,3.9,365.2,117,NA,NA,1.02,1,Pair,Monogamy, ,2Tropical_and_suptropical_moist_broadleaf_forest,0.768122633,0.79,97.23,1.5,1.54,97.6,2.48,2.54,97.6,3.71,3.8,97.67,5.19,5.31,97.81,NA,7.07,NA,8.88,9.08,97.83,11.06,11.34,97.49,13.46,13.85,97.19,16.16,16.62,97.23,19.11,19.63,97.33,22.32,22.9,97.45,25.76,26.42,97.5,29.42,30.19,97.47,33.34,34.21,97.45,37.49,38.48,97.43,41.92,43.01,97.45,46.57,47.78,97.47,51.41,52.81,97.35,56.54,58.09,97.32,61.92,63.62,97.33
-1,4093,28,Shanee et al. 2015,Ocurrencias,-77.95555556,-6.0175,Precise,Peru,Neotropics,Aotidae,Aotus,Aotus nancymaae,Aotus_nancymai, ,0,0,0,NA,0,2011,0,Day,NA, ,Aotus nancymai,Aotus nancymai,0.79,N,9.2,AR,Frugivore,NA,NA,3.9,365.2,117,NA,NA,1.02,1,Pair,Monogamy, ,2Tropical_and_suptropical_moist_broadleaf_forest,0.508032333,0.79,64.31,1.1,1.54,71.7,1.74,2.54,68.36,2.48,3.8,65.19,NA,5.31,NA,NA,7.07,NA,5.89,9.08,64.92,7.21,11.34,63.54,8.77,13.85,63.3,10.53,16.62,63.37,12.69,19.63,64.64,14.99,22.9,65.47,17.48,26.42,66.15,20.28,30.19,67.17,23.23,34.21,67.91,26.39,38.48,68.57,29.74,43.01,69.14,33.32,47.78,69.74,37.02,52.81,70.1,40.73,58.09,70.12,44.46,63.62,69.88
-1,4094,28,Shanee et al. 2015,Ocurrencias,-77.96888889,-5.823611111,Precise,Peru,Neotropics,Aotidae,Aotus,Aotus nancymaae,Aotus_nancymai, ,0,0,0,NA,0,2011,0,Day,NA, ,Aotus nancymai,Aotus nancymai,0.79,N,9.2,AR,Frugivore,NA,NA,3.9,365.2,117,NA,NA,1.02,1,Pair,Monogamy, ,2Tropical_and_suptropical_moist_broadleaf_forest,0.018898962,0.79,2.39,0.14,1.54,8.85,0.35,2.54,13.73,0.81,3.8,21.33,NA,5.31,NA,NA,7.07,NA,2.55,9.08,28.06,3.3,11.34,29.06,4.15,13.85,29.95,5.19,16.62,31.2,6.57,19.63,33.44,8.21,22.9,35.85,9.94,26.42,37.62,11.95,30.19,39.57,14.48,34.21,42.33,17.66,38.48,45.91,21.24,43.01,49.39,25.04,47.78,52.4,28.8,52.81,54.53,32.73,58.09,56.34,36.85,63.62,57.91
-1,4095,28,Shanee et al. 2015,Ocurrencias,-77.79833333,-5.908333333,Precise,Peru,Neotropics,Aotidae,Aotus,Aotus nancymaae,Aotus_nancymai, ,0,0,0,NA,0,2011,0,Day,NA, ,Aotus nancymai,Aotus nancymai,0.79,N,9.2,AR,Frugivore,NA,NA,3.9,365.2,117,NA,NA,1.02,1,Pair,Monogamy, ,2Tropical_and_suptropical_moist_broadleaf_forest,0.240906109,0.79,30.49,0.48,1.54,31.28,0.79,2.54,31.16,1.29,3.8,33.85,NA,5.31,NA,NA,7.07,NA,4.16,9.08,45.81,5.47,11.34,48.27,7.11,13.85,51.32,8.97,16.62,53.96,11.3,19.63,57.57,13.94,22.9,60.88,16.9,26.42,63.99,19.94,30.19,66.05,23.15,34.21,67.66,26.62,38.48,69.18,30.36,43.01,70.59,34.35,47.78,71.9,38.63,52.81,73.16,43.08,58.09,74.15,47.62,63.62,74.84
-1,4096,28,Shanee et al. 2015,Ocurrencias,-77.81055556,-5.697777778,Precise,Peru,Neotropics,Aotidae,Aotus,Aotus nancymaae,Aotus_nancymai, ,0,0,0,NA,0,2011,0,Day,NA, ,Aotus nancymai,Aotus nancymai,0.79,N,9.2,AR,Frugivore,NA,NA,3.9,365.2,117,NA,NA,1.02,1,Pair,Monogamy, ,2Tropical_and_suptropical_moist_broadleaf_forest,0.740531131,0.79,93.74,1.43,1.54,93.1,2.3,2.54,90.46,3.47,3.8,91.36,NA,5.31,NA,NA,7.07,NA,8.52,9.08,93.87,10.71,11.34,94.46,13.11,13.85,94.67,15.78,16.62,94.97,18.71,19.63,95.3,21.86,22.9,95.44,25.27,26.42,95.65,28.92,30.19,95.78,32.82,34.21,95.94,36.96,38.48,96.05,41.33,43.01,96.11,45.91,47.78,96.09,50.69,52.81,95.98,55.7,58.09,95.88,60.95,63.62,95.8
-1,4097,28,Shanee et al. 2015,Ocurrencias,-77.99027778,-6.389444444,Precise,Peru,Neotropics,Aotidae,Aotus,Aotus nancymaae,Aotus_nancymai, ,0,0,0,NA,0,2011,0,Day,NA, ,Aotus nancymai,Aotus nancymai,0.79,N,9.2,AR,Frugivore,NA,NA,3.9,365.2,117,NA,NA,1.02,1,Pair,Monogamy, ,2Tropical_and_suptropical_moist_broadleaf_forest,0.377172197,0.79,47.74,0.76,1.54,49.27,1.36,2.54,53.55,2.17,3.8,56.99,NA,5.31,NA,NA,7.07,NA,6.13,9.08,67.52,7.87,11.34,69.43,9.82,13.85,70.91,12.02,16.62,72.33,14.36,19.63,73.15,16.6,22.9,72.47,19.12,26.42,72.36,21.63,30.19,71.65,24.05,34.21,70.29,26.52,38.48,68.92,28.94,43.01,67.28,31.48,47.78,65.89,34.13,52.81,64.62,36.87,58.09,63.47,39.38,63.62,61.9
-1,4098,28,Shanee et al. 2015,Ocurrencias,-76.1025,-6.715277778,Precise,Peru,Neotropics,Aotidae,Aotus,Aotus nancymaae,Aotus_nancymai, ,0,0,0,NA,0,2011,0,Day,NA, ,Aotus nancymai,Aotus nancymai,0.79,N,9.2,AR,Frugivore,NA,NA,3.9,365.2,117,NA,NA,1.02,1,Pair,Monogamy, ,2Tropical_and_suptropical_moist_broadleaf_forest,0.772525621,0.79,97.79,1.51,1.54,98.34,2.5,2.54,98.49,3.72,3.8,97.95,NA,5.31,NA,NA,7.07,NA,8.57,9.08,94.41,10.65,11.34,93.93,12.88,13.85,92.99,15.39,16.62,92.6,18.06,19.63,91.99,20.97,22.9,91.55,23.95,26.42,90.64,27.19,30.19,90.06,30.63,34.21,89.53,34.22,38.48,88.93,37.96,43.01,88.27,41.84,47.78,87.57,46.09,52.81,87.27,50.57,58.09,87.05,55.27,63.62,86.88
