OID,N,N_study,Source,BASE,X,Y,Precise,Country,Realm,Family,Genus,Taxon,Taxon_ITIS,Sample_met,Ocurrence,N_groups,Abundanc_1,Abundance,Density,Sample_yea,Sampling_e,Sampling_1,ID_Todo,TRAITS,Taxon_IT_1,ITIS_SPECI,BodyMass_k,DielActivi,HomeRange_,Locomotion,TrophicGui,Brain_size,Canine_Dim,MeanGroupS,Interbirth,Gestation,WeaningAge,MaxLongevi,LitterSz,AdultSexRa,Social_Sys,Mating_Sys,FOREST,BIOME,Buffer_500,Area500,FC_500,Buffer_700,Area700,FC_700,Buffer_900,Area900,FC_900,Buffer_110,Area1100,FC1100,Buffer_130,Area1300,FC_1300,Buffer_150,Area1500,FC_1500,Buffer_170,Area1700,FC_1700,Buffer_190,Area1900,FC_1900,Buffer_210,Area2100,FC_2100,Buffer_230,Area2300,FC_2300,Buffer_250,Area2500,FC_2500,Buffer_270,Area2700,FC_2700,Buffer_290,Area2900,FC_2900,Buffer_310,Area3100,FC_3100,Buffer_330,Area3300,FC_3300,Buffer_350,Area3500,FC_3500,Buffer_370,Area3700,F_Buffer_3,Buffer_390,Area_3900,FC_3900,Buffer_410,Area4100,FC_4100,Buffer_430,Area4300,FC_4300,Buffer_450,Area4500,FC_4500
-1,3814,222,Carretero-PinzÃ³n 2013,Richness,-73.63553611,3.62705,Precise,Colombia,Neotropics,Aotidae,Aotus,Aotus brumbacki,Aotus_brumbacki, ,0, , , ,0,2007,0, ,NA, ,Aotus brumbacki,Aotus brumbacki,0.67,N,17.5,AR,Omnivore,NA,NA,3,NA,NA,NA,NA,NA,1,Pair,Monogamy, ,8Tropical and Subtropical Grasslands Savannas and Shrublands,0.257190218,0.79,32.56,0.36,1.54,23.59,0.54,2.54,21.12,0.68,3.8,17.98,1,5.31,18.77,1.35,7.07,19.14,1.68,9.08,18.49,1.99,11.34,17.56,2.27,13.85,16.39,2.84,16.62,17.08,3.33,19.63,16.95,3.8,22.9,16.58,4.33,26.42,16.39,4.85,30.19,16.06,5.3,34.21,15.49,5.7,38.48,14.82,6.25,43.01,14.53,6.84,47.78,14.32,7.31,52.81,13.84,7.87,58.09,13.55,8.56,63.62,13.46
-1,3815,222,Carretero-PinzÃ³n 2013,Richness,-73.44135,3.576069444,Precise,Colombia,Neotropics,Aotidae,Aotus,Aotus brumbacki,Aotus_brumbacki,Line transects,0,0,0,N individuals,0,2009,0, ,NA, ,Aotus brumbacki,Aotus brumbacki,0.67,N,17.5,AR,Omnivore,NA,NA,3,NA,NA,NA,NA,NA,1,Pair,Monogamy, ,8Tropical and Subtropical Grasslands Savannas and Shrublands,0.772508761,0.79,97.79,1.51,1.54,98.31,2.43,2.54,95.83,3.4,3.8,89.39,4.38,5.31,82.4,5.68,7.07,80.38,7.05,9.08,77.62,8.21,11.34,72.42,9.33,13.85,67.34,10.33,16.62,62.16,11.62,19.63,59.19,13.11,22.9,57.26,14.93,26.42,56.52,16.61,30.19,55.01,17.99,34.21,52.57,19.38,38.48,50.36,20.75,43.01,48.24,22.32,47.78,46.71,24.08,52.81,45.6,26.13,58.09,44.98,27.99,63.62,43.99
-1,3816,222,Carretero-PinzÃ³n 2013,Richness,-73.44296111,3.561811111,Precise,Colombia,Neotropics,Aotidae,Aotus,Aotus brumbacki,Aotus_brumbacki, ,1, , , ,0,2009,0, ,NA, ,Aotus brumbacki,Aotus brumbacki,0.67,N,17.5,AR,Omnivore,NA,NA,3,NA,NA,NA,NA,NA,1,Pair,Monogamy, ,8Tropical and Subtropical Grasslands Savannas and Shrublands,0.42809494,0.79,54.19,0.85,1.54,55.34,1.31,2.54,51.71,1.99,3.8,52.39,2.84,5.31,53.45,3.88,7.07,54.9,5.23,9.08,57.55,6.72,11.34,59.29,8.24,13.85,59.5,9.91,16.62,59.65,11.56,19.63,58.91,13.5,22.9,58.95,15.48,26.42,58.59,17.54,30.19,58.11,19.33,34.21,56.51,21.03,38.48,54.66,22.75,43.01,52.9,24.44,47.78,51.16,26.47,52.81,50.13,28.58,58.09,49.2,30.42,63.62,47.82
-1,3817,222,Carretero-PinzÃ³n 2013,Richness,-73.47668333,3.562508333,Precise,Colombia,Neotropics,Aotidae,Aotus,Aotus brumbacki,Aotus_brumbacki, ,0, , , ,0,2009,0, ,NA, ,Aotus brumbacki,Aotus brumbacki,0.67,N,17.5,AR,Omnivore,NA,NA,3,NA,NA,NA,NA,NA,1,Pair,Monogamy, ,8Tropical and Subtropical Grasslands Savannas and Shrublands,0.48986568,0.79,62.01,0.94,1.54,61.13,1.44,2.54,56.57,1.96,3.8,51.65,2.39,5.31,44.96,2.78,7.07,39.38,3.18,9.08,35,3.6,11.34,31.79,4.2,13.85,30.29,4.7,16.62,28.3,5.24,19.63,26.68,6.04,22.9,26.38,7.56,26.42,28.62,9.29,30.19,30.77,11.1,34.21,32.44,12.77,38.48,33.18,14.4,43.01,33.48,16.22,47.78,33.94,18.27,52.81,34.59,20.08,58.09,34.58,21.94,63.62,34.49
-1,3818,222,Carretero-PinzÃ³n 2013,Richness,-73.48628056,3.562497222,Precise,Colombia,Neotropics,Aotidae,Aotus,Aotus brumbacki,Aotus_brumbacki, ,0, , , ,0,2009,0, ,NA, ,Aotus brumbacki,Aotus brumbacki,0.67,N,17.5,AR,Omnivore,NA,NA,3,NA,NA,NA,NA,NA,1,Pair,Monogamy, ,8Tropical and Subtropical Grasslands Savannas and Shrublands,0.561074135,0.79,71.02,0.73,1.54,47.21,0.96,2.54,37.64,1.42,3.8,37.24,2.03,5.31,38.14,2.5,7.07,35.42,2.98,9.08,32.84,3.45,11.34,30.41,3.92,13.85,28.29,4.67,16.62,28.09,5.69,19.63,28.97,6.7,22.9,29.25,7.65,26.42,28.94,8.35,30.19,27.66,9.25,34.21,27.04,10.3,38.48,26.76,11.53,43.01,26.8,13.07,47.78,27.35,14.79,52.81,28,16.82,58.09,28.96,18.93,63.62,29.75
-1,3819,222,Carretero-PinzÃ³n 2013,Richness,-73.62370278,3.593808333,Precise,Colombia,Neotropics,Aotidae,Aotus,Aotus brumbacki,Aotus_brumbacki,Visual counts,0, , , ,0,2004,0, ,NA, ,Aotus brumbacki,Aotus brumbacki,0.67,N,17.5,AR,Omnivore,NA,NA,3,NA,NA,NA,NA,NA,1,Pair,Monogamy, ,8Tropical and Subtropical Grasslands Savannas and Shrublands,0.148966068,0.79,18.86,0.18,1.54,11.39,0.22,2.54,8.85,0.36,3.8,9.38,0.54,5.31,10.26,0.75,7.07,10.67,0.95,9.08,10.45,1.17,11.34,10.32,1.37,13.85,9.86,1.62,16.62,9.77,2.2,19.63,11.19,2.92,22.9,12.77,3.67,26.42,13.87,4.18,30.19,13.85,4.61,34.21,13.49,5.15,38.48,13.38,5.69,43.01,13.23,6.32,47.78,13.24,7.38,52.81,13.98,8.57,58.09,14.75,9.71,63.62,15.26
-1,3827,222,Carretero-PinzÃ³n 2013,Richness,-73.62535278,3.599527778,Precise,Colombia,Neotropics,Aotidae,Aotus,Aotus brumbacki,Aotus_brumbacki, ,0, , , ,0,2007,0, ,NA, ,Aotus brumbacki,Aotus brumbacki,0.67,N,17.5,AR,Omnivore,NA,NA,3,NA,NA,NA,NA,NA,1,Pair,Monogamy, ,8Tropical and Subtropical Grasslands Savannas and Shrublands,0.052415866,0.79,6.63,0.14,1.54,9.15,0.28,2.54,11.13,0.43,3.8,11.22,0.52,5.31,9.85,0.72,7.07,10.14,0.98,9.08,10.78,1.24,11.34,10.97,1.51,13.85,10.92,1.86,16.62,11.16,2.18,19.63,11.12,2.61,22.9,11.38,3.3,26.42,12.5,4.26,30.19,14.1,4.83,34.21,14.13,5.42,38.48,14.09,5.93,43.01,13.79,6.59,47.78,13.79,7.35,52.81,13.91,8.27,58.09,14.24,9.34,63.62,14.68
-1,3828,222,Carretero-PinzÃ³n 2013,Richness,-73.63235,3.593169444,Precise,Colombia,Neotropics,Aotidae,Aotus,Aotus brumbacki,Aotus_brumbacki, ,0, , , ,0,2007,0, ,NA, ,Aotus brumbacki,Aotus brumbacki,0.67,N,17.5,AR,Omnivore,NA,NA,3,NA,NA,NA,NA,NA,1,Pair,Monogamy, ,8Tropical and Subtropical Grasslands Savannas and Shrublands,0.093586541,0.79,11.85,0.23,1.54,14.65,0.41,2.54,16.27,0.57,3.8,15.06,0.7,5.31,13.18,0.93,7.07,13.11,1.22,9.08,13.43,1.58,11.34,13.9,2,13.85,14.47,2.22,16.62,13.38,2.46,19.63,12.52,2.7,22.9,11.8,3.15,26.42,11.91,3.52,30.19,11.66,4.2,34.21,12.27,4.85,38.48,12.59,5.7,43.01,13.24,6.68,47.78,13.98,7.8,52.81,14.78,8.77,58.09,15.1,10.02,63.62,15.75
-1,3829,222,Carretero-PinzÃ³n 2013,Richness,-73.63789444,3.607894444,Precise,Colombia,Neotropics,Aotidae,Aotus,Aotus brumbacki,Aotus_brumbacki,Visual counts,1, , , ,0,2004,0, ,NA, ,Aotus brumbacki,Aotus brumbacki,0.67,N,17.5,AR,Omnivore,NA,NA,3,NA,NA,NA,NA,NA,1,Pair,Monogamy, ,8Tropical and Subtropical Grasslands Savannas and Shrublands,0.157795375,0.79,19.97,0.21,1.54,13.74,0.31,2.54,12.23,0.41,3.8,10.83,0.57,5.31,10.71,0.87,7.07,12.36,1.23,9.08,13.57,1.52,11.34,13.4,1.99,13.85,14.35,2.47,16.62,14.86,2.85,19.63,14.5,3.2,22.9,13.98,3.64,26.42,13.79,4.33,30.19,14.36,4.86,34.21,14.2,5.32,38.48,13.83,5.92,43.01,13.75,6.6,47.78,13.82,7.6,52.81,14.38,8.59,58.09,14.8,9.67,63.62,15.21
-1,3837,222,Carretero-PinzÃ³n 2013,Richness,-73.64106667,3.616869444,Precise,Colombia,Neotropics,Aotidae,Aotus,Aotus brumbacki,Aotus_brumbacki,Visual counts,0, , , ,0,2004,0, ,NA, ,Aotus brumbacki,Aotus brumbacki,0.67,N,17.5,AR,Omnivore,NA,NA,3,NA,NA,NA,NA,NA,1,Pair,Monogamy, ,8Tropical and Subtropical Grasslands Savannas and Shrublands,0.109157972,0.79,13.82,0.22,1.54,14.33,0.32,2.54,12.76,0.43,3.8,11.24,0.65,5.31,12.16,0.96,7.07,13.51,1.3,9.08,14.32,1.65,11.34,14.54,2.14,13.85,15.46,2.61,16.62,15.7,3.22,19.63,16.41,3.77,22.9,16.46,4.11,26.42,15.56,4.49,30.19,14.87,4.89,34.21,14.29,5.54,38.48,14.4,6.2,43.01,14.41,6.84,47.78,14.31,7.48,52.81,14.17,8.21,58.09,14.14,8.97,63.62,14.11
-1,3845,222,Carretero-PinzÃ³n 2013,Richness,-73.64549722,3.597327778,Precise,Colombia,Neotropics,Aotidae,Aotus,Aotus brumbacki,Aotus_brumbacki, ,1, , , ,0,2007,0, ,NA, ,Aotus brumbacki,Aotus brumbacki,0.67,N,17.5,AR,Omnivore,NA,NA,3,NA,NA,NA,NA,NA,1,Pair,Monogamy, ,8Tropical and Subtropical Grasslands Savannas and Shrublands,0.274627339,0.79,34.76,0.41,1.54,26.36,0.55,2.54,21.51,0.67,3.8,17.52,0.82,5.31,15.49,1.18,7.07,16.65,1.46,9.08,16.12,1.72,11.34,15.17,1.89,13.85,13.62,2.37,16.62,14.26,2.85,19.63,14.53,3.39,22.9,14.81,3.93,26.42,14.87,4.41,30.19,14.61,4.88,34.21,14.26,5.52,38.48,14.35,6.22,43.01,14.46,7.08,47.78,14.83,8.06,52.81,15.27,9.04,58.09,15.56,10,63.62,15.72
-1,3846,222,Carretero-PinzÃ³n 2013,Richness,-73.64568333,3.616525,Precise,Colombia,Neotropics,Aotidae,Aotus,Aotus brumbacki,Aotus_brumbacki,Visual counts,1, , , ,0,2004,0, ,NA, ,Aotus brumbacki,Aotus brumbacki,0.67,N,17.5,AR,Omnivore,NA,NA,3,NA,NA,NA,NA,NA,1,Pair,Monogamy, ,8Tropical and Subtropical Grasslands Savannas and Shrublands,0.233994719,0.79,29.62,0.29,1.54,19.07,0.36,2.54,14.14,0.46,3.8,12.07,0.57,5.31,10.67,0.7,7.07,9.87,1.23,9.08,13.5,1.75,11.34,15.47,2.28,13.85,16.46,2.87,16.62,17.25,3.26,19.63,16.61,3.55,22.9,15.49,3.92,26.42,14.82,4.37,30.19,14.49,4.77,34.21,13.95,5.26,38.48,13.68,5.89,43.01,13.69,7.05,47.78,14.76,7.96,52.81,15.08,8.7,58.09,14.97,9.74,63.62,15.32
