OID,N,N_study,Source,BASE,X,Y,Precise,Country,Realm,Family,Genus,Taxon,Taxon_ITIS,Sample_met,Ocurrence,N_groups,Abundanc_1,Abundance,Density,Sample_yea,Sampling_e,Sampling_1,ID_Todo,TRAITS,Taxon_IT_1,ITIS_SPECI,BodyMass_k,DielActivi,HomeRange_,Locomotion,TrophicGui,Brain_size,Canine_Dim,MeanGroupS,Interbirth,Gestation,WeaningAge,MaxLongevi,LitterSz,AdultSexRa,Social_Sys,Mating_Sys,FOREST,BIOME,Buffer_500,Area500,FC_500,Buffer_700,Area700,FC_700,Buffer_900,Area900,FC_900,Buffer_110,Area1100,FC1100,Buffer_130,Area1300,FC_1300,Buffer_150,Area1500,FC_1500,Buffer_170,Area1700,FC_1700,Buffer_190,Area1900,FC_1900,Buffer_210,Area2100,FC_2100,Buffer_230,Area2300,FC_2300,Buffer_250,Area2500,FC_2500,Buffer_270,Area2700,FC_2700,Buffer_290,Area2900,FC_2900,Buffer_310,Area3100,FC_3100,Buffer_330,Area3300,FC_3300,Buffer_350,Area3500,FC_3500,Buffer_370,Area3700,F_Buffer_3,Buffer_390,Area_3900,FC_3900,Buffer_410,Area4100,FC_4100,Buffer_430,Area4300,FC_4300,Buffer_450,Area4500,FC_4500
-1,3790,2,Pyritz et al. 2010,Richness,-62.895966,-17.740141,Precise,Bolivia,Neotropics,Aotidae,Aotus,Aotus azarae boliviensis,Aotus_azarae ,"Line transect, acustics and opportunistically",0, ,0, ,0,2006,0, ,NA, ,Aotus azarae ,Aotus azarae,1.21,CA,7,AR,Omnivore,20.67,NA,3.1,365,125,229.69,360,1,1,Pair,Monogamy, ,9Tropical and Subtropical Dry Broadleaf Forest,0.023924264,0.79,3.03,0.07,1.54,4.85,0.19,2.54,7.53,0.28,3.8,7.27,0.4,5.31,7.59,0.78,7.07,11.01,1.15,9.08,12.62,1.44,11.34,12.73,1.74,13.85,12.58,2.22,16.62,13.37,2.72,19.63,13.86,3.36,22.9,14.69,4.13,26.42,15.62,4.98,30.19,16.49,6.07,34.21,17.76,7.37,38.48,19.16,8.78,43.01,20.42,9.97,47.78,20.86,10.65,52.81,20.16,11.31,58.09,19.48,12.11,63.62,19.04
-1,3791,2,Pyritz et al. 2010,Richness,-62.927585,-17.845909,Precise,Bolivia,Neotropics,Aotidae,Aotus,Aotus azarae boliviensis,Aotus_azarae ,"Line transect, acustics and opportunistically",0, ,0, ,0,2006,0, ,NA, ,Aotus azarae ,Aotus azarae,1.21,CA,7,AR,Omnivore,20.67,NA,3.1,365,125,229.69,360,1,1,Pair,Monogamy, ,9Tropical and Subtropical Dry Broadleaf Forest,0.773394192,0.79,97.9,1.48,1.54,95.95,2.06,2.54,81.29,2.36,3.8,62.03,2.62,5.31,49.35,2.92,7.07,41.35,3.27,9.08,35.99,3.73,11.34,32.9,4.1,13.85,29.57,4.51,16.62,27.12,5.1,19.63,25.96,5.75,22.9,25.12,6.66,26.42,25.2,7.42,30.19,24.57,8.23,34.21,24.06,9.08,38.48,23.6,9.7,43.01,22.55,10.45,47.78,21.86,11.03,52.81,20.89,11.71,58.09,20.17,12.41,63.62,19.51
-1,3792,2,Pyritz et al. 2010,Richness,-63.064902,-17.78048,Precise,Bolivia,Neotropics,Aotidae,Aotus,Aotus azarae boliviensis,Aotus_azarae ,Line transect,1, ,4, ,0,2006,0, ,NA, ,Aotus azarae ,Aotus azarae,1.21,CA,7,AR,Omnivore,20.67,NA,3.1,365,125,229.69,360,1,1,Pair,Monogamy, ,9Tropical and Subtropical Dry Broadleaf Forest,0.74809788,0.79,94.7,1.27,1.54,82.76,1.83,2.54,72.04,2.36,3.8,62.17,2.75,5.31,51.81,3.15,7.07,44.53,3.58,9.08,39.38,4.02,11.34,35.46,4.36,13.85,31.49,4.79,16.62,28.83,5.19,19.63,26.45,5.62,22.9,24.56,5.98,26.42,22.63,6.42,30.19,21.25,6.98,34.21,20.41,7.41,38.48,19.26,7.67,43.01,17.83,7.91,47.78,16.56,8.25,52.81,15.63,8.54,58.09,14.7,8.77,63.62,13.78
-1,3793,2,Pyritz et al. 2010,Richness,-63.147683,-17.92593,Precise,Bolivia,Neotropics,Aotidae,Aotus,Aotus azarae boliviensis,Aotus_azarae ,"Line transect, acustics and opportunistically",0, ,0, ,0,2006,0, ,NA, ,Aotus azarae ,Aotus azarae,1.21,CA,7,AR,Omnivore,20.67,NA,3.1,365,125,229.69,360,1,1,Pair,Monogamy, ,9Tropical and Subtropical Dry Broadleaf Forest,0.773444914,0.79,97.9,1.51,1.54,97.9,2.28,2.54,89.93,3.02,3.8,79.44,3.53,5.31,66.39,4.03,7.07,57.06,4.67,9.08,51.44,5.44,11.34,47.97,6.18,13.85,44.63,6.94,16.62,41.76,7.67,19.63,39.07,8.65,22.9,37.77,9.34,26.42,35.34,9.75,30.19,32.3,10.19,34.21,29.79,10.78,38.48,28.03,11.43,43.01,26.57,12.13,47.78,25.38,13.18,52.81,24.96,14.38,58.09,24.75,15.44,63.62,24.27
-1,3794,2,Pyritz et al. 2010,Richness,-63.166785,-17.925957,Precise,Bolivia,Neotropics,Aotidae,Aotus,Aotus azarae boliviensis,Aotus_azarae ,"Line transect, acustics and opportunistically",0, ,0, ,0,2006,0, ,NA, ,Aotus azarae ,Aotus azarae,1.21,CA,7,AR,Omnivore,20.67,NA,3.1,365,125,229.69,360,1,1,Pair,Monogamy, ,9Tropical and Subtropical Dry Broadleaf Forest,0.530811372,0.79,67.19,0.84,1.54,54.33,0.97,2.54,38.08,1.08,3.8,28.39,1.3,5.31,24.51,1.7,7.07,24.09,2.18,9.08,24.03,2.66,11.34,23.45,3.13,13.85,22.63,3.7,16.62,22.26,4.64,19.63,23.63,5.68,22.9,24.8,6.6,26.42,24.97,7.56,30.19,25.03,8.51,34.21,24.87,9.27,38.48,24.1,10.05,43.01,23.36,10.86,47.78,22.72,11.81,52.81,22.37,12.56,58.09,21.63,13.19,63.62,20.73
