OID,N,N_study,Source,BASE,X,Y,Precise,Country,Realm,Family,Genus,Taxon,Taxon_ITIS,Sample_met,Ocurrence,N_groups,Abundanc_1,Abundance,Density,Sample_yea,Sampling_e,Sampling_1,ID_Todo,TRAITS,Taxon_IT_1,ITIS_SPECI,BodyMass_k,DielActivi,HomeRange_,Locomotion,TrophicGui,Brain_size,Canine_Dim,MeanGroupS,Interbirth,Gestation,WeaningAge,MaxLongevi,LitterSz,AdultSexRa,Social_Sys,Mating_Sys,FOREST,BIOME,Buffer_500,Area500,FC_500,Buffer_700,Area700,FC_700,Buffer_900,Area900,FC_900,Buffer_110,Area1100,FC1100,Buffer_130,Area1300,FC_1300,Buffer_150,Area1500,FC_1500,Buffer_170,Area1700,FC_1700,Buffer_190,Area1900,FC_1900,Buffer_210,Area2100,FC_2100,Buffer_230,Area2300,FC_2300,Buffer_250,Area2500,FC_2500,Buffer_270,Area2700,FC_2700,Buffer_290,Area2900,FC_2900,Buffer_310,Area3100,FC_3100,Buffer_330,Area3300,FC_3300,Buffer_350,Area3500,FC_3500,Buffer_370,Area3700,F_Buffer_3,Buffer_390,Area_3900,FC_3900,Buffer_410,Area4100,FC_4100,Buffer_430,Area4300,FC_4300,Buffer_450,Area4500,FC_4500
-1,4142,56,Shanee et al 2013,Richness,-77.13555556,-8.117222222,Precise,Peru,Neotropics,Aotidae,Aotus,Aotus nigriceps,Aotus_nigriceps,Trails,0, , , ,0,2009,0, ,NA, ,Aotus nigriceps,Aotus nigriceps,0.96,N,10.5,AR,Frugivore,NA,NA,4.1,NA,NA,NA,NA,NA,1,Pair,Monogamy, ,2Tropical_and_suptropical_moist_broadleaf_forest,0.771709623,0.79,97.68,1.5,1.54,97.61,2.49,2.54,97.97,3.7,3.8,97.35,5.15,5.31,96.96,NA,7.07,NA,8.52,9.08,93.87,10.58,11.34,93.26,12.87,13.85,92.93,15.31,16.62,92.11,18,19.63,91.71,20.91,22.9,91.29,23.97,26.42,90.71,27.38,30.19,90.7,31.12,34.21,90.98,35.01,38.48,90.99,39.04,43.01,90.77,43.47,47.78,90.99,48.19,52.81,91.24,53.1,58.09,91.42,58.31,63.62,91.65
-1,4143,56,Shanee et al 2013,Richness,-76.28972222,-6.4625,Precise,Peru,Neotropics,Aotidae,Aotus,Aotus nigriceps,Aotus_nigriceps,Trails,0, , , ,0,2009,0, ,NA, ,Aotus nigriceps,Aotus nigriceps,0.96,N,10.5,AR,Frugivore,NA,NA,4.1,NA,NA,NA,NA,NA,1,Pair,Monogamy, ,2Tropical_and_suptropical_moist_broadleaf_forest,0.771696515,0.79,97.68,1.51,1.54,97.74,2.48,2.54,97.58,3.7,3.8,97.25,5.17,5.31,97.42,NA,7.07,NA,8.82,9.08,97.12,10.88,11.34,95.98,13.21,13.85,95.4,15.73,16.62,94.62,18.46,19.63,94.02,21.43,22.9,93.56,24.7,26.42,93.48,28.2,30.19,93.4,31.95,34.21,93.4,35.84,38.48,93.14,40.05,43.01,93.13,44.44,47.78,93,49.01,52.81,92.8,53.67,58.09,92.38,58.64,63.62,92.17
-1,4144,56,Shanee et al 2013,Richness,-76.39333333,-9.258055556,Precise,Peru,Neotropics,Aotidae,Aotus,Aotus nigriceps,Aotus_nigriceps,Trails,0, , , ,0,2009,0, ,NA, ,Aotus nigriceps,Aotus nigriceps,0.96,N,10.5,AR,Frugivore,NA,NA,4.1,NA,NA,NA,NA,NA,1,Pair,Monogamy, ,2Tropical_and_suptropical_moist_broadleaf_forest,0.769699889,0.79,97.43,1.47,1.54,95.16,2.44,2.54,96.04,3.63,3.8,95.62,5.02,5.31,94.58,NA,7.07,NA,8.48,9.08,93.35,10.49,11.34,92.46,12.69,13.85,91.66,15.06,16.62,90.64,17.41,19.63,88.67,19.96,22.9,87.17,22.62,26.42,85.62,25.52,30.19,84.53,28.67,34.21,83.82,32.07,38.48,83.35,35.67,43.01,82.93,39.41,47.78,82.47,43.45,52.81,82.27,47.64,58.09,82,51.95,63.62,81.65
-1,4147,56,Shanee et al 2013,Richness,-76.79111111,-8.651666667,Precise,Peru,Neotropics,Aotidae,Aotus,Aotus nigriceps,Aotus_nigriceps,Trails,0, , , ,0,2009,0, ,NA, ,Aotus nigriceps,Aotus nigriceps,0.96,N,10.5,AR,Frugivore,NA,NA,4.1,NA,NA,NA,NA,NA,1,Pair,Monogamy, ,2Tropical_and_suptropical_moist_broadleaf_forest,0.743284872,0.79,94.09,1.47,1.54,95.42,2.25,2.54,88.42,3.1,3.8,81.65,4.07,5.31,76.72,NA,7.07,NA,6.48,9.08,71.31,7.95,11.34,70.09,9.5,13.85,68.57,11.28,16.62,67.85,13.41,19.63,68.3,15.8,22.9,69.01,18.23,26.42,68.98,20.83,30.19,69,23.77,34.21,69.48,26.8,38.48,69.65,30.02,43.01,69.79,33.66,47.78,70.44,37.64,52.81,71.28,42.04,58.09,72.37,46.79,63.62,73.54
-1,4149,56,Shanee et al 2013,Richness,-76.90666667,-6.292777778,Precise,Peru,Neotropics,Aotidae,Aotus,Aotus nigriceps,Aotus_nigriceps,Trails,1, , , ,0,2009,0, ,NA, ,Aotus nigriceps,Aotus nigriceps,0.96,N,10.5,AR,Frugivore,NA,NA,4.1,NA,NA,NA,NA,NA,1,Pair,Monogamy, ,2Tropical_and_suptropical_moist_broadleaf_forest,0.707778981,0.79,89.59,1.44,1.54,93.45,2.4,2.54,94.44,3.52,3.8,92.72,NA,5.31,NA,NA,7.07,NA,8.37,9.08,92.16,10.39,11.34,91.65,12.67,13.85,91.48,15.22,16.62,91.57,17.92,19.63,91.28,20.8,22.9,90.82,23.9,26.42,90.46,27.23,30.19,90.2,30.72,34.21,89.81,34.18,38.48,88.83,38.06,43.01,88.49,42.06,47.78,88.03,46.25,52.81,87.59,50.77,58.09,87.4,55.51,63.62,87.25
-1,4150,56,Shanee et al 2013,Richness,-76.95444444,-5.962222222,Precise,Peru,Neotropics,Aotidae,Aotus,Aotus nigriceps,Aotus_nigriceps,Trails,0, , , ,0,2009,0, ,NA, ,Aotus nigriceps,Aotus nigriceps,0.96,N,10.5,AR,Frugivore,NA,NA,4.1,NA,NA,NA,NA,NA,1,Pair,Monogamy, ,2Tropical_and_suptropical_moist_broadleaf_forest,0.6190071,0.79,78.36,1.21,1.54,78.64,1.96,2.54,77.05,2.95,3.8,77.65,4.19,5.31,78.99,NA,7.07,NA,7.4,9.08,81.47,9.38,11.34,82.73,11.53,13.85,83.23,13.87,16.62,83.45,16.39,19.63,83.49,19.12,22.9,83.49,21.91,26.42,82.94,25.03,30.19,82.92,28.3,34.21,82.74,31.82,38.48,82.69,35.5,43.01,82.54,39.38,47.78,82.43,43.38,52.81,82.15,47.63,58.09,82,51.88,63.62,81.55
-1,4151,56,Shanee et al 2013,Richness,-77.08111111,-6.361666667,Precise,Peru,Neotropics,Aotidae,Aotus,Aotus nigriceps,Aotus_nigriceps,Trails,0, , , ,0,2009,0, ,NA, ,Aotus nigriceps,Aotus nigriceps,0.96,N,10.5,AR,Frugivore,NA,NA,4.1,NA,NA,NA,NA,NA,1,Pair,Monogamy, ,2Tropical_and_suptropical_moist_broadleaf_forest,0.6931175,0.79,87.74,1.33,1.54,86.28,2.2,2.54,86.55,3.26,3.8,85.71,4.59,5.31,86.36,NA,7.07,NA,8.04,9.08,88.53,10.19,11.34,89.85,12.59,13.85,90.91,15.22,16.62,91.58,18.07,19.63,92.07,21.21,22.9,92.64,24.64,26.42,93.27,28.23,30.19,93.52,31.98,34.21,93.48,36.01,38.48,93.58,40.32,43.01,93.75,44.81,47.78,93.78,49.54,52.81,93.81,54.56,58.09,93.93,59.7,63.62,93.84
-1,4154,56,Shanee et al 2013,Richness,-77.3875,-5.894444444,Precise,Peru,Neotropics,Aotidae,Aotus,Aotus nigriceps,Aotus_nigriceps,Trails,0, , , ,0,2009,0, ,NA, ,Aotus nigriceps,Aotus nigriceps,0.96,N,10.5,AR,Frugivore,NA,NA,4.1,NA,NA,NA,NA,NA,1,Pair,Monogamy, ,2Tropical_and_suptropical_moist_broadleaf_forest,0.738640795,0.79,93.5,1.46,1.54,94.75,2.43,2.54,95.75,3.65,3.8,96.04,5.09,5.31,95.86,NA,7.07,NA,8.64,9.08,95.15,10.73,11.34,94.65,13.09,13.85,94.54,15.74,16.62,94.68,18.63,19.63,94.92,21.74,22.9,94.95,25.08,26.42,94.93,28.63,30.19,94.84,32.42,34.21,94.78,36.39,38.48,94.57,40.56,43.01,94.29,44.8,47.78,93.76,49.33,52.81,93.42,54.06,58.09,93.07,59.08,63.62,92.86
-1,4155,56,Shanee et al 2013,Richness,-77.46083333,-7.320555556,Precise,Peru,Neotropics,Aotidae,Aotus,Aotus nigriceps,Aotus_nigriceps,Trails,0, , , ,0,2009,0, ,NA, ,Aotus nigriceps,Aotus nigriceps,0.96,N,10.5,AR,Frugivore,NA,NA,4.1,NA,NA,NA,NA,NA,1,Pair,Monogamy, ,2Tropical_and_suptropical_moist_broadleaf_forest,0.772581048,0.79,97.8,1.51,1.54,97.89,2.48,2.54,97.56,3.68,3.8,96.81,5.11,5.31,96.27,NA,7.07,NA,8.66,9.08,95.41,10.74,11.34,94.72,13.09,13.85,94.49,15.74,16.62,94.73,18.64,19.63,94.96,21.78,22.9,95.12,25.12,26.42,95.09,28.78,30.19,95.32,32.66,34.21,95.47,36.84,38.48,95.73,41.24,43.01,95.89,45.87,47.78,96,50.63,52.81,95.87,55.68,58.09,95.85,60.93,63.62,95.77
-1,4156,56,Shanee et al 2013,Richness,-77.5575,-6.267777778,Precise,Peru,Neotropics,Aotidae,Aotus,Aotus nigriceps,Aotus_nigriceps,Trails,0, , , ,0,2009,0, ,NA, ,Aotus nigriceps,Aotus nigriceps,0.96,N,10.5,AR,Frugivore,NA,NA,4.1,NA,NA,NA,NA,NA,1,Pair,Monogamy, ,2Tropical_and_suptropical_moist_broadleaf_forest,0.766017911,0.79,96.96,1.49,1.54,96.59,2.38,2.54,93.86,3.56,3.8,93.55,4.91,5.31,92.49,NA,7.07,NA,8.4,9.08,92.46,10.42,11.34,91.93,12.71,13.85,91.74,15.22,16.62,91.58,17.93,19.63,91.32,20.9,22.9,91.25,24.11,26.42,91.25,27.53,30.19,91.18,31.14,34.21,91.03,34.94,38.48,90.81,38.97,43.01,90.6,43.29,47.78,90.59,48,52.81,90.89,52.89,58.09,91.06,58.08,63.62,91.3
-1,4157,56,Shanee et al 2013,Richness,-77.59388889,-5.961944444,Precise,Peru,Neotropics,Aotidae,Aotus,Aotus nigriceps,Aotus_nigriceps,Trails,0, , , ,0,2009,0, ,NA, ,Aotus nigriceps,Aotus nigriceps,0.96,N,10.5,AR,Frugivore,NA,NA,4.1,NA,NA,NA,NA,NA,1,Pair,Monogamy, ,2Tropical_and_suptropical_moist_broadleaf_forest,0.772547293,0.79,97.79,1.51,1.54,98.16,2.5,2.54,98.41,3.73,3.8,98.18,5.21,5.31,98.14,NA,7.07,NA,8.92,9.08,98.19,11.14,11.34,98.2,13.6,13.85,98.21,16.3,16.62,98.09,19.17,19.63,97.67,22.26,22.9,97.21,25.65,26.42,97.08,29.3,30.19,97.05,33.22,34.21,97.1,37.36,38.48,97.09,41.75,43.01,97.06,46.32,47.78,96.95,51.08,52.81,96.72,55.94,58.09,96.3,60.93,63.62,95.77
-1,4161,56,Shanee et al 2013,Richness,-77.91,-5.665555556,Precise,Peru,Neotropics,Aotidae,Aotus,Aotus nigriceps,Aotus_nigriceps,Trails,0, , , ,0,2009,0, ,NA, ,Aotus nigriceps,Aotus nigriceps,0.96,N,10.5,AR,Frugivore,NA,NA,4.1,NA,NA,NA,NA,NA,1,Pair,Monogamy, ,2Tropical_and_suptropical_moist_broadleaf_forest,0.763219372,0.79,96.61,1.48,1.54,96.26,2.46,2.54,97.01,3.68,3.8,96.85,5.15,5.31,97.07,NA,7.07,NA,8.74,9.08,96.26,10.9,11.34,96.11,13.27,13.85,95.82,15.92,16.62,95.81,18.7,19.63,95.29,21.63,22.9,94.43,24.86,26.42,94.1,28.31,30.19,93.78,31.94,34.21,93.36,35.86,38.48,93.19,40.03,43.01,93.07,44.46,47.78,93.04,49.13,52.81,93.04,53.98,58.09,92.93,59.1,63.62,92.89
-1,4163,56,Shanee et al 2013,Richness,-78.20666667,-4.883055556,Precise,Peru,Neotropics,Aotidae,Aotus,Aotus nigriceps,Aotus_nigriceps,Trails,0, , , ,0,2009,0, ,NA, ,Aotus nigriceps,Aotus nigriceps,0.96,N,10.5,AR,Frugivore,NA,NA,4.1,NA,NA,NA,NA,NA,1,Pair,Monogamy, ,2Tropical_and_suptropical_moist_broadleaf_forest,0.734378916,0.79,92.96,1.43,1.54,93.05,2.36,2.54,92.81,3.51,3.8,92.43,4.96,5.31,93.36,NA,7.07,NA,8.46,9.08,93.13,10.58,11.34,93.28,12.93,13.85,93.37,15.51,16.62,93.34,18.27,19.63,93.05,21.22,22.9,92.66,24.48,26.42,92.67,27.92,30.19,92.48,31.65,34.21,92.52,35.76,38.48,92.93,40.06,43.01,93.13,44.51,47.78,93.15,49.15,52.81,93.06,54.15,58.09,93.22,59.43,63.62,93.41
-1,4167,56,Shanee et al 2013,Richness,-78.57111111,-5.799166667,Precise,Peru,Neotropics,Aotidae,Aotus,Aotus nigriceps,Aotus_nigriceps,Trails,0, , , ,0,2009,0, ,NA, ,Aotus nigriceps,Aotus nigriceps,0.96,N,10.5,AR,Frugivore,NA,NA,4.1,NA,NA,NA,NA,NA,1,Pair,Monogamy, ,2Tropical_and_suptropical_moist_broadleaf_forest,0.020455553,0.79,2.59,0.1,1.54,6.57,0.26,2.54,10.31,0.48,3.8,12.57,0.69,5.31,13.06,NA,7.07,NA,1.17,9.08,12.84,1.4,11.34,12.33,1.49,13.85,10.78,1.63,16.62,9.82,1.89,19.63,9.6,2.06,22.9,9.01,2.26,26.42,8.56,2.53,30.19,8.39,2.83,34.21,8.28,3.02,38.48,7.84,3.19,43.01,7.42,3.46,47.78,7.25,3.83,52.81,7.26,4.19,58.09,7.22,4.54,63.62,7.13
