OID,N,N_study,Source,BASE,X,Y,Precise,Country,Realm,Family,Genus,Taxon,Taxon_ITIS,Sample_met,Ocurrence,N_groups,Abundanc_1,Abundance,Density,Sample_yea,Sampling_e,Sampling_1,ID_Todo,TRAITS,Taxon_IT_1,ITIS_SPECI,BodyMass_k,DielActivi,HomeRange_,Locomotion,TrophicGui,Brain_size,Canine_Dim,MeanGroupS,Interbirth,Gestation,WeaningAge,MaxLongevi,LitterSz,AdultSexRa,Social_Sys,Mating_Sys,FOREST,BIOME,Buffer_500,Area500,FC_500,Buffer_700,Area700,FC_700,Buffer_900,Area900,FC_900,Buffer_110,Area1100,FC1100,Buffer_130,Area1300,FC_1300,Buffer_150,Area1500,FC_1500,Buffer_170,Area1700,FC_1700,Buffer_190,Area1900,FC_1900,Buffer_210,Area2100,FC_2100,Buffer_230,Area2300,FC_2300,Buffer_250,Area2500,FC_2500,Buffer_270,Area2700,FC_2700,Buffer_290,Area2900,FC_2900,Buffer_310,Area3100,FC_3100,Buffer_330,Area3300,FC_3300,Buffer_350,Area3500,FC_3500,Buffer_370,Area3700,F_Buffer_3,Buffer_390,Area_3900,FC_3900,Buffer_410,Area4100,FC_4100,Buffer_430,Area4300,FC_4300,Buffer_450,Area4500,FC_4500
-1,4737,4,Ravetta & Ferrari 2009,Ocurrencias,-54.955,-3.046111111,Precise,Brazil,Neotropics,Atelidae,Ateles,Ateles marginatus,Ateles_marginatus,Line transects,1,0,0,Encounter rate (n ind/km walked),0,2000,597, ,NA, ,Ateles marginatus,Ateles marginatus,6.96,D,NA,AR,Frugivore,NA,NA,24,NA,NA,NA,NA,NA,NA,NA,NA, ,2Tropical_and_suptropical_moist_broadleaf_forest,0.740285712,0.79,93.71,1.48,1.54,96.23,2.47,2.54,97.27,3.71,3.8,97.53,5.19,5.31,97.73,NA,7.07,NA,8.9,9.08,97.99,11.12,11.34,98.08,13.59,13.85,98.16,16.31,16.62,98.16,19.28,19.63,98.22,22.49,22.9,98.23,25.96,26.42,98.24,29.59,30.19,98.01,33.43,34.21,97.72,37.48,38.48,97.4,41.67,43.01,96.88,46.12,47.78,96.53,50.7,52.81,96.01,55.48,58.09,95.5,60.47,63.62,95.05
-1,4738,4,Ravetta & Ferrari 2009,Ocurrencias,-54.88722222,-2.835,Precise,Brazil,Neotropics,Atelidae,Ateles,Ateles marginatus,Ateles_marginatus,Line transects,0,0,0,Encounter rate (n ind/km walked),0,2000,400, ,NA, ,Ateles marginatus,Ateles marginatus,6.96,D,NA,AR,Frugivore,NA,NA,24,NA,NA,NA,NA,NA,NA,NA,NA, ,2Tropical_and_suptropical_moist_broadleaf_forest,0.743132384,0.79,94.07,1.48,1.54,95.8,2.45,2.54,96.55,3.65,3.8,96.14,5.11,5.31,96.28,NA,7.07,NA,8.61,9.08,94.79,10.6,11.34,93.5,12.79,13.85,92.32,15.25,16.62,91.78,17.94,19.63,91.41,20.84,22.9,91,24.04,26.42,91,27.43,30.19,90.84,31.1,34.21,90.91,35.04,38.48,91.06,39.22,43.01,91.19,43.59,47.78,91.23,48.28,52.81,91.43,53.31,58.09,91.76,58.2,63.62,91.48
-1,4739,4,Ravetta & Ferrari 2009,Ocurrencias,-54.79472222,-2.951388889,Precise,Brazil,Neotropics,Atelidae,Ateles,Ateles marginatus,Ateles_marginatus,Line transects,0,0,0,Encounter rate (n ind/km walked),0,2000,400, ,NA, ,Ateles marginatus,Ateles marginatus,6.96,D,NA,AR,Frugivore,NA,NA,24,NA,NA,NA,NA,NA,NA,NA,NA, ,2Tropical_and_suptropical_moist_broadleaf_forest,0.362208697,0.79,45.85,0.77,1.54,50.17,1.38,2.54,54.31,2.26,3.8,59.39,3.26,5.31,61.36,NA,7.07,NA,5.67,9.08,62.49,7.19,11.34,63.4,8.95,13.85,64.64,11.02,16.62,66.3,13.34,19.63,67.96,15.83,22.9,69.13,18.53,26.42,70.14,21.45,30.19,71.05,24.66,34.21,72.09,28.09,38.48,73,31.69,43.01,73.69,35.52,47.78,74.34,39.63,52.81,75.04,43.93,58.09,75.62,47.61,63.62,74.84
-1,4740,4,Ravetta & Ferrari 2009,Ocurrencias,-54.79555556,-2.941944444,Precise,Brazil,Neotropics,Atelidae,Ateles,Ateles marginatus,Ateles_marginatus,Line transects,0,0,0,Encounter rate (n ind/km walked),0,2000,200, ,NA, ,Ateles marginatus,Ateles marginatus,6.96,D,NA,AR,Frugivore,NA,NA,24,NA,NA,NA,NA,NA,NA,NA,NA, ,2Tropical_and_suptropical_moist_broadleaf_forest,0.588874693,0.79,74.54,1.11,1.54,72.17,1.82,2.54,71.52,2.63,3.8,69.27,3.49,5.31,65.75,NA,7.07,NA,5.83,9.08,64.24,7.28,11.34,64.16,9.15,13.85,66.08,11.07,16.62,66.61,12.95,19.63,65.96,14.9,22.9,65.05,17.38,26.42,65.77,20.01,30.19,66.27,22.76,34.21,66.54,25.77,38.48,66.97,29.31,43.01,68.15,32.99,47.78,69.05,36.95,52.81,69.97,41.19,58.09,70.91,44.93,63.62,70.62
-1,4741,4,Ravetta & Ferrari 2009,Ocurrencias,-54.94916667,-3.355277778,Precise,Brazil,Neotropics,Atelidae,Ateles,Ateles marginatus,Ateles_marginatus,Line transects,1,0,70,Encounter rate (n ind/km walked),0,2000,1000, ,NA, ,Ateles marginatus,Ateles marginatus,6.96,D,NA,AR,Frugivore,NA,NA,24,NA,NA,NA,NA,NA,NA,NA,NA, ,2Tropical_and_suptropical_moist_broadleaf_forest,0.761785468,0.79,96.43,1.5,1.54,97.62,2.49,2.54,98.12,3.73,3.8,98.12,5.21,5.31,98.15,NA,7.07,NA,8.92,9.08,98.24,11.14,11.34,98.28,13.62,13.85,98.32,16.34,16.62,98.29,19.21,19.63,97.86,22.13,22.9,96.63,25.21,26.42,95.44,28.54,30.19,94.52,32.07,34.21,93.74,35.84,38.48,93.14,39.86,43.01,92.68,44.15,47.78,92.4,48.62,52.81,92.06,53.27,58.09,91.71,58.06,63.62,91.26
-1,4742,4,Ravetta & Ferrari 2009,Ocurrencias,-54.87777778,-3.351666667,Precise,Brazil,Neotropics,Atelidae,Ateles,Ateles marginatus,Ateles_marginatus,Line transects,1,0,0,Encounter rate (n ind/km walked),0,2000,1000, ,NA, ,Ateles marginatus,Ateles marginatus,6.96,D,NA,AR,Frugivore,NA,NA,24,NA,NA,NA,NA,NA,NA,NA,NA, ,2Tropical_and_suptropical_moist_broadleaf_forest,0.711707488,0.79,90.09,1.44,1.54,93.74,2.43,2.54,95.73,3.67,3.8,96.49,5.15,5.31,96.98,NA,7.07,NA,8.74,9.08,96.27,10.73,11.34,94.63,12.93,13.85,93.37,15.28,16.62,91.95,17.83,19.63,90.86,20.67,22.9,90.25,23.8,26.42,90.08,27.16,30.19,89.95,30.75,34.21,89.89,34.35,38.48,89.28,38.07,43.01,88.5,41.99,47.78,87.88,46.01,52.81,87.13,50.24,58.09,86.49,54.38,63.62,85.48
-1,4743,4,Ravetta & Ferrari 2009,Ocurrencias,-54.92333333,-3.331666667,Precise,Brazil,Neotropics,Atelidae,Ateles,Ateles marginatus,Ateles_marginatus,Line transects,1,0,14,Encounter rate (n ind/km walked),0,2000,1000, ,NA, ,Ateles marginatus,Ateles marginatus,6.96,D,NA,AR,Frugivore,NA,NA,24,NA,NA,NA,NA,NA,NA,NA,NA, ,2Tropical_and_suptropical_moist_broadleaf_forest,0.675972433,0.79,85.57,1.25,1.54,81.02,2.05,2.54,80.61,3.13,3.8,82.25,4.44,5.31,83.59,NA,7.07,NA,7.61,9.08,83.84,9.32,11.34,82.23,11.24,13.85,81.19,13.34,16.62,80.27,15.6,19.63,79.45,18.05,22.9,78.83,20.87,26.42,79,23.95,30.19,79.35,27.25,34.21,79.67,31.02,38.48,80.62,35.23,43.01,81.91,39.56,47.78,82.79,44.16,52.81,83.63,49.09,58.09,84.51,54.05,63.62,84.96
-1,4744,4,Ravetta & Ferrari 2009,Ocurrencias,-54.92361111,-3.238333333,Precise,Brazil,Neotropics,Atelidae,Ateles,Ateles marginatus,Ateles_marginatus,Line transects,0,0,0,Encounter rate (n ind/km walked),0,2000,200, ,NA, ,Ateles marginatus,Ateles marginatus,6.96,D,NA,AR,Frugivore,NA,NA,24,NA,NA,NA,NA,NA,NA,NA,NA, ,2Tropical_and_suptropical_moist_broadleaf_forest,0.136663603,0.79,17.3,0.4,1.54,25.67,0.95,2.54,37.26,1.72,3.8,45.31,2.55,5.31,48.04,NA,7.07,NA,4.45,9.08,49.04,5.94,11.34,52.42,7.92,13.85,57.17,10.11,16.62,60.84,12.43,19.63,63.3,15.27,22.9,66.66,18.54,26.42,70.16,22.05,30.19,73.03,25.7,34.21,75.11,29.55,38.48,76.8,33.31,43.01,77.44,37.33,47.78,78.13,41.72,52.81,79.01,46.19,58.09,79.51,50.69,63.62,79.67
-1,4745,4,Ravetta & Ferrari 2009,Ocurrencias,-54.8775,-3.9425,Precise,Brazil,Neotropics,Atelidae,Ateles,Ateles marginatus,Ateles_marginatus,Line transects,1,0,2,Encounter rate (n ind/km walked),0,2000,400, ,NA, ,Ateles marginatus,Ateles marginatus,6.96,D,NA,AR,Frugivore,NA,NA,24,NA,NA,NA,NA,NA,NA,NA,NA, ,2Tropical_and_suptropical_moist_broadleaf_forest,0.695470606,0.79,88.03,1.4,1.54,91.04,2.37,2.54,93.14,3.56,3.8,93.79,5.02,5.31,94.53,NA,7.07,NA,8.69,9.08,95.72,10.9,11.34,96.1,13.33,13.85,96.25,16.01,16.62,96.35,18.9,19.63,96.3,21.88,22.9,95.54,25.05,26.42,94.81,28.52,30.19,94.47,32.32,34.21,94.46,36.37,38.48,94.53,40.75,43.01,94.73,45.31,47.78,94.82,50.09,52.81,94.85,55.16,58.09,94.95,59.75,63.62,93.91
-1,4746,4,Ravetta & Ferrari 2009,Ocurrencias,-54.85305556,-3.949444444,Precise,Brazil,Neotropics,Atelidae,Ateles,Ateles marginatus,Ateles_marginatus,Line transects,1,0,36,Encounter rate (n ind/km walked),0,2000,404, ,NA, ,Ateles marginatus,Ateles marginatus,6.96,D,NA,AR,Frugivore,NA,NA,24,NA,NA,NA,NA,NA,NA,NA,NA, ,2Tropical_and_suptropical_moist_broadleaf_forest,0.722911101,0.79,91.51,1.42,1.54,92.3,2.39,2.54,94.08,3.54,3.8,93.17,4.92,5.31,92.7,NA,7.07,NA,8.45,9.08,93.11,10.62,11.34,93.62,13.01,13.85,93.93,15.59,16.62,93.79,18.41,19.63,93.8,21.45,22.9,93.66,24.7,26.42,93.49,28.26,30.19,93.59,32.04,34.21,93.66,36.02,38.48,93.6,40.29,43.01,93.67,44.78,47.78,93.71,49.5,52.81,93.73,54.39,58.09,93.63,58.29,63.62,91.62
-1,4747,4,Ravetta & Ferrari 2009,Ocurrencias,-54.90555556,-4.065555556,Precise,Brazil,Neotropics,Atelidae,Ateles,Ateles marginatus,Ateles_marginatus,Line transects,1,0,10,Encounter rate (n ind/km walked),0,2000,400, ,NA, ,Ateles marginatus,Ateles marginatus,6.96,D,NA,AR,Frugivore,NA,NA,24,NA,NA,NA,NA,NA,NA,NA,NA, ,2Tropical_and_suptropical_moist_broadleaf_forest,0.159860465,0.79,20.24,0.58,1.54,37.59,1.26,2.54,49.56,2.21,3.8,58.05,3.39,5.31,63.79,NA,7.07,NA,6.31,9.08,69.49,8.15,11.34,71.89,10,13.85,72.22,11.83,16.62,71.19,13.69,19.63,69.73,15.79,22.9,68.93,18.17,26.42,68.78,20.98,30.19,69.5,24.24,34.21,70.85,27.68,38.48,71.93,31.35,43.01,72.89,35.26,47.78,73.79,39.32,52.81,74.46,43.75,58.09,75.32,47.4,63.62,74.51
-1,4748,4,Ravetta & Ferrari 2009,Ocurrencias,-54.86805556,-3.95,Precise,Brazil,Neotropics,Atelidae,Ateles,Ateles marginatus,Ateles_marginatus,Line transects,0,0,0,Encounter rate (n ind/km walked),0,2000,200, ,NA, ,Ateles marginatus,Ateles marginatus,6.96,D,NA,AR,Frugivore,NA,NA,24,NA,NA,NA,NA,NA,NA,NA,NA, ,2Tropical_and_suptropical_moist_broadleaf_forest,0.76166852,0.79,96.41,1.5,1.54,97.1,2.48,2.54,97.69,3.69,3.8,97.04,5.06,5.31,95.23,NA,7.07,NA,8.35,9.08,91.94,10.42,11.34,91.91,12.76,13.85,92.13,15.36,16.62,92.4,18.2,19.63,92.73,21.26,22.9,92.83,24.61,26.42,93.15,28.12,30.19,93.13,31.88,34.21,93.2,35.93,38.48,93.38,40.2,43.01,93.47,44.79,47.78,93.73,49.63,52.81,93.98,54.62,58.09,94.02,58.33,63.62,91.68
-1,4749,4,Ravetta & Ferrari 2009,Ocurrencias,-54.96333333,-2.479722222,Precise,Brazil,Neotropics,Atelidae,Ateles,Ateles marginatus,Ateles_marginatus,Line transects,0,0,0,Encounter rate (n ind/km walked),0,2000,100, ,NA, ,Ateles marginatus,Ateles marginatus,6.96,D,NA,AR,Frugivore,NA,NA,24,NA,NA,NA,NA,NA,NA,NA,NA, ,2Tropical_and_suptropical_moist_broadleaf_forest,0.630550204,0.79,79.82,1.31,1.54,85.21,2.11,2.54,82.89,2.91,3.8,76.61,3.86,5.31,72.76,NA,7.07,NA,5.62,9.08,61.93,6.31,11.34,55.64,7.02,13.85,50.71,7.76,16.62,46.68,8.33,19.63,42.43,8.75,22.9,38.22,9.24,26.42,34.99,9.81,30.19,32.5,10.41,34.21,30.44,11.09,38.48,28.81,11.73,43.01,27.28,12.56,47.78,26.28,13.59,52.81,25.74,14.8,58.09,25.49,16.25,63.62,25.54
-1,4750,4,Ravetta & Ferrari 2009,Ocurrencias,-54.97694444,-2.486388889,Precise,Brazil,Neotropics,Atelidae,Ateles,Ateles marginatus,Ateles_marginatus,Line transects,0,0,0,Encounter rate (n ind/km walked),0,2000,100, ,NA, ,Ateles marginatus,Ateles marginatus,6.96,D,NA,AR,Frugivore,NA,NA,24,NA,NA,NA,NA,NA,NA,NA,NA, ,2Tropical_and_suptropical_moist_broadleaf_forest,0.004241621,0.79,0.54,0.03,1.54,2.15,0.05,2.54,1.99,0.19,3.8,4.95,0.44,5.31,8.26,NA,7.07,NA,1.29,9.08,14.16,1.95,11.34,17.21,2.74,13.85,19.77,3.57,16.62,21.49,4.23,19.63,21.54,4.83,22.9,21.1,5.3,26.42,20.08,5.69,30.19,18.84,6.12,34.21,17.88,6.63,38.48,17.22,7.32,43.01,17.03,8.24,47.78,17.24,9.25,52.81,17.51,10.29,58.09,17.71,11.45,63.62,17.99
