OID,N,N_study,Source,BASE,X,Y,Precise,Country,Realm,Family,Genus,Taxon,Taxon_ITIS,Sample_met,Ocurrence,N_groups,Abundanc_1,Abundance,Density,Sample_yea,Sampling_e,Sampling_1,ID_Todo,TRAITS,Taxon_IT_1,ITIS_SPECI,BodyMass_k,DielActivi,HomeRange_,Locomotion,TrophicGui,Brain_size,Canine_Dim,MeanGroupS,Interbirth,Gestation,WeaningAge,MaxLongevi,LitterSz,AdultSexRa,Social_Sys,Mating_Sys,FOREST,BIOME,Buffer_500,Area500,FC_500,Buffer_700,Area700,FC_700,Buffer_900,Area900,FC_900,Buffer_110,Area1100,FC1100,Buffer_130,Area1300,FC_1300,Buffer_150,Area1500,FC_1500,Buffer_170,Area1700,FC_1700,Buffer_190,Area1900,FC_1900,Buffer_210,Area2100,FC_2100,Buffer_230,Area2300,FC_2300,Buffer_250,Area2500,FC_2500,Buffer_270,Area2700,FC_2700,Buffer_290,Area2900,FC_2900,Buffer_310,Area3100,FC_3100,Buffer_330,Area3300,FC_3300,Buffer_350,Area3500,FC_3500,Buffer_370,Area3700,F_Buffer_3,Buffer_390,Area_3900,FC_3900,Buffer_410,Area4100,FC_4100,Buffer_430,Area4300,FC_4300,Buffer_450,Area4500,FC_4500
-1,4482,29,Cervera & Griffith 2016,Ocurrencias,-79.65147222,-0.406916667,Precise,Ecuador,Neotropics,Atelidae,Ateles,Ateles fusciceps,Ateles_fusciceps,"Playback, visual",1,1,7,NA,0,2014,0, ,NA, ,Ateles fusciceps,Ateles fusciceps,9.03,D,NA,AR,Frugivore,114.24,NA,5,882,227,410,552,1,NA,Polygyndry,Polygyndry, ,2Tropical_and_suptropical_moist_broadleaf_forest,0.707264163,0.79,89.53,1.39,1.54,90.3,2.23,2.54,87.94,3.3,3.8,86.91,NA,5.31,NA,NA,7.07,NA,7.95,9.08,87.55,10,11.34,88.2,12.32,13.85,88.92,14.78,16.62,88.91,17.52,19.63,89.25,20.51,22.9,89.55,23.63,26.42,89.43,26.95,30.19,89.28,30.4,34.21,88.86,34.13,38.48,88.69,38.13,43.01,88.66,42.31,47.78,88.54,46.75,52.81,88.52,51.39,58.09,88.46,56.34,63.62,88.56
-1,4483,29,Cervera & Griffith 2016,Ocurrencias,-79.83061111,-0.254,Precise,Ecuador,Neotropics,Atelidae,Ateles,Ateles fusciceps,Ateles_fusciceps,Playback,0,0,0,NA,0,2014,0, ,NA, ,Ateles fusciceps,Ateles fusciceps,9.03,D,NA,AR,Frugivore,114.24,NA,5,882,227,410,552,1,NA,Polygyndry,Polygyndry, ,9Tropical and Subtropical Dry Broadleaf Forest,0.552951598,0.79,69.99,0.82,1.54,53.28,1.05,2.54,41.35,1.34,3.8,35.21,1.85,5.31,34.87,2.43,7.07,34.32,3.18,9.08,35.07,4.17,11.34,36.75,5.34,13.85,38.54,6.75,16.62,40.62,8.46,19.63,43.11,10.33,22.9,45.11,12.22,26.42,46.27,14.26,30.19,47.24,16.53,34.21,48.33,19.2,38.48,49.89,21.71,43.01,50.47,24.21,47.78,50.66,27.35,52.81,51.8,30.54,58.09,52.57,34.2,63.62,53.75
-1,4484,29,Cervera & Griffith 2016,Ocurrencias,-79.66644444,-0.402,Precise,Ecuador,Neotropics,Atelidae,Ateles,Ateles fusciceps,Ateles_fusciceps,"Playback, visual",1,1,5,NA,0,2014,0, ,NA, ,Ateles fusciceps,Ateles fusciceps,9.03,D,NA,AR,Frugivore,114.24,NA,5,882,227,410,552,1,NA,Polygyndry,Polygyndry, ,2Tropical_and_suptropical_moist_broadleaf_forest,0.689981465,0.79,87.34,1.36,1.54,88.27,2.28,2.54,89.57,3.4,3.8,89.57,NA,5.31,NA,NA,7.07,NA,8.21,9.08,90.4,10.25,11.34,90.38,12.55,13.85,90.61,15.12,16.62,91,17.87,19.63,91.01,20.8,22.9,90.82,23.97,26.42,90.74,27.34,30.19,90.57,30.89,34.21,90.31,34.75,38.48,90.3,38.88,43.01,90.41,43.2,47.78,90.41,47.71,52.81,90.34,52.4,58.09,90.21,57.43,63.62,90.27
-1,4485,29,Cervera & Griffith 2016,Ocurrencias,-79.65786111,-0.406777778,Precise,Ecuador,Neotropics,Atelidae,Ateles,Ateles fusciceps,Ateles_fusciceps,"Playback, visual",1,1,3,NA,0,2014,0, ,NA, ,Ateles fusciceps,Ateles fusciceps,9.03,D,NA,AR,Frugivore,114.24,NA,5,882,227,410,552,1,NA,Polygyndry,Polygyndry, ,2Tropical_and_suptropical_moist_broadleaf_forest,0.71394602,0.79,90.37,1.38,1.54,89.54,2.23,2.54,87.94,3.3,3.8,86.92,NA,5.31,NA,NA,7.07,NA,8.03,9.08,88.47,10.1,11.34,89.08,12.41,13.85,89.64,14.95,16.62,89.97,17.63,19.63,89.8,20.55,22.9,89.75,23.6,26.42,89.33,26.92,30.19,89.17,30.5,34.21,89.16,34.28,38.48,89.1,38.17,43.01,88.76,42.39,47.78,88.73,46.82,52.81,88.65,51.5,58.09,88.65,56.5,63.62,88.8
-1,4486,29,Cervera & Griffith 2016,Ocurrencias,-79.70866667,-0.362361111,Precise,Ecuador,Neotropics,Atelidae,Ateles,Ateles fusciceps,Ateles_fusciceps,Reported by local,1,0,0,NA,0,2014,0, ,NA, ,Ateles fusciceps,Ateles fusciceps,9.03,D,NA,AR,Frugivore,114.24,NA,5,882,227,410,552,1,NA,Polygyndry,Polygyndry, ,2Tropical_and_suptropical_moist_broadleaf_forest,0.733837572,0.79,92.89,1.41,1.54,91.29,2.31,2.54,91.12,3.49,3.8,91.97,NA,5.31,NA,NA,7.07,NA,8.3,9.08,91.36,10.37,11.34,91.48,12.62,13.85,91.15,15.16,16.62,91.2,17.83,19.63,90.82,20.81,22.9,90.89,23.93,26.42,90.57,27.31,30.19,90.46,30.93,34.21,90.41,34.77,38.48,90.35,38.97,43.01,90.6,43.27,47.78,90.56,47.78,52.81,90.47,52.63,58.09,90.6,57.62,63.62,90.57
-1,4487,29,Cervera & Griffith 2016,Ocurrencias,-79.73733333,-0.438861111,Precise,Ecuador,Neotropics,Atelidae,Ateles,Ateles fusciceps,Ateles_fusciceps,Visual,1,1,1,NA,0,2014,0, ,NA, ,Ateles fusciceps,Ateles fusciceps,9.03,D,NA,AR,Frugivore,114.24,NA,5,882,227,410,552,1,NA,Polygyndry,Polygyndry, ,2Tropical_and_suptropical_moist_broadleaf_forest,0.761830804,0.79,96.43,1.45,1.54,94.16,2.37,2.54,93.28,3.53,3.8,93.02,NA,5.31,NA,NA,7.07,NA,8.31,9.08,91.52,10.37,11.34,91.41,12.74,13.85,91.96,15.28,16.62,91.94,18.04,19.63,91.91,20.98,22.9,91.62,24.16,26.42,91.46,27.52,30.19,91.15,31.1,34.21,90.9,34.97,38.48,90.88,39.08,43.01,90.86,43.47,47.78,90.97,48,52.81,90.89,52.72,58.09,90.76,57.67,63.62,90.65
-1,4488,29,Cervera & Griffith 2016,Ocurrencias,-79.70875,-0.385866667,Precise,Ecuador,Neotropics,Atelidae,Ateles,Ateles fusciceps,Ateles_fusciceps,Reported by local,1,0,0,NA,0,2014,0, ,NA, ,Ateles fusciceps,Ateles fusciceps,9.03,D,NA,AR,Frugivore,114.24,NA,5,882,227,410,552,1,NA,Polygyndry,Polygyndry, ,2Tropical_and_suptropical_moist_broadleaf_forest,0.744429908,0.79,94.23,1.45,1.54,94.04,2.37,2.54,93.42,3.5,3.8,92.09,NA,5.31,NA,NA,7.07,NA,8.22,9.08,90.49,10.19,11.34,89.88,12.45,13.85,89.88,15,16.62,90.24,17.8,19.63,90.69,20.76,22.9,90.65,23.93,26.42,90.57,27.38,30.19,90.71,31.08,34.21,90.84,35,38.48,90.96,39.13,43.01,90.97,43.37,47.78,90.77,47.75,52.81,90.42,52.37,58.09,90.16,57.25,63.62,89.99
-1,4489,29,Cervera & Griffith 2016,Ocurrencias,-79.66394444,-0.381083333,Precise,Ecuador,Neotropics,Atelidae,Ateles,Ateles fusciceps,Ateles_fusciceps,Reported by local,1,0,0,NA,0,2014,0, ,NA, ,Ateles fusciceps,Ateles fusciceps,9.03,D,NA,AR,Frugivore,114.24,NA,5,882,227,410,552,1,NA,Polygyndry,Polygyndry, ,2Tropical_and_suptropical_moist_broadleaf_forest,0.771669671,0.79,97.68,1.51,1.54,98.02,2.48,2.54,97.81,3.7,3.8,97.32,NA,5.31,NA,NA,7.07,NA,8.62,9.08,94.93,10.74,11.34,94.73,13.05,13.85,94.26,15.62,16.62,93.96,18.37,19.63,93.56,21.34,22.9,93.17,24.54,26.42,92.87,28.04,30.19,92.88,31.71,34.21,92.68,35.57,38.48,92.43,39.73,43.01,92.38,44.11,47.78,92.32,48.68,52.81,92.19,53.58,58.09,92.24,58.61,63.62,92.13
-1,4490,29,Cervera & Griffith 2016,Ocurrencias,-79.95930556,-0.378083333,Precise,Ecuador,Neotropics,Atelidae,Ateles,Ateles fusciceps,Ateles_fusciceps,"Playback, visual",0,0,0,NA,0,2014,0, ,NA, ,Ateles fusciceps,Ateles fusciceps,9.03,D,NA,AR,Frugivore,114.24,NA,5,882,227,410,552,1,NA,Polygyndry,Polygyndry, ,9Tropical and Subtropical Dry Broadleaf Forest,0.761815378,0.79,96.43,1.26,1.54,82.02,1.83,2.54,72.24,2.52,3.8,66.2,3.4,5.31,64.11,4.38,7.07,62,5.35,9.08,58.9,6.21,11.34,54.75,7.34,13.85,52.99,8.71,16.62,52.43,10.29,19.63,52.4,11.95,22.9,52.17,13.82,26.42,52.3,16.13,30.19,53.44,18.33,34.21,53.59,20.79,38.48,54.02,23.3,43.01,54.17,25.84,47.78,54.09,28.59,52.81,54.13,31.14,58.09,53.61,33.85,63.62,53.2
-1,4491,29,Cervera & Griffith 2016,Ocurrencias,-79.89258333,-0.200444444,Precise,Ecuador,Neotropics,Atelidae,Ateles,Ateles fusciceps,Ateles_fusciceps,"Playback, visual",0,0,0,NA,0,2014,0, ,NA, ,Ateles fusciceps,Ateles fusciceps,9.03,D,NA,AR,Frugivore,114.24,NA,5,882,227,410,552,1,NA,Polygyndry,Polygyndry, ,9Tropical and Subtropical Dry Broadleaf Forest,0.754703273,0.79,95.53,1.36,1.54,88.07,1.98,2.54,77.97,2.84,3.8,74.66,3.95,5.31,74.41,5.27,7.07,74.58,6.73,9.08,74.12,8.3,11.34,73.22,10.19,13.85,73.61,12.18,16.62,73.29,14.12,19.63,71.94,16.13,22.9,70.46,18.32,26.42,69.36,20.61,30.19,68.28,23.16,34.21,67.7,25.71,38.48,66.8,28.01,43.01,65.11,30.54,47.78,63.93,33.5,52.81,63.43,36.66,58.09,63.12,39.73,63.62,62.45
-1,4492,29,Cervera & Griffith 2016,Ocurrencias,-79.72988889,-0.518083333,Precise,Ecuador,Neotropics,Atelidae,Ateles,Ateles fusciceps,Ateles_fusciceps,Reported by local,1,0,0,NA,0,2014,0, ,NA, ,Ateles fusciceps,Ateles fusciceps,9.03,D,NA,AR,Frugivore,114.24,NA,5,882,227,410,552,1,NA,Polygyndry,Polygyndry, ,2Tropical_and_suptropical_moist_broadleaf_forest,0.77244435,0.79,97.78,1.51,1.54,97.74,2.49,2.54,98.08,3.72,3.8,97.77,NA,5.31,NA,NA,7.07,NA,8.63,9.08,95.09,10.7,11.34,94.34,12.92,13.85,93.31,15.33,16.62,92.24,18.08,19.63,92.1,21.09,22.9,92.09,24.21,26.42,91.64,27.6,30.19,91.41,31.14,34.21,91.02,34.84,38.48,90.55,38.83,43.01,90.29,43.03,47.78,90.07,47.37,52.81,89.7,51.73,58.09,89.05,56.44,63.62,88.71
