OID,N,N_study,Source,BASE,X,Y,Precise,Country,Realm,Family,Genus,Taxon,Taxon_ITIS,Sample_met,Ocurrence,N_groups,Abundanc_1,Abundance,Density,Sample_yea,Sampling_e,Sampling_1,ID_Todo,TRAITS,Taxon_IT_1,ITIS_SPECI,BodyMass_k,DielActivi,HomeRange_,Locomotion,TrophicGui,Brain_size,Canine_Dim,MeanGroupS,Interbirth,Gestation,WeaningAge,MaxLongevi,LitterSz,AdultSexRa,Social_Sys,Mating_Sys,FOREST,BIOME,Buffer_500,Area500,FC_500,Buffer_700,Area700,FC_700,Buffer_900,Area900,FC_900,Buffer_110,Area1100,FC1100,Buffer_130,Area1300,FC_1300,Buffer_150,Area1500,FC_1500,Buffer_170,Area1700,FC_1700,Buffer_190,Area1900,FC_1900,Buffer_210,Area2100,FC_2100,Buffer_230,Area2300,FC_2300,Buffer_250,Area2500,FC_2500,Buffer_270,Area2700,FC_2700,Buffer_290,Area2900,FC_2900,Buffer_310,Area3100,FC_3100,Buffer_330,Area3300,FC_3300,Buffer_350,Area3500,FC_3500,Buffer_370,Area3700,F_Buffer_3,Buffer_390,Area_3900,FC_3900,Buffer_410,Area4100,FC_4100,Buffer_430,Area4300,FC_4300,Buffer_450,Area4500,FC_4500
-1,4417,280,dos Santos-Filho et al. 2017,Ocurrencias,-57.84666667,-14.59805556,Precise,Brasil,Neotropics,Atelidae,Ateles,Ateles chamek,Ateles_chamek ,Line transects,1,2,1.1,Encounter rate,0,2001,18.2,km,NA, ,Ateles chamek ,Ateles chamek,9.37,D,192,AR,Frugivore,NA,NA,38.5,1049.37,229,714.8,NA,1,NA,Polygyndry,Polygyndry, ,9Tropical and Subtropical Dry Broadleaf Forest,0.682339655,0.79,86.37,1.21,1.54,78.75,1.56,2.54,61.23,1.84,3.8,48.48,2.21,5.31,41.7,2.43,7.07,34.33,2.7,9.08,29.76,3.16,11.34,27.89,3.57,13.85,25.75,3.82,16.62,22.99,4.09,19.63,20.82,4.49,22.9,19.6,5.08,26.42,19.24,5.72,30.19,18.95,6.59,34.21,19.26,7.56,38.48,19.66,8.46,43.01,19.66,9.52,47.78,19.92,10.82,52.81,20.5,12.36,58.09,21.28,14.13,63.62,22.21
-1,4418,280,dos Santos-Filho et al. 2017,Ocurrencias,-57.83833333,-14.61,Precise,Brasil,Neotropics,Atelidae,Ateles,Ateles chamek,Ateles_chamek ,Line transects,1,3,0,NA,0,2001,4.9,km,NA, ,Ateles chamek ,Ateles chamek,9.37,D,192,AR,Frugivore,NA,NA,38.5,1049.37,229,714.8,NA,1,NA,Polygyndry,Polygyndry, ,9Tropical and Subtropical Dry Broadleaf Forest,0.3461554,0.79,43.82,0.43,1.54,27.83,0.63,2.54,24.99,0.95,3.8,24.88,1.42,5.31,26.82,2.06,7.07,29.17,2.79,9.08,30.68,3.7,11.34,32.64,4.59,13.85,33.16,5.48,16.62,32.99,6.34,19.63,32.27,7.16,22.9,31.27,8.22,26.42,31.13,9.34,30.19,30.95,10.48,34.21,30.64,11.64,38.48,30.25,12.88,43.01,29.94,14.04,47.78,29.38,15.13,52.81,28.65,16.1,58.09,27.71,17.05,63.62,26.8
-1,4419,280,dos Santos-Filho et al. 2017,Ocurrencias,-57.87694444,-14.5675,Precise,Brasil,Neotropics,Atelidae,Ateles,Ateles chamek,Ateles_chamek ,Line transects,1,2,1.59,Encounter rate,0,2001,12.6,km,NA, ,Ateles chamek ,Ateles chamek,9.37,D,192,AR,Frugivore,NA,NA,38.5,1049.37,229,714.8,NA,1,NA,Polygyndry,Polygyndry, ,9Tropical and Subtropical Dry Broadleaf Forest,0.366069445,0.79,46.34,0.58,1.54,37.38,0.74,2.54,29.23,0.94,3.8,24.67,1.2,5.31,22.59,1.51,7.07,21.3,1.7,9.08,18.7,1.93,11.34,17.01,2.15,13.85,15.51,2.49,16.62,14.98,2.91,19.63,14.82,3.25,22.9,14.2,3.53,26.42,13.35,3.93,30.19,13.03,4.46,34.21,13.04,5.25,38.48,13.63,6.28,43.01,14.59,7.26,47.78,15.19,8.5,52.81,16.09,9.92,58.09,17.08,11.48,63.62,18.04
-1,4420,280,dos Santos-Filho et al. 2017,Ocurrencias,-57.4125,-14.63583333,Precise,Brasil,Neotropics,Atelidae,Ateles,Ateles chamek,Ateles_chamek ,Line transects,1,2,0,NA,0,2001,3.5,km,NA, ,Ateles chamek ,Ateles chamek,9.37,D,192,AR,Frugivore,NA,NA,38.5,1049.37,229,714.8,NA,1,NA,Polygyndry,Polygyndry, ,9Tropical and Subtropical Dry Broadleaf Forest,0.279993232,0.79,35.44,0.3,1.54,19.23,0.35,2.54,13.91,0.46,3.8,12.21,0.56,5.31,10.58,0.71,7.07,10.03,1.13,9.08,12.42,1.58,11.34,13.97,1.84,13.85,13.27,2.03,16.62,12.19,2.14,19.63,10.88,2.27,22.9,9.91,2.38,26.42,9.02,2.66,30.19,8.8,2.79,34.21,8.17,3.02,38.48,7.84,3.35,43.01,7.79,3.76,47.78,7.86,4.24,52.81,8.03,4.69,58.09,8.08,5.32,63.62,8.36
-1,4421,280,dos Santos-Filho et al. 2017,Ocurrencias,-57.96777778,-14.62277778,Precise,Brasil,Neotropics,Atelidae,Ateles,Ateles chamek,Ateles_chamek ,Line transects,1,4,1.27,Encounter rate,0,2001,31.5,km,NA, ,Ateles chamek ,Ateles chamek,9.37,D,192,AR,Frugivore,NA,NA,38.5,1049.37,229,714.8,NA,1,NA,Polygyndry,Polygyndry, ,8Tropical and Subtropical Grasslands Savannas and Shrublands,0.720495989,0.79,91.2,1.23,1.54,80.18,1.83,2.54,72.06,2.57,3.8,67.62,3.23,5.31,60.78,3.96,7.07,55.95,4.73,9.08,52.13,5.6,11.34,49.36,6.67,13.85,48.18,8.03,16.62,48.32,9.6,19.63,48.89,11.36,22.9,49.63,13.41,26.42,50.75,15.53,30.19,51.43,17.66,34.21,51.62,20.19,38.48,52.47,22.93,43.01,53.31,25.55,47.78,53.48,28.03,52.81,53.08,30.41,58.09,52.36,32.77,63.62,51.51
-1,4422,280,dos Santos-Filho et al. 2017,Ocurrencias,-57.90277778,-14.66444444,Precise,Brasil,Neotropics,Atelidae,Ateles,Ateles chamek,Ateles_chamek ,Line transects,1,4,0,NA,0,2001,7.7,km,NA, ,Ateles chamek ,Ateles chamek,9.37,D,192,AR,Frugivore,NA,NA,38.5,1049.37,229,714.8,NA,1,NA,Polygyndry,Polygyndry, ,9Tropical and Subtropical Dry Broadleaf Forest,0.725360054,0.79,91.82,0.99,1.54,63.97,0.99,2.54,39.05,1,3.8,26.33,1.22,5.31,22.92,1.62,7.07,22.88,2.21,9.08,24.35,3.03,11.34,26.73,3.91,13.85,28.26,4.6,16.62,27.69,5.16,19.63,26.3,5.75,22.9,25.1,6.49,26.42,24.55,7.35,30.19,24.35,8.27,34.21,24.17,9.2,38.48,23.9,10.19,43.01,23.69,11.08,47.78,23.18,12.02,52.81,22.77,13.03,58.09,22.43,14.11,63.62,22.17
-1,4423,280,dos Santos-Filho et al. 2017,Ocurrencias,-57.915,-14.67277778,Precise,Brasil,Neotropics,Atelidae,Ateles,Ateles chamek,Ateles_chamek ,Line transects,1,6,1.9,Encounter rate,0,2001,31.5,km,NA, ,Ateles chamek ,Ateles chamek,9.37,D,192,AR,Frugivore,NA,NA,38.5,1049.37,229,714.8,NA,1,NA,Polygyndry,Polygyndry, ,9Tropical and Subtropical Dry Broadleaf Forest,0.759408661,0.79,96.13,1.2,1.54,77.9,1.6,2.54,63.12,2,3.8,52.56,2.36,5.31,44.35,2.74,7.07,38.77,3.22,9.08,35.49,3.86,11.34,34.01,4.6,13.85,33.22,5.43,16.62,32.66,6.16,19.63,31.39,6.94,22.9,30.29,7.84,26.42,29.66,8.73,30.19,28.91,9.63,34.21,28.14,10.71,38.48,27.84,11.92,43.01,27.7,13.24,47.78,27.71,14.71,52.81,27.86,16.09,58.09,27.7,17.29,63.62,27.18
-1,4424,280,dos Santos-Filho et al. 2017,Ocurrencias,-57.99222222,-14.70888889,Precise,Brasil,Neotropics,Atelidae,Ateles,Ateles chamek,Ateles_chamek ,Line transects,1,5,2.65,Encounter rate,0,2001,18.9,km,NA, ,Ateles chamek ,Ateles chamek,9.37,D,192,AR,Frugivore,NA,NA,38.5,1049.37,229,714.8,NA,1,NA,Polygyndry,Polygyndry, ,9Tropical and Subtropical Dry Broadleaf Forest,0.773061989,0.79,97.86,1.52,1.54,98.4,2.5,2.54,98.62,3.71,3.8,97.76,4.65,5.31,87.57,5.47,7.07,77.4,6.38,9.08,70.3,7.06,11.34,62.22,7.74,13.85,55.9,8.43,16.62,50.74,9.33,19.63,47.53,10.26,22.9,44.8,11.33,26.42,42.88,12.45,30.19,41.25,13.7,34.21,40.06,14.97,38.48,38.9,16.14,43.01,37.53,17.23,47.78,36.06,18.48,52.81,35,19.67,58.09,33.86,20.91,63.62,32.87
-1,4425,280,dos Santos-Filho et al. 2017,Ocurrencias,-58.51138889,-15.32388889,Precise,Brasil,Neotropics,Atelidae,Ateles,Ateles chamek,Ateles_chamek ,Line transects,1,3,1.95,Encounter rate,0,2001,15.4,km,NA, ,Ateles chamek ,Ateles chamek,9.37,D,192,AR,Frugivore,NA,NA,38.5,1049.37,229,714.8,NA,1,NA,Polygyndry,Polygyndry, ,9Tropical and Subtropical Dry Broadleaf Forest,0.200707869,0.79,25.41,0.29,1.54,18.57,0.37,2.54,14.45,0.45,3.8,11.96,0.56,5.31,10.56,0.69,7.07,9.74,0.87,9.08,9.59,1.03,11.34,9.05,1.11,13.85,8.01,1.14,16.62,6.85,1.17,19.63,5.95,1.2,22.9,5.26,1.33,26.42,5.04,1.45,30.19,4.81,1.69,34.21,4.95,1.94,38.48,5.03,2.11,43.01,4.9,2.33,47.78,4.89,2.52,52.81,4.77,2.72,58.09,4.68,2.9,63.62,4.56
-1,4426,280,dos Santos-Filho et al. 2017,Ocurrencias,-58.57638889,-15.33944444,Precise,Brasil,Neotropics,Atelidae,Ateles,Ateles chamek,Ateles_chamek ,Line transects,1,4,1.97,Encounter rate,0,2001,20.3,km,NA, ,Ateles chamek ,Ateles chamek,9.37,D,192,AR,Frugivore,NA,NA,38.5,1049.37,229,714.8,NA,1,NA,Polygyndry,Polygyndry, ,9Tropical and Subtropical Dry Broadleaf Forest,0.294551703,0.79,37.29,0.58,1.54,37.55,0.92,2.54,36.21,1.3,3.8,34.16,1.66,5.31,31.33,2.04,7.07,28.9,2.55,9.08,28.09,3.1,11.34,27.34,3.84,13.85,27.69,4.66,16.62,28.06,5.19,19.63,26.46,5.65,22.9,24.66,6.11,26.42,23.11,6.72,30.19,22.27,7.48,34.21,21.87,8,38.48,20.78,8.43,43.01,19.59,8.77,47.78,18.35,9.24,52.81,17.49,9.61,58.09,16.54,10.01,63.62,15.74
-1,4427,280,dos Santos-Filho et al. 2017,Ocurrencias,-58.45138889,-15.33333333,Precise,Brasil,Neotropics,Atelidae,Ateles,Ateles chamek,Ateles_chamek ,Line transects,1,6,0,NA,0,2001,7.7,km,NA, ,Ateles chamek ,Ateles chamek,9.37,D,192,AR,Frugivore,NA,NA,38.5,1049.37,229,714.8,NA,1,NA,Polygyndry,Polygyndry, ,9Tropical and Subtropical Dry Broadleaf Forest,0.329545972,0.79,41.71,0.57,1.54,37.21,0.73,2.54,28.93,0.74,3.8,19.53,0.74,5.31,13.98,0.74,7.07,10.52,0.75,9.08,8.23,0.75,11.34,6.64,0.75,13.85,5.44,0.76,16.62,4.58,0.76,19.63,3.88,0.77,22.9,3.35,0.78,26.42,2.96,0.85,30.19,2.83,0.93,34.21,2.71,1.11,38.48,2.88,1.39,43.01,3.23,1.6,47.78,3.35,1.98,52.81,3.75,2.49,58.09,4.29,3.08,63.62,4.84
-1,4428,280,dos Santos-Filho et al. 2017,Ocurrencias,-58.53444444,-15.27916667,Precise,Brasil,Neotropics,Atelidae,Ateles,Ateles chamek,Ateles_chamek ,Line transects,1,3,0,NA,0,2001,6.1,km,NA, ,Ateles chamek ,Ateles chamek,9.37,D,192,AR,Frugivore,NA,NA,38.5,1049.37,229,714.8,NA,1,NA,Polygyndry,Polygyndry, ,9Tropical and Subtropical Dry Broadleaf Forest,0.44447234,0.79,56.26,0.73,1.54,47.35,0.89,2.54,34.86,1.04,3.8,27.25,1.11,5.31,20.89,1.15,7.07,16.2,1.19,9.08,13.1,1.24,11.34,10.89,1.32,13.85,9.5,1.48,16.62,8.92,1.64,19.63,8.34,1.72,22.9,7.52,1.81,26.42,6.85,1.89,30.19,6.27,1.93,34.21,5.63,1.97,38.48,5.13,2.14,43.01,4.97,2.39,47.78,5,2.61,52.81,4.95,2.84,58.09,4.89,3.09,63.62,4.85
-1,4429,280,dos Santos-Filho et al. 2017,Ocurrencias,-58.43611111,-15.38416667,Precise,Brasil,Neotropics,Atelidae,Ateles,Ateles chamek,Ateles_chamek ,Line transects,1,6,5.83,Encounter rate,0,2001,10.3,km,NA, ,Ateles chamek ,Ateles chamek,9.37,D,192,AR,Frugivore,NA,NA,38.5,1049.37,229,714.8,NA,1,NA,Polygyndry,Polygyndry, ,9Tropical and Subtropical Dry Broadleaf Forest,0.360172451,0.79,45.59,0.49,1.54,32.08,0.56,2.54,22.04,0.59,3.8,15.49,0.65,5.31,12.21,0.9,7.07,12.75,1.24,9.08,13.69,1.61,11.34,14.17,2.02,13.85,14.61,2.49,16.62,15.01,2.85,19.63,14.5,3.09,22.9,13.49,3.13,26.42,11.86,3.14,30.19,10.41,3.14,34.21,9.19,3.18,38.48,8.28,3.21,43.01,7.46,3.22,47.78,6.74,3.25,52.81,6.16,3.28,58.09,5.64,3.4,63.62,5.35
-1,4430,280,dos Santos-Filho et al. 2017,Ocurrencias,-58.43472222,-15.37305556,Precise,Brasil,Neotropics,Atelidae,Ateles,Ateles chamek,Ateles_chamek ,Line transects,1,2,0,NA,0,2001,4.2,km,NA, ,Ateles chamek ,Ateles chamek,9.37,D,192,AR,Frugivore,NA,NA,38.5,1049.37,229,714.8,NA,1,NA,Polygyndry,Polygyndry, ,9Tropical and Subtropical Dry Broadleaf Forest,0.42461611,0.79,53.75,0.82,1.54,52.96,1.26,2.54,49.75,1.52,3.8,40.08,1.71,5.31,32.21,1.87,7.07,26.51,1.98,9.08,21.75,2,11.34,17.65,2.02,13.85,14.59,2.04,16.62,12.25,2.11,19.63,10.75,2.32,22.9,10.15,2.61,26.42,9.89,2.91,30.19,9.65,3.1,34.21,9.05,3.16,38.48,8.2,3.16,43.01,7.36,3.18,47.78,6.66,3.2,52.81,6.06,3.24,58.09,5.58,3.25,63.62,5.1
-1,4431,280,dos Santos-Filho et al. 2017,Ocurrencias,-58.41277778,-15.38444444,Precise,Brasil,Neotropics,Atelidae,Ateles,Ateles chamek,Ateles_chamek ,Line transects,1,7,6.67,Encounter rate,0,2001,10.5,km,NA, ,Ateles chamek ,Ateles chamek,9.37,D,192,AR,Frugivore,NA,NA,38.5,1049.37,229,714.8,NA,1,NA,Polygyndry,Polygyndry, ,9Tropical and Subtropical Dry Broadleaf Forest,0.280694045,0.79,35.53,0.4,1.54,26.2,0.55,2.54,21.66,0.71,3.8,18.74,0.9,5.31,16.92,0.99,7.07,14.04,1.04,9.08,11.49,1.14,11.34,10.05,1.28,13.85,9.21,1.53,16.62,9.18,1.88,19.63,9.56,2.2,22.9,9.6,2.49,26.42,9.42,2.79,30.19,9.25,3.06,34.21,8.94,3.44,38.48,8.94,3.77,43.01,8.77,3.92,47.78,8.21,3.96,52.81,7.5,4.01,58.09,6.9,4.04,63.62,6.35
-1,4432,280,dos Santos-Filho et al. 2017,Ocurrencias,-58.62472222,-15.54805556,Precise,Brasil,Neotropics,Atelidae,Ateles,Ateles chamek,Ateles_chamek ,Line transects,1,6,2.76,Encounter rate,0,2001,21.7,km,NA, ,Ateles chamek ,Ateles chamek,9.37,D,192,AR,Frugivore,NA,NA,38.5,1049.37,229,714.8,NA,1,NA,Polygyndry,Polygyndry, ,8Tropical and Subtropical Grasslands Savannas and Shrublands,0.534693704,0.79,67.68,1.12,1.54,72.79,1.89,2.54,74.53,2.89,3.8,76.08,4.01,5.31,75.54,5.23,7.07,73.95,6.47,9.08,71.23,7.47,11.34,65.91,8.36,13.85,60.34,9.2,16.62,55.36,9.95,19.63,50.69,10.74,22.9,46.89,11.54,26.42,43.67,12.18,30.19,40.34,12.69,34.21,37.11,13.14,38.48,34.14,13.58,43.01,31.56,14.05,47.78,29.41,14.54,52.81,27.53,15.09,58.09,25.98,15.68,63.62,24.65
-1,4433,280,dos Santos-Filho et al. 2017,Ocurrencias,-57.98111111,-15.61277778,Precise,Brasil,Neotropics,Atelidae,Ateles,Ateles chamek,Ateles_chamek ,Line transects,1,3,0,NA,0,2001,6.3,km,NA, ,Ateles chamek ,Ateles chamek,9.37,D,192,AR,Frugivore,NA,NA,38.5,1049.37,229,714.8,NA,1,NA,Polygyndry,Polygyndry, ,9Tropical and Subtropical Dry Broadleaf Forest,0.403603792,0.79,51.09,0.58,1.54,37.47,0.82,2.54,32.37,1.2,3.8,31.48,1.68,5.31,31.64,2.37,7.07,33.49,3.37,9.08,37.14,4.41,11.34,38.85,5.39,13.85,38.92,6.19,16.62,37.27,7.19,19.63,36.65,8.71,22.9,38.04,10.31,26.42,39.04,11.87,30.19,39.32,13.28,34.21,38.83,14.86,38.48,38.61,16.64,43.01,38.68,18.48,47.78,38.68,20.44,52.81,38.7,22.52,58.09,38.77,24.9,63.62,39.13
-1,4434,280,dos Santos-Filho et al. 2017,Ocurrencias,-57.98472222,-15.60972222,Precise,Brasil,Neotropics,Atelidae,Ateles,Ateles chamek,Ateles_chamek ,Line transects,1,2,0,NA,0,2001,6.3,km,NA, ,Ateles chamek ,Ateles chamek,9.37,D,192,AR,Frugivore,NA,NA,38.5,1049.37,229,714.8,NA,1,NA,Polygyndry,Polygyndry, ,9Tropical and Subtropical Dry Broadleaf Forest,0.428165637,0.79,54.2,0.78,1.54,50.43,1.28,2.54,50.38,1.8,3.8,47.25,2.44,5.31,45.88,3.38,7.07,47.76,4.18,9.08,46.08,5.03,11.34,44.35,6.25,13.85,45.13,7.62,16.62,45.82,9.07,19.63,46.18,10.63,22.9,46.4,12.3,26.42,46.55,14.11,30.19,46.75,15.98,34.21,46.72,17.82,38.48,46.3,19.5,43.01,45.33,21.33,47.78,44.65,23.49,52.81,44.49,26,58.09,44.76,28.64,63.62,45.02
-1,4435,280,dos Santos-Filho et al. 2017,Ocurrencias,-58.57972222,-15.44,Precise,Brasil,Neotropics,Atelidae,Ateles,Ateles chamek,Ateles_chamek ,Line transects,1,2,0,NA,0,2001,6.5,km,NA, ,Ateles chamek ,Ateles chamek,9.37,D,192,AR,Frugivore,NA,NA,38.5,1049.37,229,714.8,NA,1,NA,Polygyndry,Polygyndry, ,9Tropical and Subtropical Dry Broadleaf Forest,0.198018534,0.79,25.07,0.33,1.54,21.18,0.56,2.54,22.04,0.83,3.8,21.79,1.22,5.31,22.96,1.86,7.07,26.36,2.51,9.08,27.66,3.21,11.34,28.28,3.95,13.85,28.52,4.85,16.62,29.19,5.76,19.63,29.36,6.65,22.9,29.04,7.56,26.42,28.61,8.53,30.19,28.27,9.42,34.21,27.54,10.4,38.48,27.04,11.34,43.01,26.36,12.23,47.78,25.59,13.24,52.81,25.06,14.21,58.09,24.46,15.32,63.62,24.08
-1,4436,280,dos Santos-Filho et al. 2017,Ocurrencias,-58.55722222,-15.46011389,Precise,Brasil,Neotropics,Atelidae,Ateles,Ateles chamek,Ateles_chamek ,Line transects,1,5,0,NA,0,2001,7.7,km,NA, ,Ateles chamek ,Ateles chamek,9.37,D,192,AR,Frugivore,NA,NA,38.5,1049.37,229,714.8,NA,1,NA,Polygyndry,Polygyndry, ,9Tropical and Subtropical Dry Broadleaf Forest,0.484818582,0.79,61.37,0.91,1.54,58.89,1.34,2.54,52.67,1.85,3.8,48.63,2.31,5.31,43.56,2.8,7.07,39.66,3.14,9.08,34.53,3.33,11.34,29.4,3.6,13.85,25.98,4.04,16.62,24.29,4.7,19.63,23.93,5.55,22.9,24.22,6.42,26.42,24.28,7.36,30.19,24.39,8.37,34.21,24.46,9.39,38.48,24.42,10.35,43.01,24.06,11.28,47.78,23.62,12.43,52.81,23.53,13.82,58.09,23.78,15.12,63.62,23.77
-1,4437,280,dos Santos-Filho et al. 2017,Ocurrencias,-58.57972222,-15.4475,Precise,Brasil,Neotropics,Atelidae,Ateles,Ateles chamek,Ateles_chamek ,Line transects,1,3,0,NA,0,2001,4.9,km,NA, ,Ateles chamek ,Ateles chamek,9.37,D,192,AR,Frugivore,NA,NA,38.5,1049.37,229,714.8,NA,1,NA,Polygyndry,Polygyndry, ,9Tropical and Subtropical Dry Broadleaf Forest,0.308312649,0.79,39.03,0.55,1.54,35.61,0.69,2.54,27.31,0.89,3.8,23.41,1.14,5.31,21.39,1.47,7.07,20.78,1.95,9.08,21.46,2.49,11.34,21.96,3.09,13.85,22.29,3.76,16.62,22.61,4.56,19.63,23.24,5.55,22.9,24.25,6.45,26.42,24.41,7.56,30.19,25.04,8.73,34.21,25.52,9.9,38.48,25.72,10.98,43.01,25.53,12.03,47.78,25.18,13,52.81,24.62,13.87,58.09,23.87,14.56,63.62,22.88
-1,4438,280,dos Santos-Filho et al. 2017,Ocurrencias,-58.59055556,-15.44277778,Precise,Brasil,Neotropics,Atelidae,Ateles,Ateles chamek,Ateles_chamek ,Line transects,1,7,4.55,Encounter rate,0,2001,15.4,km,NA, ,Ateles chamek ,Ateles chamek,9.37,D,192,AR,Frugivore,NA,NA,38.5,1049.37,229,714.8,NA,1,NA,Polygyndry,Polygyndry, ,9Tropical and Subtropical Dry Broadleaf Forest,0.31903429,0.79,40.38,0.6,1.54,38.69,1.04,2.54,41.11,1.71,3.8,44.88,2.47,5.31,46.43,3.07,7.07,43.45,3.51,9.08,38.68,4.02,11.34,35.44,4.47,13.85,32.28,4.97,16.62,29.92,5.67,19.63,28.9,6.36,22.9,27.75,7.42,26.42,28.1,8.48,30.19,28.08,9.56,34.21,27.94,10.69,38.48,27.78,11.84,43.01,27.53,13.15,47.78,27.53,14.46,52.81,27.39,15.89,58.09,27.35,17.32,63.62,27.22
-1,4439,280,dos Santos-Filho et al. 2017,Ocurrencias,-57.17805556,-15.58638889,Precise,Brasil,Neotropics,Atelidae,Ateles,Ateles chamek,Ateles_chamek ,Line transects,1,1,0,NA,0,2001,0, ,NA, ,Ateles chamek ,Ateles chamek,9.37,D,192,AR,Frugivore,NA,NA,38.5,1049.37,229,714.8,NA,1,NA,Polygyndry,Polygyndry, ,8Tropical and Subtropical Grasslands Savannas and Shrublands,0.746670977,0.79,94.52,1.39,1.54,90.28,2.17,2.54,85.43,3.05,3.8,80.24,4.14,5.31,77.96,5.42,7.07,76.63,7,9.08,77.06,8.67,11.34,76.46,10.49,13.85,75.74,12.59,16.62,75.77,15.03,19.63,76.57,17.72,22.9,77.37,20.63,26.42,78.08,23.74,30.19,78.62,27.22,34.21,79.56,30.91,38.48,80.34,34.58,43.01,80.41,38.33,47.78,80.23,41.99,52.81,79.52,45.32,58.09,78.03,48.7,63.62,76.54
-1,4440,280,dos Santos-Filho et al. 2017,Ocurrencias,-57.41833333,-14.62194444,Precise,Brasil,Neotropics,Atelidae,Ateles,Ateles chamek,Ateles_chamek ,Line transects,0,0,0,NA,0,2001,3.5,km,NA, ,Ateles chamek ,Ateles chamek,9.37,D,192,AR,Frugivore,NA,NA,38.5,1049.37,229,714.8,NA,1,NA,Polygyndry,Polygyndry, ,9Tropical and Subtropical Dry Broadleaf Forest,0.350684032,0.79,44.39,0.45,1.54,29.04,0.46,2.54,18.08,0.52,3.8,13.56,0.55,5.31,10.3,0.59,7.07,8.31,0.77,9.08,8.52,0.98,11.34,8.63,1.06,13.85,7.63,1.2,16.62,7.23,1.53,19.63,7.78,1.83,22.9,8,2.08,26.42,7.87,2.34,30.19,7.74,2.72,34.21,7.95,3.19,38.48,8.29,3.45,43.01,8.02,3.74,47.78,7.83,4.11,52.81,7.79,4.42,58.09,7.6,4.74,63.62,7.46
-1,4441,280,dos Santos-Filho et al. 2017,Ocurrencias,-57.44,-14.63777778,Precise,Brasil,Neotropics,Atelidae,Ateles,Ateles chamek,Ateles_chamek ,Line transects,0,0,0,NA,0,2001,2.1,km,NA, ,Ateles chamek ,Ateles chamek,9.37,D,192,AR,Frugivore,NA,NA,38.5,1049.37,229,714.8,NA,1,NA,Polygyndry,Polygyndry, ,9Tropical and Subtropical Dry Broadleaf Forest,0.132451152,0.79,16.77,0.13,1.54,8.6,0.19,2.54,7.39,0.22,3.8,5.82,0.25,5.31,4.69,0.27,7.07,3.89,0.31,9.08,3.4,0.38,11.34,3.39,0.52,13.85,3.79,0.62,16.62,3.72,0.88,19.63,4.48,1.23,22.9,5.37,1.55,26.42,5.88,2.05,30.19,6.8,2.47,34.21,7.22,2.87,38.48,7.46,3.27,43.01,7.61,3.64,47.78,7.63,4.12,52.81,7.81,4.56,58.09,7.85,5.15,63.62,8.09
-1,4442,280,dos Santos-Filho et al. 2017,Ocurrencias,-57.42666667,-14.66527778,Precise,Brasil,Neotropics,Atelidae,Ateles,Ateles chamek,Ateles_chamek ,Line transects,0,0,0,NA,0,2001,1.8,km,NA, ,Ateles chamek ,Ateles chamek,9.37,D,192,AR,Frugivore,NA,NA,38.5,1049.37,229,714.8,NA,1,NA,Polygyndry,Polygyndry, ,9Tropical and Subtropical Dry Broadleaf Forest,0.132034639,0.79,16.71,0.16,1.54,10.25,0.23,2.54,9.05,0.38,3.8,10.12,0.5,5.31,9.47,0.59,7.07,8.29,0.71,9.08,7.82,0.89,11.34,7.87,1.01,13.85,7.33,1.19,16.62,7.19,1.45,19.63,7.4,1.74,22.9,7.59,2.17,26.42,8.23,2.6,30.19,8.63,3.01,34.21,8.8,3.52,38.48,9.15,4.11,43.01,9.55,4.64,47.78,9.71,5.21,52.81,9.87,5.77,58.09,9.93,6.41,63.62,10.08
-1,4443,280,dos Santos-Filho et al. 2017,Ocurrencias,-57.43361111,-14.65944444,Precise,Brasil,Neotropics,Atelidae,Ateles,Ateles chamek,Ateles_chamek ,Line transects,0,0,0,NA,0,2001,2.7,km,NA, ,Ateles chamek ,Ateles chamek,9.37,D,192,AR,Frugivore,NA,NA,38.5,1049.37,229,714.8,NA,1,NA,Polygyndry,Polygyndry, ,9Tropical and Subtropical Dry Broadleaf Forest,0.067714909,0.79,8.57,0.07,1.54,4.72,0.08,2.54,3.04,0.14,3.8,3.74,0.2,5.31,3.78,0.32,7.07,4.59,0.44,9.08,4.9,0.65,11.34,5.73,1.05,13.85,7.58,1.53,16.62,9.23,1.94,19.63,9.86,2.18,22.9,9.54,2.41,26.42,9.12,2.68,30.19,8.87,3.03,34.21,8.85,3.3,38.48,8.59,3.59,43.01,8.34,3.89,47.78,8.15,4.23,52.81,8.01,4.6,58.09,7.93,5.22,63.62,8.2
-1,4444,280,dos Santos-Filho et al. 2017,Ocurrencias,-57.41555556,-14.66194444,Precise,Brasil,Neotropics,Atelidae,Ateles,Ateles chamek,Ateles_chamek ,Line transects,0,0,0,NA,0,2001,2.6,km,NA, ,Ateles chamek ,Ateles chamek,9.37,D,192,AR,Frugivore,NA,NA,38.5,1049.37,229,714.8,NA,1,NA,Polygyndry,Polygyndry, ,9Tropical and Subtropical Dry Broadleaf Forest,0.067667003,0.79,8.57,0.11,1.54,6.98,0.18,2.54,7.16,0.32,3.8,8.5,0.54,5.31,10.24,0.8,7.07,11.35,1.04,9.08,11.49,1.31,11.34,11.57,1.53,13.85,11.06,1.7,16.62,10.21,1.88,19.63,9.59,2.01,22.9,8.78,2.31,26.42,8.76,2.7,30.19,8.96,3.07,34.21,8.98,3.49,38.48,9.07,3.79,43.01,8.81,4.17,47.78,8.73,4.9,52.81,9.27,5.76,58.09,9.92,6.83,63.62,10.74
-1,4445,280,dos Santos-Filho et al. 2017,Ocurrencias,-57.42166667,-14.65666667,Precise,Brasil,Neotropics,Atelidae,Ateles,Ateles chamek,Ateles_chamek ,Line transects,0,0,0,NA,0,2001,2.3,km,NA, ,Ateles chamek ,Ateles chamek,9.37,D,192,AR,Frugivore,NA,NA,38.5,1049.37,229,714.8,NA,1,NA,Polygyndry,Polygyndry, ,9Tropical and Subtropical Dry Broadleaf Forest,0.051166956,0.79,6.48,0.17,1.54,11.05,0.35,2.54,13.79,0.49,3.8,12.77,0.62,5.31,11.66,0.73,7.07,10.35,0.9,9.08,9.87,1.12,11.34,9.88,1.33,13.85,9.63,1.51,16.62,9.08,1.66,19.63,8.47,1.89,22.9,8.24,2.12,26.42,8.02,2.46,30.19,8.16,2.8,34.21,8.19,3.35,38.48,8.71,3.98,43.01,9.26,4.55,47.78,9.53,5.01,52.81,9.49,5.44,58.09,9.36,5.86,63.62,9.22
-1,4446,280,dos Santos-Filho et al. 2017,Ocurrencias,-57.96305556,-15.59916667,Precise,Brasil,Neotropics,Atelidae,Ateles,Ateles chamek,Ateles_chamek ,Line transects,0,0,0,NA,0,2001,5.6,km,NA, ,Ateles chamek ,Ateles chamek,9.37,D,192,AR,Frugivore,NA,NA,38.5,1049.37,229,714.8,NA,1,NA,Polygyndry,Polygyndry, ,9Tropical and Subtropical Dry Broadleaf Forest,0.296467973,0.79,37.53,0.4,1.54,25.86,0.51,2.54,20.1,0.74,3.8,19.36,0.97,5.31,18.33,1.28,7.07,18.11,1.79,9.08,19.71,2.3,11.34,20.26,2.97,13.85,21.41,3.84,16.62,23.11,4.84,19.63,24.68,5.84,22.9,25.51,6.96,26.42,26.33,8.15,30.19,27.01,9.42,34.21,27.52,10.65,38.48,27.67,11.92,43.01,27.72,13.35,47.78,27.93,14.98,52.81,28.36,16.44,58.09,28.31,18.1,63.62,28.45
-1,4447,280,dos Santos-Filho et al. 2017,Ocurrencias,-57.96888889,-15.60916667,Precise,Brasil,Neotropics,Atelidae,Ateles,Ateles chamek,Ateles_chamek ,Line transects,0,0,0,NA,0,2001,6.1,km,NA, ,Ateles chamek ,Ateles chamek,9.37,D,192,AR,Frugivore,NA,NA,38.5,1049.37,229,714.8,NA,1,NA,Polygyndry,Polygyndry, ,9Tropical and Subtropical Dry Broadleaf Forest,0.347299361,0.79,43.96,0.45,1.54,29.45,0.73,2.54,28.7,1.22,3.8,32.13,1.82,5.31,34.29,2.42,7.07,34.2,2.93,9.08,32.24,3.37,11.34,29.69,3.9,13.85,28.13,4.51,16.62,27.12,5.39,19.63,27.46,6.37,22.9,27.83,7.38,26.42,27.94,8.62,30.19,28.57,9.89,34.21,28.92,11.08,38.48,28.79,12.46,43.01,28.97,13.85,47.78,28.98,15.39,52.81,29.14,17.05,58.09,29.36,18.76,63.62,29.48
-1,4448,280,dos Santos-Filho et al. 2017,Ocurrencias,-58.2148,-16.05374722,Precise,Brasil,Neotropics,Atelidae,Ateles,Ateles chamek,Ateles_chamek ,Line transects,1,1,0,NA,0,2001,0, ,NA, ,Ateles chamek ,Ateles chamek,9.37,D,192,AR,Frugivore,NA,NA,38.5,1049.37,229,714.8,NA,1,NA,Polygyndry,Polygyndry, ,8Tropical and Subtropical Grasslands Savannas and Shrublands,0.622271134,0.79,78.77,1.17,1.54,75.67,1.81,2.54,71.34,2.62,3.8,69.04,3.76,5.31,70.82,5.06,7.07,71.55,6.61,9.08,72.77,8.24,11.34,72.67,10.07,13.85,72.72,12.04,16.62,72.42,14.05,19.63,71.57,16.02,22.9,69.94,17.96,26.42,67.98,20.03,30.19,66.33,22,34.21,64.3,23.88,38.48,62.06,25.7,43.01,59.76,27.42,47.78,57.39,29.26,52.81,55.41,31.2,58.09,53.71,33.5,63.62,52.65
