OID,N,N_study,Source,BASE,X,Y,Precise,Country,Realm,Family,Genus,Taxon,Taxon_ITIS,Sample_met,Ocurrence,N_groups,Abundanc_1,Abundance,Density,Sample_yea,Sampling_e,Sampling_1,ID_Todo,TRAITS,Taxon_IT_1,ITIS_SPECI,BodyMass_k,DielActivi,HomeRange_,Locomotion,TrophicGui,Brain_size,Canine_Dim,MeanGroupS,Interbirth,Gestation,WeaningAge,MaxLongevi,LitterSz,AdultSexRa,Social_Sys,Mating_Sys,FOREST,BIOME,Buffer_500,Area500,FC_500,Buffer_700,Area700,FC_700,Buffer_900,Area900,FC_900,Buffer_110,Area1100,FC1100,Buffer_130,Area1300,FC_1300,Buffer_150,Area1500,FC_1500,Buffer_170,Area1700,FC_1700,Buffer_190,Area1900,FC_1900,Buffer_210,Area2100,FC_2100,Buffer_230,Area2300,FC_2300,Buffer_250,Area2500,FC_2500,Buffer_270,Area2700,FC_2700,Buffer_290,Area2900,FC_2900,Buffer_310,Area3100,FC_3100,Buffer_330,Area3300,FC_3300,Buffer_350,Area3500,FC_3500,Buffer_370,Area3700,F_Buffer_3,Buffer_390,Area_3900,FC_3900,Buffer_410,Area4100,FC_4100,Buffer_430,Area4300,FC_4300,Buffer_450,Area4500,FC_4500
-1,4504,1,Galan-Acedo et al,Ocurrencias,-90.77739444,16.0757,Precise,Mexico,Neotropics,Atelidae,Ateles,Ateles geoffroyi,Ateles_geoffroyi,Encounter rate (n ind/km walked),1,0,0.14,NA,0,2015,0, ,NA, ,Ateles geoffroyi,Ateles geoffroyi,7.54,D,388.0971429,AR,Frugivore,105.09,1.579,15,1048.15,232,816.35,327.6,1.01,NA,Polygyndry,Polygyndry, ,2Tropical_and_suptropical_moist_broadleaf_forest,0.512561801,0.79,64.88,0.94,1.54,61.04,1.47,2.54,57.96,2.01,3.8,52.82,NA,5.31,NA,NA,7.07,NA,4.34,9.08,47.82,5.52,11.34,48.68,6.97,13.85,50.3,8.4,16.62,50.52,9.91,19.63,50.47,11.5,22.9,50.24,13.29,26.42,50.31,15.21,30.19,50.4,17.36,34.21,50.75,19.87,38.48,51.64,22.5,43.01,52.32,25.28,47.78,52.92,28.3,52.81,53.58,31.53,58.09,54.27,35.04,63.62,55.07
-1,4505,1,Galan-Acedo et al,Ocurrencias,-90.84220556,16.24895278,Precise,Mexico,Neotropics,Atelidae,Ateles,Ateles geoffroyi,Ateles_geoffroyi,Encounter rate (n ind/km walked),1,0,2.24,NA,0,2015,0, ,NA, ,Ateles geoffroyi,Ateles geoffroyi,7.54,D,388.0971429,AR,Frugivore,105.09,1.579,15,1048.15,232,816.35,327.6,1.01,NA,Polygyndry,Polygyndry, ,2Tropical_and_suptropical_moist_broadleaf_forest,0.558114545,0.79,70.65,1.02,1.54,65.98,1.74,2.54,68.53,2.76,3.8,72.63,NA,5.31,NA,NA,7.07,NA,7.02,9.08,77.27,8.54,11.34,75.27,10.25,13.85,73.98,12.17,16.62,73.23,14.29,19.63,72.77,16.71,22.9,72.95,19.15,26.42,72.5,21.74,30.19,72,24.55,34.21,71.76,27.68,38.48,71.92,31.06,43.01,72.21,34.62,47.78,72.46,38.15,52.81,72.23,41.76,58.09,71.89,45.48,63.62,71.49
-1,4506,1,Galan-Acedo et al,Ocurrencias,-91.03942778,16.08659167,Precise,Mexico,Neotropics,Atelidae,Ateles,Ateles geoffroyi,Ateles_geoffroyi,Encounter rate (n ind/km walked),0,0,0,NA,0,2015,0, ,NA, ,Ateles geoffroyi,Ateles geoffroyi,7.54,D,388.0971429,AR,Frugivore,105.09,1.579,15,1048.15,232,816.35,327.6,1.01,NA,Polygyndry,Polygyndry, ,2Tropical_and_suptropical_moist_broadleaf_forest,0.360218701,0.79,45.6,0.85,1.54,55.42,1.46,2.54,57.49,2.23,3.8,58.62,NA,5.31,NA,NA,7.07,NA,5.89,9.08,64.91,7.56,11.34,66.67,9.45,13.85,68.25,11.51,16.62,69.27,13.5,19.63,68.79,15.71,22.9,68.59,17.93,26.42,67.87,20.37,30.19,67.46,23.06,34.21,67.4,26.13,38.48,67.91,29.46,43.01,68.49,32.97,47.78,69.01,36.71,52.81,69.52,40.66,58.09,69.99,44.81,63.62,70.44
-1,4507,1,Galan-Acedo et al,Ocurrencias,-90.858775,16.15901389,Precise,Mexico,Neotropics,Atelidae,Ateles,Ateles geoffroyi,Ateles_geoffroyi,Encounter rate (n ind/km walked),0,0,0,NA,0,2015,0, ,NA, ,Ateles geoffroyi,Ateles geoffroyi,7.54,D,388.0971429,AR,Frugivore,105.09,1.579,15,1048.15,232,816.35,327.6,1.01,NA,Polygyndry,Polygyndry, ,2Tropical_and_suptropical_moist_broadleaf_forest,0.545196942,0.79,69.01,0.95,1.54,61.66,1.45,2.54,56.98,2.02,3.8,53.21,NA,5.31,NA,NA,7.07,NA,4.74,9.08,52.2,5.93,11.34,52.28,7.33,13.85,52.96,9.3,16.62,55.95,11.2,19.63,57.08,13.22,22.9,57.73,15.79,26.42,59.77,18.54,30.19,61.41,21.52,34.21,62.92,24.57,38.48,63.84,27.62,43.01,64.21,31.07,47.78,65.02,34.81,52.81,65.92,38.67,58.09,66.58,42.75,63.62,67.19
-1,4508,1,Galan-Acedo et al,Ocurrencias,-90.90036111,16.15388333,Precise,Mexico,Neotropics,Atelidae,Ateles,Ateles geoffroyi,Ateles_geoffroyi,Encounter rate (n ind/km walked),0,0,0,NA,0,2015,0, ,NA, ,Ateles geoffroyi,Ateles geoffroyi,7.54,D,388.0971429,AR,Frugivore,105.09,1.579,15,1048.15,232,816.35,327.6,1.01,NA,Polygyndry,Polygyndry, ,2Tropical_and_suptropical_moist_broadleaf_forest,0.484055807,0.79,61.27,1.03,1.54,66.7,1.8,2.54,70.89,2.8,3.8,73.72,NA,5.31,NA,NA,7.07,NA,7.12,9.08,78.42,8.92,11.34,78.7,10.94,13.85,78.96,13.03,16.62,78.4,15.36,19.63,78.27,17.97,22.9,78.46,20.73,26.42,78.47,23.75,30.19,78.65,26.89,34.21,78.61,30.25,38.48,78.61,33.99,43.01,79.03,37.82,47.78,79.16,41.91,52.81,79.35,46.25,58.09,79.63,50.79,63.62,79.84
-1,4509,1,Galan-Acedo et al,Ocurrencias,-90.87945,16.17861389,Precise,Mexico,Neotropics,Atelidae,Ateles,Ateles geoffroyi,Ateles_geoffroyi,Encounter rate (n ind/km walked),1,0,0.2,NA,0,2015,0, ,NA, ,Ateles geoffroyi,Ateles geoffroyi,7.54,D,388.0971429,AR,Frugivore,105.09,1.579,15,1048.15,232,816.35,327.6,1.01,NA,Polygyndry,Polygyndry, ,2Tropical_and_suptropical_moist_broadleaf_forest,0.553161848,0.79,70.02,1.03,1.54,66.63,1.66,2.54,65.51,2.5,3.8,65.81,NA,5.31,NA,NA,7.07,NA,6.14,9.08,67.65,7.55,11.34,66.6,9.06,13.85,65.38,10.63,16.62,63.94,12.06,19.63,61.45,13.88,22.9,60.6,16,26.42,60.56,18.45,30.19,61.1,21.31,34.21,62.3,24.37,38.48,63.34,27.75,43.01,64.52,31.44,47.78,65.79,35.09,52.81,66.44,38.9,58.09,66.97,42.9,63.62,67.43
-1,4510,1,Galan-Acedo et al,Ocurrencias,-91.07365,16.07850833,Precise,Mexico,Neotropics,Atelidae,Ateles,Ateles geoffroyi,Ateles_geoffroyi,Encounter rate (n ind/km walked),0,0,0,NA,0,2015,0, ,NA, ,Ateles geoffroyi,Ateles geoffroyi,7.54,D,388.0971429,AR,Frugivore,105.09,1.579,15,1048.15,232,816.35,327.6,1.01,NA,Polygyndry,Polygyndry, ,2Tropical_and_suptropical_moist_broadleaf_forest,0.395692281,0.79,50.09,0.77,1.54,50.18,1.33,2.54,52.54,1.98,3.8,52.08,NA,5.31,NA,NA,7.07,NA,5.23,9.08,57.56,6.79,11.34,59.89,8.52,13.85,61.54,10.4,16.62,62.57,12.37,19.63,63.01,14.6,22.9,63.75,16.77,26.42,63.46,18.95,30.19,62.78,21.49,34.21,62.82,24.53,38.48,63.75,27.58,43.01,64.13,30.84,47.78,64.54,34.54,52.81,65.4,38.23,58.09,65.81,41.97,63.62,65.97
-1,4511,1,Galan-Acedo et al,Ocurrencias,-90.8408,16.08785556,Precise,Mexico,Neotropics,Atelidae,Ateles,Ateles geoffroyi,Ateles_geoffroyi,Encounter rate (n ind/km walked),0,0,0,NA,0,2015,0, ,NA, ,Ateles geoffroyi,Ateles geoffroyi,7.54,D,388.0971429,AR,Frugivore,105.09,1.579,15,1048.15,232,816.35,327.6,1.01,NA,Polygyndry,Polygyndry, ,2Tropical_and_suptropical_moist_broadleaf_forest,0.565419802,0.79,71.57,1.04,1.54,67.25,1.54,2.54,60.71,2.2,3.8,57.83,NA,5.31,NA,NA,7.07,NA,4.74,9.08,52.18,5.6,11.34,49.4,6.76,13.85,48.78,8.24,16.62,49.58,9.67,19.63,49.24,11.3,22.9,49.33,13.07,26.42,49.47,14.95,30.19,49.52,17.17,34.21,50.18,19.89,38.48,51.69,23.08,43.01,53.66,26.52,47.78,55.5,30.23,52.81,57.24,33.99,58.09,58.51,37.72,63.62,59.29
-1,4512,1,Galan-Acedo et al,Ocurrencias,-90.72623611,16.24026389,Precise,Mexico,Neotropics,Atelidae,Ateles,Ateles geoffroyi,Ateles_geoffroyi,Encounter rate (n ind/km walked),1,0,0.42,NA,0,2015,0, ,NA, ,Ateles geoffroyi,Ateles geoffroyi,7.54,D,388.0971429,AR,Frugivore,105.09,1.579,15,1048.15,232,816.35,327.6,1.01,NA,Polygyndry,Polygyndry, ,2Tropical_and_suptropical_moist_broadleaf_forest,0.575076048,0.79,72.79,0.91,1.54,59.14,1.35,2.54,53.33,1.93,3.8,50.92,NA,5.31,NA,NA,7.07,NA,4.3,9.08,47.39,5.36,11.34,47.23,6.51,13.85,47,7.92,16.62,47.66,9.62,19.63,48.99,11.53,22.9,50.36,13.51,26.42,51.13,15.54,30.19,51.48,17.75,34.21,51.89,20.22,38.48,52.53,22.7,43.01,52.78,25.42,47.78,53.19,28.49,52.81,53.94,32.14,58.09,55.32,35.78,63.62,56.25
-1,4513,1,Galan-Acedo et al,Ocurrencias,-90.964225,16.08703889,Precise,Mexico,Neotropics,Atelidae,Ateles,Ateles geoffroyi,Ateles_geoffroyi,Encounter rate (n ind/km walked),0,0,0,NA,0,2015,0, ,NA, ,Ateles geoffroyi,Ateles geoffroyi,7.54,D,388.0971429,AR,Frugivore,105.09,1.579,15,1048.15,232,816.35,327.6,1.01,NA,Polygyndry,Polygyndry, ,2Tropical_and_suptropical_moist_broadleaf_forest,0.507442959,0.79,64.23,0.97,1.54,62.92,1.48,2.54,58.4,2.19,3.8,57.51,NA,5.31,NA,NA,7.07,NA,5.45,9.08,60.04,6.88,11.34,60.66,8.56,13.85,61.78,10.55,16.62,63.47,12.66,19.63,64.47,15.24,22.9,66.54,17.69,26.42,66.95,20.16,30.19,66.79,23.11,34.21,67.56,26.35,38.48,68.47,29.7,43.01,69.05,33.36,47.78,69.82,37.12,52.81,70.28,41.22,58.09,70.96,45.67,63.62,71.78
-1,4514,1,Galan-Acedo et al,Ocurrencias,-90.97220278,16.10684444,Precise,Mexico,Neotropics,Atelidae,Ateles,Ateles geoffroyi,Ateles_geoffroyi,Encounter rate (n ind/km walked),1,0,1.08,NA,0,2015,0, ,NA, ,Ateles geoffroyi,Ateles geoffroyi,7.54,D,388.0971429,AR,Frugivore,105.09,1.579,15,1048.15,232,816.35,327.6,1.01,NA,Polygyndry,Polygyndry, ,2Tropical_and_suptropical_moist_broadleaf_forest,0.773191708,0.79,97.87,1.48,1.54,96.25,2.31,2.54,91.12,3.42,3.8,90.09,NA,5.31,NA,NA,7.07,NA,7.71,9.08,84.94,9.34,11.34,82.36,11.25,13.85,81.22,13.42,16.62,80.76,15.81,19.63,80.54,18.37,22.9,80.22,20.95,26.42,79.29,23.89,30.19,79.12,26.9,34.21,78.63,30.25,38.48,78.61,33.97,43.01,78.99,38.01,47.78,79.55,42.28,52.81,80.07,46.69,58.09,80.37,51.2,63.62,80.47
-1,4515,1,Galan-Acedo et al,Ocurrencias,-90.77055,16.29564444,Precise,Mexico,Neotropics,Atelidae,Ateles,Ateles geoffroyi,Ateles_geoffroyi,Encounter rate (n ind/km walked),1,0,0.95,NA,0,2015,0, ,NA, ,Ateles geoffroyi,Ateles geoffroyi,7.54,D,388.0971429,AR,Frugivore,105.09,1.579,15,1048.15,232,816.35,327.6,1.01,NA,Polygyndry,Polygyndry, ,2Tropical_and_suptropical_moist_broadleaf_forest,0.562196261,0.79,71.16,1,1.54,64.92,1.37,2.54,53.96,1.9,3.8,49.99,NA,5.31,NA,NA,7.07,NA,4.18,9.08,46.07,5.4,11.34,47.62,6.66,13.85,48.06,8.11,16.62,48.82,9.87,19.63,50.27,11.6,22.9,50.68,13.34,26.42,50.48,14.99,30.19,49.65,16.87,34.21,49.3,18.96,38.48,49.27,21.25,43.01,49.4,23.59,47.78,49.38,25.87,52.81,48.98,28.3,58.09,48.72,30.79,63.62,48.4
-1,4516,1,Galan-Acedo et al,Ocurrencias,-94.77685099,17.26731193,Precise,Mexico,Neotropics,Atelidae,Ateles,Ateles geoffroyi,Ateles_geoffroyi,Encounter rate (n ind/km walked),1,0,2.08,NA,0,2016,0, ,NA, ,Ateles geoffroyi,Ateles geoffroyi,7.54,D,388.0971429,AR,Frugivore,105.09,1.579,15,1048.15,232,816.35,327.6,1.01,NA,Polygyndry,Polygyndry, ,2Tropical_and_suptropical_moist_broadleaf_forest,0.769266172,0.79,97.38,1.5,1.54,97.54,2.49,2.54,98.12,3.73,3.8,98.15,NA,5.31,NA,6.88,7.07,97.35,8.6,9.08,94.67,10.3,11.34,90.83,12.18,13.85,87.95,14.05,16.62,84.56,15.95,19.63,81.27,17.97,22.9,78.47,19.73,26.42,74.67,21.55,30.19,71.38,23.39,34.21,68.37,25.32,38.48,65.81,27.45,43.01,63.82,29.74,47.78,62.24,32.23,52.81,61.02,35.15,58.09,60.5,38.06,63.62,59.83
-1,4517,1,Galan-Acedo et al,Ocurrencias,-94.768741,17.23660504,Precise,Mexico,Neotropics,Atelidae,Ateles,Ateles geoffroyi,Ateles_geoffroyi,Encounter rate (n ind/km walked),1,0,1.24,NA,0,2016,0, ,NA, ,Ateles geoffroyi,Ateles geoffroyi,7.54,D,388.0971429,AR,Frugivore,105.09,1.579,15,1048.15,232,816.35,327.6,1.01,NA,Polygyndry,Polygyndry, ,2Tropical_and_suptropical_moist_broadleaf_forest,0.688199459,0.79,87.11,1.34,1.54,86.9,2.14,2.54,84.08,3.13,3.8,82.29,NA,5.31,NA,5.66,7.07,80.1,7.08,9.08,77.97,8.6,11.34,75.81,10.37,13.85,74.9,12.39,16.62,74.53,14.5,19.63,73.86,16.85,22.9,73.56,19.39,26.42,73.41,22.13,30.19,73.29,24.98,34.21,73.03,28.08,38.48,72.97,31.43,43.01,73.07,34.99,47.78,73.22,38.46,52.81,72.82,42.18,58.09,72.61,46.03,63.62,72.36
-1,4518,1,Galan-Acedo et al,Ocurrencias,-94.53004094,17.31949196,Precise,Mexico,Neotropics,Atelidae,Ateles,Ateles geoffroyi,Ateles_geoffroyi,Encounter rate (n ind/km walked),1,0,0.91,NA,0,2016,0, ,NA, ,Ateles geoffroyi,Ateles geoffroyi,7.54,D,388.0971429,AR,Frugivore,105.09,1.579,15,1048.15,232,816.35,327.6,1.01,NA,Polygyndry,Polygyndry, ,2Tropical_and_suptropical_moist_broadleaf_forest,0.559621353,0.79,70.84,1.07,1.54,69.74,1.86,2.54,73.12,2.93,3.8,77.21,NA,5.31,NA,5.86,7.07,82.84,7.67,9.08,84.46,9.73,11.34,85.83,11.87,13.85,85.71,14.13,16.62,85.02,16.62,19.63,84.66,19.33,22.9,84.42,22.43,26.42,84.89,25.62,30.19,84.86,28.97,34.21,84.69,32.21,38.48,83.7,35.57,43.01,82.7,39.12,47.78,81.88,43.21,52.81,81.83,47.36,58.09,81.52,51.7,63.62,81.26
-1,4519,1,Galan-Acedo et al,Ocurrencias,-94.62004603,17.28897197,Precise,Mexico,Neotropics,Atelidae,Ateles,Ateles geoffroyi,Ateles_geoffroyi,Encounter rate (n ind/km walked),1,0,0.79,NA,0,2016,0, ,NA, ,Ateles geoffroyi,Ateles geoffroyi,7.54,D,388.0971429,AR,Frugivore,105.09,1.579,15,1048.15,232,816.35,327.6,1.01,NA,Polygyndry,Polygyndry, ,2Tropical_and_suptropical_moist_broadleaf_forest,0.643263742,0.79,81.43,1.23,1.54,79.88,2.03,2.54,79.91,2.98,3.8,78.36,NA,5.31,NA,5.26,7.07,74.45,6.62,9.08,72.9,8.24,11.34,72.68,10.14,13.85,73.18,12.24,16.62,73.67,14.68,19.63,74.76,17.51,22.9,76.45,20.42,26.42,77.3,23.44,30.19,77.65,26.51,34.21,77.5,29.72,38.48,77.24,33.33,43.01,77.49,37.06,47.78,77.56,40.98,52.81,77.6,45.19,58.09,77.8,49.73,63.62,78.17
-1,4520,1,Galan-Acedo et al,Ocurrencias,-94.43426702,17.31874301,Precise,Mexico,Neotropics,Atelidae,Ateles,Ateles geoffroyi,Ateles_geoffroyi,Encounter rate (n ind/km walked),1,0,0.26,NA,0,2016,0, ,NA, ,Ateles geoffroyi,Ateles geoffroyi,7.54,D,388.0971429,AR,Frugivore,105.09,1.579,15,1048.15,232,816.35,327.6,1.01,NA,Polygyndry,Polygyndry, ,2Tropical_and_suptropical_moist_broadleaf_forest,0.663968543,0.79,84.05,1.3,1.54,84.22,2.17,2.54,85.61,3.22,3.8,84.74,NA,5.31,NA,5.96,7.07,84.23,7.67,9.08,84.46,9.48,11.34,83.57,11.45,13.85,82.7,13.71,16.62,82.51,16.19,19.63,82.49,18.72,22.9,81.73,21.35,26.42,80.8,24.14,30.19,79.96,27.22,34.21,79.56,30.4,38.48,79,33.85,43.01,78.7,37.52,47.78,78.52,41.42,52.81,78.43,45.46,58.09,78.26,49.52,63.62,77.84
-1,4521,1,Galan-Acedo et al,Ocurrencias,-94.64547994,17.25437495,Precise,Mexico,Neotropics,Atelidae,Ateles,Ateles geoffroyi,Ateles_geoffroyi,Encounter rate (n ind/km walked),0,0,0,NA,0,2016,0, ,NA, ,Ateles geoffroyi,Ateles geoffroyi,7.54,D,388.0971429,AR,Frugivore,105.09,1.579,15,1048.15,232,816.35,327.6,1.01,NA,Polygyndry,Polygyndry, ,2Tropical_and_suptropical_moist_broadleaf_forest,0.602531897,0.79,76.27,1.24,1.54,80.52,2.04,2.54,80.42,3.03,3.8,79.71,NA,5.31,NA,5.62,7.07,79.43,7.25,9.08,79.8,9.14,11.34,80.6,11.19,13.85,80.83,13.48,16.62,81.12,15.92,19.63,81.1,18.48,22.9,80.68,21.34,26.42,80.77,24.49,30.19,81.12,27.86,34.21,81.44,31.28,38.48,81.28,34.76,43.01,80.81,38.44,47.78,80.45,42.37,52.81,80.24,46.48,58.09,80.01,50.57,63.62,79.49
-1,4522,1,Galan-Acedo et al,Ocurrencias,-94.790177,17.174229,Precise,Mexico,Neotropics,Atelidae,Ateles,Ateles geoffroyi,Ateles_geoffroyi,Encounter rate (n ind/km walked),0,0,0,NA,0,2016,0, ,NA, ,Ateles geoffroyi,Ateles geoffroyi,7.54,D,388.0971429,AR,Frugivore,105.09,1.579,15,1048.15,232,816.35,327.6,1.01,NA,Polygyndry,Polygyndry, ,2Tropical_and_suptropical_moist_broadleaf_forest,0.393355825,0.79,49.79,0.66,1.54,42.7,1.17,2.54,46.02,1.87,3.8,49.26,NA,5.31,NA,3.69,7.07,52.17,4.73,9.08,52.04,5.92,11.34,52.17,7.22,13.85,52.14,8.84,16.62,53.16,10.61,19.63,54.06,12.55,22.9,54.82,14.7,26.42,55.65,17.08,30.19,56.59,19.78,34.21,57.81,22.63,38.48,58.8,25.66,43.01,59.66,28.75,47.78,60.17,32.05,52.81,60.68,35.55,58.09,61.2,39.01,63.62,61.32
-1,4523,1,Galan-Acedo et al,Ocurrencias,-94.48370401,17.32795001,Precise,Mexico,Neotropics,Atelidae,Ateles,Ateles geoffroyi,Ateles_geoffroyi,Encounter rate (n ind/km walked),0,0,0,NA,0,2016,0, ,NA, ,Ateles geoffroyi,Ateles geoffroyi,7.54,D,388.0971429,AR,Frugivore,105.09,1.579,15,1048.15,232,816.35,327.6,1.01,NA,Polygyndry,Polygyndry, ,2Tropical_and_suptropical_moist_broadleaf_forest,0.618919913,0.79,78.34,1.15,1.54,74.63,1.93,2.54,75.88,2.76,3.8,72.76,NA,5.31,NA,5.14,7.07,72.76,6.7,9.08,73.82,8.44,11.34,74.45,10.28,13.85,74.25,12.24,16.62,73.62,14.07,19.63,71.67,16.25,22.9,70.94,18.68,26.42,70.72,21.5,30.19,71.22,24.55,34.21,71.77,27.58,38.48,71.67,30.87,43.01,71.76,34.68,47.78,72.59,38.64,52.81,73.17,42.8,58.09,73.67,47.03,63.62,73.92
-1,4524,1,Galan-Acedo et al,Ocurrencias,-94.44963701,17.36438694,Precise,Mexico,Neotropics,Atelidae,Ateles,Ateles geoffroyi,Ateles_geoffroyi,Encounter rate (n ind/km walked),0,0,0,NA,0,2016,0, ,NA, ,Ateles geoffroyi,Ateles geoffroyi,7.54,D,388.0971429,AR,Frugivore,105.09,1.579,15,1048.15,232,816.35,327.6,1.01,NA,Polygyndry,Polygyndry, ,2Tropical_and_suptropical_moist_broadleaf_forest,0.692917875,0.79,87.71,1.18,1.54,76.91,1.9,2.54,74.7,2.78,3.8,73.15,NA,5.31,NA,5.38,7.07,76.1,7.02,9.08,77.3,8.82,11.34,77.77,10.86,13.85,78.44,13.1,16.62,78.83,15.54,19.63,79.18,18.06,22.9,78.86,20.76,26.42,78.59,23.86,30.19,79.02,27.26,34.21,79.68,30.67,38.48,79.7,34.3,43.01,79.76,38.17,47.78,79.89,42.01,52.81,79.55,45.94,58.09,79.09,50.06,63.62,78.68
-1,4525,1,Galan-Acedo et al,Ocurrencias,-94.4815,17.2327,Precise,Mexico,Neotropics,Atelidae,Ateles,Ateles geoffroyi,Ateles_geoffroyi,Encounter rate (n ind/km walked),0,0,0,NA,0,2016,0, ,NA, ,Ateles geoffroyi,Ateles geoffroyi,7.54,D,388.0971429,AR,Frugivore,105.09,1.579,15,1048.15,232,816.35,327.6,1.01,NA,Polygyndry,Polygyndry, ,2Tropical_and_suptropical_moist_broadleaf_forest,0.763127965,0.79,96.6,1.48,1.54,96.11,2.43,2.54,95.71,3.61,3.8,95.05,NA,5.31,NA,6.6,7.07,93.29,8.39,9.08,92.44,10.38,11.34,91.55,12.59,13.85,90.87,14.99,16.62,90.21,17.61,19.63,89.7,20.46,22.9,89.34,23.66,26.42,89.56,27,30.19,89.43,30.6,34.21,89.44,34.45,38.48,89.52,38.4,43.01,89.28,42.51,47.78,88.96,46.68,52.81,88.39,51.06,58.09,87.89,55.69,63.62,87.54
-1,4526,1,Galan-Acedo et al,Ocurrencias,-94.6392,17.1931,Precise,Mexico,Neotropics,Atelidae,Ateles,Ateles geoffroyi,Ateles_geoffroyi,Encounter rate (n ind/km walked),0,0,0,NA,0,2016,0, ,NA, ,Ateles geoffroyi,Ateles geoffroyi,7.54,D,388.0971429,AR,Frugivore,105.09,1.579,15,1048.15,232,816.35,327.6,1.01,NA,Polygyndry,Polygyndry, ,2Tropical_and_suptropical_moist_broadleaf_forest,0.691035182,0.79,87.47,1.26,1.54,82.01,1.86,2.54,73.26,2.68,3.8,70.55,NA,5.31,NA,5.13,7.07,72.53,6.68,9.08,73.58,8.38,11.34,73.87,10.28,13.85,74.21,12.31,16.62,74.06,14.51,19.63,73.92,16.92,22.9,73.88,19.52,26.42,73.87,22.48,30.19,74.46,25.77,34.21,75.34,28.83,38.48,74.92,32.36,43.01,75.24,36.19,47.78,75.74,40.26,52.81,76.24,44.2,58.09,76.1,48.43,63.62,76.12
-1,4527,1,Galan-Acedo et al,Ocurrencias,-94.4922,17.277904,Precise,Mexico,Neotropics,Atelidae,Ateles,Ateles geoffroyi,Ateles_geoffroyi,Encounter rate (n ind/km walked),0,0,0,NA,0,2017,0, ,NA, ,Ateles geoffroyi,Ateles geoffroyi,7.54,D,388.0971429,AR,Frugivore,105.09,1.579,15,1048.15,232,816.35,327.6,1.01,NA,Polygyndry,Polygyndry, ,2Tropical_and_suptropical_moist_broadleaf_forest,0.687415043,0.79,87.01,1.29,1.54,83.71,2.1,2.54,82.55,3.11,3.8,81.76,NA,5.31,NA,5.43,7.07,76.84,6.75,9.08,74.39,8.15,11.34,71.89,9.83,13.85,70.96,11.65,16.62,70.11,13.5,19.63,68.79,15.67,22.9,68.43,18.02,26.42,68.22,20.59,30.19,68.22,23.71,34.21,69.32,26.89,38.48,69.89,30.13,43.01,70.05,33.49,47.78,70.09,37.19,52.81,70.42,41.07,58.09,70.7,45.01,63.62,70.75
