OID,N,N_study,Source,BASE,X,Y,Precise,Country,Realm,Family,Genus,Taxon,Taxon_ITIS,Sample_met,Ocurrence,N_groups,Abundanc_1,Abundance,Density,Sample_yea,Sampling_e,Sampling_1,ID_Todo,TRAITS,Taxon_IT_1,ITIS_SPECI,BodyMass_k,DielActivi,HomeRange_,Locomotion,TrophicGui,Brain_size,Canine_Dim,MeanGroupS,Interbirth,Gestation,WeaningAge,MaxLongevi,LitterSz,AdultSexRa,Social_Sys,Mating_Sys,FOREST,BIOME,Buffer_500,Area500,FC_500,Buffer_700,Area700,FC_700,Buffer_900,Area900,FC_900,Buffer_110,Area1100,FC1100,Buffer_130,Area1300,FC_1300,Buffer_150,Area1500,FC_1500,Buffer_170,Area1700,FC_1700,Buffer_190,Area1900,FC_1900,Buffer_210,Area2100,FC_2100,Buffer_230,Area2300,FC_2300,Buffer_250,Area2500,FC_2500,Buffer_270,Area2700,FC_2700,Buffer_290,Area2900,FC_2900,Buffer_310,Area3100,FC_3100,Buffer_330,Area3300,FC_3300,Buffer_350,Area3500,FC_3500,Buffer_370,Area3700,F_Buffer_3,Buffer_390,Area_3900,FC_3900,Buffer_410,Area4100,FC_4100,Buffer_430,Area4300,FC_4300,Buffer_450,Area4500,FC_4500
-1,4528,9,Rangel-NegrÃ­n et al. 2014,Richness,-89.85803333,18.31674444,Precise,Mexico,Neotropics,Atelidae,Ateles,Ateles geoffroyi,Ateles_geoffroyi,NI. Total count?,1,NI, , ,0,2006,0, ,NA, ,Ateles geoffroyi,Ateles geoffroyi,7.54,D,388.0971429,AR,Frugivore,105.09,1.579,15,1048.15,232,816.35,327.6,1.01,NA,Polygyndry,Polygyndry, ,2Tropical_and_suptropical_moist_broadleaf_forest,0.773491595,0.79,97.91,1.52,1.54,98.44,2.51,2.54,98.67,3.74,3.8,98.5,5.22,5.31,98.4,NA,7.07,NA,8.94,9.08,98.43,11.17,11.34,98.46,13.64,13.85,98.49,16.36,16.62,98.46,19.33,19.63,98.49,22.55,22.9,98.48,26.02,26.42,98.47,29.73,30.19,98.47,33.69,34.21,98.48,37.9,38.48,98.49,42.35,43.01,98.47,47.06,47.78,98.49,52.01,52.81,98.48,57.21,58.09,98.48,62.65,63.62,98.48
-1,4529,9,Rangel-NegrÃ­n et al. 2014,Richness,-90.89386111,18.90180556,Precise,Mexico,Neotropics,Atelidae,Ateles,Ateles geoffroyi,Ateles_geoffroyi,NI. Total count?,0,NI, , ,0,2006,0, ,NA, ,Ateles geoffroyi,Ateles geoffroyi,7.54,D,388.0971429,AR,Frugivore,105.09,1.579,15,1048.15,232,816.35,327.6,1.01,NA,Polygyndry,Polygyndry, ,2Tropical_and_suptropical_moist_broadleaf_forest,0.577243252,0.79,73.07,0.92,1.54,60.01,1.37,2.54,53.82,2.16,3.8,56.8,3.14,5.31,59.2,NA,7.07,NA,5.75,9.08,63.27,7.3,11.34,64.35,9.16,13.85,66.11,11.16,16.62,67.15,13,19.63,66.24,15.04,22.9,65.67,17.51,26.42,66.26,19.97,30.19,66.15,22.65,34.21,66.21,25.56,38.48,66.43,28.7,43.01,66.73,31.94,47.78,66.85,35.48,52.81,67.18,39.17,58.09,67.43,43.05,63.62,67.66
-1,4530,9,Rangel-NegrÃ­n et al. 2014,Richness,-90.93706944,18.78101667,Precise,Mexico,Neotropics,Atelidae,Ateles,Ateles geoffroyi,Ateles_geoffroyi,NI. Total count?,0,NI, , ,0,2006,0, ,NA, ,Ateles geoffroyi,Ateles geoffroyi,7.54,D,388.0971429,AR,Frugivore,105.09,1.579,15,1048.15,232,816.35,327.6,1.01,NA,Polygyndry,Polygyndry, ,2Tropical_and_suptropical_moist_broadleaf_forest,0.390435245,0.79,49.42,0.81,1.54,52.5,1.48,2.54,58.41,2.32,3.8,61,3.17,5.31,59.79,NA,7.07,NA,4.76,9.08,52.41,5.64,11.34,49.77,6.73,13.85,48.59,8.11,16.62,48.82,9.6,19.63,48.91,11.26,22.9,49.18,13.02,26.42,49.29,15.2,30.19,50.35,17.71,34.21,51.76,20.54,38.48,53.37,23.41,43.01,54.43,26.29,47.78,55.01,29.18,52.81,55.26,32.3,58.09,55.6,35.48,63.62,55.77
-1,4531,9,Rangel-NegrÃ­n et al. 2014,Richness,-90.98183611,18.81262222,Precise,Mexico,Neotropics,Atelidae,Ateles,Ateles geoffroyi,Ateles_geoffroyi,NI. Total count?,0,NI, , ,0,2006,0, ,NA, ,Ateles geoffroyi,Ateles geoffroyi,7.54,D,388.0971429,AR,Frugivore,105.09,1.579,15,1048.15,232,816.35,327.6,1.01,NA,Polygyndry,Polygyndry, ,2Tropical_and_suptropical_moist_broadleaf_forest,0.624994115,0.79,79.11,1.12,1.54,72.78,1.8,2.54,70.77,2.6,3.8,68.45,3.48,5.31,65.57,NA,7.07,NA,5.18,9.08,57.01,6.11,11.34,53.84,7.31,13.85,52.75,8.74,16.62,52.57,10.26,19.63,52.24,11.93,22.9,52.11,13.67,26.42,51.75,15.78,30.19,52.26,18.11,34.21,52.95,20.57,38.48,53.46,23.11,43.01,53.74,25.81,47.78,54.02,28.61,52.81,54.18,31.61,58.09,54.41,35.16,63.62,55.26
-1,4532,9,Rangel-NegrÃ­n et al. 2014,Richness,-91.31158333,18.85427222,Precise,Mexico,Neotropics,Atelidae,Ateles,Ateles geoffroyi,Ateles_geoffroyi,NI. Total count?,1,NI, , ,0,2006,0, ,NA, ,Ateles geoffroyi,Ateles geoffroyi,7.54,D,388.0971429,AR,Frugivore,105.09,1.579,15,1048.15,232,816.35,327.6,1.01,NA,Polygyndry,Polygyndry, ,7Mangroves,0.715342155,0.79,90.55,1.36,1.54,88.08,2.21,2.54,87.06,3.11,3.8,81.77,4.01,5.31,75.49,4.96,7.07,70.16,6.05,9.08,66.63,7.31,11.34,64.46,8.76,13.85,63.23,10.32,16.62,62.08,11.89,19.63,60.58,13.48,22.9,58.87,15.14,26.42,57.29,16.96,30.19,56.17,18.73,34.21,54.74,20.39,38.48,53,22.19,43.01,51.59,23.99,47.78,50.2,25.64,52.81,48.55,27.45,58.09,47.26,28.92,63.62,45.46
