OID,N,N_study,Source,BASE,X,Y,Precise,Country,Realm,Family,Genus,Taxon,Taxon_ITIS,Sample_met,Ocurrence,N_groups,Abundanc_1,Abundance,Density,Sample_yea,Sampling_e,Sampling_1,ID_Todo,TRAITS,Taxon_IT_1,ITIS_SPECI,BodyMass_k,DielActivi,HomeRange_,Locomotion,TrophicGui,Brain_size,Canine_Dim,MeanGroupS,Interbirth,Gestation,WeaningAge,MaxLongevi,LitterSz,AdultSexRa,Social_Sys,Mating_Sys,FOREST,BIOME,Buffer_500,Area500,FC_500,Buffer_700,Area700,FC_700,Buffer_900,Area900,FC_900,Buffer_110,Area1100,FC1100,Buffer_130,Area1300,FC_1300,Buffer_150,Area1500,FC_1500,Buffer_170,Area1700,FC_1700,Buffer_190,Area1900,FC_1900,Buffer_210,Area2100,FC_2100,Buffer_230,Area2300,FC_2300,Buffer_250,Area2500,FC_2500,Buffer_270,Area2700,FC_2700,Buffer_290,Area2900,FC_2900,Buffer_310,Area3100,FC_3100,Buffer_330,Area3300,FC_3300,Buffer_350,Area3500,FC_3500,Buffer_370,Area3700,F_Buffer_3,Buffer_390,Area_3900,FC_3900,Buffer_410,Area4100,FC_4100,Buffer_430,Area4300,FC_4300,Buffer_450,Area4500,FC_4500
-1,5120,174,Tabacow et al. 2009,Ocurrencias,-41.82305556,-19.765,Precise,Brazil,Neotropics,Atelidae,Brachyteles,Brachyteles hypoxanthus,Brachyteles_hypoxanthus ,Visual,1,0,0,NA,0,2005,0, ,NA, ,Brachyteles hypoxanthus ,Brachyteles hypoxanthus,9,D,238.5,AR,Folivore_frugivore,NA,NA,48.1,1116.59,216.4,NA,360,NA,NA,Polygyndry,Polygyndry, ,2Tropical_and_suptropical_moist_broadleaf_forest,0.507262225,0.79,64.21,0.95,1.54,61.41,1.43,2.54,56.3,1.74,3.8,45.86,2.15,5.31,40.42,NA,7.07,NA,3.26,9.08,35.86,4.07,11.34,35.89,5.12,13.85,36.99,6.37,16.62,38.35,7.94,19.63,40.47,9.56,22.9,41.76,11.37,26.42,43.05,13.34,30.19,44.19,15.35,34.21,44.86,17.16,38.48,44.6,19.36,43.01,45.02,21.83,47.78,45.69,24.11,52.81,45.65,26.17,58.09,45.05,28.16,63.62,44.26
-1,5121,174,Tabacow et al. 2009,Ocurrencias,-41.80194444,-19.7575,Precise,Brazil,Neotropics,Atelidae,Brachyteles,Brachyteles hypoxanthus,Brachyteles_hypoxanthus ,Visual,1,0,0,NA,0,2005,0, ,NA, ,Brachyteles hypoxanthus ,Brachyteles hypoxanthus,9,D,238.5,AR,Folivore_frugivore,NA,NA,48.1,1116.59,216.4,NA,360,NA,NA,Polygyndry,Polygyndry, ,2Tropical_and_suptropical_moist_broadleaf_forest,0.645431247,0.79,81.7,1.2,1.54,77.64,1.91,2.54,75.06,2.69,3.8,70.7,3.57,5.31,67.22,NA,7.07,NA,5.86,9.08,64.57,7.22,11.34,63.65,8.54,13.85,61.69,9.92,16.62,59.66,11.42,19.63,58.2,12.99,22.9,56.72,14.78,26.42,55.93,16.7,30.19,55.31,18.72,34.21,54.73,20.63,38.48,53.63,22.8,43.01,53,25.03,47.78,52.39,27.12,52.81,51.36,29.17,58.09,50.21,31.1,63.62,48.89
-1,5122,174,Tabacow et al. 2009,Ocurrencias,-41.80305556,-19.78055556,Precise,Brazil,Neotropics,Atelidae,Brachyteles,Brachyteles hypoxanthus,Brachyteles_hypoxanthus ,Visual,1,0,0,NA,0,2005,0, ,NA, ,Brachyteles hypoxanthus ,Brachyteles hypoxanthus,9,D,238.5,AR,Folivore_frugivore,NA,NA,48.1,1116.59,216.4,NA,360,NA,NA,Polygyndry,Polygyndry, ,2Tropical_and_suptropical_moist_broadleaf_forest,0.57388928,0.79,72.64,0.88,1.54,57.02,1.15,2.54,45.31,1.68,3.8,44.12,2.19,5.31,41.16,NA,7.07,NA,3.43,9.08,37.79,4.3,11.34,37.93,5.43,13.85,39.21,6.67,16.62,40.13,8.17,19.63,41.63,9.77,22.9,42.64,11.24,26.42,42.55,12.55,30.19,41.58,14.04,34.21,41.04,15.5,38.48,40.28,16.98,43.01,39.47,18.77,47.78,39.29,20.77,52.81,39.32,23.24,58.09,40,25.9,63.62,40.7
-1,5123,174,Tabacow et al. 2009,Ocurrencias,-41.851252,-19.723554,Precise,Brazil,Neotropics,Atelidae,Brachyteles,Brachyteles hypoxanthus,Brachyteles_hypoxanthus ,Visual,0,0,0,NA,0,2005,0, ,NA, ,Brachyteles hypoxanthus ,Brachyteles hypoxanthus,9,D,238.5,AR,Folivore_frugivore,NA,NA,48.1,1116.59,216.4,NA,360,NA,NA,Polygyndry,Polygyndry, ,2Tropical_and_suptropical_moist_broadleaf_forest,0.544959949,0.79,68.98,0.85,1.54,55.48,1.15,2.54,45.19,1.44,3.8,38.03,1.66,5.31,31.31,NA,7.07,NA,2.23,9.08,24.54,2.74,11.34,24.18,3.5,13.85,25.24,4.62,16.62,27.81,6.21,19.63,31.62,7.68,22.9,33.53,9.4,26.42,35.58,11.39,30.19,37.72,13.64,34.21,39.88,15.98,38.48,41.53,18.32,43.01,42.59,20.73,47.78,43.39,23.2,52.81,43.92,25.42,58.09,43.76,27.72,63.62,43.57
-1,5124,174,Tabacow et al. 2009,Ocurrencias,-41.807605,-19.77199,Precise,Brazil,Neotropics,Atelidae,Brachyteles,Brachyteles hypoxanthus,Brachyteles_hypoxanthus ,Visual,0,0,0,NA,0,2005,0, ,NA, ,Brachyteles hypoxanthus ,Brachyteles hypoxanthus,9,D,238.5,AR,Folivore_frugivore,NA,NA,48.1,1116.59,216.4,NA,360,NA,NA,Polygyndry,Polygyndry, ,2Tropical_and_suptropical_moist_broadleaf_forest,0.400324338,0.79,50.67,0.64,1.54,41.67,1.16,2.54,45.79,1.98,3.8,52.04,2.79,5.31,52.58,NA,7.07,NA,5.07,9.08,55.85,6.3,11.34,55.58,7.34,13.85,53.01,8.27,16.62,49.74,9.24,19.63,47.06,10.2,22.9,44.54,11.51,26.42,43.56,13.03,30.19,43.17,14.65,34.21,42.81,16.6,38.48,43.15,18.38,43.01,42.74,20.35,47.78,42.59,22.45,52.81,42.51,24.72,58.09,42.55,27.41,63.62,43.09
-1,5125,174,Tabacow et al. 2009,Ocurrencias,-41.818164,-19.784041,Precise,Brazil,Neotropics,Atelidae,Brachyteles,Brachyteles hypoxanthus,Brachyteles_hypoxanthus ,Visual,0,0,0,NA,0,2005,0, ,NA, ,Brachyteles hypoxanthus ,Brachyteles hypoxanthus,9,D,238.5,AR,Folivore_frugivore,NA,NA,48.1,1116.59,216.4,NA,360,NA,NA,Polygyndry,Polygyndry, ,2Tropical_and_suptropical_moist_broadleaf_forest,0.314005473,0.79,39.75,0.45,1.54,29.53,0.76,2.54,30.04,1.22,3.8,32,1.72,5.31,32.47,NA,7.07,NA,3.33,9.08,36.65,4.27,11.34,37.68,5.05,13.85,36.49,6.03,16.62,36.3,7,19.63,35.67,8.09,22.9,35.34,9.38,26.42,35.49,10.96,30.19,36.29,12.29,34.21,35.94,13.61,38.48,35.37,15.05,43.01,34.99,16.75,47.78,35.05,18.64,52.81,35.3,20.8,58.09,35.8,23.26,63.62,36.57
-1,5126,174,Tabacow et al. 2009,Ocurrencias,-41.830975,-19.791877,Precise,Brazil,Neotropics,Atelidae,Brachyteles,Brachyteles hypoxanthus,Brachyteles_hypoxanthus ,Visual,0,0,0,NA,0,2005,0, ,NA, ,Brachyteles hypoxanthus ,Brachyteles hypoxanthus,9,D,238.5,AR,Folivore_frugivore,NA,NA,48.1,1116.59,216.4,NA,360,NA,NA,Polygyndry,Polygyndry, ,2Tropical_and_suptropical_moist_broadleaf_forest,0.24863246,0.79,31.47,0.4,1.54,26.18,0.57,2.54,22.59,0.83,3.8,21.97,1.29,5.31,24.22,NA,7.07,NA,2.88,9.08,31.68,3.6,11.34,31.77,4.14,13.85,29.92,4.8,16.62,28.91,5.76,19.63,29.33,6.86,22.9,29.97,8.29,26.42,31.39,9.9,30.19,32.8,11.25,34.21,32.88,12.85,38.48,33.39,14.35,43.01,33.37,15.76,47.78,32.99,17.32,52.81,32.79,19.28,58.09,33.2,21.44,63.62,33.7
-1,5127,174,Tabacow et al. 2009,Ocurrencias,-41.803586,-19.813047,Precise,Brazil,Neotropics,Atelidae,Brachyteles,Brachyteles hypoxanthus,Brachyteles_hypoxanthus ,Visual,0,0,0,NA,0,2005,0, ,NA, ,Brachyteles hypoxanthus ,Brachyteles hypoxanthus,9,D,238.5,AR,Folivore_frugivore,NA,NA,48.1,1116.59,216.4,NA,360,NA,NA,Polygyndry,Polygyndry, ,2Tropical_and_suptropical_moist_broadleaf_forest,0.744171813,0.79,94.2,1.32,1.54,85.6,1.68,2.54,65.95,2.05,3.8,54.07,2.6,5.31,49.01,NA,7.07,NA,3.73,9.08,41.07,4.16,11.34,36.72,4.73,13.85,34.13,5.59,16.62,33.63,6.73,19.63,34.31,7.82,22.9,34.15,9.12,26.42,34.53,10.27,30.19,34.01,11.29,34.21,33.02,12.55,38.48,32.6,14.27,43.01,33.17,16.29,47.78,34.09,18.08,52.81,34.23,19.66,58.09,33.84,21.66,63.62,34.04
