OID,N,N_study,Source,BASE,X,Y,Precise,Country,Realm,Family,Genus,Taxon,Taxon_ITIS,Sample_met,Ocurrence,N_groups,Abundanc_1,Abundance,Density,Sample_yea,Sampling_e,Sampling_1,ID_Todo,TRAITS,Taxon_IT_1,ITIS_SPECI,BodyMass_k,DielActivi,HomeRange_,Locomotion,TrophicGui,Brain_size,Canine_Dim,MeanGroupS,Interbirth,Gestation,WeaningAge,MaxLongevi,LitterSz,AdultSexRa,Social_Sys,Mating_Sys,FOREST,BIOME,Buffer_500,Area500,FC_500,Buffer_700,Area700,FC_700,Buffer_900,Area900,FC_900,Buffer_110,Area1100,FC1100,Buffer_130,Area1300,FC_1300,Buffer_150,Area1500,FC_1500,Buffer_170,Area1700,FC_1700,Buffer_190,Area1900,FC_1900,Buffer_210,Area2100,FC_2100,Buffer_230,Area2300,FC_2300,Buffer_250,Area2500,FC_2500,Buffer_270,Area2700,FC_2700,Buffer_290,Area2900,FC_2900,Buffer_310,Area3100,FC_3100,Buffer_330,Area3300,FC_3300,Buffer_350,Area3500,FC_3500,Buffer_370,Area3700,F_Buffer_3,Buffer_390,Area_3900,FC_3900,Buffer_410,Area4100,FC_4100,Buffer_430,Area4300,FC_4300,Buffer_450,Area4500,FC_4500
-1,5519,86,Pereira 2012 (thesis),Richness,-42.77011111,-20.74211667,Precise,Brazil,Neotropics,Pitheciidae,Callicebus,Callicebus nigrifrons,Callicebus_nigrifrons ,Line transect,0, , , ,0,2011,2,km,NA, ,Callicebus nigrifrons ,Callicebus nigrifrons,NA,D,34.5,AR,Frugivore,NA,NA,6,NA,NA,NA,NA,NA,NA,NA,Monogamy, ,2Tropical_and_suptropical_moist_broadleaf_forest,0.437522691,0.79,55.38,0.61,1.54,39.63,0.93,2.54,36.58,1.44,3.8,37.78,NA,5.31,NA,NA,7.07,NA,3.86,9.08,42.56,4.87,11.34,42.97,5.91,13.85,42.7,7.04,16.62,42.35,8.13,19.63,41.43,9.16,22.9,40,10.28,26.42,38.91,11.23,30.19,37.21,12.67,34.21,37.02,14.41,38.48,37.44,16.25,43.01,37.78,18.21,47.78,38.12,20.42,52.81,38.68,22.65,58.09,39,24.52,63.62,38.55
-1,5522,86,Pereira 2012 (thesis),Richness,-42.85134722,-20.77041944,Precise,Brazil,Neotropics,Pitheciidae,Callicebus,Callicebus nigrifrons,Callicebus_nigrifrons ,Line transect,0, , , ,0,2011,6.6,km,NA, ,Callicebus nigrifrons ,Callicebus nigrifrons,NA,D,34.5,AR,Frugivore,NA,NA,6,NA,NA,NA,NA,NA,NA,NA,Monogamy, ,2Tropical_and_suptropical_moist_broadleaf_forest,0.402982924,0.79,51.01,0.76,1.54,49.38,1.3,2.54,51.29,1.88,3.8,49.45,NA,5.31,NA,NA,7.07,NA,4.09,9.08,45.03,5.36,11.34,47.25,6.46,13.85,46.63,7.61,16.62,45.78,8.76,19.63,44.61,9.86,22.9,43.05,11.1,26.42,42.02,12.28,30.19,40.67,13.5,34.21,39.46,14.97,38.48,38.9,16.75,43.01,38.94,18.55,47.78,38.82,20.42,52.81,38.67,22.43,58.09,38.62,24.51,63.62,38.52
-1,5530,86,Pereira 2012 (thesis),Richness,-42.87312778,-20.74606111,Precise,Brazil,Neotropics,Pitheciidae,Callicebus,Callicebus nigrifrons,Callicebus_nigrifrons ,Line transect,0, , , ,0,2011,5.6,km,NA, ,Callicebus nigrifrons ,Callicebus nigrifrons,NA,D,34.5,AR,Frugivore,NA,NA,6,NA,NA,NA,NA,NA,NA,NA,Monogamy, ,2Tropical_and_suptropical_moist_broadleaf_forest,0.090632265,0.79,11.47,0.23,1.54,15,0.53,2.54,20.91,0.86,3.8,22.53,NA,5.31,NA,NA,7.07,NA,2.36,9.08,26,2.88,11.34,25.36,3.53,13.85,25.51,4.34,16.62,26.14,5.2,19.63,26.49,6.26,22.9,27.32,7.21,26.42,27.31,8.37,30.19,27.73,9.87,34.21,28.85,11.39,38.48,29.61,12.93,43.01,30.07,14.54,47.78,30.44,16.36,52.81,30.98,18.31,58.09,31.52,20.39,63.62,32.04
-1,5536,86,Pereira 2012 (thesis),Richness,-42.88489167,-20.74201944,Precise,Brazil,Neotropics,Pitheciidae,Callicebus,Callicebus nigrifrons,Callicebus_nigrifrons ,Line transect,1, , , ,0,2011,6.6,km,NA, ,Callicebus nigrifrons ,Callicebus nigrifrons,NA,D,34.5,AR,Frugivore,NA,NA,6,NA,NA,NA,NA,NA,NA,NA,Monogamy, ,2Tropical_and_suptropical_moist_broadleaf_forest,0.144788302,0.79,18.33,0.28,1.54,18.18,0.6,2.54,23.46,0.91,3.8,24.01,NA,5.31,NA,NA,7.07,NA,2.13,9.08,23.43,2.78,11.34,24.53,3.45,13.85,24.95,4.14,16.62,24.94,4.99,19.63,25.43,5.95,22.9,25.99,7.04,26.42,26.65,8.26,30.19,27.35,9.55,34.21,27.92,11.12,38.48,28.91,12.92,43.01,30.04,14.69,47.78,30.74,16.6,52.81,31.44,18.58,58.09,31.98,20.4,63.62,32.07
-1,5537,86,Pereira 2012 (thesis),Richness,-42.89158333,-20.79022778,Precise,Brazil,Neotropics,Pitheciidae,Callicebus,Callicebus nigrifrons,Callicebus_nigrifrons ,Line transect,1, , , ,0,2011,5.5,km,NA, ,Callicebus nigrifrons ,Callicebus nigrifrons,NA,D,34.5,AR,Frugivore,NA,NA,6,NA,NA,NA,NA,NA,NA,NA,Monogamy, ,2Tropical_and_suptropical_moist_broadleaf_forest,0.614854941,0.79,77.83,0.91,1.54,59.38,1.25,2.54,49.41,1.89,3.8,49.78,NA,5.31,NA,NA,7.07,NA,4.75,9.08,52.34,5.6,11.34,49.41,6.63,13.85,47.84,7.7,16.62,46.36,8.84,19.63,45.03,10.23,22.9,44.67,11.98,26.42,45.33,13.43,30.19,44.49,15.21,34.21,44.46,17.29,38.48,44.94,19.25,43.01,44.75,21.01,47.78,43.97,23.1,52.81,43.75,25.56,58.09,44.01,28.37,63.62,44.59
-1,5538,86,Pereira 2012 (thesis),Richness,-42.898175,-20.74073889,Precise,Brazil,Neotropics,Pitheciidae,Callicebus,Callicebus nigrifrons,Callicebus_nigrifrons ,Line transect,1, , , ,0,2011,5.2,km,NA, ,Callicebus nigrifrons ,Callicebus nigrifrons,NA,D,34.5,AR,Frugivore,NA,NA,6,NA,NA,NA,NA,NA,NA,NA,Monogamy, ,2Tropical_and_suptropical_moist_broadleaf_forest,0.550021194,0.79,69.62,0.9,1.54,58.2,1.26,2.54,49.52,1.66,3.8,43.76,NA,5.31,NA,NA,7.07,NA,3.09,9.08,33.98,3.6,11.34,31.72,4.5,13.85,32.48,5.41,16.62,32.55,6.25,19.63,31.86,7.11,22.9,31.04,8.18,26.42,30.96,9.38,30.19,31.06,10.45,34.21,30.54,11.62,38.48,30.21,13.07,43.01,30.39,14.84,47.78,31.06,16.8,52.81,31.81,19.12,58.09,32.91,21.4,63.62,33.63
