OID,N,N_study,Source,BASE,X,Y,Precise,Country,Realm,Family,Genus,Taxon,Taxon_ITIS,Sample_met,Ocurrence,N_groups,Abundanc_1,Abundance,Density,Sample_yea,Sampling_e,Sampling_1,ID_Todo,TRAITS,Taxon_IT_1,ITIS_SPECI,BodyMass_k,DielActivi,HomeRange_,Locomotion,TrophicGui,Brain_size,Canine_Dim,MeanGroupS,Interbirth,Gestation,WeaningAge,MaxLongevi,LitterSz,AdultSexRa,Social_Sys,Mating_Sys,FOREST,BIOME,Buffer_500,Area500,FC_500,Buffer_700,Area700,FC_700,Buffer_900,Area900,FC_900,Buffer_110,Area1100,FC1100,Buffer_130,Area1300,FC_1300,Buffer_150,Area1500,FC_1500,Buffer_170,Area1700,FC_1700,Buffer_190,Area1900,FC_1900,Buffer_210,Area2100,FC_2100,Buffer_230,Area2300,FC_2300,Buffer_250,Area2500,FC_2500,Buffer_270,Area2700,FC_2700,Buffer_290,Area2900,FC_2900,Buffer_310,Area3100,FC_3100,Buffer_330,Area3300,FC_3300,Buffer_350,Area3500,FC_3500,Buffer_370,Area3700,F_Buffer_3,Buffer_390,Area_3900,FC_3900,Buffer_410,Area4100,FC_4100,Buffer_430,Area4300,FC_4300,Buffer_450,Area4500,FC_4500
-1,6501,554,Teixeira 2003,Richness,-39.67306776,-17.29201011,Precise,Brazil,Neotropics,Callitrichidae,Callithrix,Callithrix kuhlii,Callithrix_kuhlii,"Line transects, direct sighting, play-back, interviews, indirect signs",1, , , ,0,2000,0, ,NA, ,Callithrix kuhlii,Callithrix kuhlii,0.38,D,20.63333333,AR,Omnivore,NA,NA,5,152,140,56,240,2,0.5,Polyandry,NA, ,2Tropical_and_suptropical_moist_broadleaf_forest,0.773388195,0.79,97.9,1.51,1.54,98.29,2.46,2.54,96.78,3.63,3.8,95.44,4.94,5.31,92.99,NA,7.07,NA,7.89,9.08,86.95,9.46,11.34,83.39,11.24,13.85,81.13,13.17,16.62,79.27,15.1,19.63,76.9,16.87,22.9,73.68,18.58,26.42,70.33,20.17,30.19,66.81,21.78,34.21,63.66,23.45,38.48,60.94,25.11,43.01,58.38,26.84,47.78,56.18,28.86,52.81,54.65,30.7,58.09,52.85,32.41,63.62,50.95
-1,6502,554,Teixeira 2003,Richness,-39.84181142,-17.16923539,Precise,Brazil,Neotropics,Callitrichidae,Callithrix,Callithrix kuhlii,Callithrix_kuhlii,"Line transects, direct sighting, play-back, interviews, indirect signs",0, , , ,0,2000,0, ,NA, ,Callithrix kuhlii,Callithrix kuhlii,0.38,D,20.63333333,AR,Omnivore,NA,NA,5,152,140,56,240,2,0.5,Polyandry,NA, ,2Tropical_and_suptropical_moist_broadleaf_forest,0.773326411,0.79,97.89,1.49,1.54,96.87,2.41,2.54,95.02,3.53,3.8,92.79,4.67,5.31,88.02,NA,7.07,NA,6.94,9.08,76.49,8.02,11.34,70.71,8.8,13.85,63.56,9.99,16.62,60.11,11.17,19.63,56.91,12.15,22.9,53.08,13.15,26.42,49.77,14.47,30.19,47.92,15.71,34.21,45.92,16.71,38.48,43.42,17.8,43.01,41.38,19.18,47.78,40.13,20.49,52.81,38.8,21.81,58.09,37.54,22.94,63.62,36.05
-1,6503,554,Teixeira 2003,Richness,-39.33979006,-17.10670629,Precise,Brazil,Neotropics,Callitrichidae,Callithrix,Callithrix kuhlii,Callithrix_kuhlii,"Line transects, direct sighting, play-back, interviews, indirect signs",0, , , ,0,2000,0, ,NA, ,Callithrix kuhlii,Callithrix kuhlii,0.38,D,20.63333333,AR,Omnivore,NA,NA,5,152,140,56,240,2,0.5,Polyandry,NA, ,2Tropical_and_suptropical_moist_broadleaf_forest,0.773358917,0.79,97.89,1.52,1.54,98.43,2.5,2.54,98.58,3.74,3.8,98.44,5.22,5.31,98.39,NA,7.07,NA,8.94,9.08,98.43,11.16,11.34,98.39,13.56,13.85,97.9,16.1,16.62,96.84,18.78,19.63,95.68,21.73,22.9,94.87,24.85,26.42,94.06,28.17,30.19,93.3,31.75,34.21,92.81,35.61,38.48,92.55,39.57,43.01,91.99,43.72,47.78,91.49,47.81,52.81,90.53,51.97,58.09,89.47,55.24,63.62,86.83
-1,6504,554,Teixeira 2003,Richness,-39.91401895,-16.59929423,Precise,Brazil,Neotropics,Callitrichidae,Callithrix,Callithrix kuhlii,Callithrix_kuhlii,"Line transects, direct sighting, play-back, interviews, indirect signs",0, , , ,0,2000,0, ,NA, ,Callithrix kuhlii,Callithrix kuhlii,0.38,D,20.63333333,AR,Omnivore,NA,NA,5,152,140,56,240,2,0.5,Polyandry,NA, ,2Tropical_and_suptropical_moist_broadleaf_forest,0.636988036,0.79,80.63,1.24,1.54,80.27,2.02,2.54,79.52,2.97,3.8,78.21,3.94,5.31,74.25,NA,7.07,NA,5.72,9.08,63.01,6.59,11.34,58.15,7.65,13.85,55.25,8.59,16.62,51.71,9.55,19.63,48.66,10.68,22.9,46.62,11.9,26.42,45.04,13.14,30.19,43.52,14.61,34.21,42.71,16.48,38.48,42.82,18.54,43.01,43.11,20.66,47.78,43.23,22.6,52.81,42.79,24.6,58.09,42.34,26.48,63.62,41.62
-1,6505,554,Teixeira 2003,Richness,-39.30364943,-16.51221951,Precise,Brazil,Neotropics,Callitrichidae,Callithrix,Callithrix kuhlii,Callithrix_kuhlii,"Line transects, direct sighting, play-back, interviews, indirect signs",0, , , ,0,2000,0, ,NA, ,Callithrix kuhlii,Callithrix kuhlii,0.38,D,20.63333333,AR,Omnivore,NA,NA,5,152,140,56,240,2,0.5,Polyandry,NA, ,2Tropical_and_suptropical_moist_broadleaf_forest,0.773280895,0.79,97.88,1.52,1.54,98.42,2.51,2.54,98.65,3.74,3.8,98.46,5.22,5.31,98.39,NA,7.07,NA,8.94,9.08,98.42,11.16,11.34,98.45,13.63,13.85,98.45,16.35,16.62,98.36,19.31,19.63,98.35,22.46,22.9,98.06,25.87,26.42,97.92,29.51,30.19,97.75,33.39,34.21,97.61,37.29,38.48,96.91,41.26,43.01,95.94,45.47,47.78,95.17,49.71,52.81,94.14,54.07,58.09,93.08,57.8,63.62,90.86
-1,6506,554,Teixeira 2003,Richness,-39.12103841,-16.32435417,Precise,Brazil,Neotropics,Callitrichidae,Callithrix,Callithrix kuhlii,Callithrix_kuhlii,"Line transects, direct sighting, play-back, interviews, indirect signs",0, , , ,0,2000,0, ,NA, ,Callithrix kuhlii,Callithrix kuhlii,0.38,D,20.63333333,AR,Omnivore,NA,NA,5,152,140,56,240,2,0.5,Polyandry,NA, ,2Tropical_and_suptropical_moist_broadleaf_forest,0.773272345,0.79,97.88,1.52,1.54,98.41,2.51,2.54,98.64,3.74,3.8,98.5,5.23,5.31,98.45,NA,7.07,NA,8.86,9.08,97.58,10.94,11.34,96.49,13.23,13.85,95.52,15.72,16.62,94.57,18.33,19.63,93.4,21.12,22.9,92.23,24.01,26.42,90.89,26.91,30.19,89.13,30.08,34.21,87.91,33.36,38.48,86.7,36.71,43.01,85.34,40.32,47.78,84.39,44.05,52.81,83.42,47.91,58.09,82.48,51.87,63.62,81.54
-1,6507,554,Teixeira 2003,Richness,-39.42411603,-16.28635666,Precise,Brazil,Neotropics,Callitrichidae,Callithrix,Callithrix kuhlii,Callithrix_kuhlii,"Line transects, direct sighting, play-back, interviews, indirect signs",0, , , ,0,2000,0, ,NA, ,Callithrix kuhlii,Callithrix kuhlii,0.38,D,20.63333333,AR,Omnivore,NA,NA,5,152,140,56,240,2,0.5,Polyandry,NA, ,2Tropical_and_suptropical_moist_broadleaf_forest,0.769612067,0.79,97.42,1.5,1.54,97.51,2.49,2.54,97.94,3.71,3.8,97.51,5.15,5.31,96.91,NA,7.07,NA,8.47,9.08,93.25,10.15,11.34,89.48,11.96,13.85,86.32,14.1,16.62,84.84,16.32,19.63,83.12,18.59,22.9,81.19,20.92,26.42,79.19,23.49,30.19,77.81,26.5,34.21,77.46,29.57,38.48,76.85,32.74,43.01,76.12,36.05,47.78,75.44,39.32,52.81,74.46,42.61,58.09,73.36,45.98,63.62,72.27
-1,6508,554,Teixeira 2003,Richness,-39.37371651,-15.97362675,Precise,Brazil,Neotropics,Callitrichidae,Callithrix,Callithrix kuhlii,Callithrix_kuhlii,"Line transects, direct sighting, play-back, interviews, indirect signs",1, , , ,0,2000,0, ,NA, ,Callithrix kuhlii,Callithrix kuhlii,0.38,D,20.63333333,AR,Omnivore,NA,NA,5,152,140,56,240,2,0.5,Polyandry,NA, ,2Tropical_and_suptropical_moist_broadleaf_forest,0.773152756,0.79,97.87,1.52,1.54,98.39,2.45,2.54,96.6,3.48,3.8,91.68,4.56,5.31,85.95,NA,7.07,NA,7.03,9.08,77.39,8.68,11.34,76.54,10.53,13.85,76.03,12.47,16.62,75.01,14.77,19.63,75.25,17.24,22.9,75.26,19.76,26.42,74.78,22.21,30.19,73.56,24.65,34.21,72.06,27.07,38.48,70.35,29.44,43.01,68.44,31.93,47.78,66.82,34.49,52.81,65.32,37.14,58.09,63.93,39.85,63.62,62.65
-1,6509,554,Teixeira 2003,Richness,-39.63588308,-15.92691698,Precise,Brazil,Neotropics,Callitrichidae,Callithrix,Callithrix kuhlii,Callithrix_kuhlii,"Line transects, direct sighting, play-back, interviews, indirect signs",1, , , ,0,2000,0, ,NA, ,Callithrix kuhlii,Callithrix kuhlii,0.38,D,20.63333333,AR,Omnivore,NA,NA,5,152,140,56,240,2,0.5,Polyandry,NA, ,2Tropical_and_suptropical_moist_broadleaf_forest,0.742801884,0.79,94.03,1.45,1.54,94.12,2.41,2.54,94.74,3.53,3.8,92.79,4.79,5.31,90.14,NA,7.07,NA,7.68,9.08,84.58,9.33,11.34,82.24,11.22,13.85,80.99,13.2,16.62,79.41,15.22,19.63,77.53,17.34,22.9,75.7,19.42,26.42,73.51,21.44,30.19,71.01,23.64,34.21,69.12,26.39,38.48,68.59,29.15,43.01,67.78,32.2,47.78,67.39,35.25,52.81,66.75,38.31,58.09,65.96,41.49,63.62,65.22
-1,6510,554,Teixeira 2003,Richness,-39.16129992,-15.61988992,Precise,Brazil,Neotropics,Callitrichidae,Callithrix,Callithrix kuhlii,Callithrix_kuhlii,"Line transects, direct sighting, play-back, interviews, indirect signs",1, , , ,0,2000,0, ,NA, ,Callithrix kuhlii,Callithrix kuhlii,0.38,D,20.63333333,AR,Omnivore,NA,NA,5,152,140,56,240,2,0.5,Polyandry,NA, ,2Tropical_and_suptropical_moist_broadleaf_forest,0.700826935,0.79,88.71,1.3,1.54,84.27,2.1,2.54,82.52,3.04,3.8,80.06,4.25,5.31,80,NA,7.07,NA,7.27,9.08,80.08,9.12,11.34,80.47,11.08,13.85,79.97,13.17,16.62,79.23,15.48,19.63,78.84,17.89,22.9,78.13,20.55,26.42,77.77,23.37,30.19,77.41,26.65,34.21,77.89,30.12,38.48,78.28,33.71,43.01,78.38,37.27,47.78,78.01,40.92,52.81,77.48,44.43,58.09,76.49,47.68,63.62,74.95
-1,6511,554,Teixeira 2003,Richness,-39.39112172,-15.1972275,Precise,Brazil,Neotropics,Callitrichidae,Callithrix,Callithrix kuhlii,Callithrix_kuhlii,"Line transects, direct sighting, play-back, interviews, indirect signs",1, , , ,0,2000,0, ,NA, ,Callithrix kuhlii,Callithrix kuhlii,0.38,D,20.63333333,AR,Omnivore,NA,NA,5,152,140,56,240,2,0.5,Polyandry,NA, ,2Tropical_and_suptropical_moist_broadleaf_forest,0.773146303,0.79,97.87,1.52,1.54,98.4,2.51,2.54,98.63,3.74,3.8,98.4,5.22,5.31,98.37,NA,7.07,NA,8.93,9.08,98.36,11.15,11.34,98.34,13.61,13.85,98.3,16.33,16.62,98.28,19.29,19.63,98.29,22.51,22.9,98.28,25.93,26.42,98.13,29.54,30.19,97.86,33.42,34.21,97.7,37.61,38.48,97.74,42.02,43.01,97.71,46.67,47.78,97.69,51.57,52.81,97.66,56.72,58.09,97.65,62.03,63.62,97.5
-1,6512,554,Teixeira 2003,Richness,-39.06116118,-15.17197278,Precise,Brazil,Neotropics,Callitrichidae,Callithrix,Callithrix kuhlii,Callithrix_kuhlii,"Line transects, direct sighting, play-back, interviews, indirect signs",1, , , ,0,2000,0, ,NA, ,Callithrix kuhlii,Callithrix kuhlii,0.38,D,20.63333333,AR,Omnivore,NA,NA,5,152,140,56,240,2,0.5,Polyandry,NA, ,2Tropical_and_suptropical_moist_broadleaf_forest,0.77231531,0.79,97.76,1.51,1.54,98.35,2.5,2.54,98.59,3.74,3.8,98.46,5.23,5.31,98.42,NA,7.07,NA,8.92,9.08,98.28,11.15,11.34,98.29,13.61,13.85,98.3,16.26,16.62,97.82,19.17,19.63,97.65,22.36,22.9,97.66,25.81,26.42,97.7,29.5,30.19,97.71,33.45,34.21,97.79,37.61,38.48,97.73,41.94,43.01,97.51,46.48,47.78,97.28,51.24,52.81,97.03,56.39,58.09,97.07,61.71,63.62,97
-1,6513,554,Teixeira 2003,Richness,-39.05979118,-15.16645809,Precise,Brazil,Neotropics,Callitrichidae,Callithrix,Callithrix kuhlii,Callithrix_kuhlii,"Line transects, direct sighting, play-back, interviews, indirect signs",1, , , ,0,2000,0, ,NA, ,Callithrix kuhlii,Callithrix kuhlii,0.38,D,20.63333333,AR,Omnivore,NA,NA,5,152,140,56,240,2,0.5,Polyandry,NA, ,2Tropical_and_suptropical_moist_broadleaf_forest,0.772267233,0.79,97.76,1.51,1.54,98.35,2.5,2.54,98.52,3.73,3.8,98.28,5.22,5.31,98.23,NA,7.07,NA,8.92,9.08,98.29,11.15,11.34,98.33,13.61,13.85,98.26,16.28,16.62,97.97,19.18,19.63,97.69,22.37,22.9,97.71,25.82,26.42,97.73,29.52,30.19,97.79,33.46,34.21,97.81,37.58,38.48,97.67,41.96,43.01,97.57,46.54,47.78,97.41,51.28,52.81,97.11,56.31,58.09,96.94,61.59,63.62,96.81
-1,6514,554,Teixeira 2003,Richness,-39.52699019,-15.15521825,Precise,Brazil,Neotropics,Callitrichidae,Callithrix,Callithrix kuhlii,Callithrix_kuhlii,"Line transects, direct sighting, play-back, interviews, indirect signs",1, , , ,0,2000,0, ,NA, ,Callithrix kuhlii,Callithrix kuhlii,0.38,D,20.63333333,AR,Omnivore,NA,NA,5,152,140,56,240,2,0.5,Polyandry,NA, ,2Tropical_and_suptropical_moist_broadleaf_forest,0.754589963,0.79,95.52,1.48,1.54,95.87,2.45,2.54,96.48,3.68,3.8,96.78,5.09,5.31,95.79,NA,7.07,NA,8.32,9.08,91.68,10.2,11.34,89.97,12.31,13.85,88.86,14.71,16.62,88.48,17.29,19.63,88.06,19.99,22.9,87.29,22.64,26.42,85.69,25.43,30.19,84.25,28.33,34.21,82.8,31.51,38.48,81.88,34.71,43.01,80.71,38.24,47.78,80.04,42.13,52.81,79.77,46.1,58.09,79.37,48.67,63.62,76.49
-1,6515,554,Teixeira 2003,Richness,-39.060451,-14.42416025,Precise,Brazil,Neotropics,Callitrichidae,Callithrix,Callithrix kuhlii,Callithrix_kuhlii,"Line transects, direct sighting, play-back, interviews, indirect signs",1, , , ,0,2000,0, ,NA, ,Callithrix kuhlii,Callithrix kuhlii,0.38,D,20.63333333,AR,Omnivore,NA,NA,5,152,140,56,240,2,0.5,Polyandry,NA, ,2Tropical_and_suptropical_moist_broadleaf_forest,0.771884839,0.79,97.71,1.49,1.54,96.88,2.46,2.54,96.98,3.66,3.8,96.29,5.1,5.31,96.04,NA,7.07,NA,8.72,9.08,96.08,10.94,11.34,96.49,13.38,13.85,96.57,16.05,16.62,96.55,18.97,19.63,96.62,22.12,22.9,96.58,25.53,26.42,96.62,29.15,30.19,96.56,33.01,34.21,96.48,37.1,38.48,96.41,41.43,43.01,96.32,46.03,47.78,96.33,50.8,52.81,96.2,55.79,58.09,96.03,60.64,63.62,95.32
-1,6516,554,Teixeira 2003,Richness,-39.14331956,-14.01800271,Precise,Brazil,Neotropics,Callitrichidae,Callithrix,Callithrix kuhlii,Callithrix_kuhlii,"Line transects, direct sighting, play-back, interviews, indirect signs",1, , , ,0,2000,0, ,NA, ,Callithrix kuhlii,Callithrix kuhlii,0.38,D,20.63333333,AR,Omnivore,NA,NA,5,152,140,56,240,2,0.5,Polyandry,NA, ,2Tropical_and_suptropical_moist_broadleaf_forest,0.772992736,0.79,97.85,1.52,1.54,98.39,2.5,2.54,98.61,3.74,3.8,98.47,5.22,5.31,98.34,NA,7.07,NA,8.87,9.08,97.69,11.07,11.34,97.63,13.53,13.85,97.68,16.2,16.62,97.48,19.13,19.63,97.44,22.25,22.9,97.15,25.63,26.42,97.01,29.2,30.19,96.73,33.03,34.21,96.55,37.05,38.48,96.28,41.31,43.01,96.05,45.72,47.78,95.68,50.29,52.81,95.24,55.08,58.09,94.82,59.96,63.62,94.25
-1,6517,554,Teixeira 2003,Richness,-39.45117397,-13.9528227,Precise,Brazil,Neotropics,Callitrichidae,Callithrix,Callithrix kuhlii,Callithrix_kuhlii,"Line transects, direct sighting, play-back, interviews, indirect signs",1, , , ,0,2000,0, ,NA, ,Callithrix kuhlii,Callithrix kuhlii,0.38,D,20.63333333,AR,Omnivore,NA,NA,5,152,140,56,240,2,0.5,Polyandry,NA, ,2Tropical_and_suptropical_moist_broadleaf_forest,0.680879672,0.79,86.19,1.37,1.54,89.08,2.34,2.54,92.24,3.54,3.8,93.11,4.94,5.31,93.06,NA,7.07,NA,8.13,9.08,89.5,10.16,11.34,89.55,12.48,13.85,90.11,14.96,16.62,90.02,17.58,19.63,89.53,20.29,22.9,88.6,23.2,26.42,87.81,26.19,30.19,86.74,29.56,34.21,86.39,33.37,38.48,86.71,37.47,43.01,87.13,41.76,47.78,87.4,46.18,52.81,87.44,50.96,58.09,87.72,55.62,63.62,87.42
-1,6518,554,Teixeira 2003,Richness,-39.67267109,-13.86489781,Precise,Brazil,Neotropics,Callitrichidae,Callithrix,Callithrix kuhlii,Callithrix_kuhlii,"Line transects, direct sighting, play-back, interviews, indirect signs",1, , , ,0,2000,0, ,NA, ,Callithrix kuhlii,Callithrix kuhlii,0.38,D,20.63333333,AR,Omnivore,NA,NA,5,152,140,56,240,2,0.5,Polyandry,NA, ,2Tropical_and_suptropical_moist_broadleaf_forest,0.765181468,0.79,96.86,1.5,1.54,97.36,2.42,2.54,95.37,3.39,3.8,89.14,4.68,5.31,88.12,NA,7.07,NA,7.99,9.08,88.04,9.92,11.34,87.47,11.99,13.85,86.58,14.46,16.62,87.02,17.18,19.63,87.51,20.12,22.9,87.85,23.23,26.42,87.91,26.57,30.19,88.02,29.91,34.21,87.43,33.39,38.48,86.78,36.94,43.01,85.88,40.86,47.78,85.51,44.97,52.81,85.15,49.18,58.09,84.67,53.67,63.62,84.37
-1,6519,554,Teixeira 2003,Richness,-39.23266611,-13.70101007,Precise,Brazil,Neotropics,Callitrichidae,Callithrix,Callithrix kuhlii,Callithrix_kuhlii,"Line transects, direct sighting, play-back, interviews, indirect signs",1, , , ,0,2000,0, ,NA, ,Callithrix kuhlii,Callithrix kuhlii,0.38,D,20.63333333,AR,Omnivore,NA,NA,5,152,140,56,240,2,0.5,Polyandry,NA, ,2Tropical_and_suptropical_moist_broadleaf_forest,0.770064548,0.79,97.48,1.51,1.54,98.17,2.5,2.54,98.28,3.72,3.8,97.96,5.2,5.31,97.93,NA,7.07,NA,8.8,9.08,96.88,10.94,11.34,96.49,13.31,13.85,96.11,15.9,16.62,95.64,18.73,19.63,95.4,21.85,22.9,95.43,25.23,26.42,95.5,28.73,30.19,95.18,32.53,34.21,95.09,36.55,38.48,94.98,40.87,43.01,95.03,45.45,47.78,95.12,50.21,52.81,95.07,55.25,58.09,95.11,60.26,63.62,94.72
-1,6520,554,Teixeira 2003,Richness,-39.7067208,-13.57885259,Precise,Brazil,Neotropics,Callitrichidae,Callithrix,Callithrix kuhlii,Callithrix_kuhlii,"Line transects, direct sighting, play-back, interviews, indirect signs",1, , , ,0,2000,0, ,NA, ,Callithrix kuhlii,Callithrix kuhlii,0.38,D,20.63333333,AR,Omnivore,NA,NA,5,152,140,56,240,2,0.5,Polyandry,NA, ,2Tropical_and_suptropical_moist_broadleaf_forest,0.764955613,0.79,96.83,1.49,1.54,96.43,2.46,2.54,96.89,3.69,3.8,97.04,5.15,5.31,97.02,NA,7.07,NA,8.81,9.08,96.99,10.98,11.34,96.79,13.36,13.85,96.43,15.87,16.62,95.47,18.56,19.63,94.54,21.57,22.9,94.21,24.92,26.42,94.34,28.45,30.19,94.22,32.28,34.21,94.37,36.33,38.48,94.4,40.53,43.01,94.23,44.97,47.78,94.11,49.72,52.81,94.14,54.68,58.09,94.13,59.85,63.62,94.07
-1,6521,554,Teixeira 2003,Richness,-39.03534833,-13.52523556,Precise,Brazil,Neotropics,Callitrichidae,Callithrix,Callithrix kuhlii,Callithrix_kuhlii,"Line transects, direct sighting, play-back, interviews, indirect signs",1, , , ,0,2000,0, ,NA, ,Callithrix kuhlii,Callithrix kuhlii,0.38,D,20.63333333,AR,Omnivore,NA,NA,5,152,140,56,240,2,0.5,Polyandry,NA, ,2Tropical_and_suptropical_moist_broadleaf_forest,0.772941923,0.79,97.84,1.52,1.54,98.39,2.5,2.54,98.44,3.74,3.8,98.32,5.22,5.31,98.3,NA,7.07,NA,8.88,9.08,97.78,11.06,11.34,97.54,13.43,13.85,96.97,16,16.62,96.25,18.8,19.63,95.79,21.88,22.9,95.53,25.17,26.42,95.28,28.4,30.19,94.08,31.74,34.21,92.78,34.91,38.48,90.71,37.99,43.01,88.32,41.23,47.78,86.3,45.03,52.81,85.27,49.3,58.09,84.87,53.43,63.62,83.98
