OID,N,N_study,Source,BASE,X,Y,Precise,Country,Realm,Family,Genus,Taxon,Taxon_ITIS,Sample_met,Ocurrence,N_groups,Abundanc_1,Abundance,Density,Sample_yea,Sampling_e,Sampling_1,ID_Todo,TRAITS,Taxon_IT_1,ITIS_SPECI,BodyMass_k,DielActivi,HomeRange_,Locomotion,TrophicGui,Brain_size,Canine_Dim,MeanGroupS,Interbirth,Gestation,WeaningAge,MaxLongevi,LitterSz,AdultSexRa,Social_Sys,Mating_Sys,FOREST,BIOME,Buffer_500,Area500,FC_500,Buffer_700,Area700,FC_700,Buffer_900,Area900,FC_900,Buffer_110,Area1100,FC1100,Buffer_130,Area1300,FC_1300,Buffer_150,Area1500,FC_1500,Buffer_170,Area1700,FC_1700,Buffer_190,Area1900,FC_1900,Buffer_210,Area2100,FC_2100,Buffer_230,Area2300,FC_2300,Buffer_250,Area2500,FC_2500,Buffer_270,Area2700,FC_2700,Buffer_290,Area2900,FC_2900,Buffer_310,Area3100,FC_3100,Buffer_330,Area3300,FC_3300,Buffer_350,Area3500,FC_3500,Buffer_370,Area3700,F_Buffer_3,Buffer_390,Area_3900,FC_3900,Buffer_410,Area4100,FC_4100,Buffer_430,Area4300,FC_4300,Buffer_450,Area4500,FC_4500
-1,5740,193,Delciellos et al. 2012,Richness,-44.84111111,-23.19805556,Precise,Brazil,Neotropics,Callitrichidae,Callithrix,Callithrix aurita,Callithrix_aurita ,Line Transect,1, , , ,0,2010,0, ,NA, ,Callithrix aurita ,Callithrix aurita,0.44,D,23.425,AR,Omnivore,NA,NA,7.5,NA,140,NA,NA,2,1.67,Polygyndry,Monogamy, ,2Tropical_and_suptropical_moist_broadleaf_forest,0.768011551,0.79,97.22,1.5,1.54,97.21,2.49,2.54,97.87,3.71,3.8,97.52,5.18,5.31,97.48,NA,7.07,NA,8.84,9.08,97.37,11.04,11.34,97.37,13.5,13.85,97.5,16.19,16.62,97.44,19.15,19.63,97.57,22.32,22.9,97.45,25.62,26.42,96.96,29.19,30.19,96.7,32.9,34.21,96.18,36.84,38.48,95.73,40.88,43.01,95.06,45.16,47.78,94.51,49.52,52.81,93.77,54.11,58.09,93.16,58.91,63.62,92.6
-1,5741,262,Moura Martins 2005,Richness,-48.08416111,-22.69511389,Precise,Brazil,Neotropics,Callitrichidae,Callithrix,Callithrix aurita,Callithrix_aurita ,Linear transects,0, , , ,0,2000,35.1,km,NA, ,Callithrix aurita ,Callithrix aurita,0.44,D,23.425,AR,Omnivore,NA,NA,7.5,NA,140,NA,NA,2,1.67,Polygyndry,Monogamy, ,8Tropical and Subtropical Grasslands Savannas and Shrublands,0.77400463,0.79,97.98,1.36,1.54,88.26,1.89,2.54,74.51,2.32,3.8,60.95,2.57,5.31,48.33,2.78,7.07,39.32,2.99,9.08,32.89,3.28,11.34,28.92,3.56,13.85,25.69,3.67,16.62,22.1,3.81,19.63,19.39,4.01,22.9,17.5,4.21,26.42,15.95,4.34,30.19,14.37,4.42,34.21,12.93,4.63,38.48,12.04,4.72,43.01,10.97,4.81,47.78,10.06,5.2,52.81,9.85,5.72,58.09,9.84,6.27,63.62,9.86
-1,5742,262,Moura Martins 2005,Richness,-48.15002222,-22.66312778,Precise,Brazil,Neotropics,Callitrichidae,Callithrix,Callithrix aurita,Callithrix_aurita ,Linear transects,1, ,3 / 3.7,Sightings / average group size,0,2000,131.4,km,NA, ,Callithrix aurita ,Callithrix aurita,0.44,D,23.425,AR,Omnivore,NA,NA,7.5,NA,140,NA,NA,2,1.67,Polygyndry,Monogamy, ,8Tropical and Subtropical Grasslands Savannas and Shrublands,0.773960646,0.79,97.97,1.52,1.54,98.51,2.45,2.54,96.34,3.43,3.8,90.2,4.51,5.31,84.88,5.73,7.07,81.01,7.08,9.08,77.92,8.48,11.34,74.81,9.87,13.85,71.27,11.03,16.62,66.37,12.01,19.63,61.16,12.88,22.9,56.26,13.7,26.42,51.84,14.31,30.19,47.41,14.88,34.21,43.51,15.44,38.48,40.12,16.05,43.01,37.33,16.78,47.78,35.12,17.35,52.81,32.85,17.98,58.09,30.95,18.8,63.62,29.55
-1,5743,262,Moura Martins 2005,Richness,-48.19424444,-22.66653611,Precise,Brazil,Neotropics,Callitrichidae,Callithrix,Callithrix aurita,Callithrix_aurita ,Linear transects,1, , ,Sightings / average group size,0,2000,68.3,km,NA, ,Callithrix aurita ,Callithrix aurita,0.44,D,23.425,AR,Omnivore,NA,NA,7.5,NA,140,NA,NA,2,1.67,Polygyndry,Monogamy, ,8Tropical and Subtropical Grasslands Savannas and Shrublands,0.773990467,0.79,97.97,1.51,1.54,97.96,2.33,2.54,91.56,3,3.8,78.98,3.64,5.31,68.51,4.27,7.07,60.34,4.86,9.08,53.47,5.33,11.34,46.99,5.8,13.85,41.88,6.32,16.62,38.01,6.79,19.63,34.59,7.34,22.9,32.04,7.98,26.42,30.22,8.68,30.19,28.74,9.36,34.21,27.37,10.17,38.48,26.44,11,43.01,25.57,11.88,47.78,24.86,12.88,52.81,24.39,13.96,58.09,24.04,15.02,63.62,23.6
-1,5744,262,Moura Martins 2005,Richness,-48.29173333,-22.63426944,Precise,Brazil,Neotropics,Callitrichidae,Callithrix,Callithrix aurita,Callithrix_aurita ,Linear transects,0, , , ,0,2000,40,km,NA, ,Callithrix aurita ,Callithrix aurita,0.44,D,23.425,AR,Omnivore,NA,NA,7.5,NA,140,NA,NA,2,1.67,Polygyndry,Monogamy, ,8Tropical and Subtropical Grasslands Savannas and Shrublands,0.774015882,0.79,97.98,1.44,1.54,93.58,1.95,2.54,76.61,2.26,3.8,59.57,2.42,5.31,45.62,2.46,7.07,34.75,2.46,9.08,27.14,2.47,11.34,21.77,2.52,13.85,18.16,2.58,16.62,15.51,2.65,19.63,13.52,2.96,22.9,12.91,3.31,26.42,12.53,3.72,30.19,12.33,4.26,34.21,12.46,4.74,38.48,12.32,5.1,43.01,11.85,5.46,47.78,11.43,5.86,52.81,11.1,6.23,58.09,10.73,6.72,63.62,10.56
-1,5745,543,Melo et al. 2005,Richness,-42.727708,-20.032601,Precise,Brazil,Neotropics,Callitrichidae,Callithrix,Callithrix aurita,Callithrix_aurita ,"Cover the area by trails, playback recordings",0, , , ,0,2003,234,hours,NA, ,Callithrix aurita ,Callithrix aurita,0.44,D,23.425,AR,Omnivore,NA,NA,7.5,NA,140,NA,NA,2,1.67,Polygyndry,Monogamy, ,2Tropical_and_suptropical_moist_broadleaf_forest,0.687769302,0.79,87.06,1.34,1.54,86.91,2.04,2.54,80.39,2.77,3.8,72.94,3.53,5.31,66.54,NA,7.07,NA,4.54,9.08,50.05,5.12,11.34,45.12,5.83,13.85,42.07,6.56,16.62,39.48,7.54,19.63,38.42,8.69,22.9,37.97,10,26.42,37.83,11.32,30.19,37.5,12.62,34.21,36.88,13.71,38.48,35.63,14.87,43.01,34.58,15.94,47.78,33.36,17.05,52.81,32.28,18.35,58.09,31.59,20.1,63.62,31.6
-1,5746,543,Melo et al. 2005,Richness,-42.732379,-20.074282,Precise,Brazil,Neotropics,Callitrichidae,Callithrix,Callithrix aurita,Callithrix_aurita ,"Cover the area by trails, playback recordings",0, , , ,0,2003,234,hours,NA, ,Callithrix aurita ,Callithrix aurita,0.44,D,23.425,AR,Omnivore,NA,NA,7.5,NA,140,NA,NA,2,1.67,Polygyndry,Monogamy, ,2Tropical_and_suptropical_moist_broadleaf_forest,0.43545761,0.79,55.12,0.67,1.54,43.69,0.96,2.54,37.73,1.31,3.8,34.6,1.73,5.31,32.6,NA,7.07,NA,2.63,9.08,28.91,3.21,11.34,28.28,3.88,13.85,28.01,4.53,16.62,27.26,5.62,19.63,28.63,6.63,22.9,28.95,7.87,26.42,29.78,9.21,30.19,30.52,10.65,34.21,31.12,12.28,38.48,31.9,14.14,43.01,32.87,16.14,47.78,33.79,18.34,52.81,34.74,20.5,58.09,35.3,22.55,63.62,35.45
-1,5747,543,Melo et al. 2005,Richness,-42.738237,-20.06847,Precise,Brazil,Neotropics,Callitrichidae,Callithrix,Callithrix aurita,Callithrix_aurita ,"Cover the area by trails, playback recordings",1, , , ,0,2003,234,hours,NA, ,Callithrix aurita ,Callithrix aurita,0.44,D,23.425,AR,Omnivore,NA,NA,7.5,NA,140,NA,NA,2,1.67,Polygyndry,Monogamy, ,2Tropical_and_suptropical_moist_broadleaf_forest,0.571386526,0.79,72.33,0.96,1.54,62.25,1.34,2.54,52.59,1.72,3.8,45.23,2.18,5.31,41.1,NA,7.07,NA,3.03,9.08,33.37,3.44,11.34,30.3,4.03,13.85,29.12,4.84,16.62,29.09,5.4,19.63,27.5,6.13,22.9,26.76,7.28,26.42,27.55,8.48,30.19,28.1,9.8,34.21,28.66,11.26,38.48,29.25,12.75,43.01,29.64,14.35,47.78,30.03,16.13,52.81,30.54,17.94,58.09,30.89,20.11,63.62,31.61
-1,5748,543,Melo et al. 2005,Richness,-42.741516,-20.130151,Precise,Brazil,Neotropics,Callitrichidae,Callithrix,Callithrix aurita,Callithrix_aurita ,"Cover the area by trails, playback recordings",1, , , ,0,2003,234,hours,NA, ,Callithrix aurita ,Callithrix aurita,0.44,D,23.425,AR,Omnivore,NA,NA,7.5,NA,140,NA,NA,2,1.67,Polygyndry,Monogamy, ,2Tropical_and_suptropical_moist_broadleaf_forest,0.714170626,0.79,90.4,1.16,1.54,75.14,1.65,2.54,64.93,2.42,3.8,63.78,3.27,5.31,61.52,NA,7.07,NA,4.85,9.08,53.44,6,11.34,52.87,6.95,13.85,50.15,7.97,16.62,47.98,9.22,19.63,46.99,10.66,22.9,46.54,12.17,26.42,46.08,13.81,30.19,45.74,15.57,34.21,45.51,17.08,38.48,44.4,18.58,43.01,43.2,19.92,47.78,41.7,21.64,52.81,40.98,23.3,58.09,40.11,24.58,63.62,38.63
-1,5749,543,Melo et al. 2005,Richness,-42.759249,-20.06466,Precise,Brazil,Neotropics,Callitrichidae,Callithrix,Callithrix aurita,Callithrix_aurita ,"Cover the area by trails, playback recordings",1, , , ,0,2003,234,hours,NA, ,Callithrix aurita ,Callithrix aurita,0.44,D,23.425,AR,Omnivore,NA,NA,7.5,NA,140,NA,NA,2,1.67,Polygyndry,Monogamy, ,2Tropical_and_suptropical_moist_broadleaf_forest,0.626464078,0.79,79.3,1.06,1.54,68.58,1.57,2.54,61.68,2.02,3.8,53.27,2.44,5.31,46.02,NA,7.07,NA,3.17,9.08,34.96,3.62,11.34,31.94,4.03,13.85,29.11,4.5,16.62,27.06,5.03,19.63,25.6,5.59,22.9,24.43,6.19,26.42,23.43,6.87,30.19,22.77,7.58,34.21,22.15,8.55,38.48,22.23,9.32,43.01,21.67,10.21,47.78,21.36,11.24,52.81,21.28,12.51,58.09,21.53,13.9,63.62,21.86
