OID,N,N_study,Source,BASE,X,Y,Precise,Country,Realm,Family,Genus,Taxon,Taxon_ITIS,Sample_met,Ocurrence,N_groups,Abundanc_1,Abundance,Density,Sample_yea,Sampling_e,Sampling_1,ID_Todo,TRAITS,Taxon_IT_1,ITIS_SPECI,BodyMass_k,DielActivi,HomeRange_,Locomotion,TrophicGui,Brain_size,Canine_Dim,MeanGroupS,Interbirth,Gestation,WeaningAge,MaxLongevi,LitterSz,AdultSexRa,Social_Sys,Mating_Sys,FOREST,BIOME,Buffer_500,Area500,FC_500,Buffer_700,Area700,FC_700,Buffer_900,Area900,FC_900,Buffer_110,Area1100,FC1100,Buffer_130,Area1300,FC_1300,Buffer_150,Area1500,FC_1500,Buffer_170,Area1700,FC_1700,Buffer_190,Area1900,FC_1900,Buffer_210,Area2100,FC_2100,Buffer_230,Area2300,FC_2300,Buffer_250,Area2500,FC_2500,Buffer_270,Area2700,FC_2700,Buffer_290,Area2900,FC_2900,Buffer_310,Area3100,FC_3100,Buffer_330,Area3300,FC_3300,Buffer_350,Area3500,FC_3500,Buffer_370,Area3700,F_Buffer_3,Buffer_390,Area_3900,FC_3900,Buffer_410,Area4100,FC_4100,Buffer_430,Area4300,FC_4300,Buffer_450,Area4500,FC_4500
-1,1,1,Sales et al 2016,Ocurrencias,-44.84729656,-21.15367465,Precise,Brazil,Neotropics,Pitheciidae,Callicebus,Callicebus nigrifrons,Callicebus_nigrifrons ,Playback,0,0,0,NA,0,2013,3,days per patch,NA, ,Callicebus nigrifrons ,Callicebus nigrifrons,NA,D,34.5,AR,Frugivore,NA,NA,6,NA,NA,NA,NA,NA,NA,NA,Monogamy, ,2Tropical_and_suptropical_moist_broadleaf_forest,0.324091346,0.79,41.02,0.58,1.54,37.47,0.85,2.54,33.58,1.31,3.8,34.52,NA,5.31,NA,NA,7.07,NA,3.02,9.08,33.22,3.46,11.34,30.54,4.12,13.85,29.78,4.94,16.62,29.71,5.84,19.63,29.75,6.8,22.9,29.69,7.77,26.42,29.4,8.86,30.19,29.36,10.24,34.21,29.94,11.74,38.48,30.51,13.42,43.01,31.19,15.05,47.78,31.5,16.42,52.81,31.09,17.74,58.09,30.54,19.06,63.62,29.96
-1,1,1,Sales et al 2016,Ocurrencias,-44.95719619,-21.18649168,Precise,Brazil,Neotropics,Pitheciidae,Callicebus,Callicebus nigrifrons,Callicebus_nigrifrons ,Playback,0,0,0,NA,0,2013,3,days per patch,NA, ,Callicebus nigrifrons ,Callicebus nigrifrons,NA,D,34.5,AR,Frugivore,NA,NA,6,NA,NA,NA,NA,NA,NA,NA,Monogamy, ,2Tropical_and_suptropical_moist_broadleaf_forest,0.196252798,0.79,24.84,0.28,1.54,17.97,0.42,2.54,16.49,0.63,3.8,16.69,NA,5.31,NA,NA,7.07,NA,1.61,9.08,17.78,2.01,11.34,17.72,2.57,13.85,18.52,3.38,16.62,20.31,3.99,19.63,20.34,4.74,22.9,20.69,5.45,26.42,20.62,6.14,30.19,20.33,6.88,34.21,20.12,7.68,38.48,19.95,8.44,43.01,19.63,9.28,47.78,19.42,10.34,52.81,19.58,11.47,58.09,19.75,12.59,63.62,19.79
-1,1,1,Sales et al 2016,Ocurrencias,-44.81925023,-21.12855553,Precise,Brazil,Neotropics,Pitheciidae,Callicebus,Callicebus nigrifrons,Callicebus_nigrifrons ,Playback,1,0,0,NA,0,2013,3,days per patch,NA, ,Callicebus nigrifrons ,Callicebus nigrifrons,NA,D,34.5,AR,Frugivore,NA,NA,6,NA,NA,NA,NA,NA,NA,NA,Monogamy, ,2Tropical_and_suptropical_moist_broadleaf_forest,0.505185023,0.79,63.95,0.92,1.54,59.87,1.4,2.54,55.13,1.92,3.8,50.42,NA,5.31,NA,NA,7.07,NA,4.01,9.08,44.13,4.9,11.34,43.25,5.88,13.85,42.47,6.73,16.62,40.49,7.74,19.63,39.44,8.8,22.9,38.43,9.99,26.42,37.8,11.18,30.19,37.02,12.55,34.21,36.7,13.72,38.48,35.65,15.02,43.01,34.91,16.61,47.78,34.76,18.21,52.81,34.47,20.13,58.09,34.65,22.16,63.62,34.84
-1,1,1,Sales et al 2016,Ocurrencias,-44.97450542,-21.14802215,Precise,Brazil,Neotropics,Pitheciidae,Callicebus,Callicebus nigrifrons,Callicebus_nigrifrons ,Playback,0,0,0,NA,0,2013,3,days per patch,NA, ,Callicebus nigrifrons ,Callicebus nigrifrons,NA,D,34.5,AR,Frugivore,NA,NA,6,NA,NA,NA,NA,NA,NA,NA,Monogamy, ,2Tropical_and_suptropical_moist_broadleaf_forest,0.146410896,0.79,18.53,0.3,1.54,19.6,0.65,2.54,25.66,1.09,3.8,28.58,NA,5.31,NA,NA,7.07,NA,2.44,9.08,26.88,3.04,11.34,26.83,3.41,13.85,24.66,3.91,16.62,23.54,4.62,19.63,23.53,5.58,22.9,24.38,6.43,26.42,24.34,7.21,30.19,23.89,8.06,34.21,23.55,8.98,38.48,23.34,9.92,43.01,23.06,10.76,47.78,22.53,11.61,52.81,21.98,12.49,58.09,21.5,13.52,63.62,21.25
-1,1,1,Sales et al 2016,Ocurrencias,-44.86502285,-21.16022235,Precise,Brazil,Neotropics,Pitheciidae,Callicebus,Callicebus nigrifrons,Callicebus_nigrifrons ,Playback,1,0,0,NA,0,2013,3,days per patch,NA, ,Callicebus nigrifrons ,Callicebus nigrifrons,NA,D,34.5,AR,Frugivore,NA,NA,6,NA,NA,NA,NA,NA,NA,NA,Monogamy, ,2Tropical_and_suptropical_moist_broadleaf_forest,0.193523531,0.79,24.5,0.27,1.54,17.4,0.43,2.54,16.99,0.63,3.8,16.53,NA,5.31,NA,NA,7.07,NA,1.87,9.08,20.59,2.58,11.34,22.71,3.27,13.85,23.58,4.19,16.62,25.24,5.12,19.63,26.08,6.03,22.9,26.34,6.94,26.42,26.25,7.72,30.19,25.56,8.48,34.21,24.77,9.56,38.48,24.83,10.91,43.01,25.36,12.51,47.78,26.19,14.04,52.81,26.58,15.56,58.09,26.78,17.1,63.62,26.88
-1,1,1,Sales et al 2016,Ocurrencias,-44.98707161,-21.29223782,Precise,Brazil,Neotropics,Pitheciidae,Callicebus,Callicebus nigrifrons,Callicebus_nigrifrons ,Playback,1,0,0,NA,0,2013,3,days per patch,NA, ,Callicebus nigrifrons ,Callicebus nigrifrons,NA,D,34.5,AR,Frugivore,NA,NA,6,NA,NA,NA,NA,NA,NA,NA,Monogamy, ,8Tropical and Subtropical Grasslands Savannas and Shrublands,0.069938468,0.79,8.85,0.09,1.54,5.63,0.19,2.54,7.54,0.23,3.8,5.98,0.28,5.31,5.23,0.37,7.07,5.18,0.48,9.08,5.28,0.56,11.34,4.9,0.7,13.85,5.03,0.8,16.62,4.79,1.03,19.63,5.26,1.28,22.9,5.61,1.61,26.42,6.11,1.96,30.19,6.48,2.23,34.21,6.52,2.48,38.48,6.45,2.71,43.01,6.29,3.12,47.78,6.53,3.7,52.81,7,4.42,58.09,7.62,5.34,63.62,8.4
-1,1,1,Sales et al 2016,Ocurrencias,-44.87831982,-21.17834852,Precise,Brazil,Neotropics,Pitheciidae,Callicebus,Callicebus nigrifrons,Callicebus_nigrifrons ,Playback,0,0,0,NA,0,2013,3,days per patch,NA, ,Callicebus nigrifrons ,Callicebus nigrifrons,NA,D,34.5,AR,Frugivore,NA,NA,6,NA,NA,NA,NA,NA,NA,NA,Monogamy, ,2Tropical_and_suptropical_moist_broadleaf_forest,0.131588818,0.79,16.66,0.27,1.54,17.69,0.46,2.54,18.1,0.72,3.8,18.99,NA,5.31,NA,NA,7.07,NA,2.18,9.08,24.05,2.8,11.34,24.65,3.33,13.85,24.06,3.84,16.62,23.09,4.38,19.63,22.32,4.94,22.9,21.58,5.66,26.42,21.42,6.45,30.19,21.36,7.21,34.21,21.09,8.12,38.48,21.11,9.38,43.01,21.81,10.6,47.78,22.19,11.74,52.81,22.24,13.31,58.09,22.92,14.87,63.62,23.37
-1,1,1,Sales et al 2016,Ocurrencias,-44.83613826,-21.17538542,Precise,Brazil,Neotropics,Pitheciidae,Callicebus,Callicebus nigrifrons,Callicebus_nigrifrons ,Playback,0,0,0,NA,0,2013,3,days per patch,NA, ,Callicebus nigrifrons ,Callicebus nigrifrons,NA,D,34.5,AR,Frugivore,NA,NA,6,NA,NA,NA,NA,NA,NA,NA,Monogamy, ,2Tropical_and_suptropical_moist_broadleaf_forest,0.345204729,0.79,43.7,0.74,1.54,48.17,1.15,2.54,45.32,1.71,3.8,44.95,NA,5.31,NA,NA,7.07,NA,3.67,9.08,40.38,4.26,11.34,37.57,4.84,13.85,34.92,5.48,16.62,32.98,6.25,19.63,31.84,7.25,22.9,31.65,8.46,26.42,32.04,9.69,30.19,32.11,11.02,34.21,32.21,12.25,38.48,31.82,13.72,43.01,31.91,15.43,47.78,32.29,17.02,52.81,32.23,18.66,58.09,32.13,20.09,63.62,31.58
-1,1,1,Sales et al 2016,Ocurrencias,-44.83215127,-21.14017036,Precise,Brazil,Neotropics,Pitheciidae,Callicebus,Callicebus nigrifrons,Callicebus_nigrifrons ,Playback,1,0,0,NA,0,2013,3,days per patch,NA, ,Callicebus nigrifrons ,Callicebus nigrifrons,NA,D,34.5,AR,Frugivore,NA,NA,6,NA,NA,NA,NA,NA,NA,NA,Monogamy, ,2Tropical_and_suptropical_moist_broadleaf_forest,0.340546579,0.79,43.11,0.56,1.54,36.61,0.8,2.54,31.57,1.13,3.8,29.62,NA,5.31,NA,NA,7.07,NA,3.23,9.08,35.54,3.99,11.34,35.15,4.74,13.85,34.25,5.58,16.62,33.57,6.55,19.63,33.36,7.87,22.9,34.37,9.36,26.42,35.43,10.91,30.19,36.13,12.33,34.21,36.04,13.68,38.48,35.54,15,43.01,34.89,16.13,47.78,33.77,17.33,52.81,32.82,18.86,58.09,32.47,20.78,63.62,32.67
-1,1,1,Sales et al 2016,Ocurrencias,-44.96965266,-21.32898221,Precise,Brazil,Neotropics,Pitheciidae,Callicebus,Callicebus nigrifrons,Callicebus_nigrifrons ,Playback,1,0,0,NA,0,2013,3,days per patch,NA, ,Callicebus nigrifrons ,Callicebus nigrifrons,NA,D,34.5,AR,Frugivore,NA,NA,6,NA,NA,NA,NA,NA,NA,NA,Monogamy, ,8Tropical and Subtropical Grasslands Savannas and Shrublands,0.139994884,0.79,17.72,0.24,1.54,15.68,0.48,2.54,18.81,0.71,3.8,18.64,0.97,5.31,18.25,1.24,7.07,17.47,1.71,9.08,18.86,2.35,11.34,20.76,2.98,13.85,21.51,3.66,16.62,22,4.1,19.63,20.86,4.83,22.9,21.1,5.79,26.42,21.92,6.64,30.19,21.99,7.25,34.21,21.2,7.93,38.48,20.62,8.6,43.01,20,9.22,47.78,19.29,9.87,52.81,18.7,10.61,58.09,18.26,11.15,63.62,17.52
-1,1,1,Sales et al 2016,Ocurrencias,-44.92260628,-21.19399687,Precise,Brazil,Neotropics,Pitheciidae,Callicebus,Callicebus nigrifrons,Callicebus_nigrifrons ,Playback,0,0,0,NA,0,2013,3,days per patch,NA, ,Callicebus nigrifrons ,Callicebus nigrifrons,NA,D,34.5,AR,Frugivore,NA,NA,6,NA,NA,NA,NA,NA,NA,NA,Monogamy, ,2Tropical_and_suptropical_moist_broadleaf_forest,0.120336032,0.79,15.23,0.2,1.54,12.94,0.35,2.54,13.77,0.46,3.8,12.13,NA,5.31,NA,NA,7.07,NA,1.63,9.08,17.97,2.12,11.34,18.69,2.73,13.85,19.68,3.25,16.62,19.57,3.81,19.63,19.39,4.35,22.9,19,5.28,26.42,19.97,6.13,30.19,20.32,7.14,34.21,20.86,8.24,38.48,21.42,9.23,43.01,21.45,10.24,47.78,21.44,11.24,52.81,21.28,12.39,58.09,21.32,13.59,63.62,21.36
-1,1,1,Sales et al 2016,Ocurrencias,-44.91472748,-21.17337419,Precise,Brazil,Neotropics,Pitheciidae,Callicebus,Callicebus nigrifrons,Callicebus_nigrifrons ,Playback,0,0,0,NA,0,2013,3,days per patch,NA, ,Callicebus nigrifrons ,Callicebus nigrifrons,NA,D,34.5,AR,Frugivore,NA,NA,6,NA,NA,NA,NA,NA,NA,NA,Monogamy, ,2Tropical_and_suptropical_moist_broadleaf_forest,0.050006297,0.79,6.33,0.11,1.54,7.18,0.25,2.54,9.71,0.51,3.8,13.32,NA,5.31,NA,NA,7.07,NA,1.25,9.08,13.75,1.64,11.34,14.48,2.01,13.85,14.48,2.45,16.62,14.76,2.88,19.63,14.66,3.49,22.9,15.24,4.08,26.42,15.43,4.79,30.19,15.86,5.64,34.21,16.48,6.45,38.48,16.77,7.44,43.01,17.3,8.49,47.78,17.78,9.25,52.81,17.51,10.5,58.09,18.08,11.9,63.62,18.71
-1,1,1,Sales et al 2016,Ocurrencias,-44.94300431,-21.08841619,Precise,Brazil,Neotropics,Pitheciidae,Callicebus,Callicebus nigrifrons,Callicebus_nigrifrons ,Playback,1,0,0,NA,0,2013,3,days per patch,NA, ,Callicebus nigrifrons ,Callicebus nigrifrons,NA,D,34.5,AR,Frugivore,NA,NA,6,NA,NA,NA,NA,NA,NA,NA,Monogamy, ,2Tropical_and_suptropical_moist_broadleaf_forest,0.464880408,0.79,58.85,0.68,1.54,43.94,0.86,2.54,34.04,1.14,3.8,30.01,NA,5.31,NA,NA,7.07,NA,2.24,9.08,24.68,2.73,11.34,24.05,3.26,13.85,23.54,3.99,16.62,23.99,4.82,19.63,24.53,5.67,22.9,24.77,6.72,26.42,25.44,7.71,30.19,25.53,8.65,34.21,25.27,9.61,38.48,24.97,10.82,43.01,25.15,12.12,47.78,25.37,13.44,52.81,25.44,15,58.09,25.81,16.44,63.62,25.84
-1,1,1,Sales et al 2016,Ocurrencias,-44.97398353,-21.21336649,Precise,Brazil,Neotropics,Pitheciidae,Callicebus,Callicebus nigrifrons,Callicebus_nigrifrons ,Playback,1,0,0,NA,0,2013,3,days per patch,NA, ,Callicebus nigrifrons ,Callicebus nigrifrons,NA,D,34.5,AR,Frugivore,NA,NA,6,NA,NA,NA,NA,NA,NA,NA,Monogamy, ,2Tropical_and_suptropical_moist_broadleaf_forest,0.257238698,0.79,32.56,0.36,1.54,23.56,0.55,2.54,21.48,0.8,3.8,21.1,NA,5.31,NA,NA,7.07,NA,1.46,9.08,16.08,1.92,11.34,16.96,2.38,13.85,17.17,2.77,16.62,16.67,3.21,19.63,16.35,3.58,22.9,15.65,4.12,26.42,15.61,4.58,30.19,15.16,5.15,34.21,15.06,5.95,38.48,15.46,6.75,43.01,15.69,7.55,47.78,15.79,8.43,52.81,15.97,9.32,58.09,16.05,10.07,63.62,15.83
-1,1,1,Sales et al 2016,Ocurrencias,-44.81286817,-21.21827041,Precise,Brazil,Neotropics,Pitheciidae,Callicebus,Callicebus nigrifrons,Callicebus_nigrifrons ,Playback,1,0,0,NA,0,2013,3,days per patch,NA, ,Callicebus nigrifrons ,Callicebus nigrifrons,NA,D,34.5,AR,Frugivore,NA,NA,6,NA,NA,NA,NA,NA,NA,NA,Monogamy, ,2Tropical_and_suptropical_moist_broadleaf_forest,0.333388922,0.79,42.2,0.63,1.54,40.89,0.95,2.54,37.55,1.3,3.8,34.28,NA,5.31,NA,NA,7.07,NA,2.95,9.08,32.49,3.75,11.34,33.09,4.76,13.85,34.4,5.85,16.62,35.21,7.22,19.63,36.8,8.59,22.9,37.49,9.45,26.42,35.78,10.48,30.19,34.73,11.79,34.21,34.47,13.14,38.48,34.15,14.3,43.01,33.24,15.49,47.78,32.42,16.73,52.81,31.69,18.16,58.09,31.26,19.88,63.62,31.25
-1,1,1,Sales et al 2016,Ocurrencias,-44.8238165,-21.23297371,Precise,Brazil,Neotropics,Pitheciidae,Callicebus,Callicebus nigrifrons,Callicebus_nigrifrons ,Playback,1,0,0,NA,0,2013,3,days per patch,NA, ,Callicebus nigrifrons ,Callicebus nigrifrons,NA,D,34.5,AR,Frugivore,NA,NA,6,NA,NA,NA,NA,NA,NA,NA,Monogamy, ,2Tropical_and_suptropical_moist_broadleaf_forest,0.435034562,0.79,55.07,0.62,1.54,40.41,0.96,2.54,37.86,1.4,3.8,36.9,NA,5.31,NA,NA,7.07,NA,2.86,9.08,31.52,3.52,11.34,31.01,4.08,13.85,29.45,4.73,16.62,28.43,5.43,19.63,27.68,6.25,22.9,27.31,7.14,26.42,27.03,8.19,30.19,27.11,9.24,34.21,27.02,10.46,38.48,27.19,11.88,43.01,27.63,13.55,47.78,28.36,15.03,52.81,28.46,16.3,58.09,28.06,17.52,63.62,27.54
-1,1,1,Sales et al 2016,Ocurrencias,-44.89937493,-21.21214583,Precise,Brazil,Neotropics,Pitheciidae,Callicebus,Callicebus nigrifrons,Callicebus_nigrifrons ,Playback,0,0,0,NA,0,2013,3,days per patch,NA, ,Callicebus nigrifrons ,Callicebus nigrifrons,NA,D,34.5,AR,Frugivore,NA,NA,6,NA,NA,NA,NA,NA,NA,NA,Monogamy, ,2Tropical_and_suptropical_moist_broadleaf_forest,0.138159021,0.79,17.49,0.37,1.54,23.76,0.61,2.54,24.08,1.06,3.8,28.03,NA,5.31,NA,NA,7.07,NA,2.45,9.08,26.97,3.12,11.34,27.54,3.81,13.85,27.48,4.41,16.62,26.52,5.1,19.63,25.96,5.75,22.9,25.11,6.69,26.42,25.31,7.57,30.19,25.08,8.24,34.21,24.1,9.1,38.48,23.64,10.07,43.01,23.41,11.16,47.78,23.36,12.32,52.81,23.33,13.76,58.09,23.68,15.16,63.62,23.83
-1,1,1,Sales et al 2016,Ocurrencias,-44.94899586,-21.16366584,Precise,Brazil,Neotropics,Pitheciidae,Callicebus,Callicebus nigrifrons,Callicebus_nigrifrons ,Playback,1,0,0,NA,0,2013,3,days per patch,NA, ,Callicebus nigrifrons ,Callicebus nigrifrons,NA,D,34.5,AR,Frugivore,NA,NA,6,NA,NA,NA,NA,NA,NA,NA,Monogamy, ,2Tropical_and_suptropical_moist_broadleaf_forest,0.303708992,0.79,38.44,0.63,1.54,40.74,0.95,2.54,37.3,1.23,3.8,32.46,NA,5.31,NA,NA,7.07,NA,2.29,9.08,25.23,2.57,11.34,22.64,3.01,13.85,21.77,3.63,16.62,21.84,4.32,19.63,21.99,4.85,22.9,21.19,5.62,26.42,21.27,6.12,30.19,20.28,6.74,34.21,19.7,7.3,38.48,18.97,8.14,43.01,18.92,8.9,47.78,18.62,9.88,52.81,18.7,11.26,58.09,19.39,12.62,63.62,19.84
-1,1,1,Sales et al 2016,Ocurrencias,-44.94639356,-21.11434929,Precise,Brazil,Neotropics,Pitheciidae,Callicebus,Callicebus nigrifrons,Callicebus_nigrifrons ,Playback,1,0,0,NA,0,2013,3,days per patch,NA, ,Callicebus nigrifrons ,Callicebus nigrifrons,NA,D,34.5,AR,Frugivore,NA,NA,6,NA,NA,NA,NA,NA,NA,NA,Monogamy, ,2Tropical_and_suptropical_moist_broadleaf_forest,0.36058489,0.79,45.64,0.66,1.54,42.8,1.08,2.54,42.35,1.36,3.8,35.72,NA,5.31,NA,NA,7.07,NA,2.62,9.08,28.85,3,11.34,26.44,3.45,13.85,24.91,4.09,16.62,24.64,4.73,19.63,24.09,5.46,22.9,23.85,6.33,26.42,23.96,7.17,30.19,23.76,8.05,34.21,23.54,8.94,38.48,23.23,10.13,43.01,23.54,11.33,47.78,23.71,12.59,52.81,23.84,13.99,58.09,24.08,15.56,63.62,24.45
-1,1,1,Sales et al 2016,Ocurrencias,-44.88295218,-21.26556145,Precise,Brazil,Neotropics,Pitheciidae,Callicebus,Callicebus nigrifrons,Callicebus_nigrifrons ,Playback,0,0,0,NA,0,2013,3,days per patch,NA, ,Callicebus nigrifrons ,Callicebus nigrifrons,NA,D,34.5,AR,Frugivore,NA,NA,6,NA,NA,NA,NA,NA,NA,NA,Monogamy, ,8Tropical and Subtropical Grasslands Savannas and Shrublands,0.297542758,0.79,37.66,0.52,1.54,33.97,0.85,2.54,33.35,1.06,3.8,28.02,1.39,5.31,26.17,1.7,7.07,24,2.1,9.08,23.08,2.46,11.34,21.73,2.87,13.85,20.73,3.44,16.62,20.67,3.87,19.63,19.72,4.43,22.9,19.36,5.01,26.42,18.96,5.55,30.19,18.37,5.98,34.21,17.48,6.63,38.48,17.24,7.39,43.01,17.17,8.03,47.78,16.81,8.87,52.81,16.8,9.77,58.09,16.81,10.71,63.62,16.84
