OID,N,N_study,Source,BASE,X,Y,Precise,Country,Realm,Family,Genus,Taxon,Taxon_ITIS,Sample_met,Ocurrence,N_groups,Abundanc_1,Abundance,Density,Sample_yea,Sampling_e,Sampling_1,ID_Todo,TRAITS,Taxon_IT_1,ITIS_SPECI,BodyMass_k,DielActivi,HomeRange_,Locomotion,TrophicGui,Brain_size,Canine_Dim,MeanGroupS,Interbirth,Gestation,WeaningAge,MaxLongevi,LitterSz,AdultSexRa,Social_Sys,Mating_Sys,FOREST,BIOME,Buffer_500,Area500,FC_500,Buffer_700,Area700,FC_700,Buffer_900,Area900,FC_900,Buffer_110,Area1100,FC1100,Buffer_130,Area1300,FC_1300,Buffer_150,Area1500,FC_1500,Buffer_170,Area1700,FC_1700,Buffer_190,Area1900,FC_1900,Buffer_210,Area2100,FC_2100,Buffer_230,Area2300,FC_2300,Buffer_250,Area2500,FC_2500,Buffer_270,Area2700,FC_2700,Buffer_290,Area2900,FC_2900,Buffer_310,Area3100,FC_3100,Buffer_330,Area3300,FC_3300,Buffer_350,Area3500,FC_3500,Buffer_370,Area3700,F_Buffer_3,Buffer_390,Area_3900,FC_3900,Buffer_410,Area4100,FC_4100,Buffer_430,Area4300,FC_4300,Buffer_450,Area4500,FC_4500
-1,6180,567,DÃ©da Chagas 2009 (thesis),Richness,-37.24617778,-11.18727222,Precise,Brazil,Neotropics,Callitrichidae,Callithrix,Callithrix jacchus,Callithrix_jacchus ,no info,0,0,0, ,0,2008,476.1,km (total distance),NA, ,Callithrix jacchus ,Callithrix jacchus,0.32,D,3.6,AR,Gummivore,7.24,1.056,11,159.8,144,60.24,201.6,2.31,1.26,Pair,Monogamy, ,2Tropical_and_suptropical_moist_broadleaf_forest,0.427490628,0.79,54.11,0.64,1.54,41.5,0.92,2.54,36.18,1.35,3.8,35.47,1.86,5.31,35.01,NA,7.07,NA,3.35,9.08,36.84,4.2,11.34,37,5.02,13.85,36.22,5.96,16.62,35.85,6.89,19.63,35.09,7.86,22.9,34.31,8.86,26.42,33.52,10.06,30.19,33.34,11.2,34.21,32.73,12.22,38.48,31.77,13.11,43.01,30.49,13.79,47.78,28.87,14.84,52.81,28.1,16.16,58.09,27.82,17.4,63.62,27.34
-1,6181,567,DÃ©da Chagas 2009 (thesis),Richness,-37.24805556,-11.17642778,Precise,Brazil,Neotropics,Callitrichidae,Callithrix,Callithrix jacchus,Callithrix_jacchus ,Line transect,1,0,11,sightings per line transect,0,2008,476.1,km (total distance),NA, ,Callithrix jacchus ,Callithrix jacchus,0.32,D,3.6,AR,Gummivore,7.24,1.056,11,159.8,144,60.24,201.6,2.31,1.26,Pair,Monogamy, ,2Tropical_and_suptropical_moist_broadleaf_forest,0.613604224,0.79,77.67,1.1,1.54,71.64,1.71,2.54,67.32,2.37,3.8,62.48,3.07,5.31,57.82,NA,7.07,NA,4.62,9.08,50.83,5.5,11.34,48.53,6.5,13.85,46.91,7.77,16.62,46.73,8.88,19.63,45.26,9.8,22.9,42.77,10.79,26.42,40.83,11.98,30.19,39.67,13.12,34.21,38.34,14.3,38.48,37.17,15.44,43.01,35.91,16.63,47.78,34.8,17.84,52.81,33.77,18.8,58.09,32.37,19.76,63.62,31.06
-1,6182,567,DÃ©da Chagas 2009 (thesis),Richness,-37.25398056,-11.16246667,Precise,Brazil,Neotropics,Callitrichidae,Callithrix,Callithrix jacchus,Callithrix_jacchus ,no info,0,0,0, ,0,2008,476.1,km (total distance),NA, ,Callithrix jacchus ,Callithrix jacchus,0.32,D,3.6,AR,Gummivore,7.24,1.056,11,159.8,144,60.24,201.6,2.31,1.26,Pair,Monogamy, ,2Tropical_and_suptropical_moist_broadleaf_forest,0.603594959,0.79,76.4,1.22,1.54,79.52,2,2.54,78.91,2.92,3.8,76.84,3.91,5.31,73.61,NA,7.07,NA,5.93,9.08,65.26,7.17,11.34,63.24,8.54,13.85,61.66,9.65,16.62,58.04,10.38,19.63,52.87,11.01,22.9,48.1,12.01,26.42,45.44,13.17,30.19,43.62,14.42,34.21,42.15,15.58,38.48,40.49,16.77,43.01,38.99,18.06,47.78,37.81,19.38,52.81,36.7,20.54,58.09,35.36,21.44,63.62,33.7
-1,6183,567,DÃ©da Chagas 2009 (thesis),Richness,-37.25405278,-11.171325,Precise,Brazil,Neotropics,Callitrichidae,Callithrix,Callithrix jacchus,Callithrix_jacchus ,Line transect,1,0,3,sightings per line transect,0,2008,476.1,km (total distance),NA, ,Callithrix jacchus ,Callithrix jacchus,0.32,D,3.6,AR,Gummivore,7.24,1.056,11,159.8,144,60.24,201.6,2.31,1.26,Pair,Monogamy, ,2Tropical_and_suptropical_moist_broadleaf_forest,0.572460115,0.79,72.46,1.24,1.54,80.34,2.12,2.54,83.43,3.19,3.8,83.98,4.27,5.31,80.47,NA,7.07,NA,5.98,9.08,65.87,6.77,11.34,59.68,7.71,13.85,55.68,8.62,16.62,51.86,9.36,19.63,47.68,10.25,22.9,44.75,11.17,26.42,42.29,12.37,30.19,40.97,13.38,34.21,39.11,14.45,38.48,37.54,15.61,43.01,36.29,16.9,47.78,35.37,18.06,52.81,34.2,19.24,58.09,33.12,20.23,63.62,31.8
-1,6184,567,DÃ©da Chagas 2009 (thesis),Richness,-37.25528056,-11.177775,Precise,Brazil,Neotropics,Callitrichidae,Callithrix,Callithrix jacchus,Callithrix_jacchus ,Line transect,1,0,4,sightings per line transect,0,2008,476.1,km (total distance),NA, ,Callithrix jacchus ,Callithrix jacchus,0.32,D,3.6,AR,Gummivore,7.24,1.056,11,159.8,144,60.24,201.6,2.31,1.26,Pair,Monogamy, ,2Tropical_and_suptropical_moist_broadleaf_forest,0.59822962,0.79,75.73,1.04,1.54,67.31,1.6,2.54,63.08,2.28,3.8,59.89,3.05,5.31,57.44,NA,7.07,NA,4.95,9.08,54.53,5.88,11.34,51.85,6.81,13.85,49.2,7.67,16.62,46.17,8.68,19.63,44.24,9.74,22.9,42.52,10.65,26.42,40.32,11.45,30.19,37.93,12.36,34.21,36.13,13.39,38.48,34.78,14.5,43.01,33.71,15.58,47.78,32.6,16.64,52.81,31.51,17.8,58.09,30.64,19.18,63.62,30.15
-1,6185,567,DÃ©da Chagas 2009 (thesis),Richness,-37.26069722,-11.16948333,Precise,Brazil,Neotropics,Callitrichidae,Callithrix,Callithrix jacchus,Callithrix_jacchus ,Line transect,1,0,1,sightings per line transect,0,2008,476.1,km (total distance),NA, ,Callithrix jacchus ,Callithrix jacchus,0.32,D,3.6,AR,Gummivore,7.24,1.056,11,159.8,144,60.24,201.6,2.31,1.26,Pair,Monogamy, ,2Tropical_and_suptropical_moist_broadleaf_forest,0.727436524,0.79,92.08,1.39,1.54,90.47,2.16,2.54,85.1,3,3.8,79.03,3.95,5.31,74.38,NA,7.07,NA,5.82,9.08,64.11,6.84,11.34,60.29,7.76,13.85,56.01,8.52,16.62,51.29,9.39,19.63,47.86,10.31,22.9,45.01,11.19,26.42,42.34,12.05,30.19,39.9,12.89,34.21,37.68,13.73,38.48,35.69,14.54,43.01,33.8,15.69,47.78,32.84,16.92,52.81,32.03,18.24,58.09,31.4,19.68,63.62,30.93
