OID,N,N_study,Source,BASE,X,Y,Precise,Country,Realm,Family,Genus,Taxon,Taxon_ITIS,Sample_met,Ocurrence,N_groups,Abundanc_1,Abundance,Density,Sample_yea,Sampling_e,Sampling_1,ID_Todo,TRAITS,Taxon_IT_1,ITIS_SPECI,BodyMass_k,DielActivi,HomeRange_,Locomotion,TrophicGui,Brain_size,Canine_Dim,MeanGroupS,Interbirth,Gestation,WeaningAge,MaxLongevi,LitterSz,AdultSexRa,Social_Sys,Mating_Sys,FOREST,BIOME,Buffer_500,Area500,FC_500,Buffer_700,Area700,FC_700,Buffer_900,Area900,FC_900,Buffer_110,Area1100,FC1100,Buffer_130,Area1300,FC_1300,Buffer_150,Area1500,FC_1500,Buffer_170,Area1700,FC_1700,Buffer_190,Area1900,FC_1900,Buffer_210,Area2100,FC_2100,Buffer_230,Area2300,FC_2300,Buffer_250,Area2500,FC_2500,Buffer_270,Area2700,FC_2700,Buffer_290,Area2900,FC_2900,Buffer_310,Area3100,FC_3100,Buffer_330,Area3300,FC_3300,Buffer_350,Area3500,FC_3500,Buffer_370,Area3700,F_Buffer_3,Buffer_390,Area_3900,FC_3900,Buffer_410,Area4100,FC_4100,Buffer_430,Area4300,FC_4300,Buffer_450,Area4500,FC_4500
-1,5560,543,Melo et al. 2005,Richness,-42.727708,-20.032601,Precise,Brazil,Neotropics,Pitheciidae,Callicebus,Callicebus nigrifrons,Callicebus_nigrifrons ,"Cover the area by trails, playback recordings",0, , , ,0,2003,234,hours,NA, ,Callicebus nigrifrons ,Callicebus nigrifrons,NA,D,34.5,AR,Frugivore,NA,NA,6,NA,NA,NA,NA,NA,NA,NA,Monogamy, ,2Tropical_and_suptropical_moist_broadleaf_forest,0.687769302,0.79,87.06,1.34,1.54,86.91,2.04,2.54,80.39,2.77,3.8,72.94,3.53,5.31,66.54,NA,7.07,NA,4.54,9.08,50.05,5.12,11.34,45.12,5.83,13.85,42.07,6.56,16.62,39.48,7.54,19.63,38.42,8.69,22.9,37.97,10,26.42,37.83,11.32,30.19,37.5,12.62,34.21,36.88,13.71,38.48,35.63,14.87,43.01,34.58,15.94,47.78,33.36,17.05,52.81,32.28,18.35,58.09,31.59,20.1,63.62,31.6
-1,5561,543,Melo et al. 2005,Richness,-42.732379,-20.074282,Precise,Brazil,Neotropics,Pitheciidae,Callicebus,Callicebus nigrifrons,Callicebus_nigrifrons ,"Cover the area by trails, playback recordings",0, , , ,0,2003,234,hours,NA, ,Callicebus nigrifrons ,Callicebus nigrifrons,NA,D,34.5,AR,Frugivore,NA,NA,6,NA,NA,NA,NA,NA,NA,NA,Monogamy, ,2Tropical_and_suptropical_moist_broadleaf_forest,0.43545761,0.79,55.12,0.67,1.54,43.69,0.96,2.54,37.73,1.31,3.8,34.6,1.73,5.31,32.6,NA,7.07,NA,2.63,9.08,28.91,3.21,11.34,28.28,3.88,13.85,28.01,4.53,16.62,27.26,5.62,19.63,28.63,6.63,22.9,28.95,7.87,26.42,29.78,9.21,30.19,30.52,10.65,34.21,31.12,12.28,38.48,31.9,14.14,43.01,32.87,16.14,47.78,33.79,18.34,52.81,34.74,20.5,58.09,35.3,22.55,63.62,35.45
-1,5562,543,Melo et al. 2005,Richness,-42.738237,-20.06847,Precise,Brazil,Neotropics,Pitheciidae,Callicebus,Callicebus nigrifrons,Callicebus_nigrifrons ,"Cover the area by trails, playback recordings",1, , , ,0,2003,234,hours,NA, ,Callicebus nigrifrons ,Callicebus nigrifrons,NA,D,34.5,AR,Frugivore,NA,NA,6,NA,NA,NA,NA,NA,NA,NA,Monogamy, ,2Tropical_and_suptropical_moist_broadleaf_forest,0.571386526,0.79,72.33,0.96,1.54,62.25,1.34,2.54,52.59,1.72,3.8,45.23,2.18,5.31,41.1,NA,7.07,NA,3.03,9.08,33.37,3.44,11.34,30.3,4.03,13.85,29.12,4.84,16.62,29.09,5.4,19.63,27.5,6.13,22.9,26.76,7.28,26.42,27.55,8.48,30.19,28.1,9.8,34.21,28.66,11.26,38.48,29.25,12.75,43.01,29.64,14.35,47.78,30.03,16.13,52.81,30.54,17.94,58.09,30.89,20.11,63.62,31.61
-1,5563,543,Melo et al. 2005,Richness,-42.741516,-20.130151,Precise,Brazil,Neotropics,Pitheciidae,Callicebus,Callicebus nigrifrons,Callicebus_nigrifrons ,"Cover the area by trails, playback recordings",1, , , ,0,2003,234,hours,NA, ,Callicebus nigrifrons ,Callicebus nigrifrons,NA,D,34.5,AR,Frugivore,NA,NA,6,NA,NA,NA,NA,NA,NA,NA,Monogamy, ,2Tropical_and_suptropical_moist_broadleaf_forest,0.714170626,0.79,90.4,1.16,1.54,75.14,1.65,2.54,64.93,2.42,3.8,63.78,3.27,5.31,61.52,NA,7.07,NA,4.85,9.08,53.44,6,11.34,52.87,6.95,13.85,50.15,7.97,16.62,47.98,9.22,19.63,46.99,10.66,22.9,46.54,12.17,26.42,46.08,13.81,30.19,45.74,15.57,34.21,45.51,17.08,38.48,44.4,18.58,43.01,43.2,19.92,47.78,41.7,21.64,52.81,40.98,23.3,58.09,40.11,24.58,63.62,38.63
-1,5564,543,Melo et al. 2005,Richness,-42.759249,-20.06466,Precise,Brazil,Neotropics,Pitheciidae,Callicebus,Callicebus nigrifrons,Callicebus_nigrifrons ,"Cover the area by trails, playback recordings",1, , , ,0,2003,234,hours,NA, ,Callicebus nigrifrons ,Callicebus nigrifrons,NA,D,34.5,AR,Frugivore,NA,NA,6,NA,NA,NA,NA,NA,NA,NA,Monogamy, ,2Tropical_and_suptropical_moist_broadleaf_forest,0.626464078,0.79,79.3,1.06,1.54,68.58,1.57,2.54,61.68,2.02,3.8,53.27,2.44,5.31,46.02,NA,7.07,NA,3.17,9.08,34.96,3.62,11.34,31.94,4.03,13.85,29.11,4.5,16.62,27.06,5.03,19.63,25.6,5.59,22.9,24.43,6.19,26.42,23.43,6.87,30.19,22.77,7.58,34.21,22.15,8.55,38.48,22.23,9.32,43.01,21.67,10.21,47.78,21.36,11.24,52.81,21.28,12.51,58.09,21.53,13.9,63.62,21.86
