OID,N,N_study,Source,BASE,X,Y,Precise,Country,Realm,Family,Genus,Taxon,Taxon_ITIS,Sample_met,Ocurrence,N_groups,Abundanc_1,Abundance,Density,Sample_yea,Sampling_e,Sampling_1,ID_Todo,TRAITS,Taxon_IT_1,ITIS_SPECI,BodyMass_k,DielActivi,HomeRange_,Locomotion,TrophicGui,Brain_size,Canine_Dim,MeanGroupS,Interbirth,Gestation,WeaningAge,MaxLongevi,LitterSz,AdultSexRa,Social_Sys,Mating_Sys,FOREST,BIOME,Buffer_500,Area500,FC_500,Buffer_700,Area700,FC_700,Buffer_900,Area900,FC_900,Buffer_110,Area1100,FC1100,Buffer_130,Area1300,FC_1300,Buffer_150,Area1500,FC_1500,Buffer_170,Area1700,FC_1700,Buffer_190,Area1900,FC_1900,Buffer_210,Area2100,FC_2100,Buffer_230,Area2300,FC_2300,Buffer_250,Area2500,FC_2500,Buffer_270,Area2700,FC_2700,Buffer_290,Area2900,FC_2900,Buffer_310,Area3100,FC_3100,Buffer_330,Area3300,FC_3300,Buffer_350,Area3500,FC_3500,Buffer_370,Area3700,F_Buffer_3,Buffer_390,Area_3900,FC_3900,Buffer_410,Area4100,FC_4100,Buffer_430,Area4300,FC_4300,Buffer_450,Area4500,FC_4500
-1,5378,5,da Silva et al. 2015,Ocurrencias,-45.92816207,-21.47689797,Precise,Brazil,Neotropics,Pitheciidae,Callicebus,Callicebus nigrifrons,Callicebus_nigrifrons ,Playback sampling,1,0,0,NA,0,2011,0, ,NA, ,Callicebus nigrifrons ,Callicebus nigrifrons,NA,D,34.5,AR,Frugivore,NA,NA,6,NA,NA,NA,NA,NA,NA,NA,Monogamy, ,2Tropical_and_suptropical_moist_broadleaf_forest,0.364878699,0.79,46.19,0.45,1.54,28.99,0.57,2.54,22.27,0.87,3.8,22.96,NA,5.31,NA,NA,7.07,NA,1.37,9.08,15.13,1.58,11.34,13.95,1.81,13.85,13.1,2.09,16.62,12.58,2.5,19.63,12.76,3.14,22.9,13.7,3.86,26.42,14.61,4.67,30.19,15.47,5.41,34.21,15.81,6.26,38.48,16.26,7.12,43.01,16.55,8,47.78,16.75,8.69,52.81,16.46,9.59,58.09,16.5,10.48,63.62,16.48
-1,5379,5,da Silva et al. 2015,Ocurrencias,-45.95952564,-21.47351963,Precise,Brazil,Neotropics,Pitheciidae,Callicebus,Callicebus nigrifrons,Callicebus_nigrifrons ,Playback sampling,1,0,0,NA,0,2011,0, ,NA, ,Callicebus nigrifrons ,Callicebus nigrifrons,NA,D,34.5,AR,Frugivore,NA,NA,6,NA,NA,NA,NA,NA,NA,NA,Monogamy, ,2Tropical_and_suptropical_moist_broadleaf_forest,0.218165075,0.79,27.62,0.28,1.54,18.12,0.39,2.54,15.2,0.5,3.8,13.27,NA,5.31,NA,NA,7.07,NA,1.3,9.08,14.36,1.52,11.34,13.39,1.84,13.85,13.29,2.17,16.62,13.05,2.73,19.63,13.88,3.29,22.9,14.36,3.84,26.42,14.53,4.67,30.19,15.48,5.5,34.21,16.09,6.33,38.48,16.46,7.36,43.01,17.12,8.08,47.78,16.91,8.8,52.81,16.67,9.49,58.09,16.33,10.26,63.62,16.13
-1,5380,5,da Silva et al. 2015,Ocurrencias,-45.98716705,-21.46890162,Precise,Brazil,Neotropics,Pitheciidae,Callicebus,Callicebus nigrifrons,Callicebus_nigrifrons ,Playback sampling,1,0,0,NA,0,2011,0, ,NA, ,Callicebus nigrifrons ,Callicebus nigrifrons,NA,D,34.5,AR,Frugivore,NA,NA,6,NA,NA,NA,NA,NA,NA,NA,Monogamy, ,2Tropical_and_suptropical_moist_broadleaf_forest,0.466850749,0.79,59.1,0.58,1.54,37.93,0.68,2.54,26.77,0.74,3.8,19.46,NA,5.31,NA,NA,7.07,NA,1.12,9.08,12.36,1.27,11.34,11.22,1.47,13.85,10.59,1.75,16.62,10.53,2.04,19.63,10.39,2.36,22.9,10.29,2.72,26.42,10.3,3.06,30.19,10.14,3.36,34.21,9.82,3.85,38.48,10,4.58,43.01,10.65,5.4,47.78,11.29,6.18,52.81,11.69,6.97,58.09,12,7.86,63.62,12.36
-1,5381,5,da Silva et al. 2015,Ocurrencias,-45.96743801,-21.50125124,Precise,Brazil,Neotropics,Pitheciidae,Callicebus,Callicebus nigrifrons,Callicebus_nigrifrons ,Playback sampling,1,0,0,NA,0,2011,0, ,NA, ,Callicebus nigrifrons ,Callicebus nigrifrons,NA,D,34.5,AR,Frugivore,NA,NA,6,NA,NA,NA,NA,NA,NA,NA,Monogamy, ,2Tropical_and_suptropical_moist_broadleaf_forest,0.684051634,0.79,86.59,1,1.54,65.13,1.35,2.54,53.16,1.7,3.8,44.65,NA,5.31,NA,NA,7.07,NA,3.01,9.08,33.14,3.49,11.34,30.74,3.85,13.85,27.82,4.25,16.62,25.58,4.68,19.63,23.82,5.11,22.9,22.34,5.71,26.42,21.6,6.52,30.19,21.6,7.34,34.21,21.45,8.12,38.48,21.11,8.9,43.01,20.68,9.78,47.78,20.47,10.53,52.81,19.94,11.63,58.09,20.02,12.64,63.62,19.87
-1,5382,5,da Silva et al. 2015,Ocurrencias,-45.9561786,-21.51771645,Precise,Brazil,Neotropics,Pitheciidae,Callicebus,Callicebus nigrifrons,Callicebus_nigrifrons ,Playback sampling,0,0,0,NA,0,2011,0, ,NA, ,Callicebus nigrifrons ,Callicebus nigrifrons,NA,D,34.5,AR,Frugivore,NA,NA,6,NA,NA,NA,NA,NA,NA,NA,Monogamy, ,2Tropical_and_suptropical_moist_broadleaf_forest,0.157661489,0.79,19.96,0.36,1.54,23.67,0.66,2.54,25.95,0.99,3.8,26.1,NA,5.31,NA,NA,7.07,NA,2.87,9.08,31.59,3.43,11.34,30.25,4.22,13.85,30.47,5.01,16.62,30.16,6.05,19.63,30.8,7.21,22.9,31.51,8.29,26.42,31.36,9.27,30.19,30.71,10.05,34.21,29.37,10.71,38.48,27.85,11.27,43.01,26.2,11.83,47.78,24.76,12.65,52.81,23.94,13.48,58.09,23.2,14.58,63.62,22.92
-1,5383,5,da Silva et al. 2015,Ocurrencias,-45.94803758,-21.52850443,Precise,Brazil,Neotropics,Pitheciidae,Callicebus,Callicebus nigrifrons,Callicebus_nigrifrons ,Playback sampling,1,0,0,NA,0,2011,0, ,NA, ,Callicebus nigrifrons ,Callicebus nigrifrons,NA,D,34.5,AR,Frugivore,NA,NA,6,NA,NA,NA,NA,NA,NA,NA,Monogamy, ,2Tropical_and_suptropical_moist_broadleaf_forest,0.366927844,0.79,46.45,0.62,1.54,40.1,0.93,2.54,36.68,1.35,3.8,35.6,NA,5.31,NA,NA,7.07,NA,3.1,9.08,34.15,3.73,11.34,32.92,4.41,13.85,31.88,5.32,16.62,31.99,6.28,19.63,32.01,7.21,22.9,31.5,7.93,26.42,30.02,8.69,30.19,28.8,9.6,34.21,28.06,10.78,38.48,28.03,11.95,43.01,27.79,13.19,47.78,27.61,14.4,52.81,27.27,15.63,58.09,26.91,16.85,63.62,26.48
-1,5384,5,da Silva et al. 2015,Ocurrencias,-45.93546845,-21.5090155,Precise,Brazil,Neotropics,Pitheciidae,Callicebus,Callicebus nigrifrons,Callicebus_nigrifrons ,Playback sampling,1,0,0,NA,0,2011,0, ,NA, ,Callicebus nigrifrons ,Callicebus nigrifrons,NA,D,34.5,AR,Frugivore,NA,NA,6,NA,NA,NA,NA,NA,NA,NA,Monogamy, ,2Tropical_and_suptropical_moist_broadleaf_forest,0.258053071,0.79,32.66,0.38,1.54,24.78,0.61,2.54,23.89,0.96,3.8,25.16,NA,5.31,NA,NA,7.07,NA,2.11,9.08,23.2,2.69,11.34,23.72,3.38,13.85,24.37,4.28,16.62,25.72,5.1,19.63,25.97,5.79,22.9,25.29,6.73,26.42,25.46,7.61,30.19,25.2,8.66,34.21,25.32,9.99,38.48,25.95,11.56,43.01,26.88,13.19,47.78,27.6,14.34,52.81,27.16,15.35,58.09,26.43,16.12,63.62,25.34
-1,5385,5,da Silva et al. 2015,Ocurrencias,-45.9148299,-21.5062089,Precise,Brazil,Neotropics,Pitheciidae,Callicebus,Callicebus nigrifrons,Callicebus_nigrifrons ,Playback sampling,1,0,0,NA,0,2011,0, ,NA, ,Callicebus nigrifrons ,Callicebus nigrifrons,NA,D,34.5,AR,Frugivore,NA,NA,6,NA,NA,NA,NA,NA,NA,NA,Monogamy, ,2Tropical_and_suptropical_moist_broadleaf_forest,0.235931682,0.79,29.86,0.34,1.54,22.15,0.53,2.54,20.68,0.91,3.8,23.84,NA,5.31,NA,NA,7.07,NA,1.98,9.08,21.81,2.29,11.34,20.2,2.74,13.85,19.8,3.44,16.62,20.67,4.15,19.63,21.13,4.91,22.9,21.45,5.61,26.42,21.24,6.64,30.19,21.98,7.65,34.21,22.37,8.62,38.48,22.41,9.55,43.01,22.21,10.7,47.78,22.4,12.01,52.81,22.73,13.32,58.09,22.94,14.87,63.62,23.38
-1,5386,5,da Silva et al. 2015,Ocurrencias,-45.88025208,-21.50398086,Precise,Brazil,Neotropics,Pitheciidae,Callicebus,Callicebus nigrifrons,Callicebus_nigrifrons ,Playback sampling,1,0,0,NA,0,2011,0, ,NA, ,Callicebus nigrifrons ,Callicebus nigrifrons,NA,D,34.5,AR,Frugivore,NA,NA,6,NA,NA,NA,NA,NA,NA,NA,Monogamy, ,2Tropical_and_suptropical_moist_broadleaf_forest,0.340195315,0.79,43.06,0.46,1.54,29.87,0.5,2.54,19.77,0.57,3.8,15.01,NA,5.31,NA,NA,7.07,NA,1.33,9.08,14.65,1.64,11.34,14.46,1.97,13.85,14.22,2.46,16.62,14.79,3.01,19.63,15.35,3.75,22.9,16.37,4.67,26.42,17.68,5.53,30.19,18.33,6.23,34.21,18.21,7.22,38.48,18.76,8.03,43.01,18.68,8.95,47.78,18.73,9.9,52.81,18.75,10.89,58.09,18.75,11.96,63.62,18.8
-1,5387,5,da Silva et al. 2015,Ocurrencias,-46.00810593,-21.46776046,Precise,Brazil,Neotropics,Pitheciidae,Callicebus,Callicebus nigrifrons,Callicebus_nigrifrons ,Playback sampling,0,0,0,NA,0,2011,0, ,NA, ,Callicebus nigrifrons ,Callicebus nigrifrons,NA,D,34.5,AR,Frugivore,NA,NA,6,NA,NA,NA,NA,NA,NA,NA,Monogamy, ,2Tropical_and_suptropical_moist_broadleaf_forest,0.142519475,0.79,18.04,0.19,1.54,12.4,0.25,2.54,9.91,0.34,3.8,9.02,NA,5.31,NA,NA,7.07,NA,0.71,9.08,7.87,0.93,11.34,8.22,1.29,13.85,9.31,1.71,16.62,10.28,1.94,19.63,9.89,2.19,22.9,9.56,2.63,26.42,9.96,3.01,30.19,9.97,3.48,34.21,10.16,3.93,38.48,10.22,4.28,43.01,9.95,4.79,47.78,10.01,5.52,52.81,10.45,6.28,58.09,10.82,6.82,63.62,10.72
-1,5388,5,da Silva et al. 2015,Ocurrencias,-46.09464604,-21.42506757,Precise,Brazil,Neotropics,Pitheciidae,Callicebus,Callicebus nigrifrons,Callicebus_nigrifrons ,Playback sampling,1,0,0,NA,0,2011,0, ,NA, ,Callicebus nigrifrons ,Callicebus nigrifrons,NA,D,34.5,AR,Frugivore,NA,NA,6,NA,NA,NA,NA,NA,NA,NA,Monogamy, ,2Tropical_and_suptropical_moist_broadleaf_forest,0.273594718,0.79,34.63,0.39,1.54,25.12,0.49,2.54,19.36,0.61,3.8,15.93,NA,5.31,NA,NA,7.07,NA,1.21,9.08,13.37,1.52,11.34,13.38,1.84,13.85,13.31,2.32,16.62,13.94,2.68,19.63,13.63,3.17,22.9,13.83,3.76,26.42,14.25,4.52,30.19,14.96,5.38,34.21,15.73,6.26,38.48,16.28,7.18,43.01,16.69,8.01,47.78,16.76,8.75,52.81,16.57,9.36,58.09,16.12,10.1,63.62,15.88
-1,5389,5,da Silva et al. 2015,Ocurrencias,-46.12464768,-21.4237477,Precise,Brazil,Neotropics,Pitheciidae,Callicebus,Callicebus nigrifrons,Callicebus_nigrifrons ,Playback sampling,1,0,0,NA,0,2011,0, ,NA, ,Callicebus nigrifrons ,Callicebus nigrifrons,NA,D,34.5,AR,Frugivore,NA,NA,6,NA,NA,NA,NA,NA,NA,NA,Monogamy, ,2Tropical_and_suptropical_moist_broadleaf_forest,0.496875453,0.79,62.9,0.69,1.54,45.11,0.92,2.54,36.24,1.29,3.8,34.02,NA,5.31,NA,NA,7.07,NA,2.87,9.08,31.62,3.42,11.34,30.2,4.07,13.85,29.36,4.62,16.62,27.81,5.28,19.63,26.92,6.12,22.9,26.7,6.93,26.42,26.23,7.64,30.19,25.3,8.2,34.21,23.96,8.5,38.48,22.08,8.94,43.01,20.79,9.49,47.78,19.86,10.06,52.81,19.05,10.63,58.09,18.31,11.15,63.62,17.53
-1,5390,5,da Silva et al. 2015,Ocurrencias,-46.11801174,-21.44056305,Precise,Brazil,Neotropics,Pitheciidae,Callicebus,Callicebus nigrifrons,Callicebus_nigrifrons ,Playback sampling,0,0,0,NA,0,2011,0, ,NA, ,Callicebus nigrifrons ,Callicebus nigrifrons,NA,D,34.5,AR,Frugivore,NA,NA,6,NA,NA,NA,NA,NA,NA,NA,Monogamy, ,2Tropical_and_suptropical_moist_broadleaf_forest,0.207477782,0.79,26.26,0.3,1.54,19.25,0.44,2.54,17.19,0.71,3.8,18.56,NA,5.31,NA,NA,7.07,NA,1.35,9.08,14.92,1.77,11.34,15.63,2.37,13.85,17.12,2.79,16.62,16.78,3.07,19.63,15.62,3.39,22.9,14.79,4.15,26.42,15.71,5.29,30.19,17.53,6.5,34.21,18.99,7.63,38.48,19.84,8.57,43.01,19.92,9.19,47.78,19.24,9.88,52.81,18.72,10.83,58.09,18.64,11.72,63.62,18.43
-1,5391,5,da Silva et al. 2015,Ocurrencias,-46.12017299,-21.44917101,Precise,Brazil,Neotropics,Pitheciidae,Callicebus,Callicebus nigrifrons,Callicebus_nigrifrons ,Playback sampling,1,0,0,NA,0,2011,0, ,NA, ,Callicebus nigrifrons ,Callicebus nigrifrons,NA,D,34.5,AR,Frugivore,NA,NA,6,NA,NA,NA,NA,NA,NA,NA,Monogamy, ,2Tropical_and_suptropical_moist_broadleaf_forest,0.169396846,0.79,21.44,0.33,1.54,21.16,0.44,2.54,17.4,0.66,3.8,17.34,NA,5.31,NA,NA,7.07,NA,1.3,9.08,14.35,1.74,11.34,15.37,2.19,13.85,15.82,2.56,16.62,15.42,2.89,19.63,14.71,3.3,22.9,14.43,3.88,26.42,14.68,4.68,30.19,15.52,5.49,34.21,16.03,6.06,38.48,15.75,6.93,43.01,16.12,8.07,47.78,16.89,9.34,52.81,17.69,10.55,58.09,18.17,11.82,63.62,18.58
-1,5392,5,da Silva et al. 2015,Ocurrencias,-46.14860405,-21.4362066,Precise,Brazil,Neotropics,Pitheciidae,Callicebus,Callicebus nigrifrons,Callicebus_nigrifrons ,Playback sampling,0,0,0,NA,0,2011,0, ,NA, ,Callicebus nigrifrons ,Callicebus nigrifrons,NA,D,34.5,AR,Frugivore,NA,NA,6,NA,NA,NA,NA,NA,NA,NA,Monogamy, ,2Tropical_and_suptropical_moist_broadleaf_forest,0.351674647,0.79,44.52,0.42,1.54,27.2,0.65,2.54,25.67,0.89,3.8,23.3,NA,5.31,NA,NA,7.07,NA,1.81,9.08,19.93,2.25,11.34,19.83,2.67,13.85,19.25,2.98,16.62,17.94,3.48,19.63,17.7,4.22,22.9,18.43,5.02,26.42,19.01,5.75,30.19,19.05,6.47,34.21,18.92,7.29,38.48,18.94,8.14,43.01,18.93,9.21,47.78,19.27,10.26,52.81,19.42,11.54,58.09,19.87,12.5,63.62,19.64
-1,5393,5,da Silva et al. 2015,Ocurrencias,-46.14851047,-21.44427139,Precise,Brazil,Neotropics,Pitheciidae,Callicebus,Callicebus nigrifrons,Callicebus_nigrifrons ,Playback sampling,1,0,0,NA,0,2011,0, ,NA, ,Callicebus nigrifrons ,Callicebus nigrifrons,NA,D,34.5,AR,Frugivore,NA,NA,6,NA,NA,NA,NA,NA,NA,NA,Monogamy, ,2Tropical_and_suptropical_moist_broadleaf_forest,0.303969008,0.79,38.48,0.49,1.54,31.76,0.83,2.54,32.58,1.16,3.8,30.4,NA,5.31,NA,NA,7.07,NA,2.36,9.08,25.96,2.62,11.34,23.12,2.95,13.85,21.28,3.32,16.62,19.96,3.6,19.63,18.32,3.97,22.9,17.33,4.49,26.42,17,4.99,30.19,16.54,5.78,34.21,16.9,6.78,38.48,17.63,7.66,43.01,17.82,8.71,47.78,18.24,9.79,52.81,18.53,10.64,58.09,18.32,11.77,63.62,18.5
-1,5394,5,da Silva et al. 2015,Ocurrencias,-46.16129403,-21.45747723,Precise,Brazil,Neotropics,Pitheciidae,Callicebus,Callicebus nigrifrons,Callicebus_nigrifrons ,Playback sampling,1,0,0,NA,0,2011,0, ,NA, ,Callicebus nigrifrons ,Callicebus nigrifrons,NA,D,34.5,AR,Frugivore,NA,NA,6,NA,NA,NA,NA,NA,NA,NA,Monogamy, ,2Tropical_and_suptropical_moist_broadleaf_forest,0.188209593,0.79,23.82,0.35,1.54,23.04,0.63,2.54,24.83,0.98,3.8,25.66,NA,5.31,NA,NA,7.07,NA,2.08,9.08,22.9,2.54,11.34,22.36,2.88,13.85,20.81,3.13,16.62,18.83,3.36,19.63,17.12,3.67,22.9,16.01,4.25,26.42,16.1,4.97,30.19,16.46,5.59,34.21,16.34,6.2,38.48,16.12,6.69,43.01,15.56,7.36,47.78,15.4,8.31,52.81,15.74,9.26,58.09,15.94,10.32,63.62,16.22
-1,5395,5,da Silva et al. 2015,Ocurrencias,-46.16619972,-21.46205087,Precise,Brazil,Neotropics,Pitheciidae,Callicebus,Callicebus nigrifrons,Callicebus_nigrifrons ,Playback sampling,1,0,0,NA,0,2011,0, ,NA, ,Callicebus nigrifrons ,Callicebus nigrifrons,NA,D,34.5,AR,Frugivore,NA,NA,6,NA,NA,NA,NA,NA,NA,NA,Monogamy, ,2Tropical_and_suptropical_moist_broadleaf_forest,0.342219403,0.79,43.32,0.58,1.54,37.4,0.8,2.54,31.39,1.02,3.8,26.74,NA,5.31,NA,NA,7.07,NA,1.83,9.08,20.18,2,11.34,17.62,2.23,13.85,16.09,2.69,16.62,16.21,3.21,19.63,16.36,3.79,22.9,16.54,4.3,26.42,16.26,4.69,30.19,15.55,5.33,34.21,15.57,6.03,38.48,15.68,6.73,43.01,15.65,7.53,47.78,15.76,8.23,52.81,15.59,9.07,58.09,15.62,10.21,63.62,16.05
-1,5396,5,da Silva et al. 2015,Ocurrencias,-46.16056404,-21.47071896,Precise,Brazil,Neotropics,Pitheciidae,Callicebus,Callicebus nigrifrons,Callicebus_nigrifrons ,Playback sampling,1,0,0,NA,0,2011,0, ,NA, ,Callicebus nigrifrons ,Callicebus nigrifrons,NA,D,34.5,AR,Frugivore,NA,NA,6,NA,NA,NA,NA,NA,NA,NA,Monogamy, ,2Tropical_and_suptropical_moist_broadleaf_forest,0.250863527,0.79,31.75,0.28,1.54,17.94,0.43,2.54,16.81,0.58,3.8,15.39,NA,5.31,NA,NA,7.07,NA,1.54,9.08,16.98,1.95,11.34,17.17,2.38,13.85,17.15,2.85,16.62,17.15,3.36,19.63,17.11,3.88,22.9,16.93,4.42,26.42,16.73,4.99,30.19,16.51,5.59,34.21,16.35,6.21,38.48,16.14,6.91,43.01,16.06,7.68,47.78,16.08,8.72,52.81,16.51,9.56,58.09,16.45,10.25,63.62,16.11
-1,5397,5,da Silva et al. 2015,Ocurrencias,-46.16112351,-21.39780577,Precise,Brazil,Neotropics,Pitheciidae,Callicebus,Callicebus nigrifrons,Callicebus_nigrifrons ,Playback sampling,1,0,0,NA,0,2011,0, ,NA, ,Callicebus nigrifrons ,Callicebus nigrifrons,NA,D,34.5,AR,Frugivore,NA,NA,6,NA,NA,NA,NA,NA,NA,NA,Monogamy, ,2Tropical_and_suptropical_moist_broadleaf_forest,0.457882823,0.79,57.96,0.59,1.54,38.52,0.81,2.54,31.77,1.07,3.8,28.12,NA,5.31,NA,NA,7.07,NA,2.21,9.08,24.37,2.72,11.34,23.96,3.15,13.85,22.75,3.47,16.62,20.86,3.8,19.63,19.34,4.26,22.9,18.62,4.98,26.42,18.86,5.85,30.19,19.38,6.67,34.21,19.49,7.28,38.48,18.92,7.99,43.01,18.58,8.74,47.78,18.3,9.52,52.81,18.04,10.49,58.09,18.06,11.71,63.62,18.4
-1,5398,5,da Silva et al. 2015,Ocurrencias,-45.99546816,-21.37649706,Precise,Brazil,Neotropics,Pitheciidae,Callicebus,Callicebus nigrifrons,Callicebus_nigrifrons ,Playback sampling,1,0,0,NA,0,2011,0, ,NA, ,Callicebus nigrifrons ,Callicebus nigrifrons,NA,D,34.5,AR,Frugivore,NA,NA,6,NA,NA,NA,NA,NA,NA,NA,Monogamy, ,2Tropical_and_suptropical_moist_broadleaf_forest,0.340826382,0.79,43.14,0.37,1.54,24.02,0.41,2.54,16.11,0.51,3.8,13.42,NA,5.31,NA,NA,7.07,NA,0.87,9.08,9.62,0.97,11.34,8.52,1.17,13.85,8.44,1.39,16.62,8.35,1.64,19.63,8.33,1.9,22.9,8.32,2.13,26.42,8.08,2.35,30.19,7.77,2.53,34.21,7.4,2.73,38.48,7.09,2.94,43.01,6.83,3.2,47.78,6.69,3.57,52.81,6.75,3.86,58.09,6.64,4.32,63.62,6.79
-1,5399,5,da Silva et al. 2015,Ocurrencias,-45.92744169,-21.38252264,Precise,Brazil,Neotropics,Pitheciidae,Callicebus,Callicebus nigrifrons,Callicebus_nigrifrons ,Playback sampling,1,0,0,NA,0,2011,0, ,NA, ,Callicebus nigrifrons ,Callicebus nigrifrons,NA,D,34.5,AR,Frugivore,NA,NA,6,NA,NA,NA,NA,NA,NA,NA,Monogamy, ,2Tropical_and_suptropical_moist_broadleaf_forest,0.543394804,0.79,68.78,0.73,1.54,47.71,0.78,2.54,30.83,0.85,3.8,22.29,NA,5.31,NA,NA,7.07,NA,1.27,9.08,14.03,1.37,11.34,12.09,1.6,13.85,11.55,1.83,16.62,11.04,2.15,19.63,10.97,2.48,22.9,10.83,2.8,26.42,10.59,3.16,30.19,10.46,3.6,34.21,10.54,4.12,38.48,10.69,4.53,43.01,10.53,5.07,47.78,10.61,5.49,52.81,10.4,5.74,58.09,9.89,6.01,63.62,9.45
-1,5400,5,da Silva et al. 2015,Ocurrencias,-45.84286863,-21.35907775,Precise,Brazil,Neotropics,Pitheciidae,Callicebus,Callicebus nigrifrons,Callicebus_nigrifrons ,Playback sampling,1,0,0,NA,0,2011,0, ,NA, ,Callicebus nigrifrons ,Callicebus nigrifrons,NA,D,34.5,AR,Frugivore,NA,NA,6,NA,NA,NA,NA,NA,NA,NA,Monogamy, ,2Tropical_and_suptropical_moist_broadleaf_forest,0.410452381,0.79,51.96,0.61,1.54,39.78,0.82,2.54,32.29,1.04,3.8,27.39,NA,5.31,NA,NA,7.07,NA,1.73,9.08,19.01,1.81,11.34,15.96,1.84,13.85,13.27,1.87,16.62,11.28,2.07,19.63,10.54,2.52,22.9,10.99,3.29,26.42,12.45,3.99,30.19,13.2,4.74,34.21,13.87,5.52,38.48,14.35,6.26,43.01,14.55,6.95,47.78,14.55,7.56,52.81,14.32,8.25,58.09,14.21,9.04,63.62,14.21
-1,5401,5,da Silva et al. 2015,Ocurrencias,-45.84835124,-21.33283343,Precise,Brazil,Neotropics,Pitheciidae,Callicebus,Callicebus nigrifrons,Callicebus_nigrifrons ,Playback sampling,1,0,0,NA,0,2011,0, ,NA, ,Callicebus nigrifrons ,Callicebus nigrifrons,NA,D,34.5,AR,Frugivore,NA,NA,6,NA,NA,NA,NA,NA,NA,NA,Monogamy, ,2Tropical_and_suptropical_moist_broadleaf_forest,0.690224474,0.79,87.37,0.92,1.54,59.65,1.04,2.54,41,1.09,3.8,28.69,NA,5.31,NA,NA,7.07,NA,1.63,9.08,17.91,1.91,11.34,16.81,2.09,13.85,15.07,2.39,16.62,14.35,2.74,19.63,13.94,3.22,22.9,14.06,3.66,26.42,13.84,4.06,30.19,13.46,4.55,34.21,13.31,5.26,38.48,13.68,6.04,43.01,14.04,6.74,47.78,14.1,7.47,52.81,14.14,8.34,58.09,14.37,9.02,63.62,14.18
-1,5402,5,da Silva et al. 2015,Ocurrencias,-45.8631207,-21.33364163,Precise,Brazil,Neotropics,Pitheciidae,Callicebus,Callicebus nigrifrons,Callicebus_nigrifrons ,Playback sampling,1,0,0,NA,0,2011,0, ,NA, ,Callicebus nigrifrons ,Callicebus nigrifrons,NA,D,34.5,AR,Frugivore,NA,NA,6,NA,NA,NA,NA,NA,NA,NA,Monogamy, ,2Tropical_and_suptropical_moist_broadleaf_forest,0.336443095,0.79,42.59,0.46,1.54,30.14,0.69,2.54,26.99,1,3.8,26.39,NA,5.31,NA,NA,7.07,NA,2.34,9.08,25.82,2.78,11.34,24.47,3.18,13.85,22.93,3.35,16.62,20.13,3.59,19.63,18.31,4.16,22.9,18.16,5.04,26.42,19.08,5.75,30.19,19.05,6.59,34.21,19.27,7.48,38.48,19.43,8.24,43.01,19.16,8.82,47.78,18.45,9.25,52.81,17.51,9.82,58.09,16.9,10.32,63.62,16.22
-1,5403,5,da Silva et al. 2015,Ocurrencias,-45.85788567,-21.3421029,Precise,Brazil,Neotropics,Pitheciidae,Callicebus,Callicebus nigrifrons,Callicebus_nigrifrons ,Playback sampling,1,0,0,NA,0,2011,0, ,NA, ,Callicebus nigrifrons ,Callicebus nigrifrons,NA,D,34.5,AR,Frugivore,NA,NA,6,NA,NA,NA,NA,NA,NA,NA,Monogamy, ,2Tropical_and_suptropical_moist_broadleaf_forest,0.16829565,0.79,21.3,0.22,1.54,14.19,0.32,2.54,12.72,0.6,3.8,15.82,NA,5.31,NA,NA,7.07,NA,1.8,9.08,19.84,2.37,11.34,20.86,3,13.85,21.65,3.49,16.62,21.02,4.05,19.63,20.64,4.61,22.9,20.14,4.99,26.42,18.87,5.34,30.19,17.7,5.73,34.21,16.74,6.23,38.48,16.19,6.91,43.01,16.07,7.59,47.78,15.89,8.27,52.81,15.66,9.05,58.09,15.58,10.01,63.62,15.73
-1,5404,5,da Silva et al. 2015,Ocurrencias,-45.88624161,-21.31551718,Precise,Brazil,Neotropics,Pitheciidae,Callicebus,Callicebus nigrifrons,Callicebus_nigrifrons ,Playback sampling,1,0,0,NA,0,2011,0, ,NA, ,Callicebus nigrifrons ,Callicebus nigrifrons,NA,D,34.5,AR,Frugivore,NA,NA,6,NA,NA,NA,NA,NA,NA,NA,Monogamy, ,2Tropical_and_suptropical_moist_broadleaf_forest,0.167015805,0.79,21.14,0.3,1.54,19.27,0.61,2.54,24.19,1.05,3.8,27.74,NA,5.31,NA,NA,7.07,NA,2.8,9.08,30.81,3.36,11.34,29.65,3.88,13.85,28.01,4.3,16.62,25.88,4.93,19.63,25.12,5.47,22.9,23.88,5.88,26.42,22.24,6.28,30.19,20.79,6.75,34.21,19.73,7.26,38.48,18.87,7.75,43.01,18.02,8.21,47.78,17.18,8.74,52.81,16.54,9.6,58.09,16.53,10.57,63.62,16.62
-1,5405,5,da Silva et al. 2015,Ocurrencias,-45.87822152,-21.31305704,Precise,Brazil,Neotropics,Pitheciidae,Callicebus,Callicebus nigrifrons,Callicebus_nigrifrons ,Playback sampling,1,0,0,NA,0,2011,0, ,NA, ,Callicebus nigrifrons ,Callicebus nigrifrons,NA,D,34.5,AR,Frugivore,NA,NA,6,NA,NA,NA,NA,NA,NA,NA,Monogamy, ,2Tropical_and_suptropical_moist_broadleaf_forest,0.357770248,0.79,45.29,0.61,1.54,39.59,0.99,2.54,38.88,1.47,3.8,38.75,NA,5.31,NA,NA,7.07,NA,2.66,9.08,29.3,3.08,11.34,27.13,3.76,13.85,27.15,4.34,16.62,26.11,4.96,19.63,25.25,5.41,22.9,23.62,5.91,26.42,22.36,6.41,30.19,21.24,6.85,34.21,20.01,7.36,38.48,19.13,7.95,43.01,18.47,8.45,47.78,17.67,8.92,52.81,16.89,9.4,58.09,16.19,9.78,63.62,15.37
-1,5406,5,da Silva et al. 2015,Ocurrencias,-45.8570625,-21.30461559,Precise,Brazil,Neotropics,Pitheciidae,Callicebus,Callicebus nigrifrons,Callicebus_nigrifrons ,Playback sampling,0,0,0,NA,0,2011,0, ,NA, ,Callicebus nigrifrons ,Callicebus nigrifrons,NA,D,34.5,AR,Frugivore,NA,NA,6,NA,NA,NA,NA,NA,NA,NA,Monogamy, ,2Tropical_and_suptropical_moist_broadleaf_forest,0.13643913,0.79,17.27,0.16,1.54,10.39,0.18,2.54,7.25,0.24,3.8,6.25,NA,5.31,NA,NA,7.07,NA,0.92,9.08,10.14,1.27,11.34,11.24,1.55,13.85,11.17,1.91,16.62,11.5,2.26,19.63,11.5,2.67,22.9,11.64,3.14,26.42,11.89,3.96,30.19,13.12,4.81,34.21,14.05,5.74,38.48,14.91,6.52,43.01,15.16,7.24,47.78,15.16,7.93,52.81,15.01,8.65,58.09,14.9,9.45,63.62,14.85
-1,5407,5,da Silva et al. 2015,Ocurrencias,-45.8870772,-21.37596075,Precise,Brazil,Neotropics,Pitheciidae,Callicebus,Callicebus nigrifrons,Callicebus_nigrifrons ,Playback sampling,0,0,0,NA,0,2011,0, ,NA, ,Callicebus nigrifrons ,Callicebus nigrifrons,NA,D,34.5,AR,Frugivore,NA,NA,6,NA,NA,NA,NA,NA,NA,NA,Monogamy, ,2Tropical_and_suptropical_moist_broadleaf_forest,0.090519844,0.79,11.46,0.27,1.54,17.38,0.42,2.54,16.69,0.59,3.8,15.54,NA,5.31,NA,NA,7.07,NA,1.13,9.08,12.46,1.21,11.34,10.71,1.37,13.85,9.92,1.61,16.62,9.69,2.06,19.63,10.5,2.61,22.9,11.4,2.93,26.42,11.1,3.32,30.19,11.01,3.69,34.21,10.79,4.07,38.48,10.56,4.49,43.01,10.43,5.13,47.78,10.74,6.09,52.81,11.53,7.21,58.09,12.41,8.33,63.62,13.1
-1,5408,5,da Silva et al. 2015,Ocurrencias,-45.88510213,-21.38908657,Precise,Brazil,Neotropics,Pitheciidae,Callicebus,Callicebus nigrifrons,Callicebus_nigrifrons ,Playback sampling,0,0,0,NA,0,2011,0, ,NA, ,Callicebus nigrifrons ,Callicebus nigrifrons,NA,D,34.5,AR,Frugivore,NA,NA,6,NA,NA,NA,NA,NA,NA,NA,Monogamy, ,2Tropical_and_suptropical_moist_broadleaf_forest,0.04241714,0.79,5.37,0.07,1.54,4.84,0.11,2.54,4.2,0.13,3.8,3.42,NA,5.31,NA,NA,7.07,NA,0.43,9.08,4.73,0.66,11.34,5.84,0.92,13.85,6.68,1.27,16.62,7.65,1.59,19.63,8.08,1.94,22.9,8.49,2.39,26.42,9.04,3.1,30.19,10.26,3.87,34.21,11.31,4.48,38.48,11.65,5.11,43.01,11.89,5.8,47.78,12.13,6.53,52.81,12.36,7.15,58.09,12.31,7.71,63.62,12.12
-1,5409,5,da Silva et al. 2015,Ocurrencias,-45.96554188,-21.47901356,Precise,Brazil,Neotropics,Pitheciidae,Callicebus,Callicebus nigrifrons,Callicebus_nigrifrons ,Playback sampling,0,0,0,NA,0,2011,0, ,NA, ,Callicebus nigrifrons ,Callicebus nigrifrons,NA,D,34.5,AR,Frugivore,NA,NA,6,NA,NA,NA,NA,NA,NA,NA,Monogamy, ,2Tropical_and_suptropical_moist_broadleaf_forest,0.125348144,0.79,15.87,0.18,1.54,11.62,0.26,2.54,10.16,0.43,3.8,11.3,NA,5.31,NA,NA,7.07,NA,0.97,9.08,10.73,1.24,11.34,10.92,1.57,13.85,11.37,2.19,16.62,13.2,3.03,19.63,15.44,3.97,22.9,17.33,4.71,26.42,17.83,5.48,30.19,18.14,6.18,34.21,18.08,6.79,38.48,17.65,7.42,43.01,17.26,8.4,47.78,17.59,9.29,52.81,17.59,10.18,58.09,17.52,11.06,63.62,17.39
-1,5410,5,da Silva et al. 2015,Ocurrencias,-45.96206853,-21.51415386,Precise,Brazil,Neotropics,Pitheciidae,Callicebus,Callicebus nigrifrons,Callicebus_nigrifrons ,Playback sampling,0,0,0,NA,0,2011,0, ,NA, ,Callicebus nigrifrons ,Callicebus nigrifrons,NA,D,34.5,AR,Frugivore,NA,NA,6,NA,NA,NA,NA,NA,NA,NA,Monogamy, ,2Tropical_and_suptropical_moist_broadleaf_forest,0.13661344,0.79,17.29,0.41,1.54,26.6,0.8,2.54,31.62,1.33,3.8,35.12,NA,5.31,NA,NA,7.07,NA,3.02,9.08,33.3,3.64,11.34,32.11,4.22,13.85,30.46,4.85,16.62,29.16,5.52,19.63,28.14,6.43,22.9,28.08,7.21,26.42,27.27,7.93,30.19,26.26,8.87,34.21,25.92,9.72,38.48,25.27,10.47,43.01,24.34,11.28,47.78,23.61,12.03,52.81,22.78,13.15,58.09,22.64,14.26,63.62,22.42
-1,5411,5,da Silva et al. 2015,Ocurrencias,-45.98796827,-21.51380882,Precise,Brazil,Neotropics,Pitheciidae,Callicebus,Callicebus nigrifrons,Callicebus_nigrifrons ,Playback sampling,0,0,0,NA,0,2011,0, ,NA, ,Callicebus nigrifrons ,Callicebus nigrifrons,NA,D,34.5,AR,Frugivore,NA,NA,6,NA,NA,NA,NA,NA,NA,NA,Monogamy, ,2Tropical_and_suptropical_moist_broadleaf_forest,0.227956342,0.79,28.86,0.36,1.54,23.21,0.47,2.54,18.48,0.58,3.8,15.15,NA,5.31,NA,NA,7.07,NA,1.5,9.08,16.53,1.96,11.34,17.25,2.39,13.85,17.25,2.89,16.62,17.42,3.48,19.63,17.75,4,22.9,17.48,4.69,26.42,17.76,5.36,30.19,17.77,6.04,34.21,17.64,7,38.48,18.18,7.98,43.01,18.56,9.01,47.78,18.85,9.95,52.81,18.85,10.86,58.09,18.69,12.08,63.62,18.98
-1,5412,5,da Silva et al. 2015,Ocurrencias,-45.8742724,-21.49552568,Precise,Brazil,Neotropics,Pitheciidae,Callicebus,Callicebus nigrifrons,Callicebus_nigrifrons ,Playback sampling,0,0,0,NA,0,2011,0, ,NA, ,Callicebus nigrifrons ,Callicebus nigrifrons,NA,D,34.5,AR,Frugivore,NA,NA,6,NA,NA,NA,NA,NA,NA,NA,Monogamy, ,2Tropical_and_suptropical_moist_broadleaf_forest,0.039913174,0.79,5.05,0.12,1.54,7.8,0.3,2.54,11.77,0.5,3.8,13.21,NA,5.31,NA,NA,7.07,NA,1.55,9.08,17.12,1.92,11.34,16.97,2.24,13.85,16.16,2.54,16.62,15.31,3.01,19.63,15.31,3.67,22.9,16.03,4.12,26.42,15.58,4.59,30.19,15.2,5.34,34.21,15.6,6.15,38.48,15.98,6.99,43.01,16.25,7.81,47.78,16.34,8.55,52.81,16.18,9.35,58.09,16.1,10.33,63.62,16.24
-1,5413,5,da Silva et al. 2015,Ocurrencias,-46.06434152,-21.4567797,Precise,Brazil,Neotropics,Pitheciidae,Callicebus,Callicebus nigrifrons,Callicebus_nigrifrons ,Playback sampling,0,0,0,NA,0,2011,0, ,NA, ,Callicebus nigrifrons ,Callicebus nigrifrons,NA,D,34.5,AR,Frugivore,NA,NA,6,NA,NA,NA,NA,NA,NA,NA,Monogamy, ,2Tropical_and_suptropical_moist_broadleaf_forest,0.104774155,0.79,13.26,0.22,1.54,14.23,0.33,2.54,13.16,0.46,3.8,12.1,NA,5.31,NA,NA,7.07,NA,1.39,9.08,15.29,1.85,11.34,16.29,2.34,13.85,16.89,2.7,16.62,16.25,3.02,19.63,15.37,3.27,22.9,14.27,3.57,26.42,13.5,3.85,30.19,12.76,4.25,34.21,12.42,4.67,38.48,12.13,5.03,43.01,11.7,5.5,47.78,11.52,6.01,52.81,11.38,6.46,58.09,11.11,6.92,63.62,10.88
