OID,N,N_study,Source,BASE,X,Y,Precise,Country,Realm,Family,Genus,Taxon,Taxon_ITIS,Sample_met,Ocurrence,N_groups,Abundanc_1,Abundance,Density,Sample_yea,Sampling_e,Sampling_1,ID_Todo,TRAITS,Taxon_IT_1,ITIS_SPECI,BodyMass_k,DielActivi,HomeRange_,Locomotion,TrophicGui,Brain_size,Canine_Dim,MeanGroupS,Interbirth,Gestation,WeaningAge,MaxLongevi,LitterSz,AdultSexRa,Social_Sys,Mating_Sys,FOREST,BIOME,Buffer_500,Area500,FC_500,Buffer_700,Area700,FC_700,Buffer_900,Area900,FC_900,Buffer_110,Area1100,FC1100,Buffer_130,Area1300,FC_1300,Buffer_150,Area1500,FC_1500,Buffer_170,Area1700,FC_1700,Buffer_190,Area1900,FC_1900,Buffer_210,Area2100,FC_2100,Buffer_230,Area2300,FC_2300,Buffer_250,Area2500,FC_2500,Buffer_270,Area2700,FC_2700,Buffer_290,Area2900,FC_2900,Buffer_310,Area3100,FC_3100,Buffer_330,Area3300,FC_3300,Buffer_350,Area3500,FC_3500,Buffer_370,Area3700,F_Buffer_3,Buffer_390,Area_3900,FC_3900,Buffer_410,Area4100,FC_4100,Buffer_430,Area4300,FC_4300,Buffer_450,Area4500,FC_4500
-1,5451,59,"Gestich, 2016",Richness,-47.56750556,-21.81781389,Precise,Brazil,Neotropics,Pitheciidae,Callicebus,Callicebus nigrifrons,Callicebus_nigrifrons ,Fragment sampling and playback,0, , , ,0,2013,0, ,NA, ,Callicebus nigrifrons ,Callicebus nigrifrons,NA,D,34.5,AR,Frugivore,NA,NA,6,NA,NA,NA,NA,NA,NA,NA,Monogamy, ,8Tropical and Subtropical Grasslands Savannas and Shrublands,0.499613955,0.79,63.24,0.6,1.54,38.73,0.64,2.54,25.14,0.73,3.8,19.25,0.88,5.31,16.62,1.05,7.07,14.9,1.35,9.08,14.92,1.62,11.34,14.33,1.89,13.85,13.67,2.1,16.62,12.62,2.5,19.63,12.72,3.01,22.9,13.16,3.61,26.42,13.67,4.27,30.19,14.16,5.07,34.21,14.81,5.52,38.48,14.35,6.05,43.01,14.07,6.66,47.78,13.93,7.29,52.81,13.8,8.01,58.09,13.79,8.88,63.62,13.96
-1,5452,59,"Gestich, 2016",Richness,-47.6527,-21.73751111,Precise,Brazil,Neotropics,Pitheciidae,Callicebus,Callicebus nigrifrons,Callicebus_nigrifrons ,Fragment sampling and playback,1, , , ,0,2013,0, ,NA, ,Callicebus nigrifrons ,Callicebus nigrifrons,NA,D,34.5,AR,Frugivore,NA,NA,6,NA,NA,NA,NA,NA,NA,NA,Monogamy, ,8Tropical and Subtropical Grasslands Savannas and Shrublands,0.424459111,0.79,53.73,0.91,1.54,58.91,1.23,2.54,48.53,1.36,3.8,35.75,1.49,5.31,28.11,1.62,7.07,22.94,1.71,9.08,18.85,1.79,11.34,15.76,1.93,13.85,13.91,2.09,16.62,12.59,2.28,19.63,11.61,2.5,22.9,10.92,2.74,26.42,10.36,3.17,30.19,10.49,3.57,34.21,10.44,3.89,38.48,10.12,4.13,43.01,9.59,4.51,47.78,9.43,5.15,52.81,9.74,5.79,58.09,9.97,6.64,63.62,10.43
-1,5453,59,"Gestich, 2016",Richness,-47.68424722,-21.79814722,Precise,Brazil,Neotropics,Pitheciidae,Callicebus,Callicebus nigrifrons,Callicebus_nigrifrons ,Fragment sampling and playback,0, , , ,0,2013,0, ,NA, ,Callicebus nigrifrons ,Callicebus nigrifrons,NA,D,34.5,AR,Frugivore,NA,NA,6,NA,NA,NA,NA,NA,NA,NA,Monogamy, ,8Tropical and Subtropical Grasslands Savannas and Shrublands,0.724212953,0.79,91.67,1.22,1.54,78.96,1.57,2.54,61.84,1.71,3.8,44.9,1.79,5.31,33.71,1.93,7.07,27.25,2.27,9.08,25.04,2.89,11.34,25.44,3.35,13.85,24.18,3.78,16.62,22.73,4.25,19.63,21.67,4.69,22.9,20.49,5.06,26.42,19.17,5.54,30.19,18.34,6.16,34.21,18,7.03,38.48,18.27,7.83,43.01,18.21,8.58,47.78,17.96,9.26,52.81,17.53,9.75,58.09,16.78,10.4,63.62,16.35
-1,5454,59,"Gestich, 2016",Richness,-47.78342222,-21.90458056,Precise,Brazil,Neotropics,Pitheciidae,Callicebus,Callicebus nigrifrons,Callicebus_nigrifrons ,Fragment sampling and playback,1, , , ,0,2013,0, ,NA, ,Callicebus nigrifrons ,Callicebus nigrifrons,NA,D,34.5,AR,Frugivore,NA,NA,6,NA,NA,NA,NA,NA,NA,NA,Monogamy, ,8Tropical and Subtropical Grasslands Savannas and Shrublands,0.772263926,0.79,97.75,1.44,1.54,93.81,2.02,2.54,79.36,2.51,3.8,66.08,2.78,5.31,52.4,2.89,7.07,40.87,2.95,9.08,32.49,3.06,11.34,26.94,3.18,13.85,22.98,3.37,16.62,20.3,3.59,19.63,18.27,3.86,22.9,16.84,4.19,26.42,15.85,4.58,30.19,15.18,5.33,34.21,15.57,6.16,38.48,16,7,43.01,16.28,7.93,47.78,16.59,9.16,52.81,17.34,10.44,58.09,17.97,11.72,63.62,18.43
-1,5455,59,"Gestich, 2016",Richness,-47.85143889,-21.82875,Precise,Brazil,Neotropics,Pitheciidae,Callicebus,Callicebus nigrifrons,Callicebus_nigrifrons ,Fragment sampling and playback,1, , , ,0,2013,0, ,NA, ,Callicebus nigrifrons ,Callicebus nigrifrons,NA,D,34.5,AR,Frugivore,NA,NA,6,NA,NA,NA,NA,NA,NA,NA,Monogamy, ,8Tropical and Subtropical Grasslands Savannas and Shrublands,0.448660884,0.79,56.79,0.71,1.54,46.1,1.02,2.54,39.99,1.44,3.8,37.95,1.98,5.31,37.35,2.64,7.07,37.28,3.15,9.08,34.73,3.64,11.34,32.08,4.16,13.85,30.01,4.79,16.62,28.82,5.4,19.63,27.5,6.01,22.9,26.24,6.63,26.42,25.09,7.39,30.19,24.48,8.35,34.21,24.42,9.46,38.48,24.57,10.74,43.01,24.98,12.22,47.78,25.58,13.76,52.81,26.05,15.15,58.09,26.08,16.41,63.62,25.8
-1,5456,59,"Gestich, 2016",Richness,-47.59541389,-21.72734444,Precise,Brazil,Neotropics,Pitheciidae,Callicebus,Callicebus nigrifrons,Callicebus_nigrifrons ,Fragment sampling and playback,1, , , ,0,2013,0, ,NA, ,Callicebus nigrifrons ,Callicebus nigrifrons,NA,D,34.5,AR,Frugivore,NA,NA,6,NA,NA,NA,NA,NA,NA,NA,Monogamy, ,2Tropical_and_suptropical_moist_broadleaf_forest,0.740167787,0.79,93.69,1.22,1.54,78.96,1.7,2.54,66.77,2.2,3.8,57.78,NA,5.31,NA,NA,7.07,NA,4.31,9.08,47.5,5.03,11.34,44.32,5.84,13.85,42.17,6.58,16.62,39.62,7.33,19.63,37.33,8.05,22.9,35.14,8.87,26.42,33.59,9.62,30.19,31.85,10.29,34.21,30.07,10.89,38.48,28.31,11.61,43.01,26.98,12.84,47.78,26.87,14.15,52.81,26.79,15.47,58.09,26.63,17.12,63.62,26.9
-1,5457,59,"Gestich, 2016",Richness,-47.72764167,-22.00080278,Precise,Brazil,Neotropics,Pitheciidae,Callicebus,Callicebus nigrifrons,Callicebus_nigrifrons ,Fragment sampling and playback,1, , , ,0,2013,0, ,NA, ,Callicebus nigrifrons ,Callicebus nigrifrons,NA,D,34.5,AR,Frugivore,NA,NA,6,NA,NA,NA,NA,NA,NA,NA,Monogamy, ,8Tropical and Subtropical Grasslands Savannas and Shrublands,0.524294717,0.79,66.37,0.69,1.54,44.73,0.77,2.54,30.26,0.88,3.8,23.07,1.04,5.31,19.52,1.15,7.07,16.24,1.29,9.08,14.18,1.51,11.34,13.33,1.75,13.85,12.62,2.08,16.62,12.49,2.43,19.63,12.38,2.71,22.9,11.85,2.99,26.42,11.3,3.32,30.19,10.98,4.01,34.21,11.72,4.75,38.48,12.34,5.44,43.01,12.64,5.96,47.78,12.47,6.58,52.81,12.46,7.27,58.09,12.52,8.02,63.62,12.61
-1,5458,59,"Gestich, 2016",Richness,-47.77453056,-21.70749167,Precise,Brazil,Neotropics,Pitheciidae,Callicebus,Callicebus nigrifrons,Callicebus_nigrifrons ,Fragment sampling and playback,1, , , ,0,2013,0, ,NA, ,Callicebus nigrifrons ,Callicebus nigrifrons,NA,D,34.5,AR,Frugivore,NA,NA,6,NA,NA,NA,NA,NA,NA,NA,Monogamy, ,8Tropical and Subtropical Grasslands Savannas and Shrublands,0.551883124,0.79,69.86,0.78,1.54,50.78,0.8,2.54,31.55,0.85,3.8,22.31,1.16,5.31,21.88,1.51,7.07,21.37,1.8,9.08,19.86,2.13,11.34,18.82,2.52,13.85,18.22,2.86,16.62,17.24,3.26,19.63,16.6,3.83,22.9,16.72,4.35,26.42,16.45,4.69,30.19,15.55,5.11,34.21,14.93,5.56,38.48,14.46,6.05,43.01,14.07,6.67,47.78,13.96,7.38,52.81,13.97,7.85,58.09,13.51,8.25,63.62,12.97
-1,5459,59,"Gestich, 2016",Richness,-47.82331667,-21.396725,Precise,Brazil,Neotropics,Pitheciidae,Callicebus,Callicebus nigrifrons,Callicebus_nigrifrons ,Fragment sampling and playback,1, , , ,0,2013,0, ,NA, ,Callicebus nigrifrons ,Callicebus nigrifrons,NA,D,34.5,AR,Frugivore,NA,NA,6,NA,NA,NA,NA,NA,NA,NA,Monogamy, ,8Tropical and Subtropical Grasslands Savannas and Shrublands,0.671213676,0.79,84.96,1.08,1.54,70.42,1.43,2.54,56.48,1.75,3.8,46.12,1.9,5.31,35.81,1.96,7.07,27.7,1.96,9.08,21.59,1.97,11.34,17.39,2.04,13.85,14.74,2.14,16.62,12.88,2.25,19.63,11.47,2.33,22.9,10.15,2.51,26.42,9.51,2.84,30.19,9.41,3.12,34.21,9.11,3.33,38.48,8.66,3.6,43.01,8.38,3.94,47.78,8.26,4.21,52.81,7.97,4.62,58.09,7.95,4.85,63.62,7.63
-1,5460,59,"Gestich, 2016",Richness,-47.83805278,-21.97695,Precise,Brazil,Neotropics,Pitheciidae,Callicebus,Callicebus nigrifrons,Callicebus_nigrifrons ,Fragment sampling and playback,1, , , ,0,2013,0, ,NA, ,Callicebus nigrifrons ,Callicebus nigrifrons,NA,D,34.5,AR,Frugivore,NA,NA,6,NA,NA,NA,NA,NA,NA,NA,Monogamy, ,8Tropical and Subtropical Grasslands Savannas and Shrublands,0.623562632,0.79,78.93,0.99,1.54,64.22,1.49,2.54,58.84,2,3.8,52.75,2.35,5.31,44.27,2.6,7.07,36.76,2.83,9.08,31.21,3.02,11.34,26.67,3.17,13.85,22.91,3.35,16.62,20.17,3.52,19.63,17.92,3.73,22.9,16.29,4.14,26.42,15.66,4.86,30.19,16.09,5.71,34.21,16.68,6.5,38.48,16.9,7.13,43.01,16.57,7.67,47.78,16.05,8.28,52.81,15.67,8.82,58.09,15.18,9.42,63.62,14.81
-1,5461,59,"Gestich, 2016",Richness,-47.84073333,-21.63543611,Precise,Brazil,Neotropics,Pitheciidae,Callicebus,Callicebus nigrifrons,Callicebus_nigrifrons ,Fragment sampling and playback,1, , , ,0,2013,0, ,NA, ,Callicebus nigrifrons ,Callicebus nigrifrons,NA,D,34.5,AR,Frugivore,NA,NA,6,NA,NA,NA,NA,NA,NA,NA,Monogamy, ,8Tropical and Subtropical Grasslands Savannas and Shrublands,0.501242562,0.79,63.45,0.79,1.54,51.61,0.96,2.54,37.99,1.07,3.8,28.2,1.17,5.31,22.12,1.33,7.07,18.88,1.51,9.08,16.58,1.69,11.34,14.94,1.96,13.85,14.18,2.25,16.62,13.52,2.46,19.63,12.52,2.89,22.9,12.61,3.31,26.42,12.53,3.95,30.19,13.07,4.96,34.21,14.49,6.4,38.48,16.64,7.95,43.01,18.49,9.72,47.78,20.35,11.55,52.81,21.86,13.49,58.09,23.22,15.57,63.62,24.47
-1,5462,59,"Gestich, 2016",Richness,-47.89529167,-21.96286389,Precise,Brazil,Neotropics,Pitheciidae,Callicebus,Callicebus nigrifrons,Callicebus_nigrifrons ,Fragment sampling and playback,1, , , ,0,2013,0, ,NA, ,Callicebus nigrifrons ,Callicebus nigrifrons,NA,D,34.5,AR,Frugivore,NA,NA,6,NA,NA,NA,NA,NA,NA,NA,Monogamy, ,8Tropical and Subtropical Grasslands Savannas and Shrublands,0.136266755,0.79,17.25,0.14,1.54,9.06,0.17,2.54,6.72,0.28,3.8,7.38,0.47,5.31,8.87,0.68,7.07,9.66,0.84,9.08,9.28,1.08,11.34,9.55,1.29,13.85,9.28,1.38,16.62,8.29,1.55,19.63,7.87,1.83,22.9,8,2.34,26.42,8.85,3.12,30.19,10.34,3.76,34.21,10.99,4.29,38.48,11.15,4.73,43.01,10.99,5.21,47.78,10.91,5.71,52.81,10.81,6.12,58.09,10.53,6.57,63.62,10.33
-1,5463,59,"Gestich, 2016",Richness,-47.92260278,-21.91908889,Precise,Brazil,Neotropics,Pitheciidae,Callicebus,Callicebus nigrifrons,Callicebus_nigrifrons ,Fragment sampling and playback,0, , , ,0,2013,0, ,NA, ,Callicebus nigrifrons ,Callicebus nigrifrons,NA,D,34.5,AR,Frugivore,NA,NA,6,NA,NA,NA,NA,NA,NA,NA,Monogamy, ,8Tropical and Subtropical Grasslands Savannas and Shrublands,0.153716145,0.79,19.46,0.17,1.54,10.82,0.25,2.54,9.92,0.42,3.8,11.01,0.68,5.31,12.83,1.08,7.07,15.25,1.69,9.08,18.62,2.38,11.34,21,2.98,13.85,21.51,3.44,16.62,20.72,3.79,19.63,19.28,4.2,22.9,18.33,4.64,26.42,17.55,5,30.19,16.55,5.29,34.21,15.46,5.65,38.48,14.68,5.99,43.01,13.93,6.35,47.78,13.28,6.67,52.81,12.64,7.15,58.09,12.32,7.59,63.62,11.92
-1,5464,59,"Gestich, 2016",Richness,-47.92631944,-21.73179444,Precise,Brazil,Neotropics,Pitheciidae,Callicebus,Callicebus nigrifrons,Callicebus_nigrifrons ,Fragment sampling and playback,1, , , ,0,2013,0, ,NA, ,Callicebus nigrifrons ,Callicebus nigrifrons,NA,D,34.5,AR,Frugivore,NA,NA,6,NA,NA,NA,NA,NA,NA,NA,Monogamy, ,8Tropical and Subtropical Grasslands Savannas and Shrublands,0.469987977,0.79,59.49,0.66,1.54,43.07,0.82,2.54,32.39,0.84,3.8,22.13,0.91,5.31,17.1,1.01,7.07,14.25,1.13,9.08,12.41,1.25,11.34,10.99,1.31,13.85,9.45,1.4,16.62,8.44,1.6,19.63,8.17,1.74,22.9,7.6,1.94,26.42,7.36,2.34,30.19,7.74,2.83,34.21,8.27,3.49,38.48,9.08,4.12,43.01,9.58,4.62,47.78,9.68,5.26,52.81,9.96,6.23,58.09,10.72,7.29,63.62,11.45
-1,5465,59,"Gestich, 2016",Richness,-47.93160833,-21.813775,Precise,Brazil,Neotropics,Pitheciidae,Callicebus,Callicebus nigrifrons,Callicebus_nigrifrons ,Fragment sampling and playback,1, , , ,0,2013,0, ,NA, ,Callicebus nigrifrons ,Callicebus nigrifrons,NA,D,34.5,AR,Frugivore,NA,NA,6,NA,NA,NA,NA,NA,NA,NA,Monogamy, ,8Tropical and Subtropical Grasslands Savannas and Shrublands,0.773826347,0.79,97.95,1.48,1.54,95.82,2.13,2.54,83.91,2.72,3.8,71.59,3.02,5.31,56.82,3.24,7.07,45.77,3.54,9.08,38.98,3.84,11.34,33.85,4.22,13.85,30.48,4.41,16.62,26.55,4.73,19.63,24.11,5.21,22.9,22.77,5.98,26.42,22.62,6.83,30.19,22.63,7.68,34.21,22.45,8.32,38.48,21.61,8.85,43.01,20.58,9.31,47.78,19.49,10.11,52.81,19.14,11.04,58.09,19.01,11.8,63.62,18.55
-1,5466,59,"Gestich, 2016",Richness,-47.99478333,-21.62144167,Precise,Brazil,Neotropics,Pitheciidae,Callicebus,Callicebus nigrifrons,Callicebus_nigrifrons ,Fragment sampling and playback,1, , , ,0,2013,0, ,NA, ,Callicebus nigrifrons ,Callicebus nigrifrons,NA,D,34.5,AR,Frugivore,NA,NA,6,NA,NA,NA,NA,NA,NA,NA,Monogamy, ,8Tropical and Subtropical Grasslands Savannas and Shrublands,0.381736246,0.79,48.32,0.45,1.54,29.16,0.51,2.54,20.02,0.6,3.8,15.77,0.65,5.31,12.17,0.68,7.07,9.69,0.77,9.08,8.5,0.97,11.34,8.51,1.2,13.85,8.66,1.6,16.62,9.6,2.08,19.63,10.6,2.5,22.9,10.91,2.84,26.42,10.75,3.25,30.19,10.77,3.74,34.21,10.93,4.2,38.48,10.91,4.64,43.01,10.79,5.26,47.78,11.01,5.94,52.81,11.25,6.67,58.09,11.48,7.31,63.62,11.49
