OID,N,N_study,Source,BASE,X,Y,Precise,Country,Realm,Family,Genus,Taxon,Taxon_ITIS,Sample_met,Ocurrence,N_groups,Abundanc_1,Abundance,Density,Sample_yea,Sampling_e,Sampling_1,ID_Todo,TRAITS,Taxon_IT_1,ITIS_SPECI,BodyMass_k,DielActivi,HomeRange_,Locomotion,TrophicGui,Brain_size,Canine_Dim,MeanGroupS,Interbirth,Gestation,WeaningAge,MaxLongevi,LitterSz,AdultSexRa,Social_Sys,Mating_Sys,FOREST,BIOME,Buffer_500,Area500,FC_500,Buffer_700,Area700,FC_700,Buffer_900,Area900,FC_900,Buffer_110,Area1100,FC1100,Buffer_130,Area1300,FC_1300,Buffer_150,Area1500,FC_1500,Buffer_170,Area1700,FC_1700,Buffer_190,Area1900,FC_1900,Buffer_210,Area2100,FC_2100,Buffer_230,Area2300,FC_2300,Buffer_250,Area2500,FC_2500,Buffer_270,Area2700,FC_2700,Buffer_290,Area2900,FC_2900,Buffer_310,Area3100,FC_3100,Buffer_330,Area3300,FC_3300,Buffer_350,Area3500,FC_3500,Buffer_370,Area3700,F_Buffer_3,Buffer_390,Area_3900,FC_3900,Buffer_410,Area4100,FC_4100,Buffer_430,Area4300,FC_4300,Buffer_450,Area4500,FC_4500
-1,5692,58,Santana Machado et al 2016,Richness,-46.45225583,-21.811875,Precise,Brazil,Neotropics,Callitrichidae,Callithrix,Callithrix aurita,Callithrix_aurita ,Paths irregular method. Non linear transects,0, , , ,0,2003,30,km,NA, ,Callithrix aurita ,Callithrix aurita,0.44,D,23.425,AR,Omnivore,NA,NA,7.5,NA,140,NA,NA,2,1.67,Polygyndry,Monogamy, ,8Tropical and Subtropical Grasslands Savannas and Shrublands,0.747931802,0.79,94.67,1.32,1.54,85.69,1.89,2.54,74.5,2.46,3.8,64.85,2.92,5.31,55.03,3.39,7.07,47.99,4.04,9.08,44.52,4.69,11.34,41.32,5.41,13.85,39.04,6.35,16.62,38.18,7.31,19.63,37.26,8.5,22.9,37.14,9.64,26.42,36.48,10.74,30.19,35.58,11.92,34.21,34.86,13.58,38.48,35.28,15.61,43.01,36.29,17.6,47.78,36.84,19.45,52.81,36.83,21.21,58.09,36.51,22.91,63.62,36.01
-1,5693,58,Santana Machado et al 2016,Richness,-46.46062056,-21.80904167,Precise,Brazil,Neotropics,Callitrichidae,Callithrix,Callithrix aurita,Callithrix_aurita ,Paths irregular method. Non linear transects,0, , , ,0,2003,31,km,NA, ,Callithrix aurita ,Callithrix aurita,0.44,D,23.425,AR,Omnivore,NA,NA,7.5,NA,140,NA,NA,2,1.67,Polygyndry,Monogamy, ,8Tropical and Subtropical Grasslands Savannas and Shrublands,0.550256645,0.79,69.65,1.02,1.54,66.47,1.7,2.54,66.81,2.37,3.8,62.26,3.12,5.31,58.84,3.86,7.07,54.66,4.43,9.08,48.83,5.11,11.34,45.06,5.87,13.85,42.41,6.64,16.62,39.95,7.42,19.63,37.81,8.36,22.9,36.5,9.58,26.42,36.25,11.16,30.19,36.96,12.85,34.21,37.56,14.84,38.48,38.56,16.67,43.01,38.75,18.45,47.78,38.62,20.31,52.81,38.46,22.26,58.09,38.33,23.92,63.62,37.59
-1,5694,58,Santana Machado et al 2016,Richness,-46.47186639,-21.80474444,Precise,Brazil,Neotropics,Callitrichidae,Callithrix,Callithrix aurita,Callithrix_aurita ,Paths irregular method. Non linear transects,0, , , ,0,2003,19,km,NA, ,Callithrix aurita ,Callithrix aurita,0.44,D,23.425,AR,Omnivore,NA,NA,7.5,NA,140,NA,NA,2,1.67,Polygyndry,Monogamy, ,8Tropical and Subtropical Grasslands Savannas and Shrublands,0.280498853,0.79,35.51,0.53,1.54,34.29,0.89,2.54,34.99,1.32,3.8,34.86,1.98,5.31,37.22,2.73,7.07,38.67,3.67,9.08,40.42,4.79,11.34,42.27,5.86,13.85,42.33,6.93,16.62,41.69,8.19,19.63,41.74,9.52,22.9,41.59,10.88,26.42,41.19,12.1,30.19,40.08,13.28,34.21,38.83,14.65,38.48,38.06,16.48,43.01,38.31,18.43,47.78,38.56,20.61,52.81,39.03,22.97,58.09,39.54,25.37,63.62,39.87
-1,5695,58,Santana Machado et al 2016,Richness,-46.48490361,-21.833225,Precise,Brazil,Neotropics,Callitrichidae,Callithrix,Callithrix aurita,Callithrix_aurita ,Paths irregular method. Non linear transects,0, , , ,0,2003,233,km,NA, ,Callithrix aurita ,Callithrix aurita,0.44,D,23.425,AR,Omnivore,NA,NA,7.5,NA,140,NA,NA,2,1.67,Polygyndry,Monogamy, ,8Tropical and Subtropical Grasslands Savannas and Shrublands,0.481056298,0.79,60.89,1.02,1.54,66.33,1.58,2.54,62.38,2.15,3.8,56.45,2.69,5.31,50.7,3.16,7.07,44.73,3.73,9.08,41.08,4.43,11.34,39.03,5.19,13.85,37.48,6.1,16.62,36.73,6.98,19.63,35.57,7.87,22.9,34.36,8.71,26.42,32.95,9.72,30.19,32.18,10.76,34.21,31.46,12,38.48,31.18,13.53,43.01,31.46,15.13,47.78,31.67,16.9,52.81,32,18.85,58.09,32.45,21.13,63.62,33.22
-1,5696,58,Santana Machado et al 2016,Richness,-46.53734472,-21.87245278,Precise,Brazil,Neotropics,Callitrichidae,Callithrix,Callithrix aurita,Callithrix_aurita ,Paths irregular method. Non linear transects,0, , , ,0,2003,94,km,NA, ,Callithrix aurita ,Callithrix aurita,0.44,D,23.425,AR,Omnivore,NA,NA,7.5,NA,140,NA,NA,2,1.67,Polygyndry,Monogamy, ,2Tropical_and_suptropical_moist_broadleaf_forest,0.432015267,0.79,54.69,0.88,1.54,57.22,1.36,2.54,53.43,2.04,3.8,53.76,2.68,5.31,50.46,NA,7.07,NA,4.11,9.08,45.26,5.21,11.34,45.93,6.43,13.85,46.41,8.05,16.62,48.41,9.84,19.63,50.12,11.77,22.9,51.42,13.93,26.42,52.72,15.78,30.19,52.28,17.49,34.21,51.14,19.28,38.48,50.11,21.18,43.01,49.25,23.15,47.78,48.45,25.13,52.81,47.59,27.35,58.09,47.08,29.42,63.62,46.24
-1,5697,58,Santana Machado et al 2016,Richness,-46.62347806,-21.72753333,Precise,Brazil,Neotropics,Callitrichidae,Callithrix,Callithrix aurita,Callithrix_aurita ,Paths irregular method. Non linear transects,0, , , ,0,2003,14,km,NA, ,Callithrix aurita ,Callithrix aurita,0.44,D,23.425,AR,Omnivore,NA,NA,7.5,NA,140,NA,NA,2,1.67,Polygyndry,Monogamy, ,2Tropical_and_suptropical_moist_broadleaf_forest,0.111189515,0.79,14.07,0.33,1.54,21.74,0.75,2.54,29.53,1.46,3.8,38.33,2.17,5.31,40.84,NA,7.07,NA,3.2,9.08,35.27,4.03,11.34,35.53,4.86,13.85,35.1,5.6,16.62,33.69,6.53,19.63,33.27,7.65,22.9,33.41,8.92,26.42,33.75,10.17,30.19,33.69,11.53,34.21,33.69,13.08,38.48,33.99,14.57,43.01,33.87,16.24,47.78,33.99,18.27,52.81,34.6,20.52,58.09,35.33,22.88,63.62,35.96
-1,5698,58,Santana Machado et al 2016,Richness,-46.62603639,-21.77406667,Precise,Brazil,Neotropics,Callitrichidae,Callithrix,Callithrix aurita,Callithrix_aurita ,Paths irregular method. Non linear transects,0, , , ,0,2003,95,km,NA, ,Callithrix aurita ,Callithrix aurita,0.44,D,23.425,AR,Omnivore,NA,NA,7.5,NA,140,NA,NA,2,1.67,Polygyndry,Monogamy, ,2Tropical_and_suptropical_moist_broadleaf_forest,0.644752017,0.79,81.61,1.06,1.54,69.08,1.48,2.54,58.22,2.08,3.8,54.84,2.76,5.31,52.04,NA,7.07,NA,4.3,9.08,47.34,5.19,11.34,45.79,6.12,13.85,44.22,7.04,16.62,42.39,8.14,19.63,41.44,9.18,22.9,40.07,10.3,26.42,39,11.61,30.19,38.46,13.04,34.21,38.1,14.59,38.48,37.91,16.28,43.01,37.84,18.04,47.78,37.76,19.96,52.81,37.79,22.08,58.09,38.01,24.11,63.62,37.9
-1,5699,58,Santana Machado et al 2016,Richness,-46.63379389,-21.77473611,Precise,Brazil,Neotropics,Callitrichidae,Callithrix,Callithrix aurita,Callithrix_aurita ,Paths irregular method. Non linear transects,1, , , ,0,2003,201,km,NA, ,Callithrix aurita ,Callithrix aurita,0.44,D,23.425,AR,Omnivore,NA,NA,7.5,NA,140,NA,NA,2,1.67,Polygyndry,Monogamy, ,2Tropical_and_suptropical_moist_broadleaf_forest,0.562830149,0.79,71.24,0.94,1.54,60.98,1.31,2.54,51.45,1.75,3.8,46.09,2.47,5.31,46.57,NA,7.07,NA,4.22,9.08,46.43,5.25,11.34,46.34,6.27,13.85,45.24,7.38,16.62,44.43,8.54,19.63,43.5,9.82,22.9,42.88,11.15,26.42,42.2,12.71,30.19,42.11,14.27,34.21,41.72,15.88,38.48,41.26,17.65,43.01,41.04,19.6,47.78,41.02,21.51,52.81,40.73,23.42,58.09,40.32,25.32,63.62,39.8
-1,5700,58,Santana Machado et al 2016,Richness,-46.63719861,-21.77810278,Precise,Brazil,Neotropics,Callitrichidae,Callithrix,Callithrix aurita,Callithrix_aurita ,Paths irregular method. Non linear transects,0, , , ,0,2003,85,km,NA, ,Callithrix aurita ,Callithrix aurita,0.44,D,23.425,AR,Omnivore,NA,NA,7.5,NA,140,NA,NA,2,1.67,Polygyndry,Monogamy, ,2Tropical_and_suptropical_moist_broadleaf_forest,0.503932405,0.79,63.79,0.77,1.54,49.92,1.14,2.54,44.93,1.73,3.8,45.42,2.44,5.31,46.02,NA,7.07,NA,3.97,9.08,43.77,4.82,11.34,42.52,5.8,13.85,41.91,6.83,16.62,41.08,8.06,19.63,41.06,9.54,22.9,41.66,11.14,26.42,42.16,12.76,30.19,42.26,14.42,34.21,42.15,16.29,38.48,42.34,18.19,43.01,42.3,20,47.78,41.85,21.76,52.81,41.21,23.65,58.09,40.71,25.64,63.62,40.3
-1,5701,58,Santana Machado et al 2016,Richness,-46.64862306,-21.88398889,Precise,Brazil,Neotropics,Callitrichidae,Callithrix,Callithrix aurita,Callithrix_aurita ,Paths irregular method. Non linear transects,1, , , ,0,2003,425,km,NA, ,Callithrix aurita ,Callithrix aurita,0.44,D,23.425,AR,Omnivore,NA,NA,7.5,NA,140,NA,NA,2,1.67,Polygyndry,Monogamy, ,2Tropical_and_suptropical_moist_broadleaf_forest,0.62383214,0.79,78.97,1.02,1.54,66.16,1.6,2.54,63.04,2.48,3.8,65.21,3.38,5.31,63.7,NA,7.07,NA,5.97,9.08,65.7,7.39,11.34,65.19,8.83,13.85,63.76,10.13,16.62,60.95,11.75,19.63,59.85,13.23,22.9,57.77,14.28,26.42,54.05,15.2,30.19,50.34,16.35,34.21,47.8,17.68,38.48,45.94,19.15,43.01,44.54,20.74,47.78,43.41,22.65,52.81,42.9,24.49,58.09,42.16,26.66,63.62,41.91
-1,5702,58,Santana Machado et al 2016,Richness,-46.65214333,-21.88771389,Precise,Brazil,Neotropics,Callitrichidae,Callithrix,Callithrix aurita,Callithrix_aurita ,Paths irregular method. Non linear transects,0, , , ,0,2003,75,km,NA, ,Callithrix aurita ,Callithrix aurita,0.44,D,23.425,AR,Omnivore,NA,NA,7.5,NA,140,NA,NA,2,1.67,Polygyndry,Monogamy, ,2Tropical_and_suptropical_moist_broadleaf_forest,0.548231634,0.79,69.4,1.08,1.54,69.94,1.66,2.54,65.54,2.34,3.8,61.47,3.29,5.31,61.89,NA,7.07,NA,5.54,9.08,61.05,6.77,11.34,59.72,8.08,13.85,58.32,9.4,16.62,56.57,10.61,19.63,54.06,12.03,22.9,52.54,13.68,26.42,51.79,15.27,30.19,50.59,16.52,34.21,48.29,17.83,38.48,46.32,19.05,43.01,44.29,20.71,47.78,43.35,23.03,52.81,43.61,25.57,58.09,44.02,28.16,63.62,44.27
-1,5703,58,Santana Machado et al 2016,Richness,-46.65755889,-21.80400556,Precise,Brazil,Neotropics,Callitrichidae,Callithrix,Callithrix aurita,Callithrix_aurita ,Paths irregular method. Non linear transects,0, , , ,0,2003,1256,km,NA, ,Callithrix aurita ,Callithrix aurita,0.44,D,23.425,AR,Omnivore,NA,NA,7.5,NA,140,NA,NA,2,1.67,Polygyndry,Monogamy, ,2Tropical_and_suptropical_moist_broadleaf_forest,0.732443697,0.79,92.71,1.32,1.54,85.91,1.97,2.54,77.68,2.59,3.8,68.24,3.21,5.31,60.41,NA,7.07,NA,5.05,9.08,55.66,5.9,11.34,52.05,6.65,13.85,48.05,7.6,16.62,45.75,8.58,19.63,43.7,9.66,22.9,42.18,11.18,26.42,42.32,12.71,30.19,42.11,14.21,34.21,41.55,15.81,38.48,41.08,17.6,43.01,40.93,19.48,47.78,40.77,21.42,52.81,40.56,23.78,58.09,40.94,26.23,63.62,41.23
