OID,N,N_study,Source,BASE,X,Y,Precise,Country,Realm,Family,Genus,Taxon,Taxon_ITIS,Sample_met,Ocurrence,N_groups,Abundanc_1,Abundance,Density,Sample_yea,Sampling_e,Sampling_1,ID_Todo,TRAITS,Taxon_IT_1,ITIS_SPECI,BodyMass_k,DielActivi,HomeRange_,Locomotion,TrophicGui,Brain_size,Canine_Dim,MeanGroupS,Interbirth,Gestation,WeaningAge,MaxLongevi,LitterSz,AdultSexRa,Social_Sys,Mating_Sys,FOREST,BIOME,Buffer_500,Area500,FC_500,Buffer_700,Area700,FC_700,Buffer_900,Area900,FC_900,Buffer_110,Area1100,FC1100,Buffer_130,Area1300,FC_1300,Buffer_150,Area1500,FC_1500,Buffer_170,Area1700,FC_1700,Buffer_190,Area1900,FC_1900,Buffer_210,Area2100,FC_2100,Buffer_230,Area2300,FC_2300,Buffer_250,Area2500,FC_2500,Buffer_270,Area2700,FC_2700,Buffer_290,Area2900,FC_2900,Buffer_310,Area3100,FC_3100,Buffer_330,Area3300,FC_3300,Buffer_350,Area3500,FC_3500,Buffer_370,Area3700,F_Buffer_3,Buffer_390,Area_3900,FC_3900,Buffer_410,Area4100,FC_4100,Buffer_430,Area4300,FC_4300,Buffer_450,Area4500,FC_4500
-1,6038,35,Hilario & Ferrari 2009,Ocurrencias,-36.72239275,-10.42139658,Precise,Brazil,Neotropics,Callitrichidae,Callithrix,Callithrix jacchus,Callithrix_jacchus ,Transects and playback surveys,1,0,0,NA,0.24,2008,0,day,NA, ,Callithrix jacchusÂ ,Callithrix jacchus,0.32,D,3.6,AR,Gummivore,7.24,1.056,11,159.8,144,60.24,201.6,2.31,1.26,Pair,Monogamy, ,NA,0.54463307,0.79,68.94,1,1.54,65.25,1.55,2.54,60.93,2.16,3.8,56.92,1.74,5.31,32.75,2.11,7.07,29.84,4.33,9.08,47.73,5.11,11.34,45.06,5.93,13.85,42.79,6.78,16.62,40.79,7.62,19.63,38.84,8.46,22.9,36.93,9.31,26.42,35.25,10.25,30.19,33.95,11.22,34.21,32.8,12.25,38.48,31.85,13.32,43.01,30.98,14.47,47.78,30.29,15.64,52.81,29.62,16.84,58.09,28.99,18.05,63.62,28.37
-1,6039,35,Hilario & Ferrari 2009,Ocurrencias,-36.74478647,-10.55023433,Precise,Brazil,Neotropics,Callitrichidae,Callithrix,Callithrix jacchus,Callithrix_jacchus ,Transects and playback surveys,1,0,0,NA,0.07,2008,0,day,NA, ,Callithrix jacchusÂ ,Callithrix jacchus,0.32,D,3.6,AR,Gummivore,7.24,1.056,11,159.8,144,60.24,201.6,2.31,1.26,Pair,Monogamy, ,NA,0.542286905,0.79,68.64,1,1.54,65.04,1.55,2.54,60.86,2.16,3.8,56.95,1.74,5.31,32.75,2.11,7.07,29.84,4.34,9.08,47.78,5.11,11.34,45.08,5.93,13.85,42.8,6.78,16.62,40.81,7.63,19.63,38.87,8.47,22.9,36.98,9.33,26.42,35.32,10.27,30.19,34.02,11.25,34.21,32.87,12.29,38.48,31.93,13.36,43.01,31.07,14.52,47.78,30.38,15.69,52.81,29.71,16.89,58.09,29.08,18.1,63.62,28.46
-1,6040,35,Hilario & Ferrari 2009,Ocurrencias,-37.05676889,-10.54098908,Precise,Brazil,Neotropics,Callitrichidae,Callithrix,Callithrix jacchus,Callithrix_jacchus ,Transects and playback surveys,1,0,0,NA,0.21,2008,0,day,NA, ,Callithrix jacchusÂ ,Callithrix jacchus,0.32,D,3.6,AR,Gummivore,7.24,1.056,11,159.8,144,60.24,201.6,2.31,1.26,Pair,Monogamy, ,NA,0.555908714,0.79,70.37,1.04,1.54,67.51,1.62,2.54,63.96,2.29,3.8,60.21,0.95,5.31,17.98,1.04,7.07,14.65,4.63,9.08,50.97,5.47,11.34,48.23,6.36,13.85,45.94,7.3,16.62,43.94,8.23,19.63,41.94,9.16,22.9,40,10.11,26.42,38.25,11.14,30.19,36.9,12.22,34.21,35.71,13.35,38.48,34.71,14.54,43.01,33.81,15.8,47.78,33.08,17.12,52.81,32.41,18.48,58.09,31.82,19.87,63.62,31.23
-1,6041,35,Hilario & Ferrari 2009,Ocurrencias,-36.98852942,-10.75302395,Precise,Brazil,Neotropics,Callitrichidae,Callithrix,Callithrix jacchus,Callithrix_jacchus ,Transects and playback surveys,1,0,0,NA,0.21,2008,0,day,NA, ,Callithrix jacchusÂ ,Callithrix jacchus,0.32,D,3.6,AR,Gummivore,7.24,1.056,11,159.8,144,60.24,201.6,2.31,1.26,Pair,Monogamy, ,NA,0.58527696,0.79,74.09,1.09,1.54,70.69,1.71,2.54,67.24,2.41,3.8,63.39,0.95,5.31,17.98,1.04,7.07,14.65,4.87,9.08,53.63,5.78,11.34,50.94,6.72,13.85,48.54,7.69,16.62,46.3,8.65,19.63,44.08,9.64,22.9,42.09,10.69,26.42,40.47,11.85,30.19,39.23,13.04,34.21,38.12,14.3,38.48,37.16,15.6,43.01,36.26,16.95,47.78,35.48,18.37,52.81,34.79,19.85,58.09,34.17,21.36,63.62,33.57
-1,6042,35,Hilario & Ferrari 2009,Ocurrencias,-37.39839539,-10.87682727,Precise,Brazil,Neotropics,Callitrichidae,Callithrix,Callithrix jacchus,Callithrix_jacchus ,Transects and playback surveys,1,0,0,NA,0.24,2008,0,day,NA, ,Callithrix jacchusÂ ,Callithrix jacchus,0.32,D,3.6,AR,Gummivore,7.24,1.056,11,159.8,144,60.24,201.6,2.31,1.26,Pair,Monogamy, ,NA,0.601594201,0.79,76.15,1.12,1.54,72.95,1.77,2.54,69.74,2.5,3.8,65.85,0.95,5.31,17.98,1.04,7.07,14.65,5.09,9.08,56.08,6.05,11.34,53.39,7.06,13.85,50.98,8.1,16.62,48.74,9.14,19.63,46.54,10.2,22.9,44.54,11.34,26.42,42.94,12.59,30.19,41.7,13.89,34.21,40.6,15.25,38.48,39.63,16.66,43.01,38.74,18.14,47.78,37.97,19.67,52.81,37.25,21.26,58.09,36.6,22.89,63.62,35.98
-1,6043,35,Hilario & Ferrari 2009,Ocurrencias,-37.26052671,-11.17030559,Precise,Brazil,Neotropics,Callitrichidae,Callithrix,Callithrix jacchus,Callithrix_jacchus ,Transects and playback surveys,1,0,0,NA,0.17,2008,0,day,NA, ,Callithrix jacchusÂ ,Callithrix jacchus,0.32,D,3.6,AR,Gummivore,7.24,1.056,11,159.8,144,60.24,201.6,2.31,1.26,Pair,Monogamy, ,NA,0.601273963,0.79,76.11,1.13,1.54,73.18,1.79,2.54,70.29,2.53,3.8,66.57,0.95,5.31,17.98,1.04,7.07,14.65,5.16,9.08,56.78,6.13,11.34,54.05,7.15,13.85,51.62,8.2,16.62,49.36,9.26,19.63,47.15,10.34,22.9,45.13,11.5,26.42,43.52,12.76,30.19,42.27,14.08,34.21,41.16,15.46,38.48,40.18,16.89,43.01,39.27,18.39,47.78,38.48,19.93,52.81,37.75,21.54,58.09,37.08,23.19,63.62,36.46
-1,6044,35,Hilario & Ferrari 2009,Ocurrencias,-37.41638488,-11.37213465,Precise,Brazil,Neotropics,Callitrichidae,Callithrix,Callithrix jacchus,Callithrix_jacchus ,Transects and playback surveys,1,0,0,NA,0.09,2008,0,day,NA, ,Callithrix jacchusÂ ,Callithrix jacchus,0.32,D,3.6,AR,Gummivore,7.24,1.056,11,159.8,144,60.24,201.6,2.31,1.26,Pair,Monogamy, ,NA,0.603294301,0.79,76.37,1.14,1.54,74.03,1.82,2.54,71.63,2.6,3.8,68.43,0.95,5.31,17.98,1.04,7.07,14.65,5.42,9.08,59.72,6.5,11.34,57.3,7.63,13.85,55.06,8.79,16.62,52.91,9.97,19.63,50.8,11.18,22.9,48.83,12.47,26.42,47.2,13.86,30.19,45.91,15.31,34.21,44.75,16.81,38.48,43.68,18.36,43.01,42.69,19.99,47.78,41.85,21.69,52.81,41.07,23.45,58.09,40.36,25.26,63.62,39.7
-1,6045,35,Hilario & Ferrari 2009,Ocurrencias,-37.50448697,-11.37641967,Precise,Brazil,Neotropics,Callitrichidae,Callithrix,Callithrix jacchus,Callithrix_jacchus ,Transects and playback surveys,1,0,0,NA,0.26,2008,0,day,NA, ,Callithrix jacchusÂ ,Callithrix jacchus,0.32,D,3.6,AR,Gummivore,7.24,1.056,11,159.8,144,60.24,201.6,2.31,1.26,Pair,Monogamy, ,NA,0.603294301,0.79,76.37,1.14,1.54,74.03,1.82,2.54,71.63,2.6,3.8,68.43,0.95,5.31,17.98,1.04,7.07,14.65,5.42,9.08,59.72,6.5,11.34,57.3,7.63,13.85,55.06,8.79,16.62,52.91,9.97,19.63,50.8,11.18,22.9,48.83,12.47,26.42,47.2,13.86,30.19,45.91,15.31,34.21,44.75,16.81,38.48,43.68,18.36,43.01,42.69,19.99,47.78,41.85,21.69,52.81,41.07,23.45,58.09,40.36,25.26,63.62,39.7
-1,6046,35,Hilario & Ferrari 2009,Ocurrencias,-37.60394721,-11.42781966,Precise,Brazil,Neotropics,Callitrichidae,Callithrix,Callithrix jacchus,Callithrix_jacchus ,Transects and playback surveys,1,0,0,NA,0.12,2008,0,day,NA, ,Callithrix jacchusÂ ,Callithrix jacchus,0.32,D,3.6,AR,Gummivore,7.24,1.056,11,159.8,144,60.24,201.6,2.31,1.26,Pair,Monogamy, ,NA,0.605250981,0.79,76.61,1.15,1.54,74.51,1.84,2.54,72.31,2.63,3.8,69.23,0.95,5.31,17.98,1.04,7.07,14.65,5.52,9.08,60.83,6.64,11.34,58.56,7.82,13.85,56.44,9.04,16.62,54.38,10.27,19.63,52.3,11.53,22.9,50.36,12.87,26.42,48.73,14.32,30.19,47.44,15.83,34.21,46.28,17.4,38.48,45.22,19.04,43.01,44.26,20.75,47.78,43.42,22.52,52.81,42.65,24.35,58.09,41.93,26.25,63.62,41.25
-1,6047,35,Hilario & Ferrari 2009,Ocurrencias,-37.71706628,-11.45320118,Precise,Brazil,Neotropics,Callitrichidae,Callithrix,Callithrix jacchus,Callithrix_jacchus ,Transects and playback surveys,1,0,0,NA,0.06,2008,0,day,NA, ,Callithrix jacchusÂ ,Callithrix jacchus,0.32,D,3.6,AR,Gummivore,7.24,1.056,11,159.8,144,60.24,201.6,2.31,1.26,Pair,Monogamy, ,NA,0.603278218,0.79,76.36,1.14,1.54,74.03,1.82,2.54,71.67,2.61,3.8,68.57,0.95,5.31,17.98,1.04,7.07,14.65,5.49,9.08,60.42,6.61,11.34,58.29,7.8,13.85,56.29,9.03,16.62,54.34,10.28,19.63,52.38,11.58,22.9,50.58,12.97,26.42,49.07,14.45,30.19,47.87,16,34.21,46.76,17.6,38.48,45.75,19.27,43.01,44.81,21.01,47.78,43.98,22.83,52.81,43.22,24.7,58.09,42.52,26.65,63.62,41.89
-1,6048,35,Hilario & Ferrari 2009,Ocurrencias,-37.58383668,-11.50386785,Precise,Brazil,Neotropics,Callitrichidae,Callithrix,Callithrix jacchus,Callithrix_jacchus ,Transects and playback surveys,1,0,0,NA,0.28,2008,0,day,NA, ,Callithrix jacchusÂ ,Callithrix jacchus,0.32,D,3.6,AR,Gummivore,7.24,1.056,11,159.8,144,60.24,201.6,2.31,1.26,Pair,Monogamy, ,NA,0.609883374,0.79,77.2,1.16,1.54,75.15,1.85,2.54,72.84,2.65,3.8,69.7,0.95,5.31,17.98,1.04,7.07,14.65,5.57,9.08,61.31,6.7,11.34,59.06,7.89,13.85,56.95,9.12,16.62,54.88,10.37,19.63,52.81,11.65,22.9,50.88,13.01,26.42,49.24,14.47,30.19,47.93,16,34.21,46.76,17.58,38.48,45.7,19.24,43.01,44.74,20.98,47.78,43.91,22.79,52.81,43.15,24.65,58.09,42.44,26.59,63.62,41.79
-1,6049,35,Hilario & Ferrari 2009,Ocurrencias,-37.69055829,-11.53658212,Precise,Brazil,Neotropics,Callitrichidae,Callithrix,Callithrix jacchus,Callithrix_jacchus ,Transects and playback surveys,1,0,0,NA,0.22,2008,0,day,NA, ,Callithrix jacchusÂ ,Callithrix jacchus,0.32,D,3.6,AR,Gummivore,7.24,1.056,11,159.8,144,60.24,201.6,2.31,1.26,Pair,Monogamy, ,NA,0.609598263,0.79,77.16,1.15,1.54,74.81,1.84,2.54,72.42,2.63,3.8,69.28,0.95,5.31,17.98,1.04,7.07,14.65,5.54,9.08,61,6.67,11.34,58.84,7.87,13.85,56.81,9.11,16.62,54.84,10.38,19.63,52.86,11.69,22.9,51.03,13.08,26.42,49.5,14.57,30.19,48.26,16.12,34.21,47.13,17.74,38.48,46.1,19.42,43.01,45.15,21.17,47.78,44.31,23,52.81,43.55,24.89,58.09,42.84,26.86,63.62,42.22
-1,6050,35,Hilario & Ferrari 2009,Ocurrencias,-37.88613011,-11.63644474,Precise,Brazil,Neotropics,Callitrichidae,Callithrix,Callithrix jacchus,Callithrix_jacchus ,Transects and playback surveys,1,0,0,NA,0.06,2008,0,day,NA, ,Callithrix jacchusÂ ,Callithrix jacchus,0.32,D,3.6,AR,Gummivore,7.24,1.056,11,159.8,144,60.24,201.6,2.31,1.26,Pair,Monogamy, ,NA,0.604398419,0.79,76.51,1.14,1.54,74.3,1.83,2.54,72.05,2.63,3.8,69.1,3.02,5.31,56.93,4,7.07,56.64,5.57,9.08,61.32,6.71,11.34,59.14,7.9,13.85,57.03,9.13,16.62,54.96,10.4,19.63,52.96,11.71,22.9,51.15,13.11,26.42,49.62,14.61,30.19,48.39,16.18,34.21,47.29,17.81,38.48,46.28,19.5,43.01,45.34,21.26,47.78,44.49,23.09,52.81,43.72,24.98,58.09,43.01,26.96,63.62,42.37
-1,6051,35,Hilario & Ferrari 2009,Ocurrencias,-37.69478078,-11.6657585,Precise,Brazil,Neotropics,Callitrichidae,Callithrix,Callithrix jacchus,Callithrix_jacchus ,Transects and playback surveys,0,0,0,NA,0,2008,0,day,NA, ,Callithrix jacchusÂ ,Callithrix jacchus,0.32,D,3.6,AR,Gummivore,7.24,1.056,11,159.8,144,60.24,201.6,2.31,1.26,Pair,Monogamy, ,NA,0.5996883,0.79,75.91,1.13,1.54,73.67,1.81,2.54,71.31,2.59,3.8,68.25,3.02,5.31,56.93,4,7.07,56.64,5.47,9.08,60.24,6.59,11.34,58.11,7.77,13.85,56.11,9,16.62,54.18,10.26,19.63,52.25,11.56,22.9,50.47,12.94,26.42,48.97,14.42,30.19,47.76,15.96,34.21,46.66,17.58,38.48,45.67,19.25,43.01,44.77,21,47.78,43.95,22.82,52.81,43.22,24.71,58.09,42.54,26.67,63.62,41.93
-1,6052,35,Hilario & Ferrari 2009,Ocurrencias,-38.81798349,-12.24645454,Precise,Brazil,Neotropics,Callitrichidae,Callithrix,Callithrix jacchus,Callithrix_jacchus ,Transects and playback surveys,1,0,0,NA,0.14,2008,0,day,NA, ,Callithrix jacchusÂ ,Callithrix jacchus,0.32,D,3.6,AR,Gummivore,7.24,1.056,11,159.8,144,60.24,201.6,2.31,1.26,Pair,Monogamy, ,NA,0.556022013,0.79,70.38,1.08,1.54,70.3,1.75,2.54,68.98,2.57,3.8,67.65,3.02,5.31,56.93,4,7.07,56.64,5.95,9.08,65.55,7.3,11.34,64.35,8.7,13.85,62.82,10.17,16.62,61.18,11.74,19.63,59.8,13.4,22.9,58.5,15.1,26.42,57.16,16.9,30.19,55.97,18.8,34.21,54.96,20.79,38.48,54.04,22.86,43.01,53.15,25,47.78,52.32,27.24,52.81,51.57,29.54,58.09,50.86,31.99,63.62,50.28
-1,6055,35,Hilario & Ferrari 2009,Ocurrencias,-38.40361432,-12.44755596,Precise,Brazil,Neotropics,Callitrichidae,Callithrix,Callithrix jacchus,Callithrix_jacchus ,Transects and playback surveys,1,0,0,NA,0.03,2008,0,day,NA, ,Callithrix jacchusÂ ,Callithrix jacchus,0.32,D,3.6,AR,Gummivore,7.24,1.056,11,159.8,144,60.24,201.6,2.31,1.26,Pair,Monogamy, ,NA,0.543544745,0.79,68.8,1.06,1.54,68.75,1.71,2.54,67.37,2.49,3.8,65.51,3.02,5.31,56.93,4,7.07,56.64,5.6,9.08,61.72,6.84,11.34,60.36,8.15,13.85,58.84,9.52,16.62,57.28,10.98,19.63,55.95,12.54,22.9,54.76,14.17,26.42,53.65,15.91,30.19,52.69,17.76,34.21,51.92,19.73,38.48,51.28,21.82,43.01,50.73,23.93,47.78,50.08,26.09,52.81,49.41,28.31,58.09,48.73,30.66,63.62,48.19
-1,6056,35,Hilario & Ferrari 2009,Ocurrencias,-38.55576836,-12.45756068,Precise,Brazil,Neotropics,Callitrichidae,Callithrix,Callithrix jacchus,Callithrix_jacchus ,Transects and playback surveys,1,0,0,NA,0.17,2008,0,day,NA, ,Callithrix jacchusÂ ,Callithrix jacchus,0.32,D,3.6,AR,Gummivore,7.24,1.056,11,159.8,144,60.24,201.6,2.31,1.26,Pair,Monogamy, ,NA,0.508362983,0.79,64.35,0.99,1.54,64.28,1.6,2.54,63.07,2.35,3.8,61.85,3.02,5.31,56.93,4,7.07,56.64,5.44,9.08,59.95,6.68,11.34,58.88,7.98,13.85,57.59,9.34,16.62,56.18,10.8,19.63,55.02,12.35,22.9,53.95,13.98,26.42,52.9,15.7,30.19,51.99,17.53,34.21,51.24,19.46,38.48,50.57,21.47,43.01,49.92,23.52,47.78,49.22,25.64,52.81,48.55,27.82,58.09,47.89,30.14,63.62,47.38
-1,6057,35,Hilario & Ferrari 2009,Ocurrencias,-38.42222685,-12.56418305,Precise,Brazil,Neotropics,Callitrichidae,Callithrix,Callithrix jacchus,Callithrix_jacchus ,Transects and playback surveys,1,0,0,NA,0.12,2008,0,day,NA, ,Callithrix jacchusÂ ,Callithrix jacchus,0.32,D,3.6,AR,Gummivore,7.24,1.056,11,159.8,144,60.24,201.6,2.31,1.26,Pair,Monogamy, ,NA,0.523314836,0.79,66.24,1.02,1.54,66.17,1.65,2.54,64.93,2.42,3.8,63.67,3.02,5.31,56.93,4,7.07,56.64,5.6,9.08,61.7,6.87,11.34,60.57,8.2,13.85,59.21,9.6,16.62,57.74,11.1,19.63,56.55,12.69,22.9,55.44,14.36,26.42,54.34,16.13,30.19,53.42,18.01,34.21,52.64,19.99,38.48,51.95,22.05,43.01,51.28,24.15,47.78,50.54,26.32,52.81,49.83,28.55,58.09,49.14,30.93,63.62,48.61
-1,6058,35,Hilario & Ferrari 2009,Ocurrencias,-38.81655258,-12.66066129,Precise,Brazil,Neotropics,Callitrichidae,Callithrix,Callithrix jacchus,Callithrix_jacchus ,Transects and playback surveys,1,0,0,NA,0.16,2008,0,day,NA, ,Callithrix jacchusÂ ,Callithrix jacchus,0.32,D,3.6,AR,Gummivore,7.24,1.056,11,159.8,144,60.24,201.6,2.31,1.26,Pair,Monogamy, ,NA,0.55675015,0.79,70.47,1.09,1.54,70.97,1.78,2.54,70.14,2.62,3.8,69.06,3.02,5.31,56.93,4,7.07,56.64,6.08,9.08,66.95,7.47,11.34,65.83,8.94,13.85,64.53,10.5,16.62,63.17,12.19,19.63,62.08,14,22.9,61.15,15.91,26.42,60.23,17.89,30.19,59.24,19.97,34.21,58.38,22.1,38.48,57.43,24.26,43.01,56.41,26.47,47.78,55.41,28.85,52.81,54.63,31.37,58.09,54,33.96,63.62,53.37
