OID,N,N_study,Source,BASE,X,Y,Precise,Country,Realm,Family,Genus,Taxon,Taxon_ITIS,Sample_met,Ocurrence,N_groups,Abundanc_1,Abundance,Density,Sample_yea,Sampling_e,Sampling_1,ID_Todo,TRAITS,Taxon_IT_1,ITIS_SPECI,BodyMass_k,DielActivi,HomeRange_,Locomotion,TrophicGui,Brain_size,Canine_Dim,MeanGroupS,Interbirth,Gestation,WeaningAge,MaxLongevi,LitterSz,AdultSexRa,Social_Sys,Mating_Sys,FOREST,BIOME,Buffer_500,Area500,FC_500,Buffer_700,Area700,FC_700,Buffer_900,Area900,FC_900,Buffer_110,Area1100,FC1100,Buffer_130,Area1300,FC_1300,Buffer_150,Area1500,FC_1500,Buffer_170,Area1700,FC_1700,Buffer_190,Area1900,FC_1900,Buffer_210,Area2100,FC_2100,Buffer_230,Area2300,FC_2300,Buffer_250,Area2500,FC_2500,Buffer_270,Area2700,FC_2700,Buffer_290,Area2900,FC_2900,Buffer_310,Area3100,FC_3100,Buffer_330,Area3300,FC_3300,Buffer_350,Area3500,FC_3500,Buffer_370,Area3700,F_Buffer_3,Buffer_390,Area_3900,FC_3900,Buffer_410,Area4100,FC_4100,Buffer_430,Area4300,FC_4300,Buffer_450,Area4500,FC_4500
-1,5644,262,Moura Martins 2005,Richness,-48.08416111,-22.69511389,Precise,Brazil,Neotropics,Pitheciidae,Callicebus,Callicebus personatus,Callicebus_personatus ,Linear transects,1, , , ,0,2000,35.1,km,NA, ,Callicebus personatus ,Callicebus personatus,1.32,D,11.5,AR,Frugivore,NA,NA,4,NA,NA,NA,NA,1.01,1,Pair,Monogamy, ,8Tropical and Subtropical Grasslands Savannas and Shrublands,0.77400463,0.79,97.98,1.36,1.54,88.26,1.89,2.54,74.51,2.32,3.8,60.95,2.57,5.31,48.33,2.78,7.07,39.32,2.99,9.08,32.89,3.28,11.34,28.92,3.56,13.85,25.69,3.67,16.62,22.1,3.81,19.63,19.39,4.01,22.9,17.5,4.21,26.42,15.95,4.34,30.19,14.37,4.42,34.21,12.93,4.63,38.48,12.04,4.72,43.01,10.97,4.81,47.78,10.06,5.2,52.81,9.85,5.72,58.09,9.84,6.27,63.62,9.86
-1,5645,262,Moura Martins 2005,Richness,-48.15002222,-22.66312778,Precise,Brazil,Neotropics,Pitheciidae,Callicebus,Callicebus personatus,Callicebus_personatus ,Linear transects,1, , , ,0,2000,131.4,km,NA, ,Callicebus personatus ,Callicebus personatus,1.32,D,11.5,AR,Frugivore,NA,NA,4,NA,NA,NA,NA,1.01,1,Pair,Monogamy, ,8Tropical and Subtropical Grasslands Savannas and Shrublands,0.773960646,0.79,97.97,1.52,1.54,98.51,2.45,2.54,96.34,3.43,3.8,90.2,4.51,5.31,84.88,5.73,7.07,81.01,7.08,9.08,77.92,8.48,11.34,74.81,9.87,13.85,71.27,11.03,16.62,66.37,12.01,19.63,61.16,12.88,22.9,56.26,13.7,26.42,51.84,14.31,30.19,47.41,14.88,34.21,43.51,15.44,38.48,40.12,16.05,43.01,37.33,16.78,47.78,35.12,17.35,52.81,32.85,17.98,58.09,30.95,18.8,63.62,29.55
-1,5646,262,Moura Martins 2005,Richness,-48.19424444,-22.66653611,Precise,Brazil,Neotropics,Pitheciidae,Callicebus,Callicebus personatus,Callicebus_personatus ,Linear transects,1, , , ,0,2000,68.3,km,NA, ,Callicebus personatus ,Callicebus personatus,1.32,D,11.5,AR,Frugivore,NA,NA,4,NA,NA,NA,NA,1.01,1,Pair,Monogamy, ,8Tropical and Subtropical Grasslands Savannas and Shrublands,0.773990467,0.79,97.97,1.51,1.54,97.96,2.33,2.54,91.56,3,3.8,78.98,3.64,5.31,68.51,4.27,7.07,60.34,4.86,9.08,53.47,5.33,11.34,46.99,5.8,13.85,41.88,6.32,16.62,38.01,6.79,19.63,34.59,7.34,22.9,32.04,7.98,26.42,30.22,8.68,30.19,28.74,9.36,34.21,27.37,10.17,38.48,26.44,11,43.01,25.57,11.88,47.78,24.86,12.88,52.81,24.39,13.96,58.09,24.04,15.02,63.62,23.6
-1,5647,262,Moura Martins 2005,Richness,-48.29173333,-22.63426944,Precise,Brazil,Neotropics,Pitheciidae,Callicebus,Callicebus personatus,Callicebus_personatus ,Linear transects,0, , , ,0,2000,40,km,NA, ,Callicebus personatus ,Callicebus personatus,1.32,D,11.5,AR,Frugivore,NA,NA,4,NA,NA,NA,NA,1.01,1,Pair,Monogamy, ,8Tropical and Subtropical Grasslands Savannas and Shrublands,0.774015882,0.79,97.98,1.44,1.54,93.58,1.95,2.54,76.61,2.26,3.8,59.57,2.42,5.31,45.62,2.46,7.07,34.75,2.46,9.08,27.14,2.47,11.34,21.77,2.52,13.85,18.16,2.58,16.62,15.51,2.65,19.63,13.52,2.96,22.9,12.91,3.31,26.42,12.53,3.72,30.19,12.33,4.26,34.21,12.46,4.74,38.48,12.32,5.1,43.01,11.85,5.46,47.78,11.43,5.86,52.81,11.1,6.23,58.09,10.73,6.72,63.62,10.56
