OID,N,N_study,Source,BASE,X,Y,Precise,Country,Realm,Family,Genus,Taxon,Taxon_ITIS,Sample_met,Ocurrence,N_groups,Abundanc_1,Abundance,Density,Sample_yea,Sampling_e,Sampling_1,ID_Todo,TRAITS,Taxon_IT_1,ITIS_SPECI,BodyMass_k,DielActivi,HomeRange_,Locomotion,TrophicGui,Brain_size,Canine_Dim,MeanGroupS,Interbirth,Gestation,WeaningAge,MaxLongevi,LitterSz,AdultSexRa,Social_Sys,Mating_Sys,FOREST,BIOME,Buffer_500,Area500,FC_500,Buffer_700,Area700,FC_700,Buffer_900,Area900,FC_900,Buffer_110,Area1100,FC1100,Buffer_130,Area1300,FC_1300,Buffer_150,Area1500,FC_1500,Buffer_170,Area1700,FC_1700,Buffer_190,Area1900,FC_1900,Buffer_210,Area2100,FC_2100,Buffer_230,Area2300,FC_2300,Buffer_250,Area2500,FC_2500,Buffer_270,Area2700,FC_2700,Buffer_290,Area2900,FC_2900,Buffer_310,Area3100,FC_3100,Buffer_330,Area3300,FC_3300,Buffer_350,Area3500,FC_3500,Buffer_370,Area3700,F_Buffer_3,Buffer_390,Area_3900,FC_3900,Buffer_410,Area4100,FC_4100,Buffer_430,Area4300,FC_4300,Buffer_450,Area4500,FC_4500
-1,7712,223,Ceballos-Mago & Chivers 2013,Ocurrencias,-63.89694444,11.0192,Precise,Venezuela,Neotropics,Cebidae,Cebus,Cebus olivaceus,Cebus_olivaceus,Line transects,1,0,0,NA,0,2007,0, ,NA, ,Cebus olivaceus,Cebus olivaceus,2.88,D,257,AR,Omnivore,69.84,1.573,21,792.05,162,725.86,492,1.01,1.97,Polygyndry,Polygyndry, ,10Deserts and Xeric Shrublands,0.767789574,0.79,97.19,1.47,1.54,95.77,2.36,2.54,92.73,3.47,3.8,91.2,4.86,5.31,91.44,6.46,7.07,91.33,8.26,9.08,90.98,10.22,11.34,90.1,12.26,13.85,88.48,14.22,16.62,85.53,16.23,19.63,82.65,18.35,22.9,80.14,20.72,26.42,78.42,23.02,30.19,76.24,25.14,34.21,73.49,27.03,38.48,70.24,29.16,43.01,67.8,31.28,47.78,65.47,33.54,52.81,63.51,35.82,58.09,61.67,38.2,63.62,60.05
-1,7713,223,Ceballos-Mago & Chivers 2013,Ocurrencias,-63.84281944,11.06030833,Precise,Venezuela,Neotropics,Cebidae,Cebus,Cebus olivaceus,Cebus_olivaceus,Line transects,0,0,0,NA,0,2007,0, ,NA, ,Cebus olivaceus,Cebus olivaceus,2.88,D,257,AR,Omnivore,69.84,1.573,21,792.05,162,725.86,492,1.01,1.97,Polygyndry,Polygyndry, ,10Deserts and Xeric Shrublands,0.760269959,0.79,96.24,1.42,1.54,92.11,2.28,2.54,89.65,3.36,3.8,88.32,4.63,5.31,87.21,5.85,7.07,82.8,7.11,9.08,78.29,8.37,11.34,73.78,9.31,13.85,67.24,9.95,16.62,59.84,10.5,19.63,53.5,11.07,22.9,48.34,11.77,26.42,44.57,12.49,30.19,41.36,13.19,34.21,38.55,13.88,38.48,36.07,14.68,43.01,34.12,15.29,47.78,32,15.97,52.81,30.24,16.71,58.09,28.76,17.33,63.62,27.24
-1,7714,223,Ceballos-Mago & Chivers 2013,Ocurrencias,-63.88734722,11.07494722,Precise,Venezuela,Neotropics,Cebidae,Cebus,Cebus olivaceus,Cebus_olivaceus,Line transects,0,0,0,NA,0,2007,0, ,NA, ,Cebus olivaceus,Cebus olivaceus,2.88,D,257,AR,Omnivore,69.84,1.573,21,792.05,162,725.86,492,1.01,1.97,Polygyndry,Polygyndry, ,10Deserts and Xeric Shrublands,0.662116296,0.79,83.81,1.25,1.54,80.96,1.9,2.54,74.86,2.7,3.8,71.16,3.65,5.31,68.83,4.83,7.07,68.36,5.86,9.08,64.58,7,11.34,61.69,8.31,13.85,60.03,9.81,16.62,59.04,11.24,19.63,57.26,12.58,22.9,54.94,13.84,26.42,52.39,15.22,30.19,50.43,16.93,34.21,49.5,19.08,38.48,49.59,21.31,43.01,49.55,23.55,47.78,49.28,25.95,52.81,49.13,28.63,58.09,49.29,31.28,63.62,49.17
-1,7715,223,Ceballos-Mago & Chivers 2013,Ocurrencias,-63.88644444,11.10801389,Precise,Venezuela,Neotropics,Cebidae,Cebus,Cebus olivaceus,Cebus_olivaceus,Line transects,0,0,0,NA,0,2007,0, ,NA, ,Cebus olivaceus,Cebus olivaceus,2.88,D,257,AR,Omnivore,69.84,1.573,21,792.05,162,725.86,492,1.01,1.97,Polygyndry,Polygyndry, ,10Deserts and Xeric Shrublands,0.768316685,0.79,97.26,1.45,1.54,94.46,2.12,2.54,83.39,2.79,3.8,73.44,3.64,5.31,68.5,4.59,7.07,64.96,5.42,9.08,59.66,6.34,11.34,55.88,7.36,13.85,53.15,8.46,16.62,50.91,9.58,19.63,48.82,10.75,22.9,46.93,12.13,26.42,45.9,13.75,30.19,45.55,15.24,34.21,44.56,16.8,38.48,43.67,18.4,43.01,42.78,20.14,47.78,42.16,21.88,52.81,41.44,23.85,58.09,41.06,25.76,63.62,40.5
-1,7716,223,Ceballos-Mago & Chivers 2013,Ocurrencias,-63.89496944,11.13421944,Precise,Venezuela,Neotropics,Cebidae,Cebus,Cebus olivaceus,Cebus_olivaceus,Line transects,0,0,0,NA,0,2007,0, ,NA, ,Cebus olivaceus,Cebus olivaceus,2.88,D,257,AR,Omnivore,69.84,1.573,21,792.05,162,725.86,492,1.01,1.97,Polygyndry,Polygyndry, ,10Deserts and Xeric Shrublands,0.739330103,0.79,93.59,1.38,1.54,89.66,2.06,2.54,81,2.87,3.8,75.6,3.87,5.31,72.91,4.98,7.07,70.44,5.88,9.08,64.77,6.65,11.34,58.61,7.31,13.85,52.8,7.93,16.62,47.73,8.42,19.63,42.91,8.97,22.9,39.18,9.58,26.42,36.25,10.23,30.19,33.88,10.89,34.21,31.83,11.64,38.48,30.26,12.48,43.01,29.02,13.21,47.78,27.65,13.85,52.81,26.22,14.44,58.09,24.86,14.93,63.62,23.46
-1,7717,223,Ceballos-Mago & Chivers 2013,Ocurrencias,-63.98738333,11.01363333,Precise,Venezuela,Neotropics,Cebidae,Cebus,Cebus olivaceus,Cebus_olivaceus,Line transects,0,0,0,NA,0,2007,0, ,NA, ,Cebus olivaceus,Cebus olivaceus,2.88,D,257,AR,Omnivore,69.84,1.573,21,792.05,162,725.86,492,1.01,1.97,Polygyndry,Polygyndry, ,10Deserts and Xeric Shrublands,0.07303046,0.79,9.24,0.14,1.54,8.98,0.21,2.54,8.32,0.27,3.8,7.18,0.31,5.31,5.75,0.31,7.07,4.36,0.33,9.08,3.68,0.37,11.34,3.25,0.41,13.85,2.94,0.41,16.62,2.49,0.42,19.63,2.12,0.44,22.9,1.94,0.56,26.42,2.13,0.6,30.19,2,0.65,34.21,1.9,0.73,38.48,1.89,0.78,43.01,1.82,0.88,47.78,1.84,0.98,52.81,1.85,1.15,58.09,1.98,1.39,63.62,2.18
