OID,N,N_study,Source,BASE,X,Y,Precise,Country,Realm,Family,Genus,Taxon,Taxon_ITIS,Sample_met,Ocurrence,N_groups,Abundanc_1,Abundance,Density,Sample_yea,Sampling_e,Sampling_1,ID_Todo,TRAITS,Taxon_IT_1,ITIS_SPECI,BodyMass_k,DielActivi,HomeRange_,Locomotion,TrophicGui,Brain_size,Canine_Dim,MeanGroupS,Interbirth,Gestation,WeaningAge,MaxLongevi,LitterSz,AdultSexRa,Social_Sys,Mating_Sys,FOREST,BIOME,Buffer_500,Area500,FC_500,Buffer_700,Area700,FC_700,Buffer_900,Area900,FC_900,Buffer_110,Area1100,FC1100,Buffer_130,Area1300,FC_1300,Buffer_150,Area1500,FC_1500,Buffer_170,Area1700,FC_1700,Buffer_190,Area1900,FC_1900,Buffer_210,Area2100,FC_2100,Buffer_230,Area2300,FC_2300,Buffer_250,Area2500,FC_2500,Buffer_270,Area2700,FC_2700,Buffer_290,Area2900,FC_2900,Buffer_310,Area3100,FC_3100,Buffer_330,Area3300,FC_3300,Buffer_350,Area3500,FC_3500,Buffer_370,Area3700,F_Buffer_3,Buffer_390,Area_3900,FC_3900,Buffer_410,Area4100,FC_4100,Buffer_430,Area4300,FC_4300,Buffer_450,Area4500,FC_4500
-1,7700,17,Bicknell and Peres 2010,Richness,-58.93964453,4.84365745,Precise,Guyana,Neotropics,Cebidae,Cebus,Cebus olivaceus,Cebus_olivaceus,line/belt transects,0, ,0, ,0,2008,4000,kilometer,NA, ,Cebus olivaceus,Cebus olivaceus,2.88,D,257,AR,Omnivore,69.84,1.573,21,792.05,162,725.86,492,1.01,1.97,Polygyndry,Polygyndry, ,2Tropical_and_suptropical_moist_broadleaf_forest,0.750243161,0.79,94.97,1.49,1.54,96.88,2.48,2.54,97.67,3.72,3.8,97.82,5.2,5.31,97.84,NA,7.07,NA,8.88,9.08,97.76,11.08,11.34,97.75,13.54,13.85,97.77,16.25,16.62,97.76,19.2,19.63,97.79,22.4,22.9,97.83,25.85,26.42,97.84,29.54,30.19,97.86,33.49,34.21,97.9,37.67,38.48,97.9,42.11,43.01,97.91,46.8,47.78,97.94,51.73,52.81,97.96,56.91,58.09,97.97,62.34,63.62,97.99
-1,7701,17,Bicknell and Peres 2010,Richness,-58.75280548,4.579457538,Precise,Guyana,Neotropics,Cebidae,Cebus,Cebus olivaceus,Cebus_olivaceus,line/belt transects,1, ,0.079365079, ,0,2008,1600,kilometer,NA, ,Cebus olivaceus,Cebus olivaceus,2.88,D,257,AR,Omnivore,69.84,1.573,21,792.05,162,725.86,492,1.01,1.97,Polygyndry,Polygyndry, ,2Tropical_and_suptropical_moist_broadleaf_forest,0.768051192,0.79,97.22,1.51,1.54,97.95,2.5,2.54,98.27,3.73,3.8,98.21,5.22,5.31,98.22,NA,7.07,NA,8.92,9.08,98.28,11.15,11.34,98.32,13.62,13.85,98.35,16.34,16.62,98.32,19.31,19.63,98.36,22.52,22.9,98.35,25.98,26.42,98.35,29.68,30.19,98.32,33.61,34.21,98.23,37.77,38.48,98.14,42.17,43.01,98.05,46.85,47.78,98.05,51.78,52.81,98.06,56.98,58.09,98.08,62.4,63.62,98.09
-1,7702,17,Bicknell and Peres 2010,Richness,-58.74722846,4.587238744,Precise,Guyana,Neotropics,Cebidae,Cebus,Cebus olivaceus,Cebus_olivaceus,line/belt transects,0, ,0, ,0,2008,2000,kilometer,NA, ,Cebus olivaceus,Cebus olivaceus,2.88,D,257,AR,Omnivore,69.84,1.573,21,792.05,162,725.86,492,1.01,1.97,Polygyndry,Polygyndry, ,2Tropical_and_suptropical_moist_broadleaf_forest,0.772547917,0.79,97.79,1.51,1.54,98.2,2.5,2.54,98.28,3.73,3.8,98.21,5.22,5.31,98.22,NA,7.07,NA,8.92,9.08,98.28,11.15,11.34,98.32,13.62,13.85,98.35,16.34,16.62,98.32,19.28,19.63,98.24,22.46,22.9,98.09,25.92,26.42,98.1,29.62,30.19,98.1,33.57,34.21,98.12,37.75,38.48,98.12,42.18,43.01,98.07,46.83,47.78,98.02,51.76,52.81,98.02,56.96,58.09,98.05,62.4,63.62,98.07
-1,7703,17,Bicknell and Peres 2010,Richness,-58.71576104,4.617418228,Precise,Guyana,Neotropics,Cebidae,Cebus,Cebus olivaceus,Cebus_olivaceus,line/belt transects,0, ,0, ,0,2008,1600,kilometer,NA, ,Cebus olivaceus,Cebus olivaceus,2.88,D,257,AR,Omnivore,69.84,1.573,21,792.05,162,725.86,492,1.01,1.97,Polygyndry,Polygyndry, ,2Tropical_and_suptropical_moist_broadleaf_forest,0.772523025,0.79,97.79,1.51,1.54,98.32,2.5,2.54,98.55,3.73,3.8,98.24,5.22,5.31,98.24,NA,7.07,NA,8.89,9.08,97.96,11.12,11.34,98.06,13.59,13.85,98.09,16.3,16.62,98.06,19.26,19.63,98.11,22.45,22.9,98.05,25.88,26.42,97.94,29.58,30.19,97.99,33.54,34.21,98.04,37.73,38.48,98.06,42.15,43.01,98,46.8,47.78,97.94,51.71,52.81,97.92,56.85,58.09,97.87,62.25,63.62,97.84
-1,7704,17,Bicknell and Peres 2010,Richness,-58.72277697,4.619390603,Precise,Guyana,Neotropics,Cebidae,Cebus,Cebus olivaceus,Cebus_olivaceus,line/belt transects,0, ,0, ,0,2008,1900,kilometer,NA, ,Cebus olivaceus,Cebus olivaceus,2.88,D,257,AR,Omnivore,69.84,1.573,21,792.05,162,725.86,492,1.01,1.97,Polygyndry,Polygyndry, ,2Tropical_and_suptropical_moist_broadleaf_forest,0.772478995,0.79,97.78,1.51,1.54,98.33,2.49,2.54,98.03,3.72,3.8,97.93,5.2,5.31,97.9,NA,7.07,NA,8.89,9.08,97.94,11.11,11.34,97.99,13.56,13.85,97.89,16.24,16.62,97.73,19.2,19.63,97.83,22.42,22.9,97.9,25.88,26.42,97.95,29.58,30.19,97.99,33.54,34.21,98.04,37.74,38.48,98.08,42.19,43.01,98.1,46.89,47.78,98.13,51.8,52.81,98.09,56.93,58.09,98.01,62.34,63.62,97.98
-1,7705,17,Bicknell and Peres 2010,Richness,-58.73204908,4.637507491,Precise,Guyana,Neotropics,Cebidae,Cebus,Cebus olivaceus,Cebus_olivaceus,line/belt transects,1, ,0.075, ,0,2008,4000,kilometer,NA, ,Cebus olivaceus,Cebus olivaceus,2.88,D,257,AR,Omnivore,69.84,1.573,21,792.05,162,725.86,492,1.01,1.97,Polygyndry,Polygyndry, ,2Tropical_and_suptropical_moist_broadleaf_forest,0.772512164,0.79,97.79,1.51,1.54,98.32,2.5,2.54,98.55,3.74,3.8,98.4,5.22,5.31,98.35,NA,7.07,NA,8.93,9.08,98.36,11.16,11.34,98.38,13.63,13.85,98.4,16.35,16.62,98.36,19.31,19.63,98.39,22.51,22.9,98.32,25.97,26.42,98.31,29.68,30.19,98.3,33.6,34.21,98.2,37.76,38.48,98.14,42.21,43.01,98.13,46.89,47.78,98.14,51.83,52.81,98.15,56.99,58.09,98.11,62.37,63.62,98.04
-1,7706,17,Bicknell and Peres 2010,Richness,-58.70449247,4.642186354,Precise,Guyana,Neotropics,Cebidae,Cebus,Cebus olivaceus,Cebus_olivaceus,line/belt transects,0, ,0, ,0,2008,3700,kilometer,NA, ,Cebus olivaceus,Cebus olivaceus,2.88,D,257,AR,Omnivore,69.84,1.573,21,792.05,162,725.86,492,1.01,1.97,Polygyndry,Polygyndry, ,2Tropical_and_suptropical_moist_broadleaf_forest,0.772531642,0.79,97.79,1.51,1.54,98.26,2.5,2.54,98.51,3.72,3.8,97.86,5.16,5.31,97.11,NA,7.07,NA,8.76,9.08,96.52,10.93,11.34,96.37,13.35,13.85,96.36,16,16.62,96.28,18.95,19.63,96.55,22.13,22.9,96.64,25.57,26.42,96.78,29.18,30.19,96.66,32.92,34.21,96.23,36.87,38.48,95.83,41.05,43.01,95.44,45.4,47.78,95.02,49.95,52.81,94.58,54.81,58.09,94.36,59.96,63.62,94.25
-1,7707,17,Bicknell and Peres 2010,Richness,-58.71708277,4.734590007,Precise,Guyana,Neotropics,Cebidae,Cebus,Cebus olivaceus,Cebus_olivaceus,line/belt transects,0, ,0, ,0,2008,4000,kilometer,NA, ,Cebus olivaceus,Cebus olivaceus,2.88,D,257,AR,Omnivore,69.84,1.573,21,792.05,162,725.86,492,1.01,1.97,Polygyndry,Polygyndry, ,2Tropical_and_suptropical_moist_broadleaf_forest,0.758270406,0.79,95.98,1.42,1.54,92.41,2.2,2.54,86.61,3.07,3.8,80.81,4.07,5.31,76.66,NA,7.07,NA,7.07,9.08,77.84,8.97,11.34,79.13,11.12,13.85,80.32,13.52,16.62,81.38,16.16,19.63,82.3,19.02,22.9,83.06,22.15,26.42,83.83,25.56,30.19,84.68,29.27,34.21,85.57,33.24,38.48,86.38,37.45,43.01,87.08,41.93,47.78,87.75,46.66,52.81,88.35,51.59,58.09,88.81,56.76,63.62,89.22
-1,7708,17,Bicknell and Peres 2010,Richness,-58.71983422,4.735559777,Precise,Guyana,Neotropics,Cebidae,Cebus,Cebus olivaceus,Cebus_olivaceus,line/belt transects,1, ,0.136518771, ,0,2008,4000,kilometer,NA, ,Cebus olivaceus,Cebus olivaceus,2.88,D,257,AR,Omnivore,69.84,1.573,21,792.05,162,725.86,492,1.01,1.97,Polygyndry,Polygyndry, ,2Tropical_and_suptropical_moist_broadleaf_forest,0.772542949,0.79,97.79,1.5,1.54,97.4,2.48,2.54,97.73,3.54,3.8,93.25,4.68,5.31,88.06,NA,7.07,NA,7.33,9.08,80.71,9.13,11.34,80.49,11.21,13.85,80.95,13.53,16.62,81.41,16.12,19.63,82.1,19,22.9,82.95,22.13,26.42,83.75,25.5,30.19,84.46,29.16,34.21,85.25,33.12,38.48,86.07,37.35,43.01,86.84,41.82,47.78,87.53,46.51,52.81,88.06,51.43,58.09,88.53,56.57,63.62,88.91
-1,7709,17,Bicknell and Peres 2010,Richness,-58.94544588,4.842465391,Precise,Guyana,Neotropics,Cebidae,Cebus,Cebus olivaceus,Cebus_olivaceus,line/belt transects,0, ,0, ,0,2008,4000,kilometer,NA, ,Cebus olivaceus,Cebus olivaceus,2.88,D,257,AR,Omnivore,69.84,1.573,21,792.05,162,725.86,492,1.01,1.97,Polygyndry,Polygyndry, ,2Tropical_and_suptropical_moist_broadleaf_forest,0.760051057,0.79,96.21,1.49,1.54,96.76,2.46,2.54,96.76,3.68,3.8,96.81,5.15,5.31,96.94,NA,7.07,NA,8.83,9.08,97.3,11.05,11.34,97.42,13.51,13.85,97.55,16.22,16.62,97.59,19.17,19.63,97.66,22.38,22.9,97.72,25.81,26.42,97.7,29.51,30.19,97.74,33.45,34.21,97.77,37.64,38.48,97.81,42.07,43.01,97.82,46.76,47.78,97.87,51.69,52.81,97.88,56.86,58.09,97.88,62.25,63.62,97.85
-1,7710,17,Bicknell and Peres 2010,Richness,-58.89979274,4.855787047,Precise,Guyana,Neotropics,Cebidae,Cebus,Cebus olivaceus,Cebus_olivaceus,line/belt transects,1, ,0.025125628, ,0,2008,3800,kilometer,NA, ,Cebus olivaceus,Cebus olivaceus,2.88,D,257,AR,Omnivore,69.84,1.573,21,792.05,162,725.86,492,1.01,1.97,Polygyndry,Polygyndry, ,2Tropical_and_suptropical_moist_broadleaf_forest,0.772546823,0.79,97.79,1.51,1.54,98.32,2.5,2.54,98.55,3.74,3.8,98.4,5.22,5.31,98.35,NA,7.07,NA,8.93,9.08,98.36,11.16,11.34,98.38,13.63,13.85,98.4,16.34,16.62,98.33,19.3,19.63,98.34,22.52,22.9,98.33,25.98,26.42,98.33,29.68,30.19,98.32,33.63,34.21,98.31,37.83,38.48,98.32,42.28,43.01,98.31,46.97,47.78,98.31,51.91,52.81,98.3,57.09,58.09,98.28,62.48,63.62,98.2
-1,7711,17,Bicknell and Peres 2010,Richness,-58.89993835,4.859502787,Precise,Guyana,Neotropics,Cebidae,Cebus,Cebus olivaceus,Cebus_olivaceus,line/belt transects,0, ,0, ,0,2008,2900,kilometer,NA, ,Cebus olivaceus,Cebus olivaceus,2.88,D,257,AR,Omnivore,69.84,1.573,21,792.05,162,725.86,492,1.01,1.97,Polygyndry,Polygyndry, ,2Tropical_and_suptropical_moist_broadleaf_forest,0.772528706,0.79,97.79,1.51,1.54,98.32,2.5,2.54,98.55,3.74,3.8,98.4,5.22,5.31,98.35,NA,7.07,NA,8.93,9.08,98.36,11.16,11.34,98.38,13.63,13.85,98.4,16.35,16.62,98.35,19.31,19.63,98.36,22.52,22.9,98.33,25.98,26.42,98.33,29.69,30.19,98.33,33.63,34.21,98.31,37.83,38.48,98.32,42.28,43.01,98.31,46.97,47.78,98.31,51.91,52.81,98.3,57.09,58.09,98.28,62.51,63.62,98.25
