OID,N,N_study,Source,BASE,X,Y,Precise,Country,Realm,Family,Genus,Taxon,Taxon_ITIS,Sample_met,Ocurrence,N_groups,Abundanc_1,Abundance,Density,Sample_yea,Sampling_e,Sampling_1,ID_Todo,TRAITS,Taxon_IT_1,ITIS_SPECI,BodyMass_k,DielActivi,HomeRange_,Locomotion,TrophicGui,Brain_size,Canine_Dim,MeanGroupS,Interbirth,Gestation,WeaningAge,MaxLongevi,LitterSz,AdultSexRa,Social_Sys,Mating_Sys,FOREST,BIOME,Buffer_500,Area500,FC_500,Buffer_700,Area700,FC_700,Buffer_900,Area900,FC_900,Buffer_110,Area1100,FC1100,Buffer_130,Area1300,FC_1300,Buffer_150,Area1500,FC_1500,Buffer_170,Area1700,FC_1700,Buffer_190,Area1900,FC_1900,Buffer_210,Area2100,FC_2100,Buffer_230,Area2300,FC_2300,Buffer_250,Area2500,FC_2500,Buffer_270,Area2700,FC_2700,Buffer_290,Area2900,FC_2900,Buffer_310,Area3100,FC_3100,Buffer_330,Area3300,FC_3300,Buffer_350,Area3500,FC_3500,Buffer_370,Area3700,F_Buffer_3,Buffer_390,Area_3900,FC_3900,Buffer_410,Area4100,FC_4100,Buffer_430,Area4300,FC_4300,Buffer_450,Area4500,FC_4500
-1,7068,8,Jack & Campos 2012,Ocurrencias,-80.4739,-0.39605,Precise,Ecuador,Neotropics,Cebidae,Cebus,Cebus albifrons,Cebus_albifrons,Total count,0,0,0,Total count,0,2002,0, ,NA, ,Cebus albifrons,Cebus albifrons,2.74,D,177.5,BOTH,Omnivore,65.45,NA,25.1,547.5,158,270.32,528,1.01,1.71,Polygyndry,Polygyndry, ,9Tropical and Subtropical Dry Broadleaf Forest,0.77246764,0.79,97.78,1.51,1.54,98.11,2.48,2.54,97.76,3.7,3.8,97.29,5.17,5.31,97.29,6.88,7.07,97.29,8.83,9.08,97.27,10.99,11.34,96.91,13.24,13.85,95.56,15.32,16.62,92.17,17.41,19.63,88.71,19.58,22.9,85.48,21.62,26.42,81.85,23.54,30.19,77.96,25.43,34.21,74.35,27.51,38.48,71.5,29.57,43.01,68.74,31.68,47.78,66.3,33.84,52.81,64.07,35.95,58.09,61.88,37.99,63.62,59.72
-1,7069,8,Jack & Campos 2012,Ocurrencias,-80.04076,-2.15775,Precise,Ecuador,Neotropics,Cebidae,Cebus,Cebus albifrons,Cebus_albifrons,Total count,1,3,48,Total count,0,2004,0, ,NA, ,Cebus albifrons,Cebus albifrons,2.74,D,177.5,BOTH,Omnivore,65.45,NA,25.1,547.5,158,270.32,528,1.01,1.71,Polygyndry,Polygyndry, ,2Tropical_and_suptropical_moist_broadleaf_forest,0.772407959,0.79,97.77,1.51,1.54,98.32,2.5,2.54,98.54,3.74,3.8,98.39,5.22,5.31,98.35,NA,7.07,NA,8.92,9.08,98.26,11.08,11.34,97.72,13.28,13.85,95.9,15.48,16.62,93.16,17.87,19.63,91.02,20.46,22.9,89.33,23.37,26.42,88.46,26.74,30.19,88.56,30.41,34.21,88.9,34.13,38.48,88.7,37.85,43.01,88,41.59,47.78,87.05,45.16,52.81,85.52,48.72,58.09,83.87,52.53,63.62,82.56
-1,7070,8,Jack & Campos 2012,Ocurrencias,-80.43605,-0.61103,Precise,Ecuador,Neotropics,Cebidae,Cebus,Cebus albifrons,Cebus_albifrons,Total count,0,0,0,Total count,0,2003,0, ,NA, ,Cebus albifrons,Cebus albifrons,2.74,D,177.5,BOTH,Omnivore,65.45,NA,25.1,547.5,158,270.32,528,1.01,1.71,Polygyndry,Polygyndry, ,7Mangroves,0.488283091,0.79,61.81,0.9,1.54,58.27,1.28,2.54,50.34,1.61,3.8,42.3,1.94,5.31,36.58,2.4,7.07,33.89,2.91,9.08,32.07,3.39,11.34,29.87,3.9,13.85,28.16,4.4,16.62,26.45,4.91,19.63,25.03,5.48,22.9,23.92,5.96,26.42,22.55,6.44,30.19,21.33,6.96,34.21,20.33,7.49,38.48,19.46,8.04,43.01,18.7,8.7,47.78,18.2,9.46,52.81,17.92,10.33,58.09,17.79,11.41,63.62,17.94
-1,7071,8,Jack & Campos 2012,Ocurrencias,-80.47306,-0.7027,Precise,Ecuador,Neotropics,Cebidae,Cebus,Cebus albifrons,Cebus_albifrons,Total count,1,0,0,Total count,0,2002,0, ,NA, ,Cebus albifrons,Cebus albifrons,2.74,D,177.5,BOTH,Omnivore,65.45,NA,25.1,547.5,158,270.32,528,1.01,1.71,Polygyndry,Polygyndry, ,9Tropical and Subtropical Dry Broadleaf Forest,0.729086699,0.79,92.29,1.43,1.54,93.08,2.37,2.54,93.29,3.51,3.8,92.34,4.87,5.31,91.79,6.52,7.07,92.18,8.38,9.08,92.27,10.23,11.34,90.2,12.14,13.85,87.68,14.13,16.62,85.03,16.25,19.63,82.81,18.46,22.9,80.62,20.73,26.42,78.45,22.68,30.19,75.11,24.68,34.21,72.14,26.86,38.48,69.79,29.12,43.01,67.71,31.44,47.78,65.79,33.9,52.81,64.19,36.46,58.09,62.77,39.03,63.62,61.35
-1,7072,8,Jack & Campos 2012,Ocurrencias,-78.86363,0.69761,Precise,Ecuador,Neotropics,Cebidae,Cebus,Cebus albifrons,Cebus_albifrons,Informant and published,0,0,0,Informant and published,0,2003,0, ,NA, ,Cebus albifrons,Cebus albifrons,2.74,D,177.5,BOTH,Omnivore,65.45,NA,25.1,547.5,158,270.32,528,1.01,1.71,Polygyndry,Polygyndry, ,2Tropical_and_suptropical_moist_broadleaf_forest,0.772419357,0.79,97.77,1.51,1.54,98.32,2.5,2.54,98.54,3.74,3.8,98.37,5.22,5.31,98.25,NA,7.07,NA,8.92,9.08,98.2,11.13,11.34,98.17,13.6,13.85,98.22,16.32,16.62,98.19,19.29,19.63,98.24,22.5,22.9,98.24,25.96,26.42,98.25,29.66,30.19,98.26,33.62,34.21,98.27,37.82,38.48,98.28,42.26,43.01,98.26,46.96,47.78,98.28,51.89,52.81,98.25,57.07,58.09,98.25,62.51,63.62,98.26
-1,7073,8,Jack & Campos 2012,Ocurrencias,-80.35264,-0.26006,Precise,Ecuador,Neotropics,Cebidae,Cebus,Cebus albifrons,Cebus_albifrons,Total count,1,4,54,Total count,0,2003,0, ,NA, ,Cebus albifrons,Cebus albifrons,2.74,D,177.5,BOTH,Omnivore,65.45,NA,25.1,547.5,158,270.32,528,1.01,1.71,Polygyndry,Polygyndry, ,9Tropical and Subtropical Dry Broadleaf Forest,0.771587395,0.79,97.67,1.51,1.54,97.87,2.49,2.54,98.12,3.71,3.8,97.67,5.16,5.31,97.19,6.83,7.07,96.54,8.76,9.08,96.44,10.83,11.34,95.53,13.04,13.85,94.18,15.48,16.62,93.16,18.29,19.63,93.15,21.33,22.9,93.15,24.58,26.42,93.02,27.91,30.19,92.44,31.31,34.21,91.51,34.81,38.48,90.46,38.47,43.01,89.45,42.13,47.78,88.18,45.58,52.81,86.3,48.58,58.09,83.63,51.07,63.62,80.28
-1,7074,8,Jack & Campos 2012,Ocurrencias,-79.65691,-1.24866,Precise,Ecuador,Neotropics,Cebidae,Cebus,Cebus albifrons,Cebus_albifrons,Total count,1,2,33,Total count,0,2004,0, ,NA, ,Cebus albifrons,Cebus albifrons,2.74,D,177.5,BOTH,Omnivore,65.45,NA,25.1,547.5,158,270.32,528,1.01,1.71,Polygyndry,Polygyndry, ,2Tropical_and_suptropical_moist_broadleaf_forest,0.736689549,0.79,93.25,1.24,1.54,80.42,1.91,2.54,75.24,2.78,3.8,73.14,3.77,5.31,71.06,NA,7.07,NA,6.21,9.08,68.38,7.43,11.34,65.48,8.76,13.85,63.21,10.33,16.62,62.18,12.2,19.63,62.17,14.19,22.9,61.96,16.01,26.42,60.6,17.89,30.19,59.25,19.81,34.21,57.91,21.95,38.48,57.05,24.02,43.01,55.84,25.93,47.78,54.27,28.05,52.81,53.12,30.46,58.09,52.44,33.32,63.62,52.37
-1,7075,8,Jack & Campos 2012,Ocurrencias,-78.86958,-0.36652,Precise,Ecuador,Neotropics,Cebidae,Cebus,Cebus albifrons,Cebus_albifrons,Total count,1,1,13,Total count,0,2004,0, ,NA, ,Cebus albifrons,Cebus albifrons,2.74,D,177.5,BOTH,Omnivore,65.45,NA,25.1,547.5,158,270.32,528,1.01,1.71,Polygyndry,Polygyndry, ,2Tropical_and_suptropical_moist_broadleaf_forest,0.772361538,0.79,97.77,1.51,1.54,98.04,2.48,2.54,97.66,3.71,3.8,97.76,5.2,5.31,97.89,NA,7.07,NA,8.87,9.08,97.73,11.09,11.34,97.82,13.54,13.85,97.76,16.24,16.62,97.74,19.1,19.63,97.31,22.21,22.9,96.99,25.51,26.42,96.55,29.12,30.19,96.45,32.96,34.21,96.34,37.09,38.48,96.39,41.4,43.01,96.27,45.96,47.78,96.2,50.79,52.81,96.18,55.93,58.09,96.28,61.32,63.62,96.39
-1,7076,8,Jack & Campos 2012,Ocurrencias,-80.14211,-0.0951,Precise,Ecuador,Neotropics,Cebidae,Cebus,Cebus albifrons,Cebus_albifrons,Total count,1,1,5,Total count,0,2004,0, ,NA, ,Cebus albifrons,Cebus albifrons,2.74,D,177.5,BOTH,Omnivore,65.45,NA,25.1,547.5,158,270.32,528,1.01,1.71,Polygyndry,Polygyndry, ,9Tropical and Subtropical Dry Broadleaf Forest,0.772449507,0.79,97.78,1.48,1.54,96.37,2.46,2.54,96.83,3.62,3.8,95.34,4.88,5.31,91.93,6.33,7.07,89.56,8.07,9.08,88.88,9.98,11.34,88.04,12.19,13.85,88.02,14.55,16.62,87.56,17.07,19.63,86.98,19.89,22.9,86.87,23.03,26.42,87.17,26.41,30.19,87.47,30.05,34.21,87.83,33.77,38.48,87.75,37.52,43.01,87.23,41.45,47.78,86.75,45.62,52.81,86.39,49.96,58.09,86.01,54.37,63.62,85.46
-1,7077,8,Jack & Campos 2012,Ocurrencias,-79.63384,-2.4125,Precise,Ecuador,Neotropics,Cebidae,Cebus,Cebus albifrons,Cebus_albifrons,Informant and published,1,0,0,Informant and published,0,2003,4,Days,NA, ,Cebus albifrons,Cebus albifrons,2.74,D,177.5,BOTH,Omnivore,65.45,NA,25.1,547.5,158,270.32,528,1.01,1.71,Polygyndry,Polygyndry, ,5Flooded Grasslands and Savannas,0.686057626,0.79,86.84,1.19,1.54,77.15,1.89,2.54,74.41,2.66,3.8,69.95,3.45,5.31,64.96,NA,7.07,NA,5.57,9.08,61.29,6.79,11.34,59.86,8.16,13.85,58.91,9.67,16.62,58.19,11.19,19.63,57.03,12.76,22.9,55.7,14.25,26.42,53.94,15.67,30.19,51.92,16.97,34.21,49.62,18.32,38.48,47.62,19.78,43.01,45.99,21.4,47.78,44.79,23.12,52.81,43.78,25.2,58.09,43.39,27.39,63.62,43.05
-1,7078,8,Jack & Campos 2012,Ocurrencias,-80.18334,-0.36667,Precise,Ecuador,Neotropics,Cebidae,Cebus,Cebus albifrons,Cebus_albifrons,Total count,0,0,0,Total count,0,2002,0, ,NA, ,Cebus albifrons,Cebus albifrons,2.74,D,177.5,BOTH,Omnivore,65.45,NA,25.1,547.5,158,270.32,528,1.01,1.71,Polygyndry,Polygyndry, ,9Tropical and Subtropical Dry Broadleaf Forest,0.180186714,0.79,22.81,0.36,1.54,23.14,0.68,2.54,26.79,1.13,3.8,29.78,1.57,5.31,29.65,2.16,7.07,30.54,2.57,9.08,28.33,3.21,11.34,28.31,4.09,13.85,29.51,4.85,16.62,29.2,5.89,19.63,29.99,7,22.9,30.55,8.06,26.42,30.52,9.16,30.19,30.34,10.49,34.21,30.66,11.96,38.48,31.09,13.65,43.01,31.74,15.83,47.78,33.12,18.02,52.81,34.11,20.15,58.09,34.68,22.53,63.62,35.41
