OID,N,N_study,Source,BASE,X,Y,Precise,Country,Realm,Family,Genus,Taxon,Taxon_ITIS,Sample_met,Ocurrence,N_groups,Abundanc_1,Abundance,Density,Sample_yea,Sampling_e,Sampling_1,ID_Todo,TRAITS,Taxon_IT_1,ITIS_SPECI,BodyMass_k,DielActivi,HomeRange_,Locomotion,TrophicGui,Brain_size,Canine_Dim,MeanGroupS,Interbirth,Gestation,WeaningAge,MaxLongevi,LitterSz,AdultSexRa,Social_Sys,Mating_Sys,FOREST,BIOME,Buffer_500,Area500,FC_500,Buffer_700,Area700,FC_700,Buffer_900,Area900,FC_900,Buffer_110,Area1100,FC1100,Buffer_130,Area1300,FC_1300,Buffer_150,Area1500,FC_1500,Buffer_170,Area1700,FC_1700,Buffer_190,Area1900,FC_1900,Buffer_210,Area2100,FC_2100,Buffer_230,Area2300,FC_2300,Buffer_250,Area2500,FC_2500,Buffer_270,Area2700,FC_2700,Buffer_290,Area2900,FC_2900,Buffer_310,Area3100,FC_3100,Buffer_330,Area3300,FC_3300,Buffer_350,Area3500,FC_3500,Buffer_370,Area3700,F_Buffer_3,Buffer_390,Area_3900,FC_3900,Buffer_410,Area4100,FC_4100,Buffer_430,Area4300,FC_4300,Buffer_450,Area4500,FC_4500
-1,7124,283,Larrotta Salazar et al. 2016,Richness,-75.109925,9.929378,Precise,Colombia,Neotropics,Cebidae,Cebus,Cebus capucinus,Cebus_capucinus ,Direct observation,0, , , ,0,2010,0,km,NA, ,Cebus capucinus ,Cebus capucinus,3.11,D,103.4833333,AR,Omnivore,72.93,1.582,16.4,790.83,162,514.07,657.6,1.01,1.47,Polygyndry,Harem Polygyny, ,2Tropical_and_suptropical_moist_broadleaf_forest,0.72771047,0.79,92.12,1.37,1.54,88.67,2.17,2.54,85.38,3.08,3.8,81.12,4.13,5.31,77.74,NA,7.07,NA,6.36,9.08,70.02,7.65,11.34,67.49,9.21,13.85,66.49,10.93,16.62,65.79,12.89,19.63,65.68,15.16,22.9,66.21,17.69,26.42,66.97,20.44,30.19,67.69,23.31,34.21,68.13,26.38,38.48,68.54,29.5,43.01,68.59,32.5,47.78,68.03,35.51,52.81,67.25,38.76,58.09,66.73,42.29,63.62,66.47
-1,7125,283,Larrotta Salazar et al. 2016,Richness,-75.218109,9.509334,Precise,Colombia,Neotropics,Cebidae,Cebus,Cebus capucinus,Cebus_capucinus ,Direct observation,0, , , ,0,2010,0,km,NA, ,Cebus capucinus ,Cebus capucinus,3.11,D,103.4833333,AR,Omnivore,72.93,1.582,16.4,790.83,162,514.07,657.6,1.01,1.47,Polygyndry,Harem Polygyny, ,2Tropical_and_suptropical_moist_broadleaf_forest,0.758579556,0.79,96.02,1.44,1.54,93.44,2.37,2.54,93.28,3.47,3.8,91.23,4.76,5.31,89.67,NA,7.07,NA,7.86,9.08,86.59,9.32,11.34,82.15,10.84,13.85,78.26,12.32,16.62,74.1,13.84,19.63,70.53,15.53,22.9,67.82,17.28,26.42,65.39,19.26,30.19,63.79,21.43,34.21,62.65,23.94,38.48,62.2,26.57,43.01,61.77,29.47,47.78,61.67,32.34,52.81,61.25,35.46,58.09,61.04,38.72,63.62,60.85
-1,7126,283,Larrotta Salazar et al. 2016,Richness,-75.335663,9.587121,Precise,Colombia,Neotropics,Cebidae,Cebus,Cebus capucinus,Cebus_capucinus ,Direct observation,0, , , ,0,2010,0,km,NA, ,Cebus capucinus ,Cebus capucinus,3.11,D,103.4833333,AR,Omnivore,72.93,1.582,16.4,790.83,162,514.07,657.6,1.01,1.47,Polygyndry,Harem Polygyny, ,10Deserts and Xeric Shrublands,0.762259809,0.79,96.49,1.5,1.54,97.09,2.48,2.54,97.61,3.71,3.8,97.55,5.17,5.31,97.33,6.86,7.07,97,8.82,9.08,97.19,11.02,11.34,97.21,13.44,13.85,97.05,16.08,16.62,96.73,18.88,19.63,96.2,21.83,22.9,95.33,24.93,26.42,94.38,28.19,30.19,93.36,31.71,34.21,92.7,35.4,38.48,92,39.12,43.01,90.96,42.89,47.78,89.77,46.54,52.81,88.13,50.43,58.09,86.81,54.35,63.62,85.43
-1,7127,283,Larrotta Salazar et al. 2016,Richness,-75.341925,9.452758,Precise,Colombia,Neotropics,Cebidae,Cebus,Cebus capucinus,Cebus_capucinus ,Direct observation,0, , , ,0,2010,0,km,NA, ,Cebus capucinus ,Cebus capucinus,3.11,D,103.4833333,AR,Omnivore,72.93,1.582,16.4,790.83,162,514.07,657.6,1.01,1.47,Polygyndry,Harem Polygyny, ,10Deserts and Xeric Shrublands,0.450338567,0.79,57,0.71,1.54,45.79,0.99,2.54,38.87,1.29,3.8,34.07,1.68,5.31,31.55,2.09,7.07,29.52,2.51,9.08,27.63,3.09,11.34,27.27,3.95,13.85,28.49,5.11,16.62,30.74,6.23,19.63,31.75,7.54,22.9,32.95,8.95,26.42,33.87,10.4,30.19,34.45,11.86,34.21,34.68,13.26,38.48,34.45,14.58,43.01,33.9,16.03,47.78,33.56,17.78,52.81,33.67,19.53,58.09,33.62,21.39,63.62,33.62
-1,7128,283,Larrotta Salazar et al. 2016,Richness,-75.349537,9.49986,Precise,Colombia,Neotropics,Cebidae,Cebus,Cebus capucinus,Cebus_capucinus ,Direct observation,0, , , ,0,2010,0,km,NA, ,Cebus capucinus ,Cebus capucinus,3.11,D,103.4833333,AR,Omnivore,72.93,1.582,16.4,790.83,162,514.07,657.6,1.01,1.47,Polygyndry,Harem Polygyny, ,10Deserts and Xeric Shrublands,0.183778293,0.79,23.26,0.27,1.54,17.37,0.33,2.54,13.15,0.4,3.8,10.41,0.66,5.31,12.4,0.96,7.07,13.59,1.23,9.08,13.51,1.42,11.34,12.5,1.69,13.85,12.17,2.06,16.62,12.41,2.33,19.63,11.89,2.65,22.9,11.58,3.16,26.42,11.94,3.81,30.19,12.64,4.7,34.21,13.73,6.05,38.48,15.72,7.64,43.01,17.77,9.35,47.78,19.58,11.27,52.81,21.35,13.41,58.09,23.08,15.77,63.62,24.78
-1,7129,283,Larrotta Salazar et al. 2016,Richness,-75.354086,9.538907,Precise,Colombia,Neotropics,Cebidae,Cebus,Cebus capucinus,Cebus_capucinus ,Direct observation,1,N individuals, ,17,0,2010,0,km,NA, ,Cebus capucinus ,Cebus capucinus,3.11,D,103.4833333,AR,Omnivore,72.93,1.582,16.4,790.83,162,514.07,657.6,1.01,1.47,Polygyndry,Harem Polygyny, ,10Deserts and Xeric Shrublands,0.7350839,0.79,93.05,1.38,1.54,89.92,2.25,2.54,88.67,3.25,3.8,85.55,4.37,5.31,82.35,5.71,7.07,80.81,7.3,9.08,80.35,9.13,11.34,80.49,11.08,13.85,79.98,13.18,16.62,79.33,15.32,19.63,78.06,17.7,22.9,77.28,20.16,26.42,76.3,22.64,30.19,74.99,25.3,34.21,73.95,28.06,38.48,72.92,30.69,43.01,71.35,33.52,47.78,70.16,36.52,52.81,69.15,39.7,58.09,68.34,42.92,63.62,67.46
-1,7130,283,Larrotta Salazar et al. 2016,Richness,-75.356951,9.511923,Precise,Colombia,Neotropics,Cebidae,Cebus,Cebus capucinus,Cebus_capucinus ,Direct observation,0, , , ,0,2010,0,km,NA, ,Cebus capucinus ,Cebus capucinus,3.11,D,103.4833333,AR,Omnivore,72.93,1.582,16.4,790.83,162,514.07,657.6,1.01,1.47,Polygyndry,Harem Polygyny, ,10Deserts and Xeric Shrublands,0.253599463,0.79,32.1,0.38,1.54,24.5,0.55,2.54,21.71,0.71,3.8,18.78,0.9,5.31,16.86,1.1,7.07,15.5,1.4,9.08,15.39,1.97,11.34,17.36,2.74,13.85,19.8,3.9,16.62,23.46,5.33,19.63,27.17,6.87,22.9,30.02,8.75,26.42,33.13,10.69,30.19,35.41,12.7,34.21,37.12,14.8,38.48,38.47,17.15,43.01,39.87,19.61,47.78,41.04,22.19,52.81,42.02,24.85,58.09,42.78,27.5,63.62,43.23
-1,7131,283,Larrotta Salazar et al. 2016,Richness,-75.363871,9.525141,Precise,Colombia,Neotropics,Cebidae,Cebus,Cebus capucinus,Cebus_capucinus ,Direct observation,0, , , ,0,2010,0,km,NA, ,Cebus capucinus ,Cebus capucinus,3.11,D,103.4833333,AR,Omnivore,72.93,1.582,16.4,790.83,162,514.07,657.6,1.01,1.47,Polygyndry,Harem Polygyny, ,10Deserts and Xeric Shrublands,0.408397929,0.79,51.7,0.71,1.54,46.15,1.2,2.54,47.44,1.81,3.8,47.72,2.76,5.31,51.92,3.86,7.07,54.65,5.12,9.08,56.34,6.45,11.34,56.87,8.14,13.85,58.77,9.91,16.62,59.6,11.92,19.63,60.73,14.05,22.9,61.38,16.33,26.42,61.8,18.69,30.19,61.92,21.43,34.21,62.64,24.27,38.48,63.07,27.23,43.01,63.32,30.42,47.78,63.66,33.59,52.81,63.6,36.73,58.09,63.22,39.9,63.62,62.71
-1,7132,283,Larrotta Salazar et al. 2016,Richness,-75.372393,9.436313,Precise,Colombia,Neotropics,Cebidae,Cebus,Cebus capucinus,Cebus_capucinus ,Direct observation,0, , , ,0,2010,0,km,NA, ,Cebus capucinus ,Cebus capucinus,3.11,D,103.4833333,AR,Omnivore,72.93,1.582,16.4,790.83,162,514.07,657.6,1.01,1.47,Polygyndry,Harem Polygyny, ,10Deserts and Xeric Shrublands,0.068340613,0.79,8.65,0.13,1.54,8.66,0.21,2.54,8.46,0.33,3.8,8.79,0.42,5.31,7.98,0.56,7.07,7.99,0.79,9.08,8.73,1.05,11.34,9.26,1.4,13.85,10.11,1.56,16.62,9.41,1.9,19.63,9.67,2.37,22.9,10.33,2.95,26.42,11.16,3.61,30.19,11.97,4.11,34.21,12.02,4.85,38.48,12.61,5.56,43.01,12.93,6.23,47.78,13.04,7.04,52.81,13.33,7.81,58.09,13.44,8.47,63.62,13.32
-1,7133,283,Larrotta Salazar et al. 2016,Richness,-75.374265,9.54265,Precise,Colombia,Neotropics,Cebidae,Cebus,Cebus capucinus,Cebus_capucinus ,Direct observation,0, , , ,0,2010,0,km,NA, ,Cebus capucinus ,Cebus capucinus,3.11,D,103.4833333,AR,Omnivore,72.93,1.582,16.4,790.83,162,514.07,657.6,1.01,1.47,Polygyndry,Harem Polygyny, ,10Deserts and Xeric Shrublands,0.766545151,0.79,97.03,1.48,1.54,96.29,2.42,2.54,95.35,3.64,3.8,95.73,5.1,5.31,96.1,6.81,7.07,96.3,8.61,9.08,94.86,10.61,11.34,93.59,12.82,13.85,92.54,15.37,16.62,92.48,18.09,19.63,92.14,20.94,22.9,91.43,23.85,26.42,90.28,26.95,30.19,89.28,30.07,34.21,87.9,33.44,38.48,86.9,36.94,43.01,85.89,40.48,47.78,84.72,44.05,52.81,83.41,47.64,58.09,82.02,51.07,63.62,80.28
-1,7134,283,Larrotta Salazar et al. 2016,Richness,-75.375379,9.502781,Precise,Colombia,Neotropics,Cebidae,Cebus,Cebus capucinus,Cebus_capucinus ,Direct observation,0, , , ,0,2010,0,km,NA, ,Cebus capucinus ,Cebus capucinus,3.11,D,103.4833333,AR,Omnivore,72.93,1.582,16.4,790.83,162,514.07,657.6,1.01,1.47,Polygyndry,Harem Polygyny, ,10Deserts and Xeric Shrublands,0.219725213,0.79,27.81,0.48,1.54,31.39,0.85,2.54,33.53,1.41,3.8,36.98,1.94,5.31,36.52,2.62,7.07,36.99,3.43,9.08,37.77,4.44,11.34,39.15,5.57,13.85,40.18,6.83,16.62,41.12,8.26,19.63,42.09,9.69,22.9,42.3,11.19,26.42,42.36,12.91,30.19,42.77,14.72,34.21,43.03,16.71,38.48,43.41,18.74,43.01,43.56,20.72,47.78,43.36,23.25,52.81,44.03,25.79,58.09,44.4,28.37,63.62,44.59
-1,7135,283,Larrotta Salazar et al. 2016,Richness,-75.401908,9.589428,Precise,Colombia,Neotropics,Cebidae,Cebus,Cebus capucinus,Cebus_capucinus ,Direct observation,0, , , ,0,2010,0,km,NA, ,Cebus capucinus ,Cebus capucinus,3.11,D,103.4833333,AR,Omnivore,72.93,1.582,16.4,790.83,162,514.07,657.6,1.01,1.47,Polygyndry,Harem Polygyny, ,10Deserts and Xeric Shrublands,0.329060662,0.79,41.65,0.67,1.54,43.83,1.17,2.54,46.02,1.81,3.8,47.68,2.59,5.31,48.7,3.47,7.07,49.08,4.53,9.08,49.94,5.71,11.34,50.33,6.98,13.85,50.41,8.35,16.62,50.24,9.84,19.63,50.11,11.48,22.9,50.15,13.39,26.42,50.69,15.63,30.19,51.77,17.9,34.21,52.32,20.4,38.48,53.02,22.94,43.01,53.33,25.69,47.78,53.78,28.44,52.81,53.86,31.29,58.09,53.86,34.43,63.62,54.12
-1,7136,283,Larrotta Salazar et al. 2016,Richness,-75.413762,9.487194,Precise,Colombia,Neotropics,Cebidae,Cebus,Cebus capucinus,Cebus_capucinus ,Direct observation,0, , , ,0,2010,0,km,NA, ,Cebus capucinus ,Cebus capucinus,3.11,D,103.4833333,AR,Omnivore,72.93,1.582,16.4,790.83,162,514.07,657.6,1.01,1.47,Polygyndry,Harem Polygyny, ,10Deserts and Xeric Shrublands,0.385553301,0.79,48.8,0.75,1.54,48.95,1.28,2.54,50.48,1.98,3.8,52.1,2.83,5.31,53.21,3.88,7.07,54.83,5.04,9.08,55.46,6.26,11.34,55.21,7.5,13.85,54.12,8.62,16.62,51.88,9.65,19.63,49.16,10.99,22.9,47.98,12.26,26.42,46.41,13.58,30.19,44.98,15.12,34.21,44.21,16.47,38.48,42.8,17.87,43.01,41.54,19.16,47.78,40.1,20.42,52.81,38.67,21.81,58.09,37.54,23.28,63.62,36.59
-1,7137,283,Larrotta Salazar et al. 2016,Richness,-75.439373,9.279212,Precise,Colombia,Neotropics,Cebidae,Cebus,Cebus capucinus,Cebus_capucinus ,Direct observation,0, , , ,0,2010,0,km,NA, ,Cebus capucinus ,Cebus capucinus,3.11,D,103.4833333,AR,Omnivore,72.93,1.582,16.4,790.83,162,514.07,657.6,1.01,1.47,Polygyndry,Harem Polygyny, ,2Tropical_and_suptropical_moist_broadleaf_forest,0.699750647,0.79,88.58,1.19,1.54,77.42,1.78,2.54,69.89,2.37,3.8,62.42,3.24,5.31,61.06,NA,7.07,NA,5.02,9.08,55.28,5.88,11.34,51.89,6.84,13.85,49.35,7.95,16.62,47.83,9.17,19.63,46.72,10.54,22.9,46.02,12.01,26.42,45.45,13.14,30.19,43.54,14.43,34.21,42.19,15.73,38.48,40.89,16.97,43.01,39.45,18.45,47.78,38.61,19.95,52.81,37.77,21.4,58.09,36.84,22.84,63.62,35.89
-1,7138,283,Larrotta Salazar et al. 2016,Richness,-75.451819,9.427083,Precise,Colombia,Neotropics,Cebidae,Cebus,Cebus capucinus,Cebus_capucinus ,Direct observation,0, , , ,0,2010,0,km,NA, ,Cebus capucinus ,Cebus capucinus,3.11,D,103.4833333,AR,Omnivore,72.93,1.582,16.4,790.83,162,514.07,657.6,1.01,1.47,Polygyndry,Harem Polygyny, ,10Deserts and Xeric Shrublands,0.202186903,0.79,25.59,0.26,1.54,17.1,0.4,2.54,15.74,0.59,3.8,15.59,0.74,5.31,13.87,0.85,7.07,12.07,0.99,9.08,10.94,1.15,11.34,10.16,1.35,13.85,9.78,1.57,16.62,9.45,1.78,19.63,9.08,2.12,22.9,9.28,2.55,26.42,9.64,2.97,30.19,9.83,3.37,34.21,9.85,3.73,38.48,9.69,4.16,43.01,9.67,4.73,47.78,9.9,5.27,52.81,9.98,5.87,58.09,10.1,6.54,63.62,10.27
-1,7139,283,Larrotta Salazar et al. 2016,Richness,-75.457717,9.578181,Precise,Colombia,Neotropics,Cebidae,Cebus,Cebus capucinus,Cebus_capucinus ,Direct observation,0, , , ,0,2010,0,km,NA, ,Cebus capucinus ,Cebus capucinus,3.11,D,103.4833333,AR,Omnivore,72.93,1.582,16.4,790.83,162,514.07,657.6,1.01,1.47,Polygyndry,Harem Polygyny, ,10Deserts and Xeric Shrublands,0.77275071,0.79,97.82,1.47,1.54,95.66,2.02,2.54,79.41,2.55,3.8,67.19,3.13,5.31,58.91,3.68,7.07,52.08,4.37,9.08,48.08,5.14,11.34,45.28,5.88,13.85,42.44,6.67,16.62,40.11,7.65,19.63,38.98,8.61,22.9,37.58,9.44,26.42,35.73,10.24,30.19,33.93,10.95,34.21,32,11.9,38.48,30.93,12.89,43.01,29.97,13.66,47.78,28.59,14.45,52.81,27.36,15.25,58.09,26.24,16,63.62,25.14
