OID,N,N_study,Source,BASE,X,Y,Precise,Country,Realm,Family,Genus,Taxon,Taxon_ITIS,Sample_met,Ocurrence,N_groups,Abundanc_1,Abundance,Density,Sample_yea,Sampling_e,Sampling_1,ID_Todo,TRAITS,Taxon_IT_1,ITIS_SPECI,BodyMass_k,DielActivi,HomeRange_,Locomotion,TrophicGui,Brain_size,Canine_Dim,MeanGroupS,Interbirth,Gestation,WeaningAge,MaxLongevi,LitterSz,AdultSexRa,Social_Sys,Mating_Sys,FOREST,BIOME,Buffer_500,Area500,FC_500,Buffer_700,Area700,FC_700,Buffer_900,Area900,FC_900,Buffer_110,Area1100,FC1100,Buffer_130,Area1300,FC_1300,Buffer_150,Area1500,FC_1500,Buffer_170,Area1700,FC_1700,Buffer_190,Area1900,FC_1900,Buffer_210,Area2100,FC_2100,Buffer_230,Area2300,FC_2300,Buffer_250,Area2500,FC_2500,Buffer_270,Area2700,FC_2700,Buffer_290,Area2900,FC_2900,Buffer_310,Area3100,FC_3100,Buffer_330,Area3300,FC_3300,Buffer_350,Area3500,FC_3500,Buffer_370,Area3700,F_Buffer_3,Buffer_390,Area_3900,FC_3900,Buffer_410,Area4100,FC_4100,Buffer_430,Area4300,FC_4300,Buffer_450,Area4500,FC_4500
-1,8824,27,Danquah et al. 2012,Richness,-2.86152,6.55958,Precise,Ghana,Africa,Cercopithecidae,Cercopithecus,Cercopithecus petaurista,Cercopithecus_petaurista ,transect,1, , , ,0,2008,20,kilometer,NA, ,Cercopithecus petaurista ,Cercopithecus petaurista,3.65,D,65.1875,AR,Folivore_frugivore,55.08,1.777,11.3,NA,NA,NA,228,1.02,4.89,Polygyny,NA, ,2Tropical_and_suptropical_moist_broadleaf_forest,0.77258583,0.79,97.8,1.51,1.54,98.33,2.5,2.54,98.56,3.74,3.8,98.41,5.21,5.31,98.13,NA,7.07,NA,8.91,9.08,98.18,11.12,11.34,98.1,13.59,13.85,98.11,16.3,16.62,98.09,19.25,19.63,98.05,22.43,22.9,97.93,25.88,26.42,97.95,29.56,30.19,97.92,33.52,34.21,97.97,37.72,38.48,98.02,42.15,43.01,98.01,46.83,47.78,98.01,51.76,52.81,98.01,56.91,58.09,97.97,62.26,63.62,97.86
-1,8825,27,Danquah et al. 2012,Richness,-3.05808,6.61859,Precise,Ghana,Africa,Cercopithecidae,Cercopithecus,Cercopithecus petaurista,Cercopithecus_petaurista ,transect,1, , , ,0,2008,21,kilometer,NA, ,Cercopithecus petaurista ,Cercopithecus petaurista,3.65,D,65.1875,AR,Folivore_frugivore,55.08,1.777,11.3,NA,NA,NA,228,1.02,4.89,Polygyny,NA, ,2Tropical_and_suptropical_moist_broadleaf_forest,0.756592864,0.79,95.77,1.44,1.54,93.53,2.35,2.54,92.69,3.49,3.8,91.92,4.93,5.31,92.78,NA,7.07,NA,8.56,9.08,94.25,10.75,11.34,94.76,13.17,13.85,95.11,15.86,16.62,95.43,18.79,19.63,95.74,21.97,22.9,95.95,25.39,26.42,96.1,29.05,30.19,96.22,32.89,34.21,96.14,36.95,38.48,96.03,41.3,43.01,96.03,45.92,47.78,96.1,50.8,52.81,96.2,55.89,58.09,96.21,61.18,63.62,96.17
-1,8826,27,Danquah et al. 2012,Richness,-2.72074,6.69073,Precise,Ghana,Africa,Cercopithecidae,Cercopithecus,Cercopithecus petaurista,Cercopithecus_petaurista ,transect,1, , , ,0,2008,10,kilometer,NA, ,Cercopithecus petaurista ,Cercopithecus petaurista,3.65,D,65.1875,AR,Folivore_frugivore,55.08,1.777,11.3,NA,NA,NA,228,1.02,4.89,Polygyny,NA, ,2Tropical_and_suptropical_moist_broadleaf_forest,0.772528666,0.79,97.79,1.51,1.54,98.33,2.49,2.54,98.05,3.72,3.8,97.89,5.18,5.31,97.49,NA,7.07,NA,8.87,9.08,97.65,11.09,11.34,97.8,13.55,13.85,97.8,16.24,16.62,97.71,19.19,19.63,97.73,22.4,22.9,97.8,25.84,26.42,97.79,29.53,30.19,97.8,33.47,34.21,97.83,37.64,38.48,97.83,42.08,43.01,97.84,46.73,47.78,97.8,51.65,52.81,97.81,56.78,58.09,97.75,62.15,63.62,97.69
-1,8827,27,Danquah et al. 2012,Richness,-2.7334,6.82727,Precise,Ghana,Africa,Cercopithecidae,Cercopithecus,Cercopithecus petaurista,Cercopithecus_petaurista ,transect,1, , , ,0,2008,10,kilometer,NA, ,Cercopithecus petaurista ,Cercopithecus petaurista,3.65,D,65.1875,AR,Folivore_frugivore,55.08,1.777,11.3,NA,NA,NA,228,1.02,4.89,Polygyny,NA, ,2Tropical_and_suptropical_moist_broadleaf_forest,0.75809399,0.79,95.96,1.49,1.54,96.89,2.47,2.54,97.26,3.7,3.8,97.38,5.18,5.31,97.48,NA,7.07,NA,8.88,9.08,97.74,11.07,11.34,97.61,13.52,13.85,97.63,16.22,16.62,97.57,19.16,19.63,97.59,22.36,22.9,97.64,25.8,26.42,97.66,29.48,30.19,97.64,33.35,34.21,97.48,37.47,38.48,97.37,41.86,43.01,97.32,46.51,47.78,97.35,51.38,52.81,97.29,56.5,58.09,97.26,61.87,63.62,97.25
-1,8828,27,Danquah et al. 2012,Richness,-2.86911,6.83626,Precise,Ghana,Africa,Cercopithecidae,Cercopithecus,Cercopithecus petaurista,Cercopithecus_petaurista ,transect,1, , , ,0,2008,10,kilometer,NA, ,Cercopithecus petaurista ,Cercopithecus petaurista,3.65,D,65.1875,AR,Folivore_frugivore,55.08,1.777,11.3,NA,NA,NA,228,1.02,4.89,Polygyny,NA, ,2Tropical_and_suptropical_moist_broadleaf_forest,0.771205465,0.79,97.62,1.48,1.54,96.35,2.44,2.54,96.11,3.66,3.8,96.24,5.08,5.31,95.68,NA,7.07,NA,8.67,9.08,95.45,10.82,11.34,95.46,13.2,13.85,95.29,15.81,16.62,95.1,18.62,19.63,94.85,21.75,22.9,94.96,25.12,26.42,95.06,28.74,30.19,95.2,32.55,34.21,95.13,36.57,38.48,95.03,40.76,43.01,94.76,45.12,47.78,94.43,49.74,52.81,94.18,54.71,58.09,94.17,59.94,63.62,94.21
-1,8829,27,Danquah et al. 2012,Richness,-3.02381,6.89555,Precise,Ghana,Africa,Cercopithecidae,Cercopithecus,Cercopithecus petaurista,Cercopithecus_petaurista ,transect,1, , , ,0,2008,10,kilometer,NA, ,Cercopithecus petaurista ,Cercopithecus petaurista,3.65,D,65.1875,AR,Folivore_frugivore,55.08,1.777,11.3,NA,NA,NA,228,1.02,4.89,Polygyny,NA, ,2Tropical_and_suptropical_moist_broadleaf_forest,0.772528711,0.79,97.79,1.51,1.54,98.34,2.5,2.54,98.56,3.74,3.8,98.34,5.22,5.31,98.31,NA,7.07,NA,8.93,9.08,98.32,11.15,11.34,98.33,13.62,13.85,98.35,16.33,16.62,98.28,19.29,19.63,98.29,22.5,22.9,98.27,25.97,26.42,98.28,29.67,30.19,98.27,33.62,34.21,98.27,37.74,38.48,98.07,42.09,43.01,97.86,46.69,47.78,97.72,51.52,52.81,97.56,56.63,58.09,97.49,61.99,63.62,97.44
-1,8830,27,Danquah et al. 2012,Richness,-2.68998,6.90453,Precise,Ghana,Africa,Cercopithecidae,Cercopithecus,Cercopithecus petaurista,Cercopithecus_petaurista ,transect,1, , , ,0,2008,10,kilometer,NA, ,Cercopithecus petaurista ,Cercopithecus petaurista,3.65,D,65.1875,AR,Folivore_frugivore,55.08,1.777,11.3,NA,NA,NA,228,1.02,4.89,Polygyny,NA, ,2Tropical_and_suptropical_moist_broadleaf_forest,0.772611914,0.79,97.8,1.51,1.54,98.33,2.5,2.54,98.56,3.74,3.8,98.41,5.22,5.31,98.36,NA,7.07,NA,8.89,9.08,97.88,11.05,11.34,97.48,13.46,13.85,97.22,16.15,16.62,97.19,19.09,19.63,97.25,22.27,22.9,97.25,25.69,26.42,97.23,29.3,30.19,97.06,33.18,34.21,97,37.3,38.48,96.93,41.67,43.01,96.88,46.32,47.78,96.94,51.22,52.81,96.99,56.39,58.09,97.08,61.8,63.62,97.14
-1,8831,27,Danquah et al. 2012,Richness,-2.67007,7.05545,Precise,Ghana,Africa,Cercopithecidae,Cercopithecus,Cercopithecus petaurista,Cercopithecus_petaurista ,transect,1, , , ,0,2008,10,kilometer,NA, ,Cercopithecus petaurista ,Cercopithecus petaurista,3.65,D,65.1875,AR,Folivore_frugivore,55.08,1.777,11.3,NA,NA,NA,228,1.02,4.89,Polygyny,NA, ,2Tropical_and_suptropical_moist_broadleaf_forest,0.762423664,0.79,96.51,1.49,1.54,96.6,2.46,2.54,96.8,3.67,3.8,96.59,5.11,5.31,96.27,NA,7.07,NA,8.63,9.08,95.09,10.61,11.34,93.59,12.79,13.85,92.34,15.24,16.62,91.68,18.12,19.63,92.33,21.27,22.9,92.9,24.66,26.42,93.34,28.28,30.19,93.68,32.13,34.21,93.91,36.17,38.48,94,40.47,43.01,94.1,44.94,47.78,94.06,49.63,52.81,93.98,54.52,58.09,93.86,59.76,63.62,93.93
-1,8832,27,Danquah et al. 2012,Richness,-2.93967,7.11114,Precise,Ghana,Africa,Cercopithecidae,Cercopithecus,Cercopithecus petaurista,Cercopithecus_petaurista ,transect,1, , , ,0,2008,10,kilometer,NA, ,Cercopithecus petaurista ,Cercopithecus petaurista,3.65,D,65.1875,AR,Folivore_frugivore,55.08,1.777,11.3,NA,NA,NA,228,1.02,4.89,Polygyny,NA, ,2Tropical_and_suptropical_moist_broadleaf_forest,0.772577792,0.79,97.79,1.51,1.54,98.34,2.5,2.54,98.56,3.74,3.8,98.3,5.21,5.31,98.17,NA,7.07,NA,8.91,9.08,98.17,11.13,11.34,98.16,13.6,13.85,98.17,16.31,16.62,98.12,19.26,19.63,98.13,22.47,22.9,98.12,25.92,26.42,98.09,29.58,30.19,97.97,33.48,34.21,97.88,37.66,38.48,97.86,42.08,43.01,97.84,46.75,47.78,97.84,51.66,52.81,97.83,56.8,58.09,97.78,62.2,63.62,97.76
-1,8833,27,Danquah et al. 2012,Richness,-2.57779,7.16085,Precise,Ghana,Africa,Cercopithecidae,Cercopithecus,Cercopithecus petaurista,Cercopithecus_petaurista ,transect,0, , , ,0,2008,10,kilometer,NA, ,Cercopithecus petaurista ,Cercopithecus petaurista,3.65,D,65.1875,AR,Folivore_frugivore,55.08,1.777,11.3,NA,NA,NA,228,1.02,4.89,Polygyny,NA, ,2Tropical_and_suptropical_moist_broadleaf_forest,0.772621341,0.79,97.8,1.5,1.54,97.3,2.49,2.54,97.86,3.69,3.8,97.16,5.14,5.31,96.73,NA,7.07,NA,8.83,9.08,97.21,10.98,11.34,96.85,13.31,13.85,96.11,15.87,16.62,95.47,18.7,19.63,95.27,21.81,22.9,95.22,25.15,26.42,95.19,28.8,30.19,95.39,32.72,34.21,95.65,36.9,38.48,95.9,41.28,43.01,95.97,45.96,47.78,96.18,50.85,52.81,96.28,55.97,58.09,96.34,61.34,63.62,96.41
