OID,N,N_study,Source,BASE,X,Y,Precise,Country,Realm,Family,Genus,Taxon,Taxon_ITIS,Sample_met,Ocurrence,N_groups,Abundanc_1,Abundance,Density,Sample_yea,Sampling_e,Sampling_1,ID_Todo,TRAITS,Taxon_IT_1,ITIS_SPECI,BodyMass_k,DielActivi,HomeRange_,Locomotion,TrophicGui,Brain_size,Canine_Dim,MeanGroupS,Interbirth,Gestation,WeaningAge,MaxLongevi,LitterSz,AdultSexRa,Social_Sys,Mating_Sys,FOREST,BIOME,Buffer_500,Area500,FC_500,Buffer_700,Area700,FC_700,Buffer_900,Area900,FC_900,Buffer_110,Area1100,FC1100,Buffer_130,Area1300,FC_1300,Buffer_150,Area1500,FC_1500,Buffer_170,Area1700,FC_1700,Buffer_190,Area1900,FC_1900,Buffer_210,Area2100,FC_2100,Buffer_230,Area2300,FC_2300,Buffer_250,Area2500,FC_2500,Buffer_270,Area2700,FC_2700,Buffer_290,Area2900,FC_2900,Buffer_310,Area3100,FC_3100,Buffer_330,Area3300,FC_3300,Buffer_350,Area3500,FC_3500,Buffer_370,Area3700,F_Buffer_3,Buffer_390,Area_3900,FC_3900,Buffer_410,Area4100,FC_4100,Buffer_430,Area4300,FC_4300,Buffer_450,Area4500,FC_4500
-1,8448,350,Butynski & De Jong 2015,Ocurrencias,37.62165,-3.44375,Precise,Kenya,Africa,Cercopithecidae,Cercopithecus,Cercopithecus mitis albogularis,Cercopithecus_mitis,Transects,1,8,0,NA,0,2014,0, ,NA, ,Cercopithecus mitis,Cercopithecus mitis,4.89,D,175,AR,Frugivore,71.33,1.97,18.6,565.75,132,688.08,325.2,1,8.8,Polygyndry,Harem Polygyny, ,8Tropical and Subtropical Grasslands Savannas and Shrublands,0.074073024,0.79,9.38,0.16,1.54,10.62,0.32,2.54,12.68,0.46,3.8,12.06,0.59,5.31,11.04,0.69,7.07,9.71,0.77,9.08,8.52,0.82,11.34,7.21,0.82,13.85,5.94,0.82,16.62,4.95,0.82,19.63,4.19,0.82,22.9,3.59,0.82,26.42,3.11,0.82,30.19,2.73,0.82,34.21,2.41,0.82,38.48,2.14,0.82,43.01,1.91,0.82,47.78,1.72,0.82,52.81,1.56,0.83,58.09,1.43,0.88,63.62,1.39
-1,8449,353,Butynski & De Jong 2012,Ocurrencias,35.76284,-1.16156,Precise,Kenya,Africa,Cercopithecidae,Cercopithecus,Cercopithecus mitis,Cercopithecus_mitis,Transects,0,0,0,NA,0,2012,1277,km,NA, ,Cercopithecus mitis,Cercopithecus mitis,4.89,D,175,AR,Frugivore,71.33,1.97,18.6,565.75,132,688.08,325.2,1,8.8,Polygyndry,Harem Polygyny, ,8Tropical and Subtropical Grasslands Savannas and Shrublands,0,0.79,0,0,1.54,0,0,2.54,0,0,3.8,0,0,5.31,0,0,7.07,0,0,9.08,0,0,11.34,0,0,13.85,0,0,16.62,0,0,19.63,0,0,22.9,0,0,26.42,0,0,30.19,0,0,34.21,0,0,38.48,0,0,43.01,0,0,47.78,0,0,52.81,0,0,58.09,0,0,63.62,0
-1,8450,353,Butynski & De Jong 2012,Ocurrencias,35.8687,-1.65288,Precise,Kenya,Africa,Cercopithecidae,Cercopithecus,Cercopithecus mitis,Cercopithecus_mitis,Transects,0,0,0,NA,0,2012,1277,km,NA, ,Cercopithecus mitis,Cercopithecus mitis,4.89,D,175,AR,Frugivore,71.33,1.97,18.6,565.75,132,688.08,325.2,1,8.8,Polygyndry,Harem Polygyny, ,2Tropical_and_suptropical_moist_broadleaf_forest,0.615639895,0.79,77.93,1.16,1.54,75.26,1.83,2.54,72.12,2.51,3.8,66.17,NA,5.31,NA,NA,7.07,NA,4.94,9.08,54.41,5.73,11.34,50.49,6.52,13.85,47.05,7.58,16.62,45.59,8.71,19.63,44.35,9.83,22.9,42.92,10.9,26.42,41.24,12.1,30.19,40.09,13.36,34.21,39.05,14.51,38.48,37.72,15.78,43.01,36.69,17.16,47.78,35.91,18.64,52.81,35.3,20.05,58.09,34.52,21.16,63.62,33.26
-1,8451,353,Butynski & De Jong 2012,Ocurrencias,35.85869,-1.63585,Precise,Kenya,Africa,Cercopithecidae,Cercopithecus,Cercopithecus mitis,Cercopithecus_mitis,Transects,0,0,0,NA,0,2012,1277,km,NA, ,Cercopithecus mitis,Cercopithecus mitis,4.89,D,175,AR,Frugivore,71.33,1.97,18.6,565.75,132,688.08,325.2,1,8.8,Polygyndry,Harem Polygyny, ,8Tropical and Subtropical Grasslands Savannas and Shrublands,0.009440843,0.79,1.2,0.05,1.54,3.38,0.11,2.54,4.39,0.19,3.8,5.1,0.29,5.31,5.54,0.59,7.07,8.32,1.14,9.08,12.52,1.82,11.34,16.03,2.47,13.85,17.83,3.06,16.62,18.41,3.57,19.63,18.18,4,22.9,17.48,4.41,26.42,16.7,4.81,30.19,15.93,5.35,34.21,15.64,6.13,38.48,15.92,6.86,43.01,15.95,7.38,47.78,15.44,8.01,52.81,15.16,8.63,58.09,14.85,9.25,63.62,14.54
-1,8452,353,Butynski & De Jong 2012,Ocurrencias,35.87152,-1.87967,Precise,Kenya,Africa,Cercopithecidae,Cercopithecus,Cercopithecus mitis,Cercopithecus_mitis,Transects,0,0,0,NA,0,2012,1277,km,NA, ,Cercopithecus mitis,Cercopithecus mitis,4.89,D,175,AR,Frugivore,71.33,1.97,18.6,565.75,132,688.08,325.2,1,8.8,Polygyndry,Harem Polygyny, ,2Tropical_and_suptropical_moist_broadleaf_forest,0.526317592,0.79,66.62,1.09,1.54,70.49,1.75,2.54,68.88,2.54,3.8,66.78,NA,5.31,NA,NA,7.07,NA,6.12,9.08,67.44,7.74,11.34,68.22,9.48,13.85,68.48,11.36,16.62,68.34,13.44,19.63,68.45,15.52,22.9,67.78,17.96,26.42,67.97,20.61,30.19,68.28,23.23,34.21,67.92,26.27,38.48,68.26,29.32,43.01,68.18,32.63,47.78,68.29,35.8,52.81,67.78,39.17,58.09,67.43,42.68,63.62,67.08
-1,8453,353,Butynski & De Jong 2012,Ocurrencias,35.85988,-1.97199,Precise,Kenya,Africa,Cercopithecidae,Cercopithecus,Cercopithecus mitis,Cercopithecus_mitis,Transects,0,0,0,NA,0,2012,1277,km,NA, ,Cercopithecus mitis,Cercopithecus mitis,4.89,D,175,AR,Frugivore,71.33,1.97,18.6,565.75,132,688.08,325.2,1,8.8,Polygyndry,Harem Polygyny, ,2Tropical_and_suptropical_moist_broadleaf_forest,0.294677019,0.79,37.3,0.5,1.54,32.39,0.84,2.54,32.96,1.32,3.8,34.65,NA,5.31,NA,NA,7.07,NA,3.39,9.08,37.31,4.2,11.34,37.06,5.1,13.85,36.83,5.93,16.62,35.69,6.92,19.63,35.26,7.9,22.9,34.52,8.9,26.42,33.7,10.19,30.19,33.75,11.54,34.21,33.74,12.85,38.48,33.39,14.43,43.01,33.55,16.14,47.78,33.78,17.87,52.81,33.84,19.85,58.09,34.17,21.77,63.62,34.22
-1,8454,353,Butynski & De Jong 2012,Ocurrencias,35.82146,-1.95555,Precise,Kenya,Africa,Cercopithecidae,Cercopithecus,Cercopithecus mitis,Cercopithecus_mitis,Transects,0,0,0,NA,0,2012,1277,km,NA, ,Cercopithecus mitis,Cercopithecus mitis,4.89,D,175,AR,Frugivore,71.33,1.97,18.6,565.75,132,688.08,325.2,1,8.8,Polygyndry,Harem Polygyny, ,2Tropical_and_suptropical_moist_broadleaf_forest,0.588704562,0.79,74.52,1.18,1.54,76.42,1.98,2.54,77.82,2.86,3.8,75.14,NA,5.31,NA,NA,7.07,NA,5.74,9.08,63.27,6.94,11.34,61.24,8.36,13.85,60.37,9.8,16.62,58.95,11.33,19.63,57.71,12.85,22.9,56.1,14.48,26.42,54.79,16.03,30.19,53.1,17.89,34.21,52.3,19.74,38.48,51.3,21.6,43.01,50.22,23.47,47.78,49.12,24.96,52.81,47.27,26.46,58.09,45.55,28.01,63.62,44.03
-1,8455,353,Butynski & De Jong 2012,Ocurrencias,35.86922,-1.65214,Precise,Kenya,Africa,Cercopithecidae,Cercopithecus,Cercopithecus mitis,Cercopithecus_mitis,Transects,0,0,0,NA,0,2012,1277,km,NA, ,Cercopithecus mitis,Cercopithecus mitis,4.89,D,175,AR,Frugivore,71.33,1.97,18.6,565.75,132,688.08,325.2,1,8.8,Polygyndry,Harem Polygyny, ,2Tropical_and_suptropical_moist_broadleaf_forest,0.633281111,0.79,80.16,1.24,1.54,80.4,1.92,2.54,75.64,2.68,3.8,70.52,NA,5.31,NA,NA,7.07,NA,5.01,9.08,55.13,5.77,11.34,50.86,6.59,13.85,47.6,7.59,16.62,45.68,8.7,19.63,44.31,9.75,22.9,42.56,10.87,26.42,41.13,12.07,30.19,39.99,13.31,34.21,38.91,14.5,38.48,37.69,15.75,43.01,36.61,17.22,47.78,36.04,18.68,52.81,35.38,19.96,58.09,34.37,21.07,63.62,33.12
-1,8456,353,Butynski & De Jong 2012,Ocurrencias,35.6854,-1.65305,Precise,Kenya,Africa,Cercopithecidae,Cercopithecus,Cercopithecus mitis,Cercopithecus_mitis,Transects,0,0,0,NA,0,2012,1277,km,NA, ,Cercopithecus mitis,Cercopithecus mitis,4.89,D,175,AR,Frugivore,71.33,1.97,18.6,565.75,132,688.08,325.2,1,8.8,Polygyndry,Harem Polygyny, ,8Tropical and Subtropical Grasslands Savannas and Shrublands,0,0.79,0,0,1.54,0,0,2.54,0,0,3.8,0,0,5.31,0,0,7.07,0,0,9.08,0,0,11.34,0,0,13.85,0,0.01,16.62,0.03,0.01,19.63,0.03,0.01,22.9,0.02,0.01,26.42,0.02,0.01,30.19,0.02,0.01,34.21,0.02,0.01,38.48,0.01,0.01,43.01,0.01,0.01,47.78,0.01,0.01,52.81,0.01,0.01,58.09,0.01,0.01,63.62,0.01
-1,8457,353,Butynski & De Jong 2012,Ocurrencias,35.72479,-1.22958,Precise,Kenya,Africa,Cercopithecidae,Cercopithecus,Cercopithecus mitis,Cercopithecus_mitis,Transects,0,0,0,NA,0,2012,1277,km,NA, ,Cercopithecus mitis,Cercopithecus mitis,4.89,D,175,AR,Frugivore,71.33,1.97,18.6,565.75,132,688.08,325.2,1,8.8,Polygyndry,Harem Polygyny, ,8Tropical and Subtropical Grasslands Savannas and Shrublands,0,0.79,0,0,1.54,0,0,2.54,0,0,3.8,0,0,5.31,0,0,7.07,0,0,9.08,0,0,11.34,0,0,13.85,0,0,16.62,0,0,19.63,0,0,22.9,0,0,26.42,0,0,30.19,0,0,34.21,0,0,38.48,0,0,43.01,0,0,47.78,0,0,52.81,0,0,58.09,0,0,63.62,0
-1,8458,354,Butynski & De Jong 2014,Ocurrencias,32.92415,3.77862,Precise,Uganda,Africa,Cercopithecidae,Cercopithecus,Cercopithecus mitis stuhlmanni,Cercopithecus_mitis,Transects,1,0,0,NA,0,2014,2590,km,NA, ,Cercopithecus mitis,Cercopithecus mitis,4.89,D,175,AR,Frugivore,71.33,1.97,18.6,565.75,132,688.08,325.2,1,8.8,Polygyndry,Harem Polygyny, ,2Tropical_and_suptropical_moist_broadleaf_forest,0.758932201,0.79,96.07,1.46,1.54,94.65,2.38,2.54,93.85,3.53,3.8,92.91,NA,5.31,NA,NA,7.07,NA,8.31,9.08,91.49,10.46,11.34,92.23,12.78,13.85,92.3,15.35,16.62,92.33,18.22,19.63,92.81,21.31,22.9,93.07,24.59,26.42,93.06,27.98,30.19,92.68,31.38,34.21,91.72,35.15,38.48,91.36,39.17,43.01,91.08,43.37,47.78,90.76,47.76,52.81,90.43,52.27,58.09,89.99,56.93,63.62,89.48
