OID,N,N_study,Source,BASE,X,Y,Precise,Country,Realm,Family,Genus,Taxon,Taxon_ITIS,Sample_met,Ocurrence,N_groups,Abundanc_1,Abundance,Density,Sample_yea,Sampling_e,Sampling_1,ID_Todo,TRAITS,Taxon_IT_1,ITIS_SPECI,BodyMass_k,DielActivi,HomeRange_,Locomotion,TrophicGui,Brain_size,Canine_Dim,MeanGroupS,Interbirth,Gestation,WeaningAge,MaxLongevi,LitterSz,AdultSexRa,Social_Sys,Mating_Sys,FOREST,BIOME,Buffer_500,Area500,FC_500,Buffer_700,Area700,FC_700,Buffer_900,Area900,FC_900,Buffer_110,Area1100,FC1100,Buffer_130,Area1300,FC_1300,Buffer_150,Area1500,FC_1500,Buffer_170,Area1700,FC_1700,Buffer_190,Area1900,FC_1900,Buffer_210,Area2100,FC_2100,Buffer_230,Area2300,FC_2300,Buffer_250,Area2500,FC_2500,Buffer_270,Area2700,FC_2700,Buffer_290,Area2900,FC_2900,Buffer_310,Area3100,FC_3100,Buffer_330,Area3300,FC_3300,Buffer_350,Area3500,FC_3500,Buffer_370,Area3700,F_Buffer_3,Buffer_390,Area_3900,FC_3900,Buffer_410,Area4100,FC_4100,Buffer_430,Area4300,FC_4300,Buffer_450,Area4500,FC_4500
-1,8894,408,Hending et al. 2018,Richness,49.56821111,-13.29270556,Precise,Madagascar,Madagascar,Cheirogaleidae,Cheirogaleus,Cheirogaleus major,Cheirogaleus_major,Line transects,0, , , ,0,2017,0, ,NA, ,Cheirogaleus major,Cheirogaleus major,0.505,N,3,AR,Folivore_frugivore,5.81,NA,1,365,65,47.14,180,2.26,NA,Solitary,Spatial Polygyny, ,9Tropical and Subtropical Dry Broadleaf Forest,0.06464285,0.79,8.18,0.11,1.54,7.45,0.19,2.54,7.4,0.3,3.8,7.8,0.43,5.31,8.17,0.78,7.07,10.97,1.24,9.08,13.65,1.79,11.34,15.75,2.54,13.85,18.32,3.27,16.62,19.68,4.06,19.63,20.7,4.87,22.9,21.26,5.9,26.42,22.33,6.91,30.19,22.88,8.02,34.21,23.43,9.23,38.48,23.99,10.4,43.01,24.17,11.51,47.78,24.09,12.69,52.81,24.03,14.03,58.09,24.15,15.4,63.62,24.21
-1,8895,408,Hending et al. 2018,Richness,49.61008333,-13.28096389,Precise,Madagascar,Madagascar,Cheirogaleidae,Cheirogaleus,Cheirogaleus major,Cheirogaleus_major,Line transects,0, , , ,0,2017,0, ,NA, ,Cheirogaleus major,Cheirogaleus major,0.505,N,3,AR,Folivore_frugivore,5.81,NA,1,365,65,47.14,180,2.26,NA,Solitary,Spatial Polygyny, ,9Tropical and Subtropical Dry Broadleaf Forest,0.700870734,0.79,88.72,1.33,1.54,86.49,2.1,2.54,82.64,3,3.8,79.05,4.06,5.31,76.49,5.2,7.07,73.6,6.45,9.08,71.02,7.86,11.34,69.34,9.37,13.85,67.63,10.74,16.62,64.64,12,19.63,61.13,13.39,22.9,58.48,14.76,26.42,55.85,16.05,30.19,53.16,17.43,34.21,50.95,18.79,38.48,48.82,20.32,43.01,47.24,21.71,47.78,45.44,23.25,52.81,44.03,24.79,58.09,42.67,26.17,63.62,41.14
-1,8896,408,Hending et al. 2018,Richness,49.61619722,-13.25658333,Precise,Madagascar,Madagascar,Cheirogaleidae,Cheirogaleus,Cheirogaleus major,Cheirogaleus_major,Line transects,0, , , ,0,2017,0, ,NA, ,Cheirogaleus major,Cheirogaleus major,0.505,N,3,AR,Folivore_frugivore,5.81,NA,1,365,65,47.14,180,2.26,NA,Solitary,Spatial Polygyny, ,9Tropical and Subtropical Dry Broadleaf Forest,0.33839966,0.79,42.84,0.5,1.54,32.79,0.88,2.54,34.6,1.49,3.8,39.24,2.11,5.31,39.72,3,7.07,42.47,4.09,9.08,45.07,5.41,11.34,47.67,6.98,13.85,50.37,8.8,16.62,52.94,10.74,19.63,54.69,12.78,22.9,55.82,14.98,26.42,56.71,17.22,30.19,57.03,19.45,34.21,56.86,21.92,38.48,56.97,24.33,43.01,56.57,26.83,47.78,56.16,29.46,52.81,55.78,32,58.09,55.08,34.52,63.62,54.26
-1,8897,408,Hending et al. 2018,Richness,49.62138333,-13.30645278,Precise,Madagascar,Madagascar,Cheirogaleidae,Cheirogaleus,Cheirogaleus major,Cheirogaleus_major,Line transects,0, , , ,0,2017,0, ,NA, ,Cheirogaleus major,Cheirogaleus major,0.505,N,3,AR,Folivore_frugivore,5.81,NA,1,365,65,47.14,180,2.26,NA,Solitary,Spatial Polygyny, ,9Tropical and Subtropical Dry Broadleaf Forest,0.128305069,0.79,16.24,0.17,1.54,11.22,0.26,2.54,10.4,0.44,3.8,11.66,0.71,5.31,13.32,0.99,7.07,13.97,1.34,9.08,14.75,1.71,11.34,15.11,2.09,13.85,15.09,2.58,16.62,15.5,2.96,19.63,15.1,3.43,22.9,14.98,3.97,26.42,15.04,4.59,30.19,15.2,5.25,34.21,15.35,6,38.48,15.6,6.87,43.01,15.97,7.89,47.78,16.51,9.05,52.81,17.14,10.31,58.09,17.75,11.7,63.62,18.39
-1,8898,408,Hending et al. 2018,Richness,49.62339444,-13.23781111,Precise,Madagascar,Madagascar,Cheirogaleidae,Cheirogaleus,Cheirogaleus major,Cheirogaleus_major,Line transects,0, , , ,0,2017,0, ,NA, ,Cheirogaleus major,Cheirogaleus major,0.505,N,3,AR,Folivore_frugivore,5.81,NA,1,365,65,47.14,180,2.26,NA,Solitary,Spatial Polygyny, ,9Tropical and Subtropical Dry Broadleaf Forest,0.55861419,0.79,70.71,1.18,1.54,76.69,1.85,2.54,72.93,2.68,3.8,70.48,3.55,5.31,66.94,4.39,7.07,62.1,5.28,9.08,58.1,6.28,11.34,55.34,7.37,13.85,53.18,8.41,16.62,50.6,9.53,19.63,48.54,10.74,22.9,46.88,12.07,26.42,45.68,13.51,30.19,44.74,15,34.21,43.85,16.51,38.48,42.91,18.21,43.01,42.34,19.93,47.78,41.71,21.71,52.81,41.11,23.53,58.09,40.5,25.4,63.62,39.92
-1,8899,408,Hending et al. 2018,Richness,49.65639444,-13.29544167,Precise,Madagascar,Madagascar,Cheirogaleidae,Cheirogaleus,Cheirogaleus major,Cheirogaleus_major,Line transects,0, , , ,0,2017,0, ,NA, ,Cheirogaleus major,Cheirogaleus major,0.505,N,3,AR,Folivore_frugivore,5.81,NA,1,365,65,47.14,180,2.26,NA,Solitary,Spatial Polygyny, ,9Tropical and Subtropical Dry Broadleaf Forest,0.014800806,0.79,1.87,0.01,1.54,0.96,0.04,2.54,1.6,0.09,3.8,2.27,0.22,5.31,4.11,0.5,7.07,7.05,0.82,9.08,9,1.18,11.34,10.39,1.64,13.85,11.85,2.26,16.62,13.62,2.96,19.63,15.06,3.68,22.9,16.09,4.6,26.42,17.42,5.37,30.19,17.79,5.91,34.21,17.28,6.28,38.48,16.33,6.69,43.01,15.55,7.03,47.78,14.71,7.51,52.81,14.21,8.3,58.09,14.29,9.2,63.62,14.45
-1,8900,408,Hending et al. 2018,Richness,49.70594444,-13.14909722,Precise,Madagascar,Madagascar,Cheirogaleidae,Cheirogaleus,Cheirogaleus major,Cheirogaleus_major,Line transects,0, , , ,0,2017,0, ,NA, ,Cheirogaleus major,Cheirogaleus major,0.505,N,3,AR,Folivore_frugivore,5.81,NA,1,365,65,47.14,180,2.26,NA,Solitary,Spatial Polygyny, ,9Tropical and Subtropical Dry Broadleaf Forest,0.66620344,0.79,84.33,1.23,1.54,80.08,1.92,2.54,75.67,2.57,3.8,67.69,3.33,5.31,62.75,4.29,7.07,60.62,5.26,9.08,57.9,6.15,11.34,54.26,7.14,13.85,51.58,8.21,16.62,49.39,9.33,19.63,47.51,10.36,22.9,45.25,11.57,26.42,43.78,13.25,30.19,43.88,15.15,34.21,44.28,17.13,38.48,44.52,19.04,43.01,44.26,21.18,47.78,44.33,23.44,52.81,44.39,25.71,58.09,44.26,27.94,63.62,43.91
-1,8901,408,Hending et al. 2018,Richness,49.75534444,-13.22766389,Precise,Madagascar,Madagascar,Cheirogaleidae,Cheirogaleus,Cheirogaleus major,Cheirogaleus_major,Line transects,0, , , ,0,2017,0, ,NA, ,Cheirogaleus major,Cheirogaleus major,0.505,N,3,AR,Folivore_frugivore,5.81,NA,1,365,65,47.14,180,2.26,NA,Solitary,Spatial Polygyny, ,9Tropical and Subtropical Dry Broadleaf Forest,0.649202826,0.79,82.18,1.2,1.54,77.96,1.87,2.54,73.47,2.68,3.8,70.55,3.67,5.31,69.07,4.74,7.07,67,5.96,9.08,65.62,7.29,11.34,64.33,8.77,13.85,63.29,10.2,16.62,61.37,11.55,19.63,58.81,12.82,22.9,56,13.92,26.42,52.7,15.08,30.19,49.94,16.33,34.21,47.74,17.46,38.48,45.38,18.45,43.01,42.91,19.26,47.78,40.31,20.05,52.81,37.97,20.65,58.09,35.56,21.5,63.62,33.8
-1,8902,408,Hending et al. 2018,Richness,49.81462222,-13.25697778,Precise,Madagascar,Madagascar,Cheirogaleidae,Cheirogaleus,Cheirogaleus major,Cheirogaleus_major,Line transects,0, , , ,0,2017,0, ,NA, ,Cheirogaleus major,Cheirogaleus major,0.505,N,3,AR,Folivore_frugivore,5.81,NA,1,365,65,47.14,180,2.26,NA,Solitary,Spatial Polygyny, ,9Tropical and Subtropical Dry Broadleaf Forest,0.217025579,0.79,27.47,0.41,1.54,26.38,0.69,2.54,27.02,1.04,3.8,27.25,1.36,5.31,25.67,1.7,7.07,23.98,2.05,9.08,22.55,2.6,11.34,22.9,3.13,13.85,22.57,3.72,16.62,22.35,4.49,19.63,22.89,5.3,22.9,23.15,6.1,26.42,23.11,6.87,30.19,22.74,7.73,34.21,22.59,8.39,38.48,21.81,9.15,43.01,21.26,9.86,47.78,20.64,10.77,52.81,20.4,11.71,58.09,20.17,12.86,63.62,20.21
-1,8903,408,Hending et al. 2018,Richness,49.83610833,-13.28518056,Precise,Madagascar,Madagascar,Cheirogaleidae,Cheirogaleus,Cheirogaleus major,Cheirogaleus_major,Line transects,0, , , ,0,2017,0, ,NA, ,Cheirogaleus major,Cheirogaleus major,0.505,N,3,AR,Folivore_frugivore,5.81,NA,1,365,65,47.14,180,2.26,NA,Solitary,Spatial Polygyny, ,9Tropical and Subtropical Dry Broadleaf Forest,0.569661007,0.79,72.11,1.05,1.54,68.42,1.67,2.54,65.68,2.26,3.8,59.54,2.81,5.31,52.92,3.33,7.07,47.07,3.82,9.08,42.07,4.47,11.34,39.39,5.08,13.85,36.69,5.62,16.62,33.79,6.17,19.63,31.42,6.67,22.9,29.13,7.21,26.42,27.3,7.75,30.19,25.67,8.28,34.21,24.21,8.74,38.48,22.7,9.13,43.01,21.22,9.57,47.78,20.03,10.3,52.81,19.5,11,58.09,18.93,11.58,63.62,18.2
-1,8904,408,Hending et al. 2018,Richness,49.83931111,-13.28858889,Precise,Madagascar,Madagascar,Cheirogaleidae,Cheirogaleus,Cheirogaleus major,Cheirogaleus_major,Line transects,0, , , ,0,2017,0, ,NA, ,Cheirogaleus major,Cheirogaleus major,0.505,N,3,AR,Folivore_frugivore,5.81,NA,1,365,65,47.14,180,2.26,NA,Solitary,Spatial Polygyny, ,9Tropical and Subtropical Dry Broadleaf Forest,0.691087606,0.79,87.48,1.24,1.54,80.4,1.84,2.54,72.6,2.45,3.8,64.36,3.04,5.31,57.17,3.64,7.07,51.45,4.19,9.08,46.2,4.61,11.34,40.69,5.05,13.85,36.49,5.54,16.62,33.31,6.09,19.63,31.01,6.63,22.9,28.94,7.19,26.42,27.2,7.8,30.19,25.82,8.24,34.21,24.09,8.66,38.48,22.5,9.19,43.01,21.36,9.58,47.78,20.06,9.98,52.81,18.89,10.31,58.09,17.75,10.94,63.62,17.19
-1,8905,408,Hending et al. 2018,Richness,49.84481389,-13.087675,Precise,Madagascar,Madagascar,Cheirogaleidae,Cheirogaleus,Cheirogaleus major,Cheirogaleus_major,Line transects,0, , , ,0,2017,0, ,NA, ,Cheirogaleus major,Cheirogaleus major,0.505,N,3,AR,Folivore_frugivore,5.81,NA,1,365,65,47.14,180,2.26,NA,Solitary,Spatial Polygyny, ,9Tropical and Subtropical Dry Broadleaf Forest,0.202635211,0.79,25.65,0.27,1.54,17.48,0.4,2.54,15.91,0.67,3.8,17.55,0.98,5.31,18.38,1.41,7.07,19.93,1.91,9.08,20.98,2.55,11.34,22.48,3.12,13.85,22.52,3.95,16.62,23.76,4.84,19.63,24.66,5.62,22.9,24.55,6.38,26.42,24.17,7.21,30.19,23.88,8.23,34.21,24.05,9.14,38.48,23.76,10.03,43.01,23.32,11.07,47.78,23.16,12.14,52.81,22.98,13.29,58.09,22.88,14.21,63.62,22.33
-1,8906,408,Hending et al. 2018,Richness,49.85609444,-13.24547222,Precise,Madagascar,Madagascar,Cheirogaleidae,Cheirogaleus,Cheirogaleus major,Cheirogaleus_major,Line transects,0, , , ,0,2017,0, ,NA, ,Cheirogaleus major,Cheirogaleus major,0.505,N,3,AR,Folivore_frugivore,5.81,NA,1,365,65,47.14,180,2.26,NA,Solitary,Spatial Polygyny, ,9Tropical and Subtropical Dry Broadleaf Forest,0.177811253,0.79,22.51,0.34,1.54,22.09,0.49,2.54,19.18,0.63,3.8,16.71,0.83,5.31,15.64,1,7.07,14.2,1.16,9.08,12.79,1.35,11.34,11.94,1.57,13.85,11.34,1.79,16.62,10.78,2.11,19.63,10.76,2.48,22.9,10.82,2.92,26.42,11.06,3.44,30.19,11.4,4.04,34.21,11.81,4.7,38.48,12.2,5.46,43.01,12.7,6.31,47.78,13.2,7.17,52.81,13.57,8.11,58.09,13.97,9.16,63.62,14.4
-1,8907,408,Hending et al. 2018,Richness,49.86538333,-13.08716111,Precise,Madagascar,Madagascar,Cheirogaleidae,Cheirogaleus,Cheirogaleus major,Cheirogaleus_major,Line transects,0, , , ,0,2017,0, ,NA, ,Cheirogaleus major,Cheirogaleus major,0.505,N,3,AR,Folivore_frugivore,5.81,NA,1,365,65,47.14,180,2.26,NA,Solitary,Spatial Polygyny, ,9Tropical and Subtropical Dry Broadleaf Forest,0.184104267,0.79,23.3,0.23,1.54,14.94,0.32,2.54,12.71,0.64,3.8,16.91,1.09,5.31,20.52,1.48,7.07,20.96,1.87,9.08,20.58,2.35,11.34,20.73,2.96,13.85,21.38,3.65,16.62,21.95,4.33,19.63,22.07,4.98,22.9,21.73,5.77,26.42,21.83,6.57,30.19,21.75,7.42,34.21,21.68,8.39,38.48,21.79,9.46,43.01,21.98,10.66,47.78,22.3,12.06,52.81,22.83,13.72,58.09,23.62,15.64,63.62,24.59
-1,8908,408,Hending et al. 2018,Richness,49.89241667,-13.05862222,Precise,Madagascar,Madagascar,Cheirogaleidae,Cheirogaleus,Cheirogaleus major,Cheirogaleus_major,Line transects,0, , , ,0,2017,0, ,NA, ,Cheirogaleus major,Cheirogaleus major,0.505,N,3,AR,Folivore_frugivore,5.81,NA,1,365,65,47.14,180,2.26,NA,Solitary,Spatial Polygyny, ,9Tropical and Subtropical Dry Broadleaf Forest,0.401215564,0.79,50.79,0.66,1.54,42.73,1.09,2.54,42.82,1.56,3.8,41.02,2.12,5.31,39.87,2.67,7.07,37.78,3.38,9.08,37.21,4.18,11.34,36.85,4.98,13.85,35.94,5.91,16.62,35.54,6.98,19.63,35.56,8.43,22.9,36.81,9.93,26.42,37.59,11.36,30.19,37.63,12.73,34.21,37.21,14.23,38.48,36.98,15.53,43.01,36.11,16.61,47.78,34.76,17.51,52.81,33.16,18.3,58.09,31.51,19.21,63.62,30.19
-1,8909,408,Hending et al. 2018,Richness,49.90319444,-13.07926667,Precise,Madagascar,Madagascar,Cheirogaleidae,Cheirogaleus,Cheirogaleus major,Cheirogaleus_major,Line transects,0, , , ,0,2017,0, ,NA, ,Cheirogaleus major,Cheirogaleus major,0.505,N,3,AR,Folivore_frugivore,5.81,NA,1,365,65,47.14,180,2.26,NA,Solitary,Spatial Polygyny, ,9Tropical and Subtropical Dry Broadleaf Forest,0.665584251,0.79,84.25,1.23,1.54,80.09,1.89,2.54,74.39,2.64,3.8,69.48,3.35,5.31,63.12,4.19,7.07,59.3,5.28,9.08,58.13,6.44,11.34,56.75,7.67,13.85,55.39,9.07,16.62,54.58,10.7,19.63,54.53,12.04,22.9,52.59,13.23,26.42,50.09,14.39,30.19,47.68,15.47,34.21,45.21,16.37,38.48,42.53,17.37,43.01,40.38,18.37,47.78,38.46,19.36,52.81,36.66,20.38,58.09,35.09,21.34,63.62,33.54
-1,8910,408,Hending et al. 2018,Richness,49.90853889,-13.09544167,Precise,Madagascar,Madagascar,Cheirogaleidae,Cheirogaleus,Cheirogaleus major,Cheirogaleus_major,Line transects,0, , , ,0,2017,0, ,NA, ,Cheirogaleus major,Cheirogaleus major,0.505,N,3,AR,Folivore_frugivore,5.81,NA,1,365,65,47.14,180,2.26,NA,Solitary,Spatial Polygyny, ,9Tropical and Subtropical Dry Broadleaf Forest,0.595017415,0.79,75.32,1.09,1.54,70.69,1.77,2.54,69.67,2.68,3.8,70.4,3.66,5.31,68.96,4.69,7.07,66.32,5.68,9.08,62.6,6.68,11.34,58.88,7.63,13.85,55.12,8.58,16.62,51.64,9.4,19.63,47.9,10.14,22.9,44.26,10.93,26.42,41.39,11.78,30.19,39.02,12.82,34.21,37.48,14.12,38.48,36.71,15.29,43.01,35.56,16.56,47.78,34.65,17.82,52.81,33.75,19.18,58.09,33.01,20.64,63.62,32.44
-1,8911,408,Hending et al. 2018,Richness,49.91214444,-13.04340278,Precise,Madagascar,Madagascar,Cheirogaleidae,Cheirogaleus,Cheirogaleus major,Cheirogaleus_major,Line transects,0, , , ,0,2017,0, ,NA, ,Cheirogaleus major,Cheirogaleus major,0.505,N,3,AR,Folivore_frugivore,5.81,NA,1,365,65,47.14,180,2.26,NA,Solitary,Spatial Polygyny, ,9Tropical and Subtropical Dry Broadleaf Forest,0.557018288,0.79,70.51,1.09,1.54,70.55,1.76,2.54,69.22,2.57,3.8,67.69,3.35,5.31,63.07,4.08,7.07,57.64,4.95,9.08,54.49,5.82,11.34,51.32,6.55,13.85,47.28,7.21,16.62,43.38,7.76,19.63,39.54,8.4,22.9,36.67,9.17,26.42,34.73,9.89,30.19,32.75,10.44,34.21,30.52,10.98,38.48,28.54,11.54,43.01,26.82,12.07,47.78,25.25,12.69,52.81,24.04,13.32,58.09,22.94,14.09,63.62,22.14
-1,8912,408,Hending et al. 2018,Richness,49.91531111,-13.07770833,Precise,Madagascar,Madagascar,Cheirogaleidae,Cheirogaleus,Cheirogaleus major,Cheirogaleus_major,Line transects,0, , , ,0,2017,0, ,NA, ,Cheirogaleus major,Cheirogaleus major,0.505,N,3,AR,Folivore_frugivore,5.81,NA,1,365,65,47.14,180,2.26,NA,Solitary,Spatial Polygyny, ,9Tropical and Subtropical Dry Broadleaf Forest,0.405426276,0.79,51.32,0.83,1.54,53.92,1.57,2.54,61.64,2.46,3.8,64.61,3.57,5.31,67.16,4.75,7.07,67.24,5.9,9.08,64.97,6.97,11.34,61.5,7.96,13.85,57.46,8.81,16.62,53.03,9.61,19.63,48.95,10.52,22.9,45.95,11.56,26.42,43.76,12.6,30.19,41.74,13.64,34.21,39.88,14.68,38.48,38.15,15.81,43.01,36.76,16.83,47.78,35.23,17.85,52.81,33.81,18.92,58.09,32.56,20.07,63.62,31.55
-1,8913,408,Hending et al. 2018,Richness,49.97858333,-13.41409167,Precise,Madagascar,Madagascar,Cheirogaleidae,Cheirogaleus,Cheirogaleus major,Cheirogaleus_major,Line transects,0, , , ,0,2017,0, ,NA, ,Cheirogaleus major,Cheirogaleus major,0.505,N,3,AR,Folivore_frugivore,5.81,NA,1,365,65,47.14,180,2.26,NA,Solitary,Spatial Polygyny, ,2Tropical_and_suptropical_moist_broadleaf_forest,0.488664095,0.79,61.86,0.74,1.54,48.07,1.01,2.54,39.71,1.43,3.8,37.6,NA,5.31,NA,2.4,7.07,33.94,3.17,9.08,34.94,4.16,11.34,36.68,5.16,13.85,37.27,6.29,16.62,37.82,7.6,19.63,38.73,8.99,22.9,39.26,10.47,26.42,39.62,11.92,30.19,39.5,13.56,34.21,39.64,15.43,38.48,40.11,17.34,43.01,40.31,19.58,47.78,40.98,21.89,52.81,41.45,24.25,58.09,41.74,26.75,63.62,42.05
-1,8914,408,Hending et al. 2018,Richness,50.01778333,-13.38733056,Precise,Madagascar,Madagascar,Cheirogaleidae,Cheirogaleus,Cheirogaleus major,Cheirogaleus_major,Line transects,0, , , ,0,2017,0, ,NA, ,Cheirogaleus major,Cheirogaleus major,0.505,N,3,AR,Folivore_frugivore,5.81,NA,1,365,65,47.14,180,2.26,NA,Solitary,Spatial Polygyny, ,2Tropical_and_suptropical_moist_broadleaf_forest,0.427028264,0.79,54.05,0.63,1.54,40.61,0.8,2.54,31.57,1.06,3.8,27.89,NA,5.31,NA,1.74,7.07,24.55,2.07,9.08,22.85,2.42,11.34,21.34,2.83,13.85,20.46,3.31,16.62,19.93,3.91,19.63,19.94,4.49,22.9,19.6,5.15,26.42,19.49,5.85,30.19,19.37,6.44,34.21,18.83,7.11,38.48,18.47,7.79,43.01,18.1,8.35,47.78,17.48,8.75,52.81,16.58,9.18,58.09,15.8,9.49,63.62,14.92
-1,8915,408,Hending et al. 2018,Richness,50.11960278,-14.07008889,Precise,Madagascar,Madagascar,Cheirogaleidae,Cheirogaleus,Cheirogaleus major,Cheirogaleus_major,Line transects,1, ,1,N individual observed,0,2017,0, ,NA, ,Cheirogaleus major,Cheirogaleus major,0.505,N,3,AR,Folivore_frugivore,5.81,NA,1,365,65,47.14,180,2.26,NA,Solitary,Spatial Polygyny, ,2Tropical_and_suptropical_moist_broadleaf_forest,0.716115832,0.79,90.65,1.45,1.54,93.89,2.38,2.54,93.6,3.47,3.8,91.33,NA,5.31,NA,6.44,7.07,91.03,8.15,9.08,89.8,9.98,11.34,88.03,12.1,13.85,87.4,14.55,16.62,87.54,17.26,19.63,87.94,20.26,22.9,88.47,23.22,26.42,87.88,26.27,30.19,87,29.52,34.21,86.3,33.14,38.48,86.11,36.97,43.01,85.95,40.94,47.78,85.68,45.06,52.81,85.33,49.25,58.09,84.78,53.47,63.62,84.04
-1,8916,408,Hending et al. 2018,Richness,50.12458333,-14.13738333,Precise,Madagascar,Madagascar,Cheirogaleidae,Cheirogaleus,Cheirogaleus major,Cheirogaleus_major,Line transects,0, , , ,0,2017,0, ,NA, ,Cheirogaleus major,Cheirogaleus major,0.505,N,3,AR,Folivore_frugivore,5.81,NA,1,365,65,47.14,180,2.26,NA,Solitary,Spatial Polygyny, ,2Tropical_and_suptropical_moist_broadleaf_forest,0.531373967,0.79,67.26,1.04,1.54,67.79,1.83,2.54,72.13,2.93,3.8,77.2,NA,5.31,NA,5.91,7.07,83.56,7.43,9.08,81.83,9.09,11.34,80.16,11.07,13.85,79.95,13.29,16.62,79.98,15.54,19.63,79.15,18.01,22.9,78.63,20.7,26.42,78.34,23.54,30.19,77.96,26.69,34.21,78.01,29.67,38.48,77.09,32.71,43.01,76.06,35.69,47.78,74.7,38.79,52.81,73.44,41.91,58.09,72.14,45.11,63.62,70.9
-1,8917,408,Hending et al. 2018,Richness,50.12521667,-14.06653889,Precise,Madagascar,Madagascar,Cheirogaleidae,Cheirogaleus,Cheirogaleus major,Cheirogaleus_major,Line transects,1, ,1,N individual observed,0,2017,0, ,NA, ,Cheirogaleus major,Cheirogaleus major,0.505,N,3,AR,Folivore_frugivore,5.81,NA,1,365,65,47.14,180,2.26,NA,Solitary,Spatial Polygyny, ,2Tropical_and_suptropical_moist_broadleaf_forest,0.716198448,0.79,90.66,1.36,1.54,88.41,2.21,2.54,87.13,3.27,3.8,86.1,NA,5.31,NA,6,7.07,84.8,7.67,9.08,84.42,9.63,11.34,84.91,11.87,13.85,85.7,14.38,16.62,86.5,16.98,19.63,86.52,19.7,22.9,86.03,22.66,26.42,85.77,25.76,30.19,85.33,29.15,34.21,85.21,32.74,38.48,85.08,36.58,43.01,85.06,40.29,47.78,84.32,44.02,52.81,83.35,47.88,58.09,82.42,51.38,63.62,80.77
-1,8918,408,Hending et al. 2018,Richness,50.12817778,-14.09174167,Precise,Madagascar,Madagascar,Cheirogaleidae,Cheirogaleus,Cheirogaleus major,Cheirogaleus_major,Line transects,0, , , ,0,2017,0, ,NA, ,Cheirogaleus major,Cheirogaleus major,0.505,N,3,AR,Folivore_frugivore,5.81,NA,1,365,65,47.14,180,2.26,NA,Solitary,Spatial Polygyny, ,2Tropical_and_suptropical_moist_broadleaf_forest,0.675832693,0.79,85.55,1.27,1.54,82.71,2.08,2.54,81.78,3.17,3.8,83.49,NA,5.31,NA,5.97,7.07,84.41,7.54,9.08,83.04,9.44,11.34,83.2,11.32,13.85,81.73,13.17,16.62,79.25,15.13,19.63,77.09,17.19,22.9,75.08,19.39,26.42,73.4,21.96,30.19,72.73,24.65,34.21,72.06,27.84,38.48,72.34,31.44,43.01,73.1,35.05,47.78,73.36,38.74,52.81,73.36,42.51,58.09,73.17,46.41,63.62,72.94
-1,8919,408,Hending et al. 2018,Richness,50.12819722,-14.13979444,Precise,Madagascar,Madagascar,Cheirogaleidae,Cheirogaleus,Cheirogaleus major,Cheirogaleus_major,Line transects,0, , , ,0,2017,0, ,NA, ,Cheirogaleus major,Cheirogaleus major,0.505,N,3,AR,Folivore_frugivore,5.81,NA,1,365,65,47.14,180,2.26,NA,Solitary,Spatial Polygyny, ,2Tropical_and_suptropical_moist_broadleaf_forest,0.494300392,0.79,62.57,1.11,1.54,71.88,1.95,2.54,76.74,3,3.8,78.82,NA,5.31,NA,5.28,7.07,74.72,6.9,9.08,75.97,8.84,11.34,77.94,10.88,13.85,78.57,13.11,16.62,78.91,15.46,19.63,78.78,17.91,22.9,78.23,20.48,26.42,77.52,23.23,30.19,76.94,25.97,34.21,75.9,28.63,38.48,74.4,31.33,43.01,72.85,34.11,47.78,71.39,36.89,52.81,69.86,39.81,58.09,68.53,42.64,63.62,67.02
