OID,N,N_study,Source,BASE,X,Y,Precise,Country,Realm,Family,Genus,Taxon,Taxon_ITIS,Sample_met,Ocurrence,N_groups,Abundanc_1,Abundance,Density,Sample_yea,Sampling_e,Sampling_1,ID_Todo,TRAITS,Taxon_IT_1,ITIS_SPECI,BodyMass_k,DielActivi,HomeRange_,Locomotion,TrophicGui,Brain_size,Canine_Dim,MeanGroupS,Interbirth,Gestation,WeaningAge,MaxLongevi,LitterSz,AdultSexRa,Social_Sys,Mating_Sys,FOREST,BIOME,Buffer_500,Area500,FC_500,Buffer_700,Area700,FC_700,Buffer_900,Area900,FC_900,Buffer_110,Area1100,FC1100,Buffer_130,Area1300,FC_1300,Buffer_150,Area1500,FC_1500,Buffer_170,Area1700,FC_1700,Buffer_190,Area1900,FC_1900,Buffer_210,Area2100,FC_2100,Buffer_230,Area2300,FC_2300,Buffer_250,Area2500,FC_2500,Buffer_270,Area2700,FC_2700,Buffer_290,Area2900,FC_2900,Buffer_310,Area3100,FC_3100,Buffer_330,Area3300,FC_3300,Buffer_350,Area3500,FC_3500,Buffer_370,Area3700,F_Buffer_3,Buffer_390,Area_3900,FC_3900,Buffer_410,Area4100,FC_4100,Buffer_430,Area4300,FC_4300,Buffer_450,Area4500,FC_4500
-1,9096,438,de Souza 2009,Richness,-59.71677778,-1.671083333,Precise,Brazil,Neotropics,Pitheciidae,Chiropotes,Chiropotes sagulatus,Chiropotes_sagulatus ,Linear transect,1,5, , ,0,2008,16,km,NA, ,Chiropotes sagulatus ,Chiropotes sagulatus,3,D,507,AR,Frugivore,NA,NA,18.5,NA,NA,NA,NA,NA,NA,NA,NA, ,2Tropical_and_suptropical_moist_broadleaf_forest,0.685233818,0.79,86.74,1.35,1.54,87.49,2.19,2.54,86.12,3.04,3.8,79.87,3.89,5.31,73.19,NA,7.07,NA,6.51,9.08,71.71,8.11,11.34,71.55,9.91,13.85,71.54,11.9,16.62,71.59,13.9,19.63,70.81,15.72,22.9,68.64,17.55,26.42,66.42,19.64,30.19,65.06,21.85,34.21,63.86,24.13,38.48,62.71,26.46,43.01,61.51,29.01,47.78,60.72,31.27,52.81,59.22,33.64,58.09,57.91,36.02,63.62,56.62
-1,9097,438,de Souza 2009,Richness,-59.78480556,-1.702861111,Precise,Brazil,Neotropics,Pitheciidae,Chiropotes,Chiropotes sagulatus,Chiropotes_sagulatus ,Linear transect,1,1, , ,0,2008,16,km,NA, ,Chiropotes sagulatus ,Chiropotes sagulatus,3,D,507,AR,Frugivore,NA,NA,18.5,NA,NA,NA,NA,NA,NA,NA,NA, ,2Tropical_and_suptropical_moist_broadleaf_forest,0.659305404,0.79,83.46,1.19,1.54,77.18,1.8,2.54,70.73,2.29,3.8,60.19,2.82,5.31,53.03,NA,7.07,NA,4.52,9.08,49.75,5.59,11.34,49.34,6.86,13.85,49.51,8.18,16.62,49.2,9.61,19.63,48.94,11.32,22.9,49.42,13.1,26.42,49.58,14.92,30.19,49.43,16.95,34.21,49.54,19.15,38.48,49.76,21.68,43.01,50.41,24.66,47.78,51.62,27.86,52.81,52.76,31.28,58.09,53.85,34.77,63.62,54.65
-1,9098,438,de Souza 2009,Richness,-59.41552778,-1.798555556,Precise,Brazil,Neotropics,Pitheciidae,Chiropotes,Chiropotes sagulatus,Chiropotes_sagulatus ,Linear transect,1,7, , ,0,2008,16,km,NA, ,Chiropotes sagulatus ,Chiropotes sagulatus,3,D,507,AR,Frugivore,NA,NA,18.5,NA,NA,NA,NA,NA,NA,NA,NA, ,2Tropical_and_suptropical_moist_broadleaf_forest,0.556581338,0.79,70.45,0.98,1.54,63.68,1.49,2.54,58.59,2.04,3.8,53.68,2.69,5.31,50.65,NA,7.07,NA,4.18,9.08,46.02,4.86,11.34,42.87,5.77,13.85,41.68,6.67,16.62,40.12,7.56,19.63,38.53,8.69,22.9,37.94,9.75,26.42,36.89,10.58,30.19,35.04,11.63,34.21,33.99,12.76,38.48,33.15,14.01,43.01,32.56,15.2,47.78,31.8,16.37,52.81,30.99,17.69,58.09,30.45,19.14,63.62,30.09
-1,9099,438,de Souza 2009,Richness,-59.4295,-1.827722222,Precise,Brazil,Neotropics,Pitheciidae,Chiropotes,Chiropotes sagulatus,Chiropotes_sagulatus ,Linear transect,0, , , ,0,2008,8,km,NA, ,Chiropotes sagulatus ,Chiropotes sagulatus,3,D,507,AR,Frugivore,NA,NA,18.5,NA,NA,NA,NA,NA,NA,NA,NA, ,2Tropical_and_suptropical_moist_broadleaf_forest,0.153246124,0.79,19.4,0.24,1.54,15.83,0.35,2.54,13.74,0.43,3.8,11.27,0.5,5.31,9.37,NA,7.07,NA,0.77,9.08,8.49,0.88,11.34,7.76,1,13.85,7.24,1.2,16.62,7.25,1.36,19.63,6.91,1.53,22.9,6.66,1.8,26.42,6.81,2.2,30.19,7.3,2.66,34.21,7.79,3.2,38.48,8.32,3.78,43.01,8.79,4.43,47.78,9.28,5.32,52.81,10.08,6.23,58.09,10.73,7.11,63.62,11.17
-1,9100,438,de Souza 2009,Richness,-59.44230556,-1.739361111,Precise,Brazil,Neotropics,Pitheciidae,Chiropotes,Chiropotes sagulatus,Chiropotes_sagulatus ,Linear transect,1,4, , ,0,2008,16,km,NA, ,Chiropotes sagulatus ,Chiropotes sagulatus,3,D,507,AR,Frugivore,NA,NA,18.5,NA,NA,NA,NA,NA,NA,NA,NA, ,2Tropical_and_suptropical_moist_broadleaf_forest,0.682396402,0.79,86.38,1.32,1.54,85.55,1.91,2.54,75.24,2.67,3.8,70.16,3.7,5.31,69.73,NA,7.07,NA,6.26,9.08,68.93,7.63,11.34,67.32,9.14,13.85,66.02,10.93,16.62,65.77,12.8,19.63,65.23,15.14,22.9,66.13,17.7,26.42,66.98,20.49,30.19,67.86,23.06,34.21,67.4,25.61,38.48,66.55,28.34,43.01,65.88,31.04,47.78,64.96,33.72,52.81,63.86,36.78,58.09,63.32,40.04,63.62,62.94
-1,9101,438,de Souza 2009,Richness,-59.44772222,-1.789694444,Precise,Brazil,Neotropics,Pitheciidae,Chiropotes,Chiropotes sagulatus,Chiropotes_sagulatus ,Linear transect,0, , , ,0,2008,8,km,NA, ,Chiropotes sagulatus ,Chiropotes sagulatus,3,D,507,AR,Frugivore,NA,NA,18.5,NA,NA,NA,NA,NA,NA,NA,NA, ,2Tropical_and_suptropical_moist_broadleaf_forest,0.315083388,0.79,39.88,0.65,1.54,42,0.95,2.54,37.25,1.23,3.8,32.26,1.54,5.31,28.97,NA,7.07,NA,2.47,9.08,27.21,3.29,11.34,29.03,4.33,13.85,31.27,5.23,16.62,31.44,6.07,19.63,30.93,6.96,22.9,30.37,8.32,26.42,31.48,9.83,30.19,32.56,11.33,34.21,33.12,13.02,38.48,33.85,14.75,43.01,34.3,16.42,47.78,34.36,18.12,52.81,34.32,20.07,58.09,34.54,22.24,63.62,34.95
-1,9102,438,de Souza 2009,Richness,-59.51461111,-1.772777778,Precise,Brazil,Neotropics,Pitheciidae,Chiropotes,Chiropotes sagulatus,Chiropotes_sagulatus ,Linear transect,1,2, , ,0,2008,20,km,NA, ,Chiropotes sagulatus ,Chiropotes sagulatus,3,D,507,AR,Frugivore,NA,NA,18.5,NA,NA,NA,NA,NA,NA,NA,NA, ,2Tropical_and_suptropical_moist_broadleaf_forest,0.764945764,0.79,96.83,1.4,1.54,91.01,2.24,2.54,88.02,3.27,3.8,86.04,4.49,5.31,84.53,NA,7.07,NA,7.19,9.08,79.15,8.58,11.34,75.7,10.06,13.85,72.61,11.42,16.62,68.71,12.6,19.63,64.2,13.81,22.9,60.32,15.3,26.42,57.91,16.93,30.19,56.08,18.53,34.21,54.17,20.18,38.48,52.45,21.8,43.01,50.69,23.6,47.78,49.39,25.59,52.81,48.45,27.47,58.09,47.3,29.25,63.62,45.97
-1,9103,438,de Souza 2009,Richness,-59.59533333,-1.836194444,Precise,Brazil,Neotropics,Pitheciidae,Chiropotes,Chiropotes sagulatus,Chiropotes_sagulatus ,Linear transect,0, , , ,0,2008,4,km,NA, ,Chiropotes sagulatus ,Chiropotes sagulatus,3,D,507,AR,Frugivore,NA,NA,18.5,NA,NA,NA,NA,NA,NA,NA,NA, ,2Tropical_and_suptropical_moist_broadleaf_forest,0.092033449,0.79,11.65,0.1,1.54,6.45,0.15,2.54,5.76,0.23,3.8,5.99,0.33,5.31,6.23,NA,7.07,NA,0.8,9.08,8.83,1.16,11.34,10.24,1.53,13.85,11.05,1.95,16.62,11.76,2.58,19.63,13.16,3.32,22.9,14.49,4.16,26.42,15.75,5.03,30.19,16.66,6.14,34.21,17.96,7.5,38.48,19.5,8.81,43.01,20.47,10.19,47.78,21.32,11.7,52.81,22.15,13.22,58.09,22.76,14.75,63.62,23.19
-1,9104,438,de Souza 2009,Richness,-59.62730556,-1.592694444,Precise,Brazil,Neotropics,Pitheciidae,Chiropotes,Chiropotes sagulatus,Chiropotes_sagulatus ,Linear transect,1,1, , ,0,2008,20,km,NA, ,Chiropotes sagulatus ,Chiropotes sagulatus,3,D,507,AR,Frugivore,NA,NA,18.5,NA,NA,NA,NA,NA,NA,NA,NA, ,2Tropical_and_suptropical_moist_broadleaf_forest,0.770705755,0.79,97.56,1.47,1.54,95.51,2.4,2.54,94.38,3.58,3.8,94.17,5,5.31,94.11,NA,7.07,NA,8.26,9.08,90.99,10.05,11.34,88.66,11.84,13.85,85.46,13.8,16.62,83.03,15.96,19.63,81.28,18.23,22.9,79.6,20.37,26.42,77.12,22.56,30.19,74.73,24.91,34.21,72.81,27.24,38.48,70.78,29.61,43.01,68.84,31.87,47.78,66.69,34.31,52.81,64.96,37.15,58.09,63.94,40.15,63.62,63.1
-1,9105,438,de Souza 2009,Richness,-59.63263889,-1.829666667,Precise,Brazil,Neotropics,Pitheciidae,Chiropotes,Chiropotes sagulatus,Chiropotes_sagulatus ,Linear transect,0, , , ,0,2008,4,km,NA, ,Chiropotes sagulatus ,Chiropotes sagulatus,3,D,507,AR,Frugivore,NA,NA,18.5,NA,NA,NA,NA,NA,NA,NA,NA, ,2Tropical_and_suptropical_moist_broadleaf_forest,0.047357176,0.79,5.99,0.05,1.54,3.08,0.08,2.54,3.17,0.13,3.8,3.31,0.23,5.31,4.41,NA,7.07,NA,0.47,9.08,5.16,0.68,11.34,5.99,0.88,13.85,6.37,1.15,16.62,6.92,1.57,19.63,8,2.23,22.9,9.74,3.1,26.42,11.75,4.05,30.19,13.43,5.16,34.21,15.08,6.38,38.48,16.59,7.54,43.01,17.52,8.88,47.78,18.58,10.59,52.81,20.05,12.54,58.09,21.59,14.38,63.62,22.61
-1,9106,438,de Souza 2009,Richness,-59.63788889,-1.791,Precise,Brazil,Neotropics,Pitheciidae,Chiropotes,Chiropotes sagulatus,Chiropotes_sagulatus ,Linear transect,1,3, , ,0,2008,12,km,NA, ,Chiropotes sagulatus ,Chiropotes sagulatus,3,D,507,AR,Frugivore,NA,NA,18.5,NA,NA,NA,NA,NA,NA,NA,NA, ,2Tropical_and_suptropical_moist_broadleaf_forest,0.65481432,0.79,82.89,1.01,1.54,65.66,1.32,2.54,51.87,1.5,3.8,39.56,1.71,5.31,32.2,NA,7.07,NA,2.31,9.08,25.42,2.77,11.34,24.41,3.14,13.85,22.7,3.47,16.62,20.89,3.73,19.63,19.01,3.99,22.9,17.43,4.41,26.42,16.7,4.77,30.19,15.81,5.12,34.21,14.97,5.37,38.48,13.96,5.76,43.01,13.39,6.32,47.78,13.22,6.88,52.81,13.03,7.41,58.09,12.76,7.86,63.62,12.35
-1,9107,438,de Souza 2009,Richness,-59.65505556,-1.877333333,Precise,Brazil,Neotropics,Pitheciidae,Chiropotes,Chiropotes sagulatus,Chiropotes_sagulatus ,Linear transect,0, , , ,0,2008,12,km,NA, ,Chiropotes sagulatus ,Chiropotes sagulatus,3,D,507,AR,Frugivore,NA,NA,18.5,NA,NA,NA,NA,NA,NA,NA,NA, ,2Tropical_and_suptropical_moist_broadleaf_forest,0.347763962,0.79,44.02,0.63,1.54,41.02,1.24,2.54,48.98,2.05,3.8,54.02,2.74,5.31,51.66,NA,7.07,NA,4.7,9.08,51.79,6,11.34,52.92,7.16,13.85,51.71,8.4,16.62,50.52,10.09,19.63,51.4,12.08,22.9,52.75,14.18,26.42,53.67,16.45,30.19,54.5,18.91,34.21,55.29,21.75,38.48,56.52,24.87,43.01,57.82,28.32,47.78,59.26,31.76,52.81,60.15,35.4,58.09,60.94,39.13,63.62,61.51
-1,9108,438,de Souza 2009,Richness,-59.66280556,-1.678219444,Precise,Brazil,Neotropics,Pitheciidae,Chiropotes,Chiropotes sagulatus,Chiropotes_sagulatus ,Linear transect,1,1, , ,0,2008,12,km,NA, ,Chiropotes sagulatus ,Chiropotes sagulatus,3,D,507,AR,Frugivore,NA,NA,18.5,NA,NA,NA,NA,NA,NA,NA,NA, ,2Tropical_and_suptropical_moist_broadleaf_forest,0.488099325,0.79,61.78,0.73,1.54,47.25,0.93,2.54,36.64,1.2,3.8,31.49,1.57,5.31,29.53,NA,7.07,NA,2.38,9.08,26.24,2.67,11.34,23.54,2.83,13.85,20.4,2.86,16.62,17.19,2.86,19.63,14.59,2.88,22.9,12.57,2.88,26.42,10.9,2.97,30.19,9.84,3.13,34.21,9.14,3.3,38.48,8.57,3.65,43.01,8.48,4.23,47.78,8.86,5.17,52.81,9.79,6.42,58.09,11.05,7.72,63.62,12.13
-1,9109,438,de Souza 2009,Richness,-59.68719444,-1.831416667,Precise,Brazil,Neotropics,Pitheciidae,Chiropotes,Chiropotes sagulatus,Chiropotes_sagulatus ,Linear transect,0, , , ,0,2008,12,km,NA, ,Chiropotes sagulatus ,Chiropotes sagulatus,3,D,507,AR,Frugivore,NA,NA,18.5,NA,NA,NA,NA,NA,NA,NA,NA, ,2Tropical_and_suptropical_moist_broadleaf_forest,0.677149024,0.79,85.72,1.26,1.54,81.93,1.87,2.54,73.44,2.22,3.8,58.36,2.71,5.31,50.96,NA,7.07,NA,4.48,9.08,49.32,5.74,11.34,50.65,7.2,13.85,52,8.72,16.62,52.49,10.15,19.63,51.73,11.81,22.9,51.56,13.57,26.42,51.36,15.39,30.19,50.99,17.29,34.21,50.53,19.07,38.48,49.55,21.04,43.01,48.93,23.18,47.78,48.52,25.43,52.81,48.16,27.78,58.09,47.83,30.25,63.62,47.55
-1,9110,438,de Souza 2009,Richness,-59.68769444,-1.783361111,Precise,Brazil,Neotropics,Pitheciidae,Chiropotes,Chiropotes sagulatus,Chiropotes_sagulatus ,Linear transect,0, , , ,0,2008,8,km,NA, ,Chiropotes sagulatus ,Chiropotes sagulatus,3,D,507,AR,Frugivore,NA,NA,18.5,NA,NA,NA,NA,NA,NA,NA,NA, ,2Tropical_and_suptropical_moist_broadleaf_forest,0.419465494,0.79,53.1,0.79,1.54,51.31,1.23,2.54,48.28,1.63,3.8,42.84,2.08,5.31,39.14,NA,7.07,NA,3.15,9.08,34.66,3.83,11.34,33.73,4.5,13.85,32.46,5.37,16.62,32.3,6.41,19.63,32.67,7.51,22.9,32.77,8.72,26.42,33.01,10.17,30.19,33.67,11.66,34.21,34.09,13.21,38.48,34.34,14.89,43.01,34.63,16.91,47.78,35.4,19.23,52.81,36.42,21.56,58.09,37.11,23.93,63.62,37.61
-1,9111,438,de Souza 2009,Richness,-59.70322222,-1.741694444,Precise,Brazil,Neotropics,Pitheciidae,Chiropotes,Chiropotes sagulatus,Chiropotes_sagulatus ,Linear transect,1,4, , ,0,2008,20,km,NA, ,Chiropotes sagulatus ,Chiropotes sagulatus,3,D,507,AR,Frugivore,NA,NA,18.5,NA,NA,NA,NA,NA,NA,NA,NA, ,2Tropical_and_suptropical_moist_broadleaf_forest,0.72608944,0.79,91.91,1.33,1.54,86.38,2.1,2.54,82.83,3.04,3.8,79.98,4.11,5.31,77.38,NA,7.07,NA,7.06,9.08,77.78,8.57,11.34,75.57,9.68,13.85,69.93,10.7,16.62,64.36,11.75,19.63,59.88,12.58,22.9,54.94,13.32,26.42,50.41,14.1,30.19,46.72,14.96,34.21,43.72,16.01,38.48,41.6,17.35,43.01,40.34,18.8,47.78,39.34,20.28,52.81,38.4,21.84,58.09,37.61,23.88,63.62,37.54
-1,9112,438,de Souza 2009,Richness,-59.77863889,-1.597361111,Precise,Brazil,Neotropics,Pitheciidae,Chiropotes,Chiropotes sagulatus,Chiropotes_sagulatus ,Linear transect,1,7, , ,0,2008,20,km,NA, ,Chiropotes sagulatus ,Chiropotes sagulatus,3,D,507,AR,Frugivore,NA,NA,18.5,NA,NA,NA,NA,NA,NA,NA,NA, ,2Tropical_and_suptropical_moist_broadleaf_forest,0.754001804,0.79,95.44,1.37,1.54,88.71,2.18,2.54,85.84,3.2,3.8,84.22,4.28,5.31,80.61,NA,7.07,NA,7.07,9.08,77.89,8.74,11.34,77.05,10.44,13.85,75.39,12.39,16.62,74.58,14.58,19.63,74.26,16.7,22.9,72.91,18.71,26.42,70.82,20.75,30.19,68.72,22.63,34.21,66.14,24.65,38.48,64.06,26.99,43.01,62.75,29.4,47.78,61.53,31.86,52.81,60.33,34.25,58.09,58.96,36.73,63.62,57.73
-1,9113,438,de Souza 2009,Richness,-59.38103611,-1.855925,Precise,Brazil,Neotropics,Pitheciidae,Chiropotes,Chiropotes sagulatus,Chiropotes_sagulatus ,Linear transect,0, , , ,0,2008,4,km,NA, ,Chiropotes sagulatus ,Chiropotes sagulatus,3,D,507,AR,Frugivore,NA,NA,18.5,NA,NA,NA,NA,NA,NA,NA,NA, ,2Tropical_and_suptropical_moist_broadleaf_forest,0.034703575,0.79,4.39,0.08,1.54,5.15,0.14,2.54,5.36,0.24,3.8,6.33,0.33,5.31,6.25,NA,7.07,NA,1.21,9.08,13.3,1.68,11.34,14.82,2.37,13.85,17.1,3.04,16.62,18.31,3.94,19.63,20.08,5.11,22.9,22.32,6.51,26.42,24.65,8,30.19,26.5,9.64,34.21,28.18,11.46,38.48,29.77,13.64,43.01,31.72,16.01,47.78,33.51,18.71,52.81,35.43,21.48,58.09,36.98,24.33,63.62,38.24
