OID,N,N_study,Source,BASE,X,Y,Precise,Country,Realm,Family,Genus,Taxon,Taxon_ITIS,Sample_met,Ocurrence,N_groups,Abundanc_1,Abundance,Density,Sample_yea,Sampling_e,Sampling_1,ID_Todo,TRAITS,Taxon_IT_1,ITIS_SPECI,BodyMass_k,DielActivi,HomeRange_,Locomotion,TrophicGui,Brain_size,Canine_Dim,MeanGroupS,Interbirth,Gestation,WeaningAge,MaxLongevi,LitterSz,AdultSexRa,Social_Sys,Mating_Sys,FOREST,BIOME,Buffer_500,Area500,FC_500,Buffer_700,Area700,FC_700,Buffer_900,Area900,FC_900,Buffer_110,Area1100,FC1100,Buffer_130,Area1300,FC_1300,Buffer_150,Area1500,FC_1500,Buffer_170,Area1700,FC_1700,Buffer_190,Area1900,FC_1900,Buffer_210,Area2100,FC_2100,Buffer_230,Area2300,FC_2300,Buffer_250,Area2500,FC_2500,Buffer_270,Area2700,FC_2700,Buffer_290,Area2900,FC_2900,Buffer_310,Area3100,FC_3100,Buffer_330,Area3300,FC_3300,Buffer_350,Area3500,FC_3500,Buffer_370,Area3700,F_Buffer_3,Buffer_390,Area_3900,FC_3900,Buffer_410,Area4100,FC_4100,Buffer_430,Area4300,FC_4300,Buffer_450,Area4500,FC_4500
-1,9460,515,Mekonnen et al. 2012,Ocurrencias,38.72804318,6.921693856,Precise,Ethiopia,Africa,Cercopithecidae,Chlorocebus,Chlorocebus djamdjamensis,Chlorocebus_djamdjamensis ,Opportunistically search,1,2,42,Total count,0,2010,4300,km,NA, ,Chlorocebus djamdjamensis ,Chlorocebus djamdjamensis,3.98,D,15.2,BOTH,Folivore,NA,NA,NA,NA,NA,NA,NA,NA,NA,Polygyndry,NA, ,11Montane Grasslands Shrublands,0.115823882,0.79,14.66,0.2,1.54,13.26,0.27,2.54,10.7,0.31,3.8,8.12,0.32,5.31,6.04,0.37,7.07,5.19,0.44,9.08,4.83,0.51,11.34,4.51,0.7,13.85,5.07,0.92,16.62,5.55,1.16,19.63,5.89,1.36,22.9,5.93,1.62,26.42,6.13,1.88,30.19,6.21,2.32,34.21,6.77,2.61,38.48,6.79,2.86,43.01,6.65,3.4,47.78,7.11,3.84,52.81,7.27,4.34,58.09,7.47,4.77,63.62,7.49
-1,9461,515,Mekonnen et al. 2012,Ocurrencias,38.86886536,6.734492136,Precise,Ethiopia,Africa,Cercopithecidae,Chlorocebus,Chlorocebus djamdjamensis,Chlorocebus_djamdjamensis ,Opportunistically search,1,1,18,Total count,0,2010,4300,km,NA, ,Chlorocebus djamdjamensis ,Chlorocebus djamdjamensis,3.98,D,15.2,BOTH,Folivore,NA,NA,NA,NA,NA,NA,NA,NA,NA,Polygyndry,NA, ,11Montane Grasslands Shrublands,0.381065613,0.79,48.24,0.6,1.54,39.02,0.84,2.54,32.97,1.01,3.8,26.65,1.19,5.31,22.46,1.36,7.07,19.2,1.57,9.08,17.31,1.74,11.34,15.33,1.87,13.85,13.47,2.02,16.62,12.13,2.15,19.63,10.97,2.28,22.9,9.96,2.4,26.42,9.08,2.47,30.19,8.19,2.56,34.21,7.47,2.64,38.48,6.85,2.7,43.01,6.28,2.77,47.78,5.8,2.88,52.81,5.45,2.98,58.09,5.14,3.13,63.62,4.93
-1,9462,515,Mekonnen et al. 2012,Ocurrencias,38.80237866,7.011239965,Precise,Ethiopia,Africa,Cercopithecidae,Chlorocebus,Chlorocebus djamdjamensis,Chlorocebus_djamdjamensis ,Opportunistically search,1,1,26,Total count,0,2010,4300,km,NA, ,Chlorocebus djamdjamensis ,Chlorocebus djamdjamensis,3.98,D,15.2,BOTH,Folivore,NA,NA,NA,NA,NA,NA,NA,NA,NA,Polygyndry,NA, ,11Montane Grasslands Shrublands,0.016861803,0.79,2.13,0.02,1.54,1.48,0.04,2.54,1.72,0.09,3.8,2.4,0.11,5.31,2.04,0.11,7.07,1.6,0.15,9.08,1.64,0.16,11.34,1.43,0.21,13.85,1.51,0.22,16.62,1.31,0.23,19.63,1.19,0.33,22.9,1.45,0.38,26.42,1.45,0.46,30.19,1.52,0.55,34.21,1.62,0.65,38.48,1.69,0.8,43.01,1.86,1.05,47.78,2.21,1.3,52.81,2.47,1.58,58.09,2.72,1.92,63.62,3.02
-1,9463,515,Mekonnen et al. 2012,Ocurrencias,38.70758179,6.793781694,Precise,Ethiopia,Africa,Cercopithecidae,Chlorocebus,Chlorocebus djamdjamensis,Chlorocebus_djamdjamensis ,Opportunistically search,1,2,59,Total count,0,2010,4300,km,NA, ,Chlorocebus djamdjamensis ,Chlorocebus djamdjamensis,3.98,D,15.2,BOTH,Folivore,NA,NA,NA,NA,NA,NA,NA,NA,NA,Polygyndry,NA, ,11Montane Grasslands Shrublands,0.091269021,0.79,11.55,0.13,1.54,8.5,0.18,2.54,7.18,0.26,3.8,6.91,0.37,5.31,6.9,0.42,7.07,5.95,0.5,9.08,5.52,0.54,11.34,4.76,0.6,13.85,4.35,0.68,16.62,4.1,0.78,19.63,3.95,0.86,22.9,3.76,0.91,26.42,3.44,0.97,30.19,3.2,1.05,34.21,3.06,1.11,38.48,2.89,1.2,43.01,2.8,1.27,47.78,2.66,1.32,52.81,2.49,1.38,58.09,2.37,1.48,63.62,2.33
-1,9464,515,Mekonnen et al. 2012,Ocurrencias,38.67975873,6.786364554,Precise,Ethiopia,Africa,Cercopithecidae,Chlorocebus,Chlorocebus djamdjamensis,Chlorocebus_djamdjamensis ,Opportunistically search,1,2,59,Total count,0,2010,4300,km,NA, ,Chlorocebus djamdjamensis ,Chlorocebus djamdjamensis,3.98,D,15.2,BOTH,Folivore,NA,NA,NA,NA,NA,NA,NA,NA,NA,Polygyndry,NA, ,11Montane Grasslands Shrublands,0.059470169,0.79,7.53,0.08,1.54,5.39,0.11,2.54,4.45,0.14,3.8,3.7,0.17,5.31,3.16,0.19,7.07,2.67,0.21,9.08,2.33,0.26,11.34,2.27,0.3,13.85,2.15,0.35,16.62,2.13,0.45,19.63,2.29,0.57,22.9,2.5,0.76,26.42,2.87,0.91,30.19,3,1.07,34.21,3.14,1.24,38.48,3.22,1.56,43.01,3.62,1.87,47.78,3.91,2.15,52.81,4.07,2.39,58.09,4.11,2.67,63.62,4.19
-1,9465,515,Mekonnen et al. 2012,Ocurrencias,39.05457405,6.661486774,Precise,Ethiopia,Africa,Cercopithecidae,Chlorocebus,Chlorocebus djamdjamensis,Chlorocebus_djamdjamensis ,Opportunistically search,1,1,24,Total count,0,2010,4300,km,NA, ,Chlorocebus djamdjamensis ,Chlorocebus djamdjamensis,3.98,D,15.2,BOTH,Folivore,NA,NA,NA,NA,NA,NA,NA,NA,NA,Polygyndry,NA, ,2Tropical_and_suptropical_moist_broadleaf_forest,0.649956796,0.79,82.27,1.25,1.54,81.42,2.04,2.54,80.5,3.09,3.8,81.32,4.23,5.31,79.66,NA,7.07,NA,7.12,9.08,78.42,8.83,11.34,77.86,10.71,13.85,77.36,12.83,16.62,77.17,15.2,19.63,77.45,17.83,22.9,77.88,20.69,26.42,78.32,23.8,30.19,78.82,27.09,34.21,79.19,30.71,38.48,79.82,34.61,43.01,80.46,38.72,47.78,81.04,43.03,52.81,81.49,47.61,58.09,81.95,52.36,63.62,82.29
-1,9466,515,Mekonnen et al. 2012,Ocurrencias,39.15542191,6.764291672,Precise,Ethiopia,Africa,Cercopithecidae,Chlorocebus,Chlorocebus djamdjamensis,Chlorocebus_djamdjamensis ,Opportunistically search,1,2,40,Total count,0,2010,4300,km,NA, ,Chlorocebus djamdjamensis ,Chlorocebus djamdjamensis,3.98,D,15.2,BOTH,Folivore,NA,NA,NA,NA,NA,NA,NA,NA,NA,Polygyndry,NA, ,11Montane Grasslands Shrublands,0.325925042,0.79,41.26,0.73,1.54,47.14,1.18,2.54,46.4,1.74,3.8,45.67,2.39,5.31,45.01,3.16,7.07,44.75,4.17,9.08,45.93,5.48,11.34,48.28,6.82,13.85,49.24,8.34,16.62,50.21,9.74,19.63,49.64,11.13,22.9,48.59,12.54,26.42,47.45,13.72,30.19,45.44,15.06,34.21,44.01,16.63,38.48,43.22,18.5,43.01,43.02,20.3,47.78,42.49,22.17,52.81,41.97,23.88,58.09,41.1,25.59,63.62,40.23
-1,9467,515,Mekonnen et al. 2012,Ocurrencias,38.82505296,6.805507686,Precise,Ethiopia,Africa,Cercopithecidae,Chlorocebus,Chlorocebus djamdjamensis,Chlorocebus_djamdjamensis ,Opportunistically search,1,1,18,Total count,0,2010,4300,km,NA, ,Chlorocebus djamdjamensis ,Chlorocebus djamdjamensis,3.98,D,15.2,BOTH,Folivore,NA,NA,NA,NA,NA,NA,NA,NA,NA,Polygyndry,NA, ,11Montane Grasslands Shrublands,0.433894179,0.79,54.92,0.72,1.54,46.44,1.04,2.54,40.98,1.38,3.8,36.29,1.89,5.31,35.63,2.4,7.07,33.92,2.85,9.08,31.41,3.38,11.34,29.8,3.82,13.85,27.55,4.28,16.62,25.73,4.8,19.63,24.43,5.51,22.9,24.08,6.44,26.42,24.38,7.32,30.19,24.26,8.21,34.21,24,9.18,38.48,23.85,10.4,43.01,24.18,11.73,47.78,24.56,13.02,52.81,24.65,14.25,58.09,24.53,15.47,63.62,24.32
-1,9468,515,Mekonnen et al. 2012,Ocurrencias,38.64279014,6.812309426,Precise,Ethiopia,Africa,Cercopithecidae,Chlorocebus,Chlorocebus djamdjamensis,Chlorocebus_djamdjamensis ,Opportunistically search,1,1,16,Total count,0,2010,4300,km,NA, ,Chlorocebus djamdjamensis ,Chlorocebus djamdjamensis,3.98,D,15.2,BOTH,Folivore,NA,NA,NA,NA,NA,NA,NA,NA,NA,Polygyndry,NA, ,11Montane Grasslands Shrublands,0.041728045,0.79,5.28,0.15,1.54,9.55,0.33,2.54,12.98,0.54,3.8,14.09,0.66,5.31,12.44,0.77,7.07,10.95,0.93,9.08,10.26,1.07,11.34,9.41,1.25,13.85,9.04,1.4,16.62,8.42,1.55,19.63,7.89,1.75,22.9,7.63,1.95,26.42,7.38,2.2,30.19,7.27,2.4,34.21,7.02,2.79,38.48,7.24,3.27,43.01,7.61,3.68,47.78,7.7,4.06,52.81,7.69,4.45,58.09,7.66,4.79,63.62,7.52
-1,9469,515,Mekonnen et al. 2012,Ocurrencias,38.71665595,6.70513677,Precise,Ethiopia,Africa,Cercopithecidae,Chlorocebus,Chlorocebus djamdjamensis,Chlorocebus_djamdjamensis ,Opportunistically search,1,1,21,Total count,0,2010,4300,km,NA, ,Chlorocebus djamdjamensis ,Chlorocebus djamdjamensis,3.98,D,15.2,BOTH,Folivore,NA,NA,NA,NA,NA,NA,NA,NA,NA,Polygyndry,NA, ,11Montane Grasslands Shrublands,0.242683602,0.79,30.72,0.33,1.54,21.42,0.4,2.54,15.88,0.44,3.8,11.65,0.48,5.31,9.07,0.54,7.07,7.67,0.59,9.08,6.46,0.64,11.34,5.64,0.73,13.85,5.28,0.78,16.62,4.71,0.94,19.63,4.78,1.11,22.9,4.83,1.27,26.42,4.83,1.46,30.19,4.83,1.69,34.21,4.94,1.88,38.48,4.88,2.15,43.01,5,2.45,47.78,5.12,2.77,52.81,5.24,3.13,58.09,5.39,3.61,63.62,5.67
-1,9470,515,Mekonnen et al. 2012,Ocurrencias,38.65082177,6.743539441,Precise,Ethiopia,Africa,Cercopithecidae,Chlorocebus,Chlorocebus djamdjamensis,Chlorocebus_djamdjamensis ,Opportunistically search,1,2,41,Total count,0,2010,4300,km,NA, ,Chlorocebus djamdjamensis ,Chlorocebus djamdjamensis,3.98,D,15.2,BOTH,Folivore,NA,NA,NA,NA,NA,NA,NA,NA,NA,Polygyndry,NA, ,11Montane Grasslands Shrublands,0.343658999,0.79,43.5,0.43,1.54,28.25,0.45,2.54,17.91,0.49,3.8,12.95,0.52,5.31,9.74,0.55,7.07,7.84,0.59,9.08,6.47,0.71,11.34,6.28,0.89,13.85,6.44,1.03,16.62,6.18,1.1,19.63,5.58,1.27,22.9,5.56,1.35,26.42,5.11,1.39,30.19,4.62,1.43,34.21,4.19,1.48,38.48,3.85,1.65,43.01,3.85,1.83,47.78,3.84,2.22,52.81,4.21,2.69,58.09,4.64,3.09,63.62,4.86
-1,9471,515,Mekonnen et al. 2012,Ocurrencias,38.92251693,6.551347407,Precise,Ethiopia,Africa,Cercopithecidae,Chlorocebus,Chlorocebus djamdjamensis,Chlorocebus_djamdjamensis ,Opportunistically search,1,2,45,Total count,0,2010,4300,km,NA, ,Chlorocebus djamdjamensis ,Chlorocebus djamdjamensis,3.98,D,15.2,BOTH,Folivore,NA,NA,NA,NA,NA,NA,NA,NA,NA,Polygyndry,NA, ,2Tropical_and_suptropical_moist_broadleaf_forest,0.70385461,0.79,89.1,1.32,1.54,85.62,2.11,2.54,83.07,3.1,3.8,81.53,4.32,5.31,81.29,NA,7.07,NA,7.15,9.08,78.76,8.93,11.34,78.72,10.98,13.85,79.26,13.25,16.62,79.74,15.68,19.63,79.9,18.31,22.9,79.94,21.26,26.42,80.46,24.4,30.19,80.83,27.76,34.21,81.15,31.38,38.48,81.54,35.19,43.01,81.82,39.03,47.78,81.69,43.09,52.81,81.59,47.4,58.09,81.61,51.95,63.62,81.66
-1,9472,515,Mekonnen et al. 2012,Ocurrencias,38.97831081,6.511016188,Precise,Ethiopia,Africa,Cercopithecidae,Chlorocebus,Chlorocebus djamdjamensis,Chlorocebus_djamdjamensis ,Opportunistically search,1,2,50,Total count,0,2010,4300,km,NA, ,Chlorocebus djamdjamensis ,Chlorocebus djamdjamensis,3.98,D,15.2,BOTH,Folivore,NA,NA,NA,NA,NA,NA,NA,NA,NA,Polygyndry,NA, ,2Tropical_and_suptropical_moist_broadleaf_forest,0.386541964,0.79,48.93,0.91,1.54,59.35,1.67,2.54,65.87,2.63,3.8,69.15,3.84,5.31,72.23,NA,7.07,NA,6.84,9.08,75.3,8.67,11.34,76.45,10.83,13.85,78.19,13.29,16.62,79.94,15.92,19.63,81.1,18.72,22.9,81.75,21.65,26.42,81.96,24.82,30.19,82.2,28.13,34.21,82.22,31.45,38.48,81.73,34.98,43.01,81.33,38.65,47.78,80.88,42.52,52.81,80.51,46.74,58.09,80.47,51.4,63.62,80.79
-1,9473,515,Mekonnen et al. 2012,Ocurrencias,38.97838405,6.490336696,Precise,Ethiopia,Africa,Cercopithecidae,Chlorocebus,Chlorocebus djamdjamensis,Chlorocebus_djamdjamensis ,Opportunistically search,1,2,38,Total count,0,2010,4300,km,NA, ,Chlorocebus djamdjamensis ,Chlorocebus djamdjamensis,3.98,D,15.2,BOTH,Folivore,NA,NA,NA,NA,NA,NA,NA,NA,NA,Polygyndry,NA, ,2Tropical_and_suptropical_moist_broadleaf_forest,0.771595853,0.79,97.67,1.51,1.54,97.82,2.48,2.54,97.83,3.7,3.8,97.29,5.12,5.31,96.46,NA,7.07,NA,8.61,9.08,94.86,10.58,11.34,93.34,12.58,13.85,90.81,14.62,16.62,87.96,16.93,19.63,86.24,19.46,22.9,84.96,22.19,26.42,84,25.24,30.19,83.59,28.4,34.21,83.02,31.75,38.48,82.51,35.31,43.01,82.1,39.02,47.78,81.67,43,52.81,81.42,47.34,58.09,81.49,51.92,63.62,81.62
-1,9474,515,Mekonnen et al. 2012,Ocurrencias,39.02964288,6.568883903,Precise,Ethiopia,Africa,Cercopithecidae,Chlorocebus,Chlorocebus djamdjamensis,Chlorocebus_djamdjamensis ,Opportunistically search,1,2,32,Total count,0,2010,4300,km,NA, ,Chlorocebus djamdjamensis ,Chlorocebus djamdjamensis,3.98,D,15.2,BOTH,Folivore,NA,NA,NA,NA,NA,NA,NA,NA,NA,Polygyndry,NA, ,2Tropical_and_suptropical_moist_broadleaf_forest,0.462251298,0.79,58.51,1.05,1.54,68.17,1.88,2.54,73.95,2.91,3.8,76.66,4.03,5.31,75.96,NA,7.07,NA,6.95,9.08,76.53,8.62,11.34,75.98,10.37,13.85,74.85,12.18,16.62,73.27,14.31,19.63,72.91,16.64,22.9,72.67,19.22,26.42,72.74,22.01,30.19,72.89,24.98,34.21,73.03,28.13,38.48,73.09,31.36,43.01,72.92,34.95,47.78,73.15,38.56,52.81,73.01,42.64,58.09,73.4,47.07,63.62,73.99
-1,9475,515,Mekonnen et al. 2012,Ocurrencias,38.94286564,6.340031737,Precise,Ethiopia,Africa,Cercopithecidae,Chlorocebus,Chlorocebus djamdjamensis,Chlorocebus_djamdjamensis ,Opportunistically search,1,1,15,Total count,0,2010,4300,km,NA, ,Chlorocebus djamdjamensis ,Chlorocebus djamdjamensis,3.98,D,15.2,BOTH,Folivore,NA,NA,NA,NA,NA,NA,NA,NA,NA,Polygyndry,NA, ,2Tropical_and_suptropical_moist_broadleaf_forest,0.550647654,0.79,69.7,1.01,1.54,65.49,1.59,2.54,62.71,2.42,3.8,63.62,3.33,5.31,62.72,NA,7.07,NA,5.76,9.08,63.48,7.26,11.34,64.01,9.07,13.85,65.5,11.04,16.62,66.41,13.04,19.63,66.44,15.1,22.9,65.94,17.24,26.42,65.25,19.44,30.19,64.38,21.99,34.21,64.28,24.8,38.48,64.44,27.56,43.01,64.07,30.27,47.78,63.36,32.99,52.81,62.47,35.59,58.09,61.27,38,63.62,59.73
-1,9476,515,Mekonnen et al. 2012,Ocurrencias,38.56766972,6.49776035,Precise,Ethiopia,Africa,Cercopithecidae,Chlorocebus,Chlorocebus djamdjamensis,Chlorocebus_djamdjamensis ,Opportunistically search,1,1,23,Total count,0,2010,4300,km,NA, ,Chlorocebus djamdjamensis ,Chlorocebus djamdjamensis,3.98,D,15.2,BOTH,Folivore,NA,NA,NA,NA,NA,NA,NA,NA,NA,Polygyndry,NA, ,11Montane Grasslands Shrublands,0.125415763,0.79,15.88,0.27,1.54,17.44,0.4,2.54,15.57,0.55,3.8,14.41,0.67,5.31,12.63,0.78,7.07,11.05,0.92,9.08,10.08,1.06,11.34,9.39,1.14,13.85,8.22,1.29,16.62,7.75,1.47,19.63,7.47,1.58,22.9,6.91,1.69,26.42,6.39,1.75,30.19,5.81,1.87,34.21,5.47,1.97,38.48,5.13,2.08,43.01,4.84,2.25,47.78,4.72,2.46,52.81,4.65,2.67,58.09,4.6,2.99,63.62,4.7
-1,9477,515,Mekonnen et al. 2012,Ocurrencias,38.63300178,6.376767545,Precise,Ethiopia,Africa,Cercopithecidae,Chlorocebus,Chlorocebus djamdjamensis,Chlorocebus_djamdjamensis ,Opportunistically search,1,1,9,Total count,0,2010,4300,km,NA, ,Chlorocebus djamdjamensis ,Chlorocebus djamdjamensis,3.98,D,15.2,BOTH,Folivore,NA,NA,NA,NA,NA,NA,NA,NA,NA,Polygyndry,NA, ,2Tropical_and_suptropical_moist_broadleaf_forest,0.322355878,0.79,40.8,0.69,1.54,44.62,1.07,2.54,42.19,1.65,3.8,43.31,2.38,5.31,44.76,NA,7.07,NA,4.33,9.08,47.64,5.45,11.34,48.03,6.78,13.85,48.94,8.39,16.62,50.5,10.19,19.63,51.92,11.94,22.9,52.12,13.85,26.42,52.41,15.93,30.19,52.75,17.96,34.21,52.51,19.82,38.48,51.51,21.64,43.01,50.31,23.27,47.78,48.71,24.78,52.81,46.93,26.43,58.09,45.5,28.36,63.62,44.58
-1,9478,515,Mekonnen et al. 2012,Ocurrencias,38.64406769,6.352929978,Precise,Ethiopia,Africa,Cercopithecidae,Chlorocebus,Chlorocebus djamdjamensis,Chlorocebus_djamdjamensis ,Opportunistically search,1,1,11,Total count,0,2010,4300,km,NA, ,Chlorocebus djamdjamensis ,Chlorocebus djamdjamensis,3.98,D,15.2,BOTH,Folivore,NA,NA,NA,NA,NA,NA,NA,NA,NA,Polygyndry,NA, ,2Tropical_and_suptropical_moist_broadleaf_forest,0.415666096,0.79,52.62,0.79,1.54,51.18,1.2,2.54,47.4,1.79,3.8,47.11,2.5,5.31,47.15,NA,7.07,NA,4.33,9.08,47.72,5.34,11.34,47.13,6.22,13.85,44.9,7.23,16.62,43.5,8.27,19.63,42.12,9.46,22.9,41.31,10.88,26.42,41.17,12.44,30.19,41.19,14.01,34.21,40.97,15.6,38.48,40.53,17.36,43.01,40.36,19.2,47.78,40.18,21.26,52.81,40.25,23.62,58.09,40.67,26.2,63.62,41.19
-1,9479,515,Mekonnen et al. 2012,Ocurrencias,38.73408226,6.166814541,Precise,Ethiopia,Africa,Cercopithecidae,Chlorocebus,Chlorocebus djamdjamensis,Chlorocebus_djamdjamensis ,Opportunistically search,1,1,18,Total count,0,2010,4300,km,NA, ,Chlorocebus djamdjamensis ,Chlorocebus djamdjamensis,3.98,D,15.2,BOTH,Folivore,NA,NA,NA,NA,NA,NA,NA,NA,NA,Polygyndry,NA, ,2Tropical_and_suptropical_moist_broadleaf_forest,0.328433431,0.79,41.57,0.79,1.54,50.98,1.28,2.54,50.49,1.88,3.8,49.59,2.52,5.31,47.53,NA,7.07,NA,4.34,9.08,47.79,5.67,11.34,50.02,7.24,13.85,52.31,9.15,16.62,55.07,11.08,19.63,56.43,13.27,22.9,57.96,15.65,26.42,59.22,17.98,30.19,59.55,20.83,34.21,60.88,23.8,38.48,61.84,26.91,43.01,62.57,29.99,47.78,62.78,33.15,52.81,62.77,36.26,58.09,62.42,39.34,63.62,61.83
-1,9480,515,Mekonnen et al. 2012,Ocurrencias,38.70463167,6.253026767,Precise,Ethiopia,Africa,Cercopithecidae,Chlorocebus,Chlorocebus djamdjamensis,Chlorocebus_djamdjamensis ,Opportunistically search,1,1,21,Total count,0,2010,4300,km,NA, ,Chlorocebus djamdjamensis ,Chlorocebus djamdjamensis,3.98,D,15.2,BOTH,Folivore,NA,NA,NA,NA,NA,NA,NA,NA,NA,Polygyndry,NA, ,2Tropical_and_suptropical_moist_broadleaf_forest,0.57974329,0.79,73.39,1.16,1.54,75.17,1.93,2.54,76.04,2.78,3.8,73.06,3.69,5.31,69.58,NA,7.07,NA,5.99,9.08,66.01,7.43,11.34,65.49,8.79,13.85,63.46,10.35,16.62,62.27,12.08,19.63,61.54,13.9,22.9,60.7,15.99,26.42,60.51,18.2,30.19,60.29,20.51,34.21,59.95,22.93,38.48,59.58,25.75,43.01,59.87,28.73,47.78,60.14,31.79,52.81,60.2,35.25,58.09,60.69,38.86,63.62,61.07
-1,9481,515,Mekonnen et al. 2012,Ocurrencias,38.67845932,6.284862694,Precise,Ethiopia,Africa,Cercopithecidae,Chlorocebus,Chlorocebus djamdjamensis,Chlorocebus_djamdjamensis ,Opportunistically search,1,2,40,Total count,0,2010,4300,km,NA, ,Chlorocebus djamdjamensis ,Chlorocebus djamdjamensis,3.98,D,15.2,BOTH,Folivore,NA,NA,NA,NA,NA,NA,NA,NA,NA,Polygyndry,NA, ,2Tropical_and_suptropical_moist_broadleaf_forest,0.450855346,0.79,57.07,0.8,1.54,51.84,1.18,2.54,46.58,1.66,3.8,43.71,2.04,5.31,38.43,NA,7.07,NA,3.36,9.08,37.03,4.18,11.34,36.88,4.94,13.85,35.68,5.7,16.62,34.27,6.62,19.63,33.71,7.71,22.9,33.65,8.8,26.42,33.31,10.13,30.19,33.55,12,34.21,35.08,13.89,38.48,36.1,16.19,43.01,37.63,18.59,47.78,38.92,21.14,52.81,40.03,24.04,58.09,41.39,26.99,63.62,42.43
-1,9482,515,Mekonnen et al. 2012,Ocurrencias,38.68571349,6.27883336,Precise,Ethiopia,Africa,Cercopithecidae,Chlorocebus,Chlorocebus djamdjamensis,Chlorocebus_djamdjamensis ,Opportunistically search,1,1,16,Total count,0,2010,4300,km,NA, ,Chlorocebus djamdjamensis ,Chlorocebus djamdjamensis,3.98,D,15.2,BOTH,Folivore,NA,NA,NA,NA,NA,NA,NA,NA,NA,Polygyndry,NA, ,2Tropical_and_suptropical_moist_broadleaf_forest,0.238907552,0.79,30.24,0.53,1.54,34.48,1.06,2.54,41.64,1.59,3.8,41.9,2.12,5.31,39.94,NA,7.07,NA,3.4,9.08,37.45,4.08,11.34,35.95,4.85,13.85,35,5.7,16.62,34.27,6.64,19.63,33.84,7.73,22.9,33.74,9.07,26.42,34.32,10.67,30.19,35.35,12.44,34.21,36.37,14.71,38.48,38.23,17.06,43.01,39.66,19.52,47.78,40.85,22.12,52.81,41.89,24.93,58.09,42.92,27.89,63.62,43.84
-1,9483,515,Mekonnen et al. 2012,Ocurrencias,38.74054176,6.135943115,Precise,Ethiopia,Africa,Cercopithecidae,Chlorocebus,Chlorocebus djamdjamensis,Chlorocebus_djamdjamensis ,Opportunistically search,1,1,19,Total count,0,2010,4300,km,NA, ,Chlorocebus djamdjamensis ,Chlorocebus djamdjamensis,3.98,D,15.2,BOTH,Folivore,NA,NA,NA,NA,NA,NA,NA,NA,NA,Polygyndry,NA, ,2Tropical_and_suptropical_moist_broadleaf_forest,0.52249583,0.79,66.14,1,1.54,65.08,1.58,2.54,62.33,2.25,3.8,59.12,3.06,5.31,57.66,NA,7.07,NA,4.87,9.08,53.67,5.87,11.34,51.73,7.35,13.85,53.09,8.98,16.62,54.03,10.85,19.63,55.27,12.84,22.9,56.07,14.98,26.42,56.68,17.46,30.19,57.84,20.19,34.21,59.02,22.86,38.48,59.41,25.39,43.01,59.04,27.99,47.78,58.59,30.72,52.81,58.17,33.96,58.09,58.47,37.25,63.62,58.55
-1,9484,515,Mekonnen et al. 2012,Ocurrencias,38.5345503,6.317726833,Precise,Ethiopia,Africa,Cercopithecidae,Chlorocebus,Chlorocebus djamdjamensis,Chlorocebus_djamdjamensis ,Opportunistically search,1,2,41,Total count,0,2010,4300,km,NA, ,Chlorocebus djamdjamensis ,Chlorocebus djamdjamensis,3.98,D,15.2,BOTH,Folivore,NA,NA,NA,NA,NA,NA,NA,NA,NA,Polygyndry,NA, ,11Montane Grasslands Shrublands,0.036770878,0.79,4.65,0.06,1.54,3.99,0.09,2.54,3.56,0.1,3.8,2.75,0.11,5.31,2.11,0.14,7.07,2,0.15,9.08,1.68,0.18,11.34,1.58,0.21,13.85,1.55,0.25,16.62,1.5,0.31,19.63,1.6,0.36,22.9,1.56,0.44,26.42,1.66,0.47,30.19,1.57,0.53,34.21,1.56,0.61,38.48,1.59,0.72,43.01,1.67,0.81,47.78,1.7,0.9,52.81,1.7,1.08,58.09,1.86,1.34,63.62,2.1
-1,9485,515,Mekonnen et al. 2012,Ocurrencias,38.50137691,6.272475726,Precise,Ethiopia,Africa,Cercopithecidae,Chlorocebus,Chlorocebus djamdjamensis,Chlorocebus_djamdjamensis ,Opportunistically search,1,1,13,Total count,0,2010,4300,km,NA, ,Chlorocebus djamdjamensis ,Chlorocebus djamdjamensis,3.98,D,15.2,BOTH,Folivore,NA,NA,NA,NA,NA,NA,NA,NA,NA,Polygyndry,NA, ,11Montane Grasslands Shrublands,0.132150329,0.79,16.73,0.21,1.54,13.95,0.4,2.54,15.64,0.64,3.8,16.81,0.94,5.31,17.68,1.17,7.07,16.59,1.41,9.08,15.53,1.67,11.34,14.71,1.91,13.85,13.75,2.01,16.62,12.07,2.23,19.63,11.34,2.6,22.9,11.36,3.03,26.42,11.46,3.34,30.19,11.06,3.69,34.21,10.8,4.01,38.48,10.43,4.3,43.01,9.99,4.58,47.78,9.58,4.9,52.81,9.28,5.17,58.09,8.9,5.53,63.62,8.69
-1,9486,515,Mekonnen et al. 2012,Ocurrencias,38.48473778,6.240907618,Precise,Ethiopia,Africa,Cercopithecidae,Chlorocebus,Chlorocebus djamdjamensis,Chlorocebus_djamdjamensis ,Opportunistically search,1,1,16,Total count,0,2010,4300,km,NA, ,Chlorocebus djamdjamensis ,Chlorocebus djamdjamensis,3.98,D,15.2,BOTH,Folivore,NA,NA,NA,NA,NA,NA,NA,NA,NA,Polygyndry,NA, ,11Montane Grasslands Shrublands,0.14431263,0.79,18.27,0.21,1.54,13.4,0.28,2.54,10.97,0.42,3.8,11.07,0.62,5.31,11.61,0.84,7.07,11.93,1.12,9.08,12.3,1.44,11.34,12.68,1.85,13.85,13.38,2.19,16.62,13.2,2.51,19.63,12.77,2.87,22.9,12.52,3.29,26.42,12.46,3.69,30.19,12.22,4.03,34.21,11.77,4.52,38.48,11.75,5.18,43.01,12.04,6,47.78,12.55,6.9,52.81,13.07,7.96,58.09,13.71,8.85,63.62,13.92
-1,9487,515,Mekonnen et al. 2012,Ocurrencias,38.49452576,6.214557354,Precise,Ethiopia,Africa,Cercopithecidae,Chlorocebus,Chlorocebus djamdjamensis,Chlorocebus_djamdjamensis ,Opportunistically search,1,2,46,Total count,0,2010,4300,km,NA, ,Chlorocebus djamdjamensis ,Chlorocebus djamdjamensis,3.98,D,15.2,BOTH,Folivore,NA,NA,NA,NA,NA,NA,NA,NA,NA,Polygyndry,NA, ,11Montane Grasslands Shrublands,0.136155644,0.79,17.23,0.31,1.54,20.19,0.47,2.54,18.32,0.62,3.8,16.42,0.97,5.31,18.25,1.39,7.07,19.68,1.85,9.08,20.39,2.39,11.34,21.05,2.96,13.85,21.4,3.56,16.62,21.44,4.28,19.63,21.79,4.97,22.9,21.69,5.84,26.42,22.12,6.62,30.19,21.94,7.56,34.21,22.11,8.46,38.48,21.99,9.32,43.01,21.67,10.23,47.78,21.41,11.1,52.81,21.02,12.04,58.09,20.73,13.1,63.62,20.59
-1,9488,515,Mekonnen et al. 2012,Ocurrencias,38.54292592,6.167526149,Precise,Ethiopia,Africa,Cercopithecidae,Chlorocebus,Chlorocebus djamdjamensis,Chlorocebus_djamdjamensis ,Opportunistically search,1,2,39,Total count,0,2010,4300,km,NA, ,Chlorocebus djamdjamensis ,Chlorocebus djamdjamensis,3.98,D,15.2,BOTH,Folivore,NA,NA,NA,NA,NA,NA,NA,NA,NA,Polygyndry,NA, ,2Tropical_and_suptropical_moist_broadleaf_forest,0.663039754,0.79,83.93,1.18,1.54,76.36,1.75,2.54,68.81,2.33,3.8,61.43,3.04,5.31,57.2,NA,7.07,NA,4.48,9.08,49.3,5.66,11.34,49.95,7.1,13.85,51.24,8.87,16.62,53.37,10.85,19.63,55.25,13,22.9,56.78,15.48,26.42,58.58,17.92,30.19,59.36,20.63,34.21,60.32,23.58,38.48,61.27,26.69,43.01,62.06,30.22,47.78,63.26,34.01,52.81,64.41,38.15,58.09,65.68,42.48,63.62,66.78
-1,9489,515,Mekonnen et al. 2012,Ocurrencias,38.48605514,6.577567342,Precise,Ethiopia,Africa,Cercopithecidae,Chlorocebus,Chlorocebus djamdjamensis,Chlorocebus_djamdjamensis ,Local interview,1,0,0,NA,0,2010,4300,km,NA, ,Chlorocebus djamdjamensis ,Chlorocebus djamdjamensis,3.98,D,15.2,BOTH,Folivore,NA,NA,NA,NA,NA,NA,NA,NA,NA,Polygyndry,NA, ,11Montane Grasslands Shrublands,0.089894194,0.79,11.38,0.17,1.54,11.07,0.39,2.54,15.23,0.62,3.8,16.25,0.84,5.31,15.83,1.13,7.07,15.92,1.42,9.08,15.6,1.76,11.34,15.51,2.04,13.85,14.7,2.41,16.62,14.51,3.03,19.63,15.43,3.72,22.9,16.26,4.5,26.42,17.04,5.22,30.19,17.28,6.16,34.21,18.01,7.15,38.48,18.59,8.04,43.01,18.68,8.97,47.78,18.78,9.99,52.81,18.92,10.95,58.09,18.84,11.95,63.62,18.78
-1,9490,515,Mekonnen et al. 2012,Ocurrencias,38.4702757,6.529970227,Precise,Ethiopia,Africa,Cercopithecidae,Chlorocebus,Chlorocebus djamdjamensis,Chlorocebus_djamdjamensis ,Local interview,1,0,0,NA,0,2010,4300,km,NA, ,Chlorocebus djamdjamensis ,Chlorocebus djamdjamensis,3.98,D,15.2,BOTH,Folivore,NA,NA,NA,NA,NA,NA,NA,NA,NA,Polygyndry,NA, ,11Montane Grasslands Shrublands,0.304045499,0.79,38.49,0.56,1.54,36.37,0.78,2.54,30.81,0.96,3.8,25.28,1.21,5.31,22.88,1.55,7.07,21.91,1.84,9.08,20.22,2.2,11.34,19.4,2.37,13.85,17.12,2.59,16.62,15.59,3,19.63,15.27,3.56,22.9,15.55,4.14,26.42,15.68,4.69,30.19,15.53,5.32,34.21,15.54,5.99,38.48,15.57,6.72,43.01,15.63,7.5,47.78,15.69,8.29,52.81,15.69,8.92,58.09,15.36,9.58,63.62,15.06
-1,9491,515,Mekonnen et al. 2012,Ocurrencias,38.5517789,6.826842487,Precise,Ethiopia,Africa,Cercopithecidae,Chlorocebus,Chlorocebus djamdjamensis,Chlorocebus_djamdjamensis ,Local interview,1,0,0,NA,0,2010,4300,km,NA, ,Chlorocebus djamdjamensis ,Chlorocebus djamdjamensis,3.98,D,15.2,BOTH,Folivore,NA,NA,NA,NA,NA,NA,NA,NA,NA,Polygyndry,NA, ,11Montane Grasslands Shrublands,0.331851416,0.79,42.01,0.44,1.54,28.34,0.54,2.54,21.34,0.69,3.8,18.18,0.84,5.31,15.91,1.17,7.07,16.59,1.46,9.08,16.05,1.84,11.34,16.24,2.43,13.85,17.53,2.94,16.62,17.7,3.25,19.63,16.58,3.58,22.9,15.64,3.89,26.42,14.71,4.33,30.19,14.34,4.85,34.21,14.19,5.35,38.48,13.89,5.98,43.01,13.91,6.68,47.78,13.99,7.5,52.81,14.2,8.33,58.09,14.33,9.09,63.62,14.28
-1,9492,515,Mekonnen et al. 2012,Ocurrencias,38.39929936,6.222056206,Precise,Ethiopia,Africa,Cercopithecidae,Chlorocebus,Chlorocebus djamdjamensis,Chlorocebus_djamdjamensis ,Local interview,1,0,0,NA,0,2010,4300,km,NA, ,Chlorocebus djamdjamensis ,Chlorocebus djamdjamensis,3.98,D,15.2,BOTH,Folivore,NA,NA,NA,NA,NA,NA,NA,NA,NA,Polygyndry,NA, ,11Montane Grasslands Shrublands,0.35289756,0.79,44.67,0.49,1.54,31.96,0.58,2.54,22.99,0.9,3.8,23.59,1.17,5.31,22.09,1.51,7.07,21.37,1.72,9.08,18.99,2.05,11.34,18.1,2.45,13.85,17.67,2.92,16.62,17.56,3.56,19.63,18.12,4.28,22.9,18.68,4.99,26.42,18.9,5.78,30.19,19.16,6.87,34.21,20.09,7.95,38.48,20.66,9.04,43.01,21.02,10.22,47.78,21.39,11.53,52.81,21.84,12.66,58.09,21.8,13.94,63.62,21.91
-1,9493,515,Mekonnen et al. 2012,Ocurrencias,38.89765337,5.983023471,Precise,Ethiopia,Africa,Cercopithecidae,Chlorocebus,Chlorocebus djamdjamensis,Chlorocebus_djamdjamensis ,Local interview,1,0,0,NA,0,2010,4300,km,NA, ,Chlorocebus djamdjamensis ,Chlorocebus djamdjamensis,3.98,D,15.2,BOTH,Folivore,NA,NA,NA,NA,NA,NA,NA,NA,NA,Polygyndry,NA, ,2Tropical_and_suptropical_moist_broadleaf_forest,0.668307175,0.79,84.6,1.32,1.54,85.96,2.2,2.54,86.51,3.26,3.8,85.91,4.51,5.31,85.02,NA,7.07,NA,7.67,9.08,84.43,9.64,11.34,84.98,11.83,13.85,85.38,14.22,16.62,85.58,16.9,19.63,86.12,19.91,22.9,86.96,23.13,26.42,87.55,26.67,30.19,88.33,30.44,34.21,88.98,34.46,38.48,89.54,38.57,43.01,89.67,42.99,47.78,89.98,47.71,52.81,90.33,52.64,58.09,90.61,57.78,63.62,90.82
-1,9494,515,Mekonnen et al. 2012,Ocurrencias,38.47103597,6.442742607,Precise,Ethiopia,Africa,Cercopithecidae,Chlorocebus,Chlorocebus djamdjamensis,Chlorocebus_djamdjamensis ,Opportunistically search,0,0,0,Total count,0,2010,4300,km,NA, ,Chlorocebus djamdjamensis ,Chlorocebus djamdjamensis,3.98,D,15.2,BOTH,Folivore,NA,NA,NA,NA,NA,NA,NA,NA,NA,Polygyndry,NA, ,11Montane Grasslands Shrublands,0.018090023,0.79,2.29,0.03,1.54,2,0.06,2.54,2.34,0.1,3.8,2.64,0.11,5.31,2.05,0.15,7.07,2.14,0.26,9.08,2.91,0.32,11.34,2.85,0.47,13.85,3.4,0.69,16.62,4.13,0.89,19.63,4.51,1.19,22.9,5.21,1.58,26.42,5.98,1.92,30.19,6.36,2.26,34.21,6.6,2.64,38.48,6.87,2.88,43.01,6.71,3.12,47.78,6.54,3.62,52.81,6.85,4.31,58.09,7.42,5.02,63.62,7.88
-1,9495,515,Mekonnen et al. 2012,Ocurrencias,38.52554813,6.500780118,Precise,Ethiopia,Africa,Cercopithecidae,Chlorocebus,Chlorocebus djamdjamensis,Chlorocebus_djamdjamensis ,Opportunistically search,0,0,0,Total count,0,2010,4300,km,NA, ,Chlorocebus djamdjamensis ,Chlorocebus djamdjamensis,3.98,D,15.2,BOTH,Folivore,NA,NA,NA,NA,NA,NA,NA,NA,NA,Polygyndry,NA, ,11Montane Grasslands Shrublands,0.051526092,0.79,6.52,0.06,1.54,3.87,0.08,2.54,3.27,0.14,3.8,3.66,0.29,5.31,5.52,0.38,7.07,5.42,0.42,9.08,4.67,0.47,11.34,4.17,0.58,13.85,4.17,0.63,16.62,3.81,0.74,19.63,3.79,0.82,22.9,3.57,0.89,26.42,3.37,0.99,30.19,3.27,1.1,34.21,3.2,1.2,38.48,3.11,1.38,43.01,3.2,1.59,47.78,3.32,1.75,52.81,3.32,1.98,58.09,3.42,2.22,63.62,3.49
