OID,N,N_study,Source,BASE,X,Y,Precise,Country,Realm,Family,Genus,Taxon,Taxon_ITIS,Sample_met,Ocurrence,N_groups,Abundanc_1,Abundance,Density,Sample_yea,Sampling_e,Sampling_1,ID_Todo,TRAITS,Taxon_IT_1,ITIS_SPECI,BodyMass_k,DielActivi,HomeRange_,Locomotion,TrophicGui,Brain_size,Canine_Dim,MeanGroupS,Interbirth,Gestation,WeaningAge,MaxLongevi,LitterSz,AdultSexRa,Social_Sys,Mating_Sys,FOREST,BIOME,Buffer_500,Area500,FC_500,Buffer_700,Area700,FC_700,Buffer_900,Area900,FC_900,Buffer_110,Area1100,FC1100,Buffer_130,Area1300,FC_1300,Buffer_150,Area1500,FC_1500,Buffer_170,Area1700,FC_1700,Buffer_190,Area1900,FC_1900,Buffer_210,Area2100,FC_2100,Buffer_230,Area2300,FC_2300,Buffer_250,Area2500,FC_2500,Buffer_270,Area2700,FC_2700,Buffer_290,Area2900,FC_2900,Buffer_310,Area3100,FC_3100,Buffer_330,Area3300,FC_3300,Buffer_350,Area3500,FC_3500,Buffer_370,Area3700,F_Buffer_3,Buffer_390,Area_3900,FC_3900,Buffer_410,Area4100,FC_4100,Buffer_430,Area4300,FC_4300,Buffer_450,Area4500,FC_4500
-1,9124,24,Hayward 2009,Ocurrencias,28.903,-32.22681,Precise,South Africa,Africa,Cercopithecidae,Chlorocebus,Chlorocebus aethiops,Chlorocebus_aethiops,line/belt transects,1,0,2?,NA,0,2003,380,meter,NA, ,Chlorocebus aethiops,Chlorocebus aethiops,4.65,D,54.304,T,Omnivore,65,1.583,19.5,357,162,182,369.6,1,1.88,Polygyndry,Polygyndry, ,2Tropical_and_suptropical_moist_broadleaf_forest,0.775344178,0.79,98.14,1.52,1.54,98.69,2.5,2.54,98.61,3.67,3.8,96.46,5.01,5.31,94.28,NA,7.07,NA,8.1,9.08,89.24,9.4,11.34,82.9,10.88,13.85,78.55,12.22,16.62,73.53,13.56,19.63,69.1,15.11,22.9,65.98,16.87,26.42,63.87,18.64,30.19,61.76,20.4,34.21,59.64,22.25,38.48,57.82,24.33,43.01,56.57,26.46,47.78,55.39,28.58,52.81,54.13,30.5,58.09,52.5,32.35,63.62,50.84
-1,9125,24,Hayward 2009,Ocurrencias,28.937,-32.21,Precise,South Africa,Africa,Cercopithecidae,Chlorocebus,Chlorocebus aethiops,Chlorocebus_aethiops,line/belt transects,0,0,0,NA,0,2003,260,meter,NA, ,Chlorocebus aethiops,Chlorocebus aethiops,4.65,D,54.304,T,Omnivore,65,1.583,19.5,357,162,182,369.6,1,1.88,Polygyndry,Polygyndry, ,2Tropical_and_suptropical_moist_broadleaf_forest,0.767740107,0.79,97.18,1.43,1.54,92.86,2.16,2.54,84.97,3.03,3.8,79.74,3.92,5.31,73.76,NA,7.07,NA,5.59,9.08,61.62,6.47,11.34,57.08,7.39,13.85,53.38,8.43,16.62,50.74,9.55,19.63,48.64,10.66,22.9,46.55,11.8,26.42,44.65,12.88,30.19,42.65,13.88,34.21,40.56,15.03,38.48,39.05,16.22,43.01,37.71,17.67,47.78,36.98,19.14,52.81,36.24,20.63,58.09,35.51,21.92,63.62,34.45
-1,9126,24,Hayward 2009,Ocurrencias,28.8539,-32.2865,Precise,South Africa,Africa,Cercopithecidae,Chlorocebus,Chlorocebus aethiops,Chlorocebus_aethiops,line/belt transects,1,0,0,NA,0,2003,615,meter,NA, ,Chlorocebus aethiops,Chlorocebus aethiops,4.65,D,54.304,T,Omnivore,65,1.583,19.5,357,162,182,369.6,1,1.88,Polygyndry,Polygyndry, ,2Tropical_and_suptropical_moist_broadleaf_forest,0.678612214,0.79,85.9,1.28,1.54,83.37,2,2.54,78.87,2.76,3.8,72.61,3.69,5.31,69.54,NA,7.07,NA,5.84,9.08,64.37,7.07,11.34,62.32,8.27,13.85,59.72,9.56,16.62,57.5,11,19.63,56.05,12.65,22.9,55.24,14.47,26.42,54.78,16.21,30.19,53.71,17.98,34.21,52.55,19.77,38.48,51.38,21.68,43.01,50.41,23.66,47.78,49.52,25.55,52.81,48.38,27.69,58.09,47.67,29.8,63.62,46.84
-1,9127,24,Hayward 2009,Ocurrencias,28.857,-32.269,Precise,South Africa,Africa,Cercopithecidae,Chlorocebus,Chlorocebus aethiops,Chlorocebus_aethiops,line/belt transects,0,0,0,NA,0,2003,100,meter,NA, ,Chlorocebus aethiops,Chlorocebus aethiops,4.65,D,54.304,T,Omnivore,65,1.583,19.5,357,162,182,369.6,1,1.88,Polygyndry,Polygyndry, ,2Tropical_and_suptropical_moist_broadleaf_forest,0.775392706,0.79,98.15,1.51,1.54,98.21,2.5,2.54,98.5,3.72,3.8,97.85,5.14,5.31,96.89,NA,7.07,NA,8.39,9.08,92.38,10.23,11.34,90.23,12.06,13.85,87.07,13.96,16.62,84.02,15.98,19.63,81.4,17.99,22.9,78.55,20.01,26.42,75.75,22.08,30.19,73.13,24.16,34.21,70.61,26.13,38.48,67.9,28.27,43.01,65.72,30.31,47.78,63.43,32.36,52.81,61.27,34.47,58.09,59.33,36.4,63.62,57.22
-1,9128,24,Hayward 2009,Richness,28.92955,-32.2079,Precise,South Africa,Africa,Cercopithecidae,Chlorocebus,Chlorocebus aethiops,Chlorocebus_aethiops,line/belt transects,1, , , ,0,2003,220,meter,NA, ,Chlorocebus aethiops,Chlorocebus aethiops,4.65,D,54.304,T,Omnivore,65,1.583,19.5,357,162,182,369.6,1,1.88,Polygyndry,Polygyndry, ,2Tropical_and_suptropical_moist_broadleaf_forest,0.771628512,0.79,97.67,1.52,1.54,98.44,2.45,2.54,96.6,3.58,3.8,94.14,4.95,5.31,93.28,NA,7.07,NA,7.69,9.08,84.68,8.86,11.34,78.16,9.77,13.85,70.54,10.75,16.62,64.66,11.69,19.63,59.56,12.71,22.9,55.5,13.82,26.42,52.31,15.04,30.19,49.83,16.22,34.21,47.4,17.42,38.48,45.27,18.88,43.01,43.89,20.2,47.78,42.27,21.47,52.81,40.66,22.77,58.09,39.2,24.08,63.62,37.84
-1,9129,24,Hayward 2009,Richness,28.91121,-32.2227,Precise,South Africa,Africa,Cercopithecidae,Chlorocebus,Chlorocebus aethiops,Chlorocebus_aethiops,line/belt transects,0, , , ,0,2003,350,meter,NA, ,Chlorocebus aethiops,Chlorocebus aethiops,4.65,D,54.304,T,Omnivore,65,1.583,19.5,357,162,182,369.6,1,1.88,Polygyndry,Polygyndry, ,2Tropical_and_suptropical_moist_broadleaf_forest,0.775354756,0.79,98.15,1.51,1.54,98.37,2.5,2.54,98.43,3.71,3.8,97.59,5.12,5.31,96.5,NA,7.07,NA,8.19,9.08,90.19,9.76,11.34,86.05,11.37,13.85,82.13,12.92,16.62,77.73,14.58,19.63,74.28,16.01,22.9,69.92,17.23,26.42,65.2,18.71,30.19,61.96,20.21,34.21,59.07,21.74,38.48,56.51,23.33,43.01,54.24,24.85,47.78,52,26.14,52.81,49.49,27.46,58.09,47.27,28.83,63.62,45.32
-1,9130,24,Hayward 2009,Richness,28.87122,-32.2577,Precise,South Africa,Africa,Cercopithecidae,Chlorocebus,Chlorocebus aethiops,Chlorocebus_aethiops,line/belt transects,0, , , ,0,2003,220,meter,NA, ,Chlorocebus aethiops,Chlorocebus aethiops,4.65,D,54.304,T,Omnivore,65,1.583,19.5,357,162,182,369.6,1,1.88,Polygyndry,Polygyndry, ,2Tropical_and_suptropical_moist_broadleaf_forest,0.774618415,0.79,98.05,1.52,1.54,98.64,2.51,2.54,98.88,3.72,3.8,97.83,5.09,5.31,95.87,NA,7.07,NA,8.23,9.08,90.59,9.93,11.34,87.59,11.73,13.85,84.69,13.65,16.62,82.14,15.39,19.63,78.38,16.98,22.9,74.15,18.41,26.42,69.69,20.15,30.19,66.74,22.13,34.21,64.68,24.23,38.48,62.96,26.44,43.01,61.48,28.49,47.78,59.63,30.49,52.81,57.73,32.52,58.09,55.99,34.83,63.62,54.74
-1,9131,24,Hayward 2009,Richness,28.85887,-32.2649,Precise,South Africa,Africa,Cercopithecidae,Chlorocebus,Chlorocebus aethiops,Chlorocebus_aethiops,line/belt transects,1, , , ,0,2003,210,meter,NA, ,Chlorocebus aethiops,Chlorocebus aethiops,4.65,D,54.304,T,Omnivore,65,1.583,19.5,357,162,182,369.6,1,1.88,Polygyndry,Polygyndry, ,2Tropical_and_suptropical_moist_broadleaf_forest,0.775438956,0.79,98.16,1.52,1.54,98.64,2.5,2.54,98.54,3.71,3.8,97.52,5.15,5.31,97,NA,7.07,NA,8.49,9.08,93.46,10.3,11.34,90.84,12.26,13.85,88.55,14.36,16.62,86.42,16.53,19.63,84.22,18.51,22.9,80.84,20.57,26.42,77.86,22.65,30.19,75.04,24.77,34.21,72.4,26.85,38.48,69.77,28.93,43.01,67.26,30.87,47.78,64.61,32.74,52.81,62,34.38,58.09,59.18,36.42,63.62,57.24
-1,9132,24,Hayward 2009,Richness,28.84352,-32.2697,Precise,South Africa,Africa,Cercopithecidae,Chlorocebus,Chlorocebus aethiops,Chlorocebus_aethiops,line/belt transects,0, , , ,0,2003,210,meter,NA, ,Chlorocebus aethiops,Chlorocebus aethiops,4.65,D,54.304,T,Omnivore,65,1.583,19.5,357,162,182,369.6,1,1.88,Polygyndry,Polygyndry, ,2Tropical_and_suptropical_moist_broadleaf_forest,0.775383861,0.79,98.15,1.52,1.54,98.69,2.49,2.54,98.12,3.64,3.8,95.76,4.97,5.31,93.61,NA,7.07,NA,8.19,9.08,90.16,10.04,11.34,88.53,12.11,13.85,87.44,14.32,16.62,86.17,16.61,19.63,84.63,19.05,22.9,83.17,21.37,26.42,80.89,23.83,30.19,78.94,26.19,34.21,76.55,28.51,38.48,74.08,31.01,43.01,72.1,33.71,47.78,70.55,36.28,52.81,68.69,38.99,58.09,67.12,41.75,63.62,65.63
-1,9133,24,Hayward 2009,Richness,28.84661,-32.2725,Precise,South Africa,Africa,Cercopithecidae,Chlorocebus,Chlorocebus aethiops,Chlorocebus_aethiops,line/belt transects,0, , , ,0,2003,160,meter,NA, ,Chlorocebus aethiops,Chlorocebus aethiops,4.65,D,54.304,T,Omnivore,65,1.583,19.5,357,162,182,369.6,1,1.88,Polygyndry,Polygyndry, ,2Tropical_and_suptropical_moist_broadleaf_forest,0.775419902,0.79,98.15,1.52,1.54,98.69,2.51,2.54,98.92,3.75,3.8,98.77,5.22,5.31,98.34,NA,7.07,NA,8.61,9.08,94.87,10.51,11.34,92.69,12.53,13.85,90.49,14.55,16.62,87.56,16.55,19.63,84.29,18.53,22.9,80.93,20.63,26.42,78.1,22.74,30.19,75.32,24.99,34.21,73.05,27.23,38.48,70.77,29.69,43.01,69.03,32.01,47.78,66.99,34.37,52.81,65.07,37.01,58.09,63.7,39.52,63.62,62.12
-1,9134,24,Hayward 2009,Richness,28.85192,-32.2838,Precise,South Africa,Africa,Cercopithecidae,Chlorocebus,Chlorocebus aethiops,Chlorocebus_aethiops,line/belt transects,0, , , ,0,2003,190,meter,NA, ,Chlorocebus aethiops,Chlorocebus aethiops,4.65,D,54.304,T,Omnivore,65,1.583,19.5,357,162,182,369.6,1,1.88,Polygyndry,Polygyndry, ,2Tropical_and_suptropical_moist_broadleaf_forest,0.727422583,0.79,92.08,1.43,1.54,93.16,2.35,2.54,92.42,3.35,3.8,88.19,4.43,5.31,83.52,NA,7.07,NA,6.91,9.08,76.14,8.3,11.34,73.18,9.72,13.85,70.18,11.13,16.62,66.99,12.66,19.63,64.49,14.36,22.9,62.71,16.15,26.42,61.12,17.9,30.19,59.29,19.71,34.21,57.6,21.58,38.48,56.08,23.49,43.01,54.62,25.59,47.78,53.55,27.74,52.81,52.52,29.92,58.09,51.51,32.12,63.62,50.49
-1,9135,24,Hayward 2009,Richness,28.83073,-32.2917,Precise,South Africa,Africa,Cercopithecidae,Chlorocebus,Chlorocebus aethiops,Chlorocebus_aethiops,line/belt transects,0, , , ,0,2003,75,meter,NA, ,Chlorocebus aethiops,Chlorocebus aethiops,4.65,D,54.304,T,Omnivore,65,1.583,19.5,357,162,182,369.6,1,1.88,Polygyndry,Polygyndry, ,2Tropical_and_suptropical_moist_broadleaf_forest,0.722594812,0.79,91.47,1.36,1.54,88.41,2.18,2.54,86,3.32,3.8,87.43,4.69,5.31,88.31,NA,7.07,NA,7.71,9.08,84.87,9.33,11.34,82.31,11.01,13.85,79.53,12.74,16.62,76.63,14.46,19.63,73.69,16.24,22.9,70.91,17.99,26.42,68.09,19.77,30.19,65.47,21.61,34.21,63.17,23.58,38.48,61.27,25.49,43.01,59.27,27.46,47.78,57.48,29.68,52.81,56.21,32.1,58.09,55.26,34.53,63.62,54.27
-1,9136,24,Hayward 2009,Richness,28.91891,-32.19729,Precise,South Africa,Africa,Cercopithecidae,Chlorocebus,Chlorocebus aethiops,Chlorocebus_aethiops,line/belt transects,0, , , ,0,2003,135,meter,NA, ,Chlorocebus aethiops,Chlorocebus aethiops,4.65,D,54.304,T,Omnivore,65,1.583,19.5,357,162,182,369.6,1,1.88,Polygyndry,Polygyndry, ,2Tropical_and_suptropical_moist_broadleaf_forest,0.663139491,0.79,83.94,1.22,1.54,79.25,1.95,2.54,76.79,2.65,3.8,69.68,3.43,5.31,64.61,NA,7.07,NA,5.49,9.08,60.45,6.62,11.34,58.39,7.96,13.85,57.44,9.44,16.62,56.79,10.93,19.63,55.66,12.63,22.9,55.15,14.46,26.42,54.71,16.15,30.19,53.49,17.67,34.21,51.64,18.92,38.48,49.16,20.23,43.01,47.04,21.75,47.78,45.53,23.24,52.81,44,24.65,58.09,42.44,26.25,63.62,41.27
-1,9137,24,Hayward 2009,Richness,28.92064,-32.20308,Precise,South Africa,Africa,Cercopithecidae,Chlorocebus,Chlorocebus aethiops,Chlorocebus_aethiops,line/belt transects,1, , , ,0,2003,225,meter,NA, ,Chlorocebus aethiops,Chlorocebus aethiops,4.65,D,54.304,T,Omnivore,65,1.583,19.5,357,162,182,369.6,1,1.88,Polygyndry,Polygyndry, ,2Tropical_and_suptropical_moist_broadleaf_forest,0.775411645,0.79,98.15,1.52,1.54,98.53,2.44,2.54,95.95,3.41,3.8,89.65,4.49,5.31,84.48,NA,7.07,NA,7,9.08,77.1,8.45,11.34,74.55,9.99,13.85,72.12,11.49,16.62,69.16,12.83,19.63,65.35,14.15,22.9,61.78,15.46,26.42,58.51,16.8,30.19,55.65,18.12,34.21,52.97,19.48,38.48,50.63,20.77,43.01,48.29,21.98,47.78,46,23.21,52.81,43.95,24.61,58.09,42.37,26.02,63.62,40.91
-1,9138,24,Hayward 2009,Richness,28.92402,-32.20585,Precise,South Africa,Africa,Cercopithecidae,Chlorocebus,Chlorocebus aethiops,Chlorocebus_aethiops,line/belt transects,0, , , ,0,2003,170,meter,NA, ,Chlorocebus aethiops,Chlorocebus aethiops,4.65,D,54.304,T,Omnivore,65,1.583,19.5,357,162,182,369.6,1,1.88,Polygyndry,Polygyndry, ,2Tropical_and_suptropical_moist_broadleaf_forest,0.775424229,0.79,98.15,1.52,1.54,98.48,2.42,2.54,95.39,3.57,3.8,93.87,4.96,5.31,93.39,NA,7.07,NA,7.8,9.08,85.9,9.31,11.34,82.1,10.7,13.85,77.25,11.9,16.62,71.58,12.81,19.63,65.27,13.84,22.9,60.44,14.99,26.42,56.75,16.36,30.19,54.18,17.66,34.21,51.63,18.94,38.48,49.21,20.3,43.01,47.19,21.57,47.78,45.13,22.78,52.81,43.13,23.96,58.09,41.24,25.37,63.62,39.88
-1,9139,24,Hayward 2009,Richness,28.93342,-32.20727,Precise,South Africa,Africa,Cercopithecidae,Chlorocebus,Chlorocebus aethiops,Chlorocebus_aethiops,line/belt transects,0, , , ,0,2003,160,meter,NA, ,Chlorocebus aethiops,Chlorocebus aethiops,4.65,D,54.304,T,Omnivore,65,1.583,19.5,357,162,182,369.6,1,1.88,Polygyndry,Polygyndry, ,2Tropical_and_suptropical_moist_broadleaf_forest,0.771541461,0.79,97.66,1.52,1.54,98.45,2.44,2.54,95.91,3.45,3.8,90.76,4.52,5.31,85.16,NA,7.07,NA,6.59,9.08,72.54,7.71,11.34,67.99,8.75,13.85,63.19,9.6,16.62,57.79,10.55,19.63,53.74,11.72,22.9,51.16,12.78,26.42,48.38,13.9,30.19,46.05,14.99,34.21,43.83,16.19,38.48,42.08,17.48,43.01,40.64,19.04,47.78,39.84,20.47,52.81,38.76,21.77,58.09,37.48,23.08,63.62,36.28
-1,9140,24,Hayward 2009,Richness,28.9369,-32.21251,Precise,South Africa,Africa,Cercopithecidae,Chlorocebus,Chlorocebus aethiops,Chlorocebus_aethiops,line/belt transects,0, , , ,0,2003,190,meter,NA, ,Chlorocebus aethiops,Chlorocebus aethiops,4.65,D,54.304,T,Omnivore,65,1.583,19.5,357,162,182,369.6,1,1.88,Polygyndry,Polygyndry, ,2Tropical_and_suptropical_moist_broadleaf_forest,0.75526791,0.79,95.6,1.36,1.54,88.27,2.08,2.54,81.86,2.82,3.8,74.14,3.67,5.31,69.14,NA,7.07,NA,5.54,9.08,60.96,6.4,11.34,56.42,7.22,13.85,52.15,8.24,16.62,49.55,9.41,19.63,47.94,10.55,22.9,46.07,11.71,26.42,44.31,12.9,30.19,42.74,13.99,34.21,40.89,15.12,38.48,39.3,16.27,43.01,37.83,17.53,47.78,36.69,18.79,52.81,35.59,20.19,58.09,34.76,21.84,63.62,34.33
-1,9141,24,Hayward 2009,Richness,28.92357,-32.21498,Precise,South Africa,Africa,Cercopithecidae,Chlorocebus,Chlorocebus aethiops,Chlorocebus_aethiops,line/belt transects,0, , , ,0,2003,75,meter,NA, ,Chlorocebus aethiops,Chlorocebus aethiops,4.65,D,54.304,T,Omnivore,65,1.583,19.5,357,162,182,369.6,1,1.88,Polygyndry,Polygyndry, ,2Tropical_and_suptropical_moist_broadleaf_forest,0.775419324,0.79,98.15,1.52,1.54,98.69,2.51,2.54,98.91,3.72,3.8,97.91,5.1,5.31,95.96,NA,7.07,NA,8.05,9.08,88.64,9.53,11.34,84.06,11.02,13.85,79.58,12.48,16.62,75.08,13.74,19.63,70.01,14.86,22.9,64.89,16.11,26.42,60.96,17.36,30.19,57.5,18.55,34.21,54.22,19.5,38.48,50.67,20.62,43.01,47.93,21.83,47.78,45.69,22.84,52.81,43.25,23.62,58.09,40.66,24.59,63.62,38.65
-1,9142,24,Hayward 2009,Richness,28.93369,-32.21527,Precise,South Africa,Africa,Cercopithecidae,Chlorocebus,Chlorocebus aethiops,Chlorocebus_aethiops,line/belt transects,0, , , ,0,2003,186,meter,NA, ,Chlorocebus aethiops,Chlorocebus aethiops,4.65,D,54.304,T,Omnivore,65,1.583,19.5,357,162,182,369.6,1,1.88,Polygyndry,Polygyndry, ,2Tropical_and_suptropical_moist_broadleaf_forest,0.769512941,0.79,97.41,1.42,1.54,92.39,2.23,2.54,87.73,3.06,3.8,80.57,3.94,5.31,74.19,NA,7.07,NA,5.83,9.08,64.21,6.93,11.34,61.09,8.13,13.85,58.67,9.27,16.62,55.8,10.39,19.63,52.91,11.55,22.9,50.42,12.7,26.42,48.06,13.9,30.19,46.03,15.05,34.21,44,16.38,38.48,42.58,17.41,43.01,40.47,18.54,47.78,38.81,19.75,52.81,37.4,21.06,58.09,36.26,22.32,63.62,35.08
-1,9143,24,Hayward 2009,Richness,28.92656,-32.21608,Precise,South Africa,Africa,Cercopithecidae,Chlorocebus,Chlorocebus aethiops,Chlorocebus_aethiops,line/belt transects,0, , , ,0,2003,135,meter,NA, ,Chlorocebus aethiops,Chlorocebus aethiops,4.65,D,54.304,T,Omnivore,65,1.583,19.5,357,162,182,369.6,1,1.88,Polygyndry,Polygyndry, ,2Tropical_and_suptropical_moist_broadleaf_forest,0.775410111,0.79,98.15,1.52,1.54,98.69,2.5,2.54,98.39,3.62,3.8,95.19,4.76,5.31,89.64,NA,7.07,NA,7.43,9.08,81.81,8.75,11.34,77.18,10.08,13.85,72.79,11.51,16.62,69.26,12.92,19.63,65.84,14.13,22.9,61.72,15.23,26.42,57.63,16.33,30.19,54.08,17.47,34.21,51.07,18.6,38.48,48.34,19.79,43.01,46.01,20.97,47.78,43.88,22.15,52.81,41.94,22.95,58.09,39.5,23.78,63.62,37.37
-1,9144,24,Hayward 2009,Richness,28.93963,-32.21812,Precise,South Africa,Africa,Cercopithecidae,Chlorocebus,Chlorocebus aethiops,Chlorocebus_aethiops,line/belt transects,0, , , ,0,2003,100,meter,NA, ,Chlorocebus aethiops,Chlorocebus aethiops,4.65,D,54.304,T,Omnivore,65,1.583,19.5,357,162,182,369.6,1,1.88,Polygyndry,Polygyndry, ,2Tropical_and_suptropical_moist_broadleaf_forest,0.384343266,0.79,48.65,0.73,1.54,47.49,1.17,2.54,46.08,1.7,3.8,44.65,2.32,5.31,43.62,NA,7.07,NA,3.78,9.08,41.66,4.68,11.34,41.3,5.71,13.85,41.24,6.77,16.62,40.71,7.79,19.63,39.7,8.8,22.9,38.41,9.92,26.42,37.55,11.2,30.19,37.09,12.61,34.21,36.87,14,38.48,36.39,15.22,43.01,35.4,16.26,47.78,34.03,17.38,52.81,32.91,18.46,58.09,31.78,19.81,63.62,31.14
-1,9145,24,Hayward 2009,Richness,28.91934,-32.21939,Precise,South Africa,Africa,Cercopithecidae,Chlorocebus,Chlorocebus aethiops,Chlorocebus_aethiops,line/belt transects,0, , , ,0,2003,135,meter,NA, ,Chlorocebus aethiops,Chlorocebus aethiops,4.65,D,54.304,T,Omnivore,65,1.583,19.5,357,162,182,369.6,1,1.88,Polygyndry,Polygyndry, ,2Tropical_and_suptropical_moist_broadleaf_forest,0.76039852,0.79,96.25,1.48,1.54,96.12,2.44,2.54,96.13,3.64,3.8,95.84,4.97,5.31,93.58,NA,7.07,NA,7.92,9.08,87.19,9.45,11.34,83.3,11.11,13.85,80.2,12.75,16.62,76.74,14.2,19.63,72.32,15.64,22.9,68.28,17.09,26.42,64.67,18.54,30.19,61.41,19.78,34.21,57.81,20.7,38.48,53.81,21.45,43.01,49.88,22.35,47.78,46.78,23.24,52.81,44.01,24.31,58.09,41.85,25.55,63.62,40.16
-1,9146,24,Hayward 2009,Richness,28.92232,-32.21957,Precise,South Africa,Africa,Cercopithecidae,Chlorocebus,Chlorocebus aethiops,Chlorocebus_aethiops,line/belt transects,0, , , ,0,2003,80,meter,NA, ,Chlorocebus aethiops,Chlorocebus aethiops,4.65,D,54.304,T,Omnivore,65,1.583,19.5,357,162,182,369.6,1,1.88,Polygyndry,Polygyndry, ,2Tropical_and_suptropical_moist_broadleaf_forest,0.759977287,0.79,96.2,1.46,1.54,94.94,2.41,2.54,94.96,3.51,3.8,92.42,4.74,5.31,89.34,NA,7.07,NA,7.48,9.08,82.35,8.94,11.34,78.87,10.5,13.85,75.78,12.12,16.62,72.94,13.66,19.63,69.59,14.98,22.9,65.4,16.34,26.42,61.83,17.61,30.19,58.33,18.9,34.21,55.25,20.02,38.48,52.01,20.88,43.01,48.55,21.51,47.78,45.03,22.44,52.81,42.5,23.48,58.09,40.43,24.68,63.62,38.79
-1,9147,24,Hayward 2009,Richness,28.90672,-32.22017,Precise,South Africa,Africa,Cercopithecidae,Chlorocebus,Chlorocebus aethiops,Chlorocebus_aethiops,line/belt transects,0, , , ,0,2003,740,meter,NA, ,Chlorocebus aethiops,Chlorocebus aethiops,4.65,D,54.304,T,Omnivore,65,1.583,19.5,357,162,182,369.6,1,1.88,Polygyndry,Polygyndry, ,2Tropical_and_suptropical_moist_broadleaf_forest,0.774640516,0.79,98.06,1.52,1.54,98.55,2.49,2.54,98.1,3.5,3.8,92.23,4.77,5.31,89.88,NA,7.07,NA,7.75,9.08,85.35,9.49,11.34,83.69,11.23,13.85,81.11,12.97,16.62,78.04,14.78,19.63,75.27,16.34,22.9,71.36,17.99,26.42,68.09,19.53,30.19,64.69,21.15,34.21,61.82,22.9,38.48,59.51,24.49,43.01,56.94,25.93,47.78,54.26,27.44,52.81,51.97,29.15,58.09,50.18,30.87,63.62,48.52
-1,9148,24,Hayward 2009,Richness,28.91215,-32.22151,Precise,South Africa,Africa,Cercopithecidae,Chlorocebus,Chlorocebus aethiops,Chlorocebus_aethiops,line/belt transects,0, , , ,0,2003,195,meter,NA, ,Chlorocebus aethiops,Chlorocebus aethiops,4.65,D,54.304,T,Omnivore,65,1.583,19.5,357,162,182,369.6,1,1.88,Polygyndry,Polygyndry, ,2Tropical_and_suptropical_moist_broadleaf_forest,0.775433193,0.79,98.16,1.51,1.54,98.34,2.49,2.54,98.18,3.68,3.8,96.91,5.1,5.31,95.96,NA,7.07,NA,8.22,9.08,90.54,9.78,11.34,86.28,11.41,13.85,82.37,13.04,16.62,78.49,14.64,19.63,74.6,16.34,22.9,71.37,17.69,26.42,66.96,18.95,30.19,62.78,20.32,34.21,59.4,21.72,38.48,56.44,23.14,43.01,53.81,24.56,47.78,51.41,25.86,52.81,48.97,27.03,58.09,46.54,28.36,63.62,44.57
-1,9149,24,Hayward 2009,Richness,28.91261,-32.22351,Precise,South Africa,Africa,Cercopithecidae,Chlorocebus,Chlorocebus aethiops,Chlorocebus_aethiops,line/belt transects,0, , , ,0,2003,70,meter,NA, ,Chlorocebus aethiops,Chlorocebus aethiops,4.65,D,54.304,T,Omnivore,65,1.583,19.5,357,162,182,369.6,1,1.88,Polygyndry,Polygyndry, ,2Tropical_and_suptropical_moist_broadleaf_forest,0.775339034,0.79,98.14,1.51,1.54,98.31,2.48,2.54,97.61,3.69,3.8,97.12,5.12,5.31,96.4,NA,7.07,NA,8.09,9.08,89.14,9.65,11.34,85.06,11.23,13.85,81.09,12.74,16.62,76.67,14.34,19.63,73.07,15.8,22.9,68.98,16.96,26.42,64.21,18.31,30.19,60.66,19.85,34.21,58.02,21.34,38.48,55.45,22.86,43.01,53.15,24.36,47.78,50.99,25.74,52.81,48.75,27.01,58.09,46.5,28.26,63.62,44.43
-1,9150,24,Hayward 2009,Richness,28.89828,-32.22535,Precise,South Africa,Africa,Cercopithecidae,Chlorocebus,Chlorocebus aethiops,Chlorocebus_aethiops,line/belt transects,0, , , ,0,2003,155,meter,NA, ,Chlorocebus aethiops,Chlorocebus aethiops,4.65,D,54.304,T,Omnivore,65,1.583,19.5,357,162,182,369.6,1,1.88,Polygyndry,Polygyndry, ,2Tropical_and_suptropical_moist_broadleaf_forest,0.764858866,0.79,96.82,1.43,1.54,93.04,2.25,2.54,88.54,3.25,3.8,85.46,4.45,5.31,83.86,NA,7.07,NA,7.2,9.08,79.34,8.69,11.34,76.64,10.26,13.85,74.07,11.84,16.62,71.27,13.79,19.63,70.24,15.58,22.9,68.04,17.32,26.42,65.55,19.15,30.19,63.43,21.06,34.21,61.56,23.17,38.48,60.22,25.52,43.01,59.33,27.8,47.78,58.17,29.92,52.81,56.65,31.78,58.09,54.71,33.62,63.62,52.85
-1,9151,24,Hayward 2009,Richness,28.89635,-32.22567,Precise,South Africa,Africa,Cercopithecidae,Chlorocebus,Chlorocebus aethiops,Chlorocebus_aethiops,line/belt transects,0, , , ,0,2003,330,meter,NA, ,Chlorocebus aethiops,Chlorocebus aethiops,4.65,D,54.304,T,Omnivore,65,1.583,19.5,357,162,182,369.6,1,1.88,Polygyndry,Polygyndry, ,2Tropical_and_suptropical_moist_broadleaf_forest,0.745525808,0.79,94.37,1.36,1.54,88.42,2.13,2.54,83.76,3.1,3.8,81.67,4.27,5.31,80.35,NA,7.07,NA,6.91,9.08,76.14,8.38,11.34,73.94,9.96,13.85,71.92,11.72,16.62,70.5,13.68,19.63,69.68,15.53,22.9,67.84,17.36,26.42,65.72,19.32,30.19,63.98,21.23,34.21,62.06,23.41,38.48,60.85,25.68,43.01,59.7,28.04,47.78,58.69,30.09,52.81,56.98,32.01,58.09,55.1,34.07,63.62,53.55
-1,9152,24,Hayward 2009,Richness,28.91855,-32.23161,Precise,South Africa,Africa,Cercopithecidae,Chlorocebus,Chlorocebus aethiops,Chlorocebus_aethiops,line/belt transects,0, , , ,0,2003,325,meter,NA, ,Chlorocebus aethiops,Chlorocebus aethiops,4.65,D,54.304,T,Omnivore,65,1.583,19.5,357,162,182,369.6,1,1.88,Polygyndry,Polygyndry, ,2Tropical_and_suptropical_moist_broadleaf_forest,0.674403133,0.79,85.37,1.18,1.54,76.88,1.82,2.54,71.47,2.58,3.8,67.87,3.45,5.31,65.04,NA,7.07,NA,5.55,9.08,61.16,6.81,11.34,60.06,8.18,13.85,59.05,9.58,16.62,57.63,10.95,19.63,55.79,12.23,22.9,53.39,13.49,26.42,51.04,14.96,30.19,49.55,16.46,34.21,48.11,18,38.48,46.77,19.44,43.01,45.21,20.86,47.78,43.66,22.46,52.81,42.53,24.14,58.09,41.56,25.67,63.62,40.35
-1,9153,24,Hayward 2009,Richness,28.89738,-32.23269,Precise,South Africa,Africa,Cercopithecidae,Chlorocebus,Chlorocebus aethiops,Chlorocebus_aethiops,line/belt transects,0, , , ,0,2003,320,meter,NA, ,Chlorocebus aethiops,Chlorocebus aethiops,4.65,D,54.304,T,Omnivore,65,1.583,19.5,357,162,182,369.6,1,1.88,Polygyndry,Polygyndry, ,2Tropical_and_suptropical_moist_broadleaf_forest,0.775425947,0.79,98.16,1.52,1.54,98.69,2.49,2.54,97.89,3.47,3.8,91.44,4.61,5.31,86.87,NA,7.07,NA,7.17,9.08,78.99,8.67,11.34,76.48,10.31,13.85,74.48,12.04,16.62,72.44,13.59,19.63,69.24,15.12,22.9,66.01,16.67,26.42,63.1,18.41,30.19,60.98,20.37,34.21,59.56,22.44,38.48,58.31,24.39,43.01,56.72,26.33,47.78,55.12,28.29,52.81,53.56,30.38,58.09,52.3,32.57,63.62,51.2
-1,9154,24,Hayward 2009,Richness,28.92093,-32.23274,Precise,South Africa,Africa,Cercopithecidae,Chlorocebus,Chlorocebus aethiops,Chlorocebus_aethiops,line/belt transects,0, , , ,0,2003,170,meter,NA, ,Chlorocebus aethiops,Chlorocebus aethiops,4.65,D,54.304,T,Omnivore,65,1.583,19.5,357,162,182,369.6,1,1.88,Polygyndry,Polygyndry, ,2Tropical_and_suptropical_moist_broadleaf_forest,0.453763289,0.79,57.44,0.89,1.54,58.01,1.41,2.54,55.61,2.05,3.8,53.93,2.83,5.31,53.27,NA,7.07,NA,4.72,9.08,51.96,5.88,11.34,51.85,7.17,13.85,51.74,8.51,16.62,51.21,9.92,19.63,50.53,11.29,22.9,49.32,12.6,26.42,47.7,13.98,30.19,46.3,15.46,34.21,45.2,16.94,38.48,44.03,18.45,43.01,42.89,19.86,47.78,41.57,21.36,52.81,40.45,22.92,58.09,39.45,24.46,63.62,38.45
-1,9155,24,Hayward 2009,Richness,28.91708,-32.23314,Precise,South Africa,Africa,Cercopithecidae,Chlorocebus,Chlorocebus aethiops,Chlorocebus_aethiops,line/belt transects,0, , , ,0,2003,55,meter,NA, ,Chlorocebus aethiops,Chlorocebus aethiops,4.65,D,54.304,T,Omnivore,65,1.583,19.5,357,162,182,369.6,1,1.88,Polygyndry,Polygyndry, ,2Tropical_and_suptropical_moist_broadleaf_forest,0.651303858,0.79,82.44,1.23,1.54,79.81,1.94,2.54,76.27,2.62,3.8,69,3.39,5.31,63.88,NA,7.07,NA,5.5,9.08,60.61,6.73,11.34,59.37,7.99,13.85,57.69,9.29,16.62,55.92,10.53,19.63,53.67,11.83,22.9,51.67,13.24,26.42,50.13,14.76,30.19,48.91,16.26,34.21,47.54,17.82,38.48,46.32,19.38,43.01,45.06,20.93,47.78,43.8,22.52,52.81,42.65,24.32,58.09,41.86,26.01,63.62,40.88
-1,9156,24,Hayward 2009,Richness,28.90407,-32.23353,Precise,South Africa,Africa,Cercopithecidae,Chlorocebus,Chlorocebus aethiops,Chlorocebus_aethiops,line/belt transects,0, , , ,0,2003,190,meter,NA, ,Chlorocebus aethiops,Chlorocebus aethiops,4.65,D,54.304,T,Omnivore,65,1.583,19.5,357,162,182,369.6,1,1.88,Polygyndry,Polygyndry, ,2Tropical_and_suptropical_moist_broadleaf_forest,0.775433815,0.79,98.16,1.52,1.54,98.59,2.51,2.54,98.84,3.66,3.8,96.39,4.96,5.31,93.34,NA,7.07,NA,7.27,9.08,80.07,8.53,11.34,75.18,9.79,13.85,70.68,11.1,16.62,66.76,12.45,19.63,63.43,13.98,22.9,61.05,15.57,26.42,58.93,17.21,30.19,57.01,18.92,34.21,55.29,20.66,38.48,53.68,22.56,43.01,52.44,24.54,47.78,51.36,26.74,52.81,50.64,28.89,58.09,49.73,30.83,63.62,48.46
-1,9157,24,Hayward 2009,Richness,28.90228,-32.23459,Precise,South Africa,Africa,Cercopithecidae,Chlorocebus,Chlorocebus aethiops,Chlorocebus_aethiops,line/belt transects,0, , , ,0,2003,150,meter,NA, ,Chlorocebus aethiops,Chlorocebus aethiops,4.65,D,54.304,T,Omnivore,65,1.583,19.5,357,162,182,369.6,1,1.88,Polygyndry,Polygyndry, ,2Tropical_and_suptropical_moist_broadleaf_forest,0.775356465,0.79,98.15,1.52,1.54,98.59,2.51,2.54,98.78,3.6,3.8,94.85,4.7,5.31,88.58,NA,7.07,NA,7.17,9.08,78.96,8.52,11.34,75.09,9.8,13.85,70.76,11.13,16.62,66.95,12.56,19.63,64.01,14.09,22.9,61.54,15.69,26.42,59.4,17.34,30.19,57.45,19.03,34.21,55.64,20.77,38.48,53.98,22.74,43.01,52.86,24.88,47.78,52.07,27.01,52.81,51.14,28.94,58.09,49.81,30.92,63.62,48.6
-1,9158,24,Hayward 2009,Richness,28.90774,-32.23504,Precise,South Africa,Africa,Cercopithecidae,Chlorocebus,Chlorocebus aethiops,Chlorocebus_aethiops,line/belt transects,0, , , ,0,2003,275,meter,NA, ,Chlorocebus aethiops,Chlorocebus aethiops,4.65,D,54.304,T,Omnivore,65,1.583,19.5,357,162,182,369.6,1,1.88,Polygyndry,Polygyndry, ,2Tropical_and_suptropical_moist_broadleaf_forest,0.773900101,0.79,97.96,1.49,1.54,96.64,2.34,2.54,92.01,3.47,3.8,91.28,4.62,5.31,86.95,NA,7.07,NA,6.58,9.08,72.43,7.65,11.34,67.47,8.89,13.85,64.22,10.26,16.62,61.72,11.62,19.63,59.19,12.97,22.9,56.65,14.47,26.42,54.77,16.1,30.19,53.32,17.75,34.21,51.89,19.52,38.48,50.72,21.31,43.01,49.55,23.1,47.78,48.35,25.05,52.81,47.44,27.2,58.09,46.82,29.29,63.62,46.04
-1,9159,24,Hayward 2009,Richness,28.90658,-32.23534,Precise,South Africa,Africa,Cercopithecidae,Chlorocebus,Chlorocebus aethiops,Chlorocebus_aethiops,line/belt transects,0, , , ,0,2003,260,meter,NA, ,Chlorocebus aethiops,Chlorocebus aethiops,4.65,D,54.304,T,Omnivore,65,1.583,19.5,357,162,182,369.6,1,1.88,Polygyndry,Polygyndry, ,2Tropical_and_suptropical_moist_broadleaf_forest,0.773861878,0.79,97.96,1.5,1.54,97.22,2.37,2.54,93.16,3.51,3.8,92.25,4.63,5.31,87.15,NA,7.07,NA,6.58,9.08,72.46,7.79,11.34,68.65,9.05,13.85,65.32,10.38,16.62,62.46,11.71,19.63,59.67,13.09,22.9,57.17,14.65,26.42,55.46,16.29,30.19,53.96,17.93,34.21,52.42,19.72,38.48,51.25,21.47,43.01,49.92,23.33,47.78,48.82,25.34,52.81,47.99,27.55,58.09,47.43,29.64,63.62,46.59
-1,9160,24,Hayward 2009,Richness,28.91046,-32.23576,Precise,South Africa,Africa,Cercopithecidae,Chlorocebus,Chlorocebus aethiops,Chlorocebus_aethiops,line/belt transects,0, , , ,0,2003,250,meter,NA, ,Chlorocebus aethiops,Chlorocebus aethiops,4.65,D,54.304,T,Omnivore,65,1.583,19.5,357,162,182,369.6,1,1.88,Polygyndry,Polygyndry, ,2Tropical_and_suptropical_moist_broadleaf_forest,0.750087046,0.79,94.95,1.38,1.54,89.81,2.22,2.54,87.28,3.17,3.8,83.31,4.14,5.31,77.94,NA,7.07,NA,6.02,9.08,66.29,6.97,11.34,61.43,8.17,13.85,58.98,9.54,16.62,57.37,10.95,19.63,55.77,12.34,22.9,53.91,13.71,26.42,51.9,15.28,30.19,50.6,16.91,34.21,49.43,18.63,38.48,48.41,20.4,43.01,47.43,22.18,47.78,46.41,24.03,52.81,45.5,25.93,58.09,44.63,27.88,63.62,43.82
-1,9161,24,Hayward 2009,Richness,28.90048,-32.23621,Precise,South Africa,Africa,Cercopithecidae,Chlorocebus,Chlorocebus aethiops,Chlorocebus_aethiops,line/belt transects,0, , , ,0,2003,140,meter,NA, ,Chlorocebus aethiops,Chlorocebus aethiops,4.65,D,54.304,T,Omnivore,65,1.583,19.5,357,162,182,369.6,1,1.88,Polygyndry,Polygyndry, ,2Tropical_and_suptropical_moist_broadleaf_forest,0.775336963,0.79,98.14,1.52,1.54,98.59,2.4,2.54,94.54,3.27,3.8,86.14,4.33,5.31,81.48,NA,7.07,NA,7.02,9.08,77.36,8.39,11.34,73.95,9.69,13.85,70,11.1,16.62,66.8,12.59,19.63,64.16,14.15,22.9,61.8,15.74,26.42,59.57,17.41,30.19,57.65,19.04,34.21,55.65,20.85,38.48,54.17,22.92,43.01,53.3,25.01,47.78,52.35,26.96,52.81,51.05,28.86,58.09,49.69,30.69,63.62,48.24
-1,9162,24,Hayward 2009,Richness,28.91246,-32.23625,Precise,South Africa,Africa,Cercopithecidae,Chlorocebus,Chlorocebus aethiops,Chlorocebus_aethiops,line/belt transects,0, , , ,0,2003,225,meter,NA, ,Chlorocebus aethiops,Chlorocebus aethiops,4.65,D,54.304,T,Omnivore,65,1.583,19.5,357,162,182,369.6,1,1.88,Polygyndry,Polygyndry, ,2Tropical_and_suptropical_moist_broadleaf_forest,0.692505448,0.79,87.66,1.33,1.54,86.13,2.02,2.54,79.46,2.84,3.8,74.63,3.73,5.31,70.22,NA,7.07,NA,5.53,9.08,60.95,6.5,11.34,57.33,7.61,13.85,54.93,8.93,16.62,53.75,10.36,19.63,52.78,11.78,22.9,51.43,13.2,26.42,49.95,14.68,30.19,48.62,16.23,34.21,47.43,17.92,38.48,46.58,19.7,43.01,45.81,21.43,47.78,44.84,23.27,52.81,44.06,25.08,58.09,43.17,26.91,63.62,42.3
-1,9163,24,Hayward 2009,Richness,28.91074,-32.23638,Precise,South Africa,Africa,Cercopithecidae,Chlorocebus,Chlorocebus aethiops,Chlorocebus_aethiops,line/belt transects,0, , , ,0,2003,300,meter,NA, ,Chlorocebus aethiops,Chlorocebus aethiops,4.65,D,54.304,T,Omnivore,65,1.583,19.5,357,162,182,369.6,1,1.88,Polygyndry,Polygyndry, ,2Tropical_and_suptropical_moist_broadleaf_forest,0.729977913,0.79,92.4,1.34,1.54,86.94,2.16,2.54,85.02,3.04,3.8,80.12,3.96,5.31,74.63,NA,7.07,NA,5.79,9.08,63.82,6.71,11.34,59.15,7.91,13.85,57.09,9.28,16.62,55.85,10.69,19.63,54.46,12.13,22.9,52.98,13.46,26.42,50.94,15.03,30.19,49.79,16.62,34.21,48.57,18.37,38.48,47.74,20.14,43.01,46.82,21.88,47.78,45.78,23.76,52.81,45,25.64,58.09,44.14,27.56,63.62,43.31
-1,9164,24,Hayward 2009,Richness,28.90645,-32.23767,Precise,South Africa,Africa,Cercopithecidae,Chlorocebus,Chlorocebus aethiops,Chlorocebus_aethiops,line/belt transects,0, , , ,0,2003,600,meter,NA, ,Chlorocebus aethiops,Chlorocebus aethiops,4.65,D,54.304,T,Omnivore,65,1.583,19.5,357,162,182,369.6,1,1.88,Polygyndry,Polygyndry, ,2Tropical_and_suptropical_moist_broadleaf_forest,0.750327559,0.79,94.98,1.38,1.54,89.39,2.32,2.54,91.17,3.16,3.8,83.29,4.01,5.31,75.51,NA,7.07,NA,5.94,9.08,65.46,7.2,11.34,63.52,8.53,13.85,61.57,9.82,16.62,59.07,11.12,19.63,56.67,12.55,22.9,54.8,14.05,26.42,53.17,15.7,30.19,52,17.41,34.21,50.88,19.1,38.48,49.63,20.85,43.01,48.47,22.7,47.78,47.51,24.68,52.81,46.74,26.82,58.09,46.17,28.87,63.62,45.38
-1,9165,24,Hayward 2009,Richness,28.89255,-32.23806,Precise,South Africa,Africa,Cercopithecidae,Chlorocebus,Chlorocebus aethiops,Chlorocebus_aethiops,line/belt transects,0, , , ,0,2003,210,meter,NA, ,Chlorocebus aethiops,Chlorocebus aethiops,4.65,D,54.304,T,Omnivore,65,1.583,19.5,357,162,182,369.6,1,1.88,Polygyndry,Polygyndry, ,2Tropical_and_suptropical_moist_broadleaf_forest,0.528995285,0.79,66.96,1.12,1.54,72.71,1.95,2.54,76.63,3,3.8,78.87,4.27,5.31,80.49,NA,7.07,NA,7.12,9.08,78.42,8.63,11.34,76.11,10.19,13.85,73.54,11.76,16.62,70.78,13.45,19.63,68.5,15.2,22.9,66.38,17.09,26.42,64.68,18.96,30.19,62.8,20.79,34.21,60.76,22.52,38.48,58.52,24.16,43.01,56.18,25.89,47.78,54.19,27.94,52.81,52.9,30.09,58.09,51.8,32.34,63.62,50.83
-1,9166,24,Hayward 2009,Richness,28.90523,-32.24109,Precise,South Africa,Africa,Cercopithecidae,Chlorocebus,Chlorocebus aethiops,Chlorocebus_aethiops,line/belt transects,0, , , ,0,2003,180,meter,NA, ,Chlorocebus aethiops,Chlorocebus aethiops,4.65,D,54.304,T,Omnivore,65,1.583,19.5,357,162,182,369.6,1,1.88,Polygyndry,Polygyndry, ,2Tropical_and_suptropical_moist_broadleaf_forest,0.695447772,0.79,88.03,1.23,1.54,79.67,1.77,2.54,69.53,2.39,3.8,62.88,3.17,5.31,59.66,NA,7.07,NA,5.24,9.08,57.73,6.45,11.34,56.85,7.78,13.85,56.18,9.18,16.62,55.25,10.51,19.63,53.55,11.88,22.9,51.86,13.41,26.42,50.74,15.06,30.19,49.87,16.73,34.21,48.9,18.5,38.48,48.08,20.29,43.01,47.17,22.06,47.78,46.17,23.94,52.81,45.34,26.04,58.09,44.83,28.13,63.62,44.21
-1,9167,24,Hayward 2009,Richness,28.9011,-32.24184,Precise,South Africa,Africa,Cercopithecidae,Chlorocebus,Chlorocebus aethiops,Chlorocebus_aethiops,line/belt transects,0, , , ,0,2003,240,meter,NA, ,Chlorocebus aethiops,Chlorocebus aethiops,4.65,D,54.304,T,Omnivore,65,1.583,19.5,357,162,182,369.6,1,1.88,Polygyndry,Polygyndry, ,2Tropical_and_suptropical_moist_broadleaf_forest,0.651022952,0.79,82.41,1.08,1.54,70.19,1.63,2.54,64.26,2.41,3.8,63.54,3.37,5.31,63.43,NA,7.07,NA,5.71,9.08,62.88,7.05,11.34,62.21,8.41,13.85,60.72,9.85,16.62,59.27,11.3,19.63,57.57,12.85,22.9,56.09,14.34,26.42,54.29,15.98,30.19,52.93,17.76,34.21,51.91,19.51,38.48,50.71,21.27,43.01,49.45,23.16,47.78,48.47,25.16,52.81,47.63,27.01,58.09,46.49,28.89,63.62,45.42
-1,9168,24,Hayward 2009,Richness,28.88053,-32.24284,Precise,South Africa,Africa,Cercopithecidae,Chlorocebus,Chlorocebus aethiops,Chlorocebus_aethiops,line/belt transects,0, , , ,0,2003,200,meter,NA, ,Chlorocebus aethiops,Chlorocebus aethiops,4.65,D,54.304,T,Omnivore,65,1.583,19.5,357,162,182,369.6,1,1.88,Polygyndry,Polygyndry, ,2Tropical_and_suptropical_moist_broadleaf_forest,0.769042426,0.79,97.35,1.44,1.54,93.8,2.35,2.54,92.4,3.29,3.8,86.57,4.47,5.31,84.25,NA,7.07,NA,7.58,9.08,83.51,9.3,11.34,81.99,11.05,13.85,79.78,12.78,16.62,76.88,14.49,19.63,73.83,16.34,22.9,71.34,18.01,26.42,68.16,19.78,30.19,65.51,21.69,34.21,63.4,23.59,38.48,61.31,25.91,43.01,60.25,28.34,47.78,59.31,30.7,52.81,58.14,33.06,58.09,56.91,35.51,63.62,55.82
-1,9169,24,Hayward 2009,Richness,28.90572,-32.24295,Precise,South Africa,Africa,Cercopithecidae,Chlorocebus,Chlorocebus aethiops,Chlorocebus_aethiops,line/belt transects,1, , , ,0,2003,240,meter,NA, ,Chlorocebus aethiops,Chlorocebus aethiops,4.65,D,54.304,T,Omnivore,65,1.583,19.5,357,162,182,369.6,1,1.88,Polygyndry,Polygyndry, ,2Tropical_and_suptropical_moist_broadleaf_forest,0.582751485,0.79,73.77,0.95,1.54,61.69,1.4,2.54,55.09,1.98,3.8,52.04,2.73,5.31,51.36,NA,7.07,NA,4.66,9.08,51.28,5.8,11.34,51.11,7.06,13.85,50.99,8.44,16.62,50.79,9.88,19.63,50.34,11.26,22.9,49.19,12.72,26.42,48.13,14.29,30.19,47.33,16.03,34.21,46.85,17.79,38.48,46.22,19.54,43.01,45.43,21.37,47.78,44.72,23.13,52.81,43.8,25.2,58.09,43.38,27.23,63.62,42.8
-1,9170,24,Hayward 2009,Richness,28.87736,-32.24867,Precise,South Africa,Africa,Cercopithecidae,Chlorocebus,Chlorocebus aethiops,Chlorocebus_aethiops,line/belt transects,0, , , ,0,2003,100,meter,NA, ,Chlorocebus aethiops,Chlorocebus aethiops,4.65,D,54.304,T,Omnivore,65,1.583,19.5,357,162,182,369.6,1,1.88,Polygyndry,Polygyndry, ,2Tropical_and_suptropical_moist_broadleaf_forest,0.774646351,0.79,98.06,1.52,1.54,98.64,2.5,2.54,98.55,3.73,3.8,98.05,5.14,5.31,96.87,NA,7.07,NA,8.2,9.08,90.28,9.67,11.34,85.27,11.26,13.85,81.31,12.77,16.62,76.83,14.38,19.63,73.25,16.23,22.9,70.87,18.12,26.42,68.6,20.02,30.19,66.32,22.05,34.21,64.46,23.96,38.48,62.27,25.99,43.01,60.42,28.27,47.78,59.17,30.48,52.81,57.71,32.8,58.09,56.46,35.24,63.62,55.39
-1,9171,24,Hayward 2009,Richness,28.8945,-32.25146,Precise,South Africa,Africa,Cercopithecidae,Chlorocebus,Chlorocebus aethiops,Chlorocebus_aethiops,line/belt transects,0, , , ,0,2003,220,meter,NA, ,Chlorocebus aethiops,Chlorocebus aethiops,4.65,D,54.304,T,Omnivore,65,1.583,19.5,357,162,182,369.6,1,1.88,Polygyndry,Polygyndry, ,2Tropical_and_suptropical_moist_broadleaf_forest,0.497051492,0.79,62.92,0.82,1.54,52.93,1.19,2.54,46.86,1.74,3.8,45.71,2.54,5.31,47.77,NA,7.07,NA,4.53,9.08,49.86,5.74,11.34,50.65,7.06,13.85,51,8.48,16.62,51.05,10.07,19.63,51.3,11.76,22.9,51.37,13.6,26.42,51.47,15.28,30.19,50.6,17.11,34.21,50.01,18.89,38.48,49.09,20.64,43.01,47.98,22.4,47.78,46.88,24.19,52.81,45.81,26.25,58.09,45.19,28.22,63.62,44.36
-1,9172,24,Hayward 2009,Richness,28.87271,-32.25331,Precise,South Africa,Africa,Cercopithecidae,Chlorocebus,Chlorocebus aethiops,Chlorocebus_aethiops,line/belt transects,0, , , ,0,2003,375,meter,NA, ,Chlorocebus aethiops,Chlorocebus aethiops,4.65,D,54.304,T,Omnivore,65,1.583,19.5,357,162,182,369.6,1,1.88,Polygyndry,Polygyndry, ,2Tropical_and_suptropical_moist_broadleaf_forest,0.77542892,0.79,98.16,1.52,1.54,98.69,2.51,2.54,98.83,3.73,3.8,98.21,5.17,5.31,97.41,NA,7.07,NA,8.64,9.08,95.2,10.38,11.34,91.49,12.12,13.85,87.52,13.6,16.62,81.82,14.79,19.63,75.33,16.48,22.9,71.96,18.36,26.42,69.48,20.52,30.19,67.96,22.77,34.21,66.56,24.8,38.48,64.44,26.78,43.01,62.28,28.88,47.78,60.45,31,52.81,58.71,33.06,58.09,56.92,35.21,63.62,55.35
-1,9173,24,Hayward 2009,Richness,28.86668,-32.25442,Precise,South Africa,Africa,Cercopithecidae,Chlorocebus,Chlorocebus aethiops,Chlorocebus_aethiops,line/belt transects,0, , , ,0,2003,200,meter,NA, ,Chlorocebus aethiops,Chlorocebus aethiops,4.65,D,54.304,T,Omnivore,65,1.583,19.5,357,162,182,369.6,1,1.88,Polygyndry,Polygyndry, ,2Tropical_and_suptropical_moist_broadleaf_forest,0.7754345,0.79,98.16,1.51,1.54,98.21,2.48,2.54,97.77,3.69,3.8,97.04,5.14,5.31,96.72,NA,7.07,NA,8.62,9.08,94.95,10.55,11.34,92.99,12.49,13.85,90.18,14.4,16.62,86.63,16.32,19.63,83.16,18.24,22.9,79.64,19.95,26.42,75.52,21.83,30.19,72.31,23.93,34.21,69.95,26.04,38.48,67.66,28.03,43.01,65.18,30.1,47.78,63,32.2,52.81,60.98,34.44,58.09,59.29,36.82,63.62,57.88
-1,9174,24,Hayward 2009,Richness,28.86393,-32.25497,Precise,South Africa,Africa,Cercopithecidae,Chlorocebus,Chlorocebus aethiops,Chlorocebus_aethiops,line/belt transects,0, , , ,0,2003,210,meter,NA, ,Chlorocebus aethiops,Chlorocebus aethiops,4.65,D,54.304,T,Omnivore,65,1.583,19.5,357,162,182,369.6,1,1.88,Polygyndry,Polygyndry, ,2Tropical_and_suptropical_moist_broadleaf_forest,0.767531114,0.79,97.16,1.49,1.54,96.99,2.45,2.54,96.31,3.65,3.8,96.07,5.07,5.31,95.41,NA,7.07,NA,8.55,9.08,94.12,10.42,11.34,91.89,12.51,13.85,90.35,14.67,16.62,88.28,16.73,19.63,85.22,18.68,22.9,81.57,20.7,26.42,78.37,22.53,30.19,74.61,24.48,34.21,71.57,26.46,38.48,68.76,28.51,43.01,66.29,30.63,47.78,64.12,32.81,52.81,62.13,35.11,58.09,60.44,37.59,63.62,59.09
-1,9175,24,Hayward 2009,Richness,28.8401,-32.25769,Precise,South Africa,Africa,Cercopithecidae,Chlorocebus,Chlorocebus aethiops,Chlorocebus_aethiops,line/belt transects,0, , , ,0,2003,120,meter,NA, ,Chlorocebus aethiops,Chlorocebus aethiops,4.65,D,54.304,T,Omnivore,65,1.583,19.5,357,162,182,369.6,1,1.88,Polygyndry,Polygyndry, ,2Tropical_and_suptropical_moist_broadleaf_forest,0.680681416,0.79,86.16,1.24,1.54,80.45,1.9,2.54,74.9,2.78,3.8,73.16,3.87,5.31,72.8,NA,7.07,NA,6.66,9.08,73.39,8.35,11.34,73.68,10.29,13.85,74.27,12.37,16.62,74.42,14.71,19.63,74.94,17.24,22.9,75.27,19.91,26.42,75.35,22.71,30.19,75.22,25.85,34.21,75.55,29.12,38.48,75.69,32.39,43.01,75.3,35.83,47.78,74.99,39.3,52.81,74.42,42.72,58.09,73.54,45.96,63.62,72.24
-1,9176,24,Hayward 2009,Richness,28.85852,-32.25888,Precise,South Africa,Africa,Cercopithecidae,Chlorocebus,Chlorocebus aethiops,Chlorocebus_aethiops,line/belt transects,0, , , ,0,2003,240,meter,NA, ,Chlorocebus aethiops,Chlorocebus aethiops,4.65,D,54.304,T,Omnivore,65,1.583,19.5,357,162,182,369.6,1,1.88,Polygyndry,Polygyndry, ,2Tropical_and_suptropical_moist_broadleaf_forest,0.772447797,0.79,97.78,1.5,1.54,97.44,2.47,2.54,97.09,3.61,3.8,94.96,4.98,5.31,93.87,NA,7.07,NA,8.46,9.08,93.15,10.53,11.34,92.85,12.68,13.85,91.57,14.71,16.62,88.49,16.93,19.63,86.24,19.16,22.9,83.69,21.37,26.42,80.9,23.39,30.19,77.47,25.41,34.21,74.26,27.56,38.48,71.63,29.57,43.01,68.75,31.55,47.78,66.04,33.81,52.81,64.02,36.09,58.09,62.13,38.5,63.62,60.52
-1,9177,24,Hayward 2009,Richness,28.87172,-32.26303,Precise,South Africa,Africa,Cercopithecidae,Chlorocebus,Chlorocebus aethiops,Chlorocebus_aethiops,line/belt transects,0, , , ,0,2003,130,meter,NA, ,Chlorocebus aethiops,Chlorocebus aethiops,4.65,D,54.304,T,Omnivore,65,1.583,19.5,357,162,182,369.6,1,1.88,Polygyndry,Polygyndry, ,2Tropical_and_suptropical_moist_broadleaf_forest,0.774654079,0.79,98.06,1.49,1.54,96.61,2.33,2.54,91.86,3.37,3.8,88.76,4.57,5.31,86,NA,7.07,NA,7.4,9.08,81.49,8.88,11.34,78.28,10.49,13.85,75.77,12.27,16.62,73.85,14.02,19.63,71.41,15.94,22.9,69.63,17.89,26.42,67.71,19.49,30.19,64.55,21.05,34.21,61.53,22.72,38.48,59.05,24.64,43.01,57.3,26.7,47.78,55.88,28.9,52.81,54.73,31.16,58.09,53.64,33.27,63.62,52.3
-1,9178,24,Hayward 2009,Richness,28.84311,-32.26321,Precise,South Africa,Africa,Cercopithecidae,Chlorocebus,Chlorocebus aethiops,Chlorocebus_aethiops,line/belt transects,0, , , ,0,2003,120,meter,NA, ,Chlorocebus aethiops,Chlorocebus aethiops,4.65,D,54.304,T,Omnivore,65,1.583,19.5,357,162,182,369.6,1,1.88,Polygyndry,Polygyndry, ,2Tropical_and_suptropical_moist_broadleaf_forest,0.775212063,0.79,98.13,1.45,1.54,94.27,2.3,2.54,90.42,3.31,3.8,87.2,4.47,5.31,84.13,NA,7.07,NA,7.53,9.08,82.9,9.26,11.34,81.65,11.26,13.85,81.3,13.58,16.62,81.7,16.06,19.63,81.84,18.6,22.9,81.23,21.23,26.42,80.36,23.96,30.19,79.36,26.72,34.21,78.09,29.48,38.48,76.6,32.23,43.01,74.95,35.24,47.78,73.75,38.02,52.81,71.99,40.84,58.09,70.3,43.72,63.62,68.73
-1,9179,24,Hayward 2009,Richness,28.84259,-32.26565,Precise,South Africa,Africa,Cercopithecidae,Chlorocebus,Chlorocebus aethiops,Chlorocebus_aethiops,line/belt transects,0, , , ,0,2003,180,meter,NA, ,Chlorocebus aethiops,Chlorocebus aethiops,4.65,D,54.304,T,Omnivore,65,1.583,19.5,357,162,182,369.6,1,1.88,Polygyndry,Polygyndry, ,2Tropical_and_suptropical_moist_broadleaf_forest,0.775367209,0.79,98.15,1.47,1.54,95.47,2.37,2.54,93.22,3.39,3.8,89.11,4.61,5.31,86.8,NA,7.07,NA,7.67,9.08,84.44,9.52,11.34,83.98,11.52,13.85,83.18,13.83,16.62,83.21,16.21,19.63,82.56,18.75,22.9,81.88,21.51,26.42,81.41,24.18,30.19,80.08,26.73,34.21,78.12,29.38,38.48,76.34,32.11,43.01,74.66,34.85,47.78,72.94,37.6,52.81,71.2,40.48,58.09,69.68,43.35,63.62,68.14
-1,9180,24,Hayward 2009,Richness,28.85495,-32.26626,Precise,South Africa,Africa,Cercopithecidae,Chlorocebus,Chlorocebus aethiops,Chlorocebus_aethiops,line/belt transects,0, , , ,0,2003,180,meter,NA, ,Chlorocebus aethiops,Chlorocebus aethiops,4.65,D,54.304,T,Omnivore,65,1.583,19.5,357,162,182,369.6,1,1.88,Polygyndry,Polygyndry, ,2Tropical_and_suptropical_moist_broadleaf_forest,0.775347208,0.79,98.15,1.52,1.54,98.69,2.51,2.54,98.86,3.74,3.8,98.37,5.17,5.31,97.31,NA,7.07,NA,8.65,9.08,95.3,10.49,11.34,92.52,12.4,13.85,89.54,14.4,16.62,86.63,16.51,19.63,84.13,18.75,22.9,81.87,20.91,26.42,79.15,23.08,30.19,76.44,25.33,34.21,74.05,27.47,38.48,71.39,29.58,43.01,68.78,31.72,47.78,66.39,33.68,52.81,63.78,35.66,58.09,61.39,37.85,63.62,59.5
-1,9181,24,Hayward 2009,Richness,28.87667,-32.26649,Precise,South Africa,Africa,Cercopithecidae,Chlorocebus,Chlorocebus aethiops,Chlorocebus_aethiops,line/belt transects,0, , , ,0,2003,160,meter,NA, ,Chlorocebus aethiops,Chlorocebus aethiops,4.65,D,54.304,T,Omnivore,65,1.583,19.5,357,162,182,369.6,1,1.88,Polygyndry,Polygyndry, ,2Tropical_and_suptropical_moist_broadleaf_forest,0.6017265,0.79,76.17,1.08,1.54,69.96,1.73,2.54,68.23,2.52,3.8,66.33,3.5,5.31,65.92,NA,7.07,NA,5.61,9.08,61.75,6.88,11.34,60.7,8.32,13.85,60.08,9.77,16.62,58.76,11.39,19.63,58,13.11,22.9,57.24,14.82,26.42,56.09,16.45,30.19,54.48,18.13,34.21,53,19.99,38.48,51.95,21.94,43.01,51.02,23.9,47.78,50.03,25.9,52.81,49.04,27.94,58.09,48.1,30.19,63.62,47.46
-1,9182,24,Hayward 2009,Richness,28.85068,-32.26886,Precise,South Africa,Africa,Cercopithecidae,Chlorocebus,Chlorocebus aethiops,Chlorocebus_aethiops,line/belt transects,0, , , ,0,2003,110,meter,NA, ,Chlorocebus aethiops,Chlorocebus aethiops,4.65,D,54.304,T,Omnivore,65,1.583,19.5,357,162,182,369.6,1,1.88,Polygyndry,Polygyndry, ,2Tropical_and_suptropical_moist_broadleaf_forest,0.775402791,0.79,98.15,1.52,1.54,98.69,2.51,2.54,98.92,3.75,3.8,98.71,5.22,5.31,98.23,NA,7.07,NA,8.65,9.08,95.23,10.49,11.34,92.5,12.42,13.85,89.66,14.42,16.62,86.78,16.5,19.63,84.05,18.71,22.9,81.7,20.95,26.42,79.3,23.23,30.19,76.95,25.4,34.21,74.26,27.62,38.48,71.77,29.88,43.01,69.48,31.99,47.78,66.95,34.29,52.81,64.93,36.64,58.09,63.08,39.06,63.62,61.4
-1,9183,24,Hayward 2009,Richness,28.82951,-32.27168,Precise,South Africa,Africa,Cercopithecidae,Chlorocebus,Chlorocebus aethiops,Chlorocebus_aethiops,line/belt transects,1, , , ,0,2003,160,meter,NA, ,Chlorocebus aethiops,Chlorocebus aethiops,4.65,D,54.304,T,Omnivore,65,1.583,19.5,357,162,182,369.6,1,1.88,Polygyndry,Polygyndry, ,2Tropical_and_suptropical_moist_broadleaf_forest,0.691831596,0.79,87.57,1.29,1.54,83.55,2.06,2.54,81.21,2.99,3.8,78.66,4.06,5.31,76.52,NA,7.07,NA,7.16,9.08,78.89,9.02,11.34,79.54,11.09,13.85,80.06,13.33,16.62,80.18,15.81,19.63,80.54,18.28,22.9,79.82,20.92,26.42,79.2,23.98,30.19,79.41,27.17,34.21,79.42,30.1,38.48,78.23,32.93,43.01,76.57,35.83,47.78,74.99,38.9,52.81,73.67,42.06,58.09,72.4,45.17,63.62,71
-1,9184,24,Hayward 2009,Richness,28.86896,-32.27427,Precise,South Africa,Africa,Cercopithecidae,Chlorocebus,Chlorocebus aethiops,Chlorocebus_aethiops,line/belt transects,0, , , ,0,2003,450,meter,NA, ,Chlorocebus aethiops,Chlorocebus aethiops,4.65,D,54.304,T,Omnivore,65,1.583,19.5,357,162,182,369.6,1,1.88,Polygyndry,Polygyndry, ,2Tropical_and_suptropical_moist_broadleaf_forest,0.55310013,0.79,70.01,0.94,1.54,61.3,1.64,2.54,64.38,2.46,3.8,64.86,3.37,5.31,63.53,NA,7.07,NA,5.58,9.08,61.42,6.83,11.34,60.24,8.13,13.85,58.68,9.66,16.62,58.1,11.28,19.63,57.46,13.02,22.9,56.87,14.78,26.42,55.94,16.64,30.19,55.11,18.56,34.21,54.27,20.53,38.48,53.36,22.53,43.01,52.39,24.53,47.78,51.34,26.24,52.81,49.69,27.87,58.09,47.98,29.54,63.62,46.43
-1,9185,24,Hayward 2009,Richness,28.87279,-32.27608,Precise,South Africa,Africa,Cercopithecidae,Chlorocebus,Chlorocebus aethiops,Chlorocebus_aethiops,line/belt transects,0, , , ,0,2003,330,meter,NA, ,Chlorocebus aethiops,Chlorocebus aethiops,4.65,D,54.304,T,Omnivore,65,1.583,19.5,357,162,182,369.6,1,1.88,Polygyndry,Polygyndry, ,2Tropical_and_suptropical_moist_broadleaf_forest,0.269880623,0.79,34.16,0.61,1.54,39.79,1.18,2.54,46.44,1.71,3.8,45.07,2.37,5.31,44.59,NA,7.07,NA,4.27,9.08,46.98,5.34,11.34,47.07,6.5,13.85,46.9,7.85,16.62,47.22,9.3,19.63,47.35,10.9,22.9,47.61,12.57,26.42,47.58,14.33,30.19,47.45,16.14,34.21,47.18,18.13,38.48,47.11,20.1,43.01,46.74,22.08,47.78,46.2,23.92,52.81,45.3,25.63,58.09,44.12,27.26,63.62,42.85
-1,9186,24,Hayward 2009,Richness,28.84637,-32.27626,Precise,South Africa,Africa,Cercopithecidae,Chlorocebus,Chlorocebus aethiops,Chlorocebus_aethiops,line/belt transects,0, , , ,0,2003,210,meter,NA, ,Chlorocebus aethiops,Chlorocebus aethiops,4.65,D,54.304,T,Omnivore,65,1.583,19.5,357,162,182,369.6,1,1.88,Polygyndry,Polygyndry, ,2Tropical_and_suptropical_moist_broadleaf_forest,0.775346697,0.79,98.15,1.52,1.54,98.69,2.51,2.54,98.91,3.75,3.8,98.76,5.22,5.31,98.28,NA,7.07,NA,8.72,9.08,96.01,10.6,11.34,93.49,12.52,13.85,90.38,14.24,16.62,85.68,16.04,19.63,81.69,17.77,22.9,77.6,19.59,26.42,74.16,21.69,30.19,71.83,23.92,34.21,69.92,26.07,38.48,67.75,28.35,43.01,65.92,30.69,47.78,64.24,33.08,52.81,62.64,35.51,58.09,61.14,38.07,63.62,59.84
-1,9187,24,Hayward 2009,Richness,28.83185,-32.27734,Precise,South Africa,Africa,Cercopithecidae,Chlorocebus,Chlorocebus aethiops,Chlorocebus_aethiops,line/belt transects,1, , , ,0,2003,260,meter,NA, ,Chlorocebus aethiops,Chlorocebus aethiops,4.65,D,54.304,T,Omnivore,65,1.583,19.5,357,162,182,369.6,1,1.88,Polygyndry,Polygyndry, ,2Tropical_and_suptropical_moist_broadleaf_forest,0.775343599,0.79,98.14,1.52,1.54,98.69,2.47,2.54,97.42,3.57,3.8,93.94,4.91,5.31,92.45,NA,7.07,NA,8.05,9.08,88.67,9.86,11.34,86.97,11.83,13.85,85.41,14.07,16.62,84.67,16.49,19.63,84.02,18.98,22.9,82.89,21.45,26.42,81.19,24,30.19,79.51,26.34,34.21,76.99,28.75,38.48,74.7,31.22,43.01,72.6,33.56,47.78,70.25,35.79,52.81,67.77,38.45,58.09,66.19,41.36,63.62,65.01
-1,9188,24,Hayward 2009,Richness,28.85011,-32.27922,Precise,South Africa,Africa,Cercopithecidae,Chlorocebus,Chlorocebus aethiops,Chlorocebus_aethiops,line/belt transects,0, , , ,0,2003,230,meter,NA, ,Chlorocebus aethiops,Chlorocebus aethiops,4.65,D,54.304,T,Omnivore,65,1.583,19.5,357,162,182,369.6,1,1.88,Polygyndry,Polygyndry, ,2Tropical_and_suptropical_moist_broadleaf_forest,0.775429028,0.79,98.16,1.51,1.54,98.25,2.48,2.54,97.52,3.67,3.8,96.52,5.03,5.31,94.78,NA,7.07,NA,8.17,9.08,89.92,9.85,11.34,86.87,11.53,13.85,83.22,13.17,16.62,79.25,14.76,19.63,75.21,16.34,22.9,71.34,18.11,26.42,68.54,19.95,30.19,66.09,21.86,34.21,63.91,24,38.48,62.36,26.18,43.01,60.86,28.34,47.78,59.31,30.57,52.81,57.88,32.91,58.09,56.65,35.27,63.62,55.44
-1,9189,24,Hayward 2009,Richness,28.84323,-32.27963,Precise,South Africa,Africa,Cercopithecidae,Chlorocebus,Chlorocebus aethiops,Chlorocebus_aethiops,line/belt transects,0, , , ,0,2003,100,meter,NA, ,Chlorocebus aethiops,Chlorocebus aethiops,4.65,D,54.304,T,Omnivore,65,1.583,19.5,357,162,182,369.6,1,1.88,Polygyndry,Polygyndry, ,2Tropical_and_suptropical_moist_broadleaf_forest,0.77537798,0.79,98.15,1.52,1.54,98.69,2.51,2.54,98.91,3.75,3.8,98.58,5.22,5.31,98.24,NA,7.07,NA,8.77,9.08,96.55,10.5,11.34,92.64,12.19,13.85,88.05,13.93,16.62,83.79,15.61,19.63,79.54,17.48,22.9,76.31,19.38,26.42,73.35,21.51,30.19,71.23,23.57,34.21,68.9,25.66,38.48,66.68,27.8,43.01,64.64,30.1,47.78,62.99,32.57,52.81,61.68,34.93,58.09,60.13,37.23,63.62,58.52
-1,9190,24,Hayward 2009,Richness,28.85554,-32.28164,Precise,South Africa,Africa,Cercopithecidae,Chlorocebus,Chlorocebus aethiops,Chlorocebus_aethiops,line/belt transects,0, , , ,0,2003,330,meter,NA, ,Chlorocebus aethiops,Chlorocebus aethiops,4.65,D,54.304,T,Omnivore,65,1.583,19.5,357,162,182,369.6,1,1.88,Polygyndry,Polygyndry, ,2Tropical_and_suptropical_moist_broadleaf_forest,0.722040295,0.79,91.4,1.4,1.54,90.77,2.18,2.54,85.97,3.19,3.8,83.89,4.26,5.31,80.19,NA,7.07,NA,6.79,9.08,74.8,8.14,11.34,71.81,9.56,13.85,69,11.09,16.62,66.72,12.72,19.63,64.79,14.32,22.9,62.52,15.95,26.42,60.38,17.73,30.19,58.73,19.59,34.21,57.27,21.43,38.48,55.68,23.23,43.01,54.01,25.31,47.78,52.97,27.54,52.81,52.15,29.82,58.09,51.33,31.99,63.62,50.29
-1,9191,24,Hayward 2009,Richness,28.8369,-32.28202,Precise,South Africa,Africa,Cercopithecidae,Chlorocebus,Chlorocebus aethiops,Chlorocebus_aethiops,line/belt transects,0, , , ,0,2003,195,meter,NA, ,Chlorocebus aethiops,Chlorocebus aethiops,4.65,D,54.304,T,Omnivore,65,1.583,19.5,357,162,182,369.6,1,1.88,Polygyndry,Polygyndry, ,2Tropical_and_suptropical_moist_broadleaf_forest,0.77539662,0.79,98.15,1.52,1.54,98.69,2.51,2.54,98.91,3.75,3.8,98.69,5.19,5.31,97.8,NA,7.07,NA,8.51,9.08,93.76,10.35,11.34,91.26,12.22,13.85,88.24,14.16,16.62,85.2,16.07,19.63,81.88,17.92,22.9,78.26,19.92,26.42,75.39,22.1,30.19,73.19,24.29,34.21,71.01,26.43,38.48,68.7,28.54,43.01,66.36,30.62,47.78,64.09,32.72,52.81,61.95,34.95,58.09,60.16,37.29,63.62,58.61
-1,9192,24,Hayward 2009,Richness,28.83398,-32.28284,Precise,South Africa,Africa,Cercopithecidae,Chlorocebus,Chlorocebus aethiops,Chlorocebus_aethiops,line/belt transects,0, , , ,0,2003,350,meter,NA, ,Chlorocebus aethiops,Chlorocebus aethiops,4.65,D,54.304,T,Omnivore,65,1.583,19.5,357,162,182,369.6,1,1.88,Polygyndry,Polygyndry, ,2Tropical_and_suptropical_moist_broadleaf_forest,0.775383786,0.79,98.15,1.52,1.54,98.69,2.51,2.54,98.9,3.72,3.8,97.81,5.11,5.31,96.22,NA,7.07,NA,8.38,9.08,92.3,10.32,11.34,91,12.28,13.85,88.69,14.3,16.62,86.04,16.22,19.63,82.64,18.16,22.9,79.31,20.25,26.42,76.66,22.44,30.19,74.33,24.55,34.21,71.78,26.72,38.48,69.43,28.78,43.01,66.9,30.75,47.78,64.36,32.75,52.81,62.02,35.05,58.09,60.34,37.67,63.62,59.21
-1,9193,24,Hayward 2009,Richness,28.87123,-32.28307,Precise,South Africa,Africa,Cercopithecidae,Chlorocebus,Chlorocebus aethiops,Chlorocebus_aethiops,line/belt transects,0, , , ,0,2003,150,meter,NA, ,Chlorocebus aethiops,Chlorocebus aethiops,4.65,D,54.304,T,Omnivore,65,1.583,19.5,357,162,182,369.6,1,1.88,Polygyndry,Polygyndry, ,2Tropical_and_suptropical_moist_broadleaf_forest,0.208326263,0.79,26.37,0.35,1.54,22.9,0.58,2.54,22.77,0.97,3.8,25.56,1.55,5.31,29.1,NA,7.07,NA,2.86,9.08,31.48,3.71,11.34,32.72,4.8,13.85,34.67,6.01,16.62,36.16,7.29,19.63,37.16,8.67,22.9,37.88,10.2,26.42,38.62,11.82,30.19,39.15,13.5,34.21,39.45,15.24,38.48,39.61,16.97,43.01,39.46,18.76,47.78,39.26,20.66,52.81,39.13,22.64,58.09,38.97,24.73,63.62,38.86
-1,9194,24,Hayward 2009,Richness,28.85623,-32.28431,Precise,South Africa,Africa,Cercopithecidae,Chlorocebus,Chlorocebus aethiops,Chlorocebus_aethiops,line/belt transects,0, , , ,0,2003,170,meter,NA, ,Chlorocebus aethiops,Chlorocebus aethiops,4.65,D,54.304,T,Omnivore,65,1.583,19.5,357,162,182,369.6,1,1.88,Polygyndry,Polygyndry, ,2Tropical_and_suptropical_moist_broadleaf_forest,0.666862889,0.79,84.41,1.23,1.54,79.62,1.94,2.54,76.28,2.8,3.8,73.65,3.75,5.31,70.71,NA,7.07,NA,6.01,9.08,66.15,7.24,11.34,63.82,8.57,13.85,61.85,9.86,16.62,59.3,11.35,19.63,57.84,12.91,22.9,56.36,14.62,26.42,55.34,16.43,30.19,54.43,18.25,34.21,53.34,20.08,38.48,52.19,21.94,43.01,51,23.77,47.78,49.76,25.84,52.81,48.94,28.06,58.09,48.31,30.28,63.62,47.59
-1,9195,24,Hayward 2009,Richness,28.83305,-32.28841,Precise,South Africa,Africa,Cercopithecidae,Chlorocebus,Chlorocebus aethiops,Chlorocebus_aethiops,line/belt transects,0, , , ,0,2003,276,meter,NA, ,Chlorocebus aethiops,Chlorocebus aethiops,4.65,D,54.304,T,Omnivore,65,1.583,19.5,357,162,182,369.6,1,1.88,Polygyndry,Polygyndry, ,2Tropical_and_suptropical_moist_broadleaf_forest,0.774411896,0.79,98.03,1.46,1.54,94.77,2.35,2.54,92.59,3.45,3.8,90.88,4.77,5.31,89.88,NA,7.07,NA,8.11,9.08,89.28,9.83,11.34,86.71,11.6,13.85,83.76,13.41,16.62,80.7,15.3,19.63,77.96,17.07,22.9,74.53,18.79,26.42,71.11,20.55,30.19,68.06,22.42,34.21,65.54,24.43,38.48,63.5,26.51,43.01,61.63,28.52,47.78,59.7,30.55,52.81,57.84,32.94,58.09,56.7,35.25,63.62,55.41
-1,9196,24,Hayward 2009,Richness,28.83159,-32.29168,Precise,South Africa,Africa,Cercopithecidae,Chlorocebus,Chlorocebus aethiops,Chlorocebus_aethiops,line/belt transects,0, , , ,0,2003,120,meter,NA, ,Chlorocebus aethiops,Chlorocebus aethiops,4.65,D,54.304,T,Omnivore,65,1.583,19.5,357,162,182,369.6,1,1.88,Polygyndry,Polygyndry, ,2Tropical_and_suptropical_moist_broadleaf_forest,0.711415499,0.79,90.05,1.32,1.54,85.45,2.16,2.54,84.97,3.3,3.8,86.86,4.66,5.31,87.78,NA,7.07,NA,7.64,9.08,84.17,9.24,11.34,81.48,10.92,13.85,78.87,12.61,16.62,75.87,14.36,19.63,73.16,16.1,22.9,70.31,17.85,26.42,67.57,19.6,30.19,64.94,21.41,34.21,62.58,23.43,38.48,60.9,25.37,43.01,58.98,27.34,47.78,57.21,29.47,52.81,55.81,31.79,58.09,54.73,34.25,63.62,53.83
-1,9197,24,Hayward 2009,Richness,28.8276,-32.29198,Precise,South Africa,Africa,Cercopithecidae,Chlorocebus,Chlorocebus aethiops,Chlorocebus_aethiops,line/belt transects,0, , , ,0,2003,230,meter,NA, ,Chlorocebus aethiops,Chlorocebus aethiops,4.65,D,54.304,T,Omnivore,65,1.583,19.5,357,162,182,369.6,1,1.88,Polygyndry,Polygyndry, ,2Tropical_and_suptropical_moist_broadleaf_forest,0.76111997,0.79,96.34,1.47,1.54,95.66,2.33,2.54,91.81,3.41,3.8,89.76,4.79,5.31,90.17,NA,7.07,NA,7.89,9.08,86.9,9.52,11.34,83.93,11.24,13.85,81.17,12.98,16.62,78.1,14.78,19.63,75.3,16.56,22.9,72.31,18.4,26.42,69.63,20.24,30.19,67.05,22.1,34.21,64.6,23.91,38.48,62.14,25.78,43.01,59.94,28.05,47.78,58.7,30.48,52.81,57.72,32.97,58.09,56.75,35.6,63.62,55.96
-1,9198,24,Hayward 2009,Richness,28.8303,-32.29619,Precise,South Africa,Africa,Cercopithecidae,Chlorocebus,Chlorocebus aethiops,Chlorocebus_aethiops,line/belt transects,0, , , ,0,2003,160,meter,NA, ,Chlorocebus aethiops,Chlorocebus aethiops,4.65,D,54.304,T,Omnivore,65,1.583,19.5,357,162,182,369.6,1,1.88,Polygyndry,Polygyndry, ,2Tropical_and_suptropical_moist_broadleaf_forest,0.588432398,0.79,74.49,1.19,1.54,77.29,2.06,2.54,81.07,3.03,3.8,79.77,4.12,5.31,77.57,NA,7.07,NA,6.72,9.08,74.05,8.13,11.34,71.69,9.53,13.85,68.81,11,16.62,66.17,12.56,19.63,64.01,14.33,22.9,62.59,16.23,26.42,61.41,18.09,30.19,59.92,20.05,34.21,58.6,21.98,38.48,57.11,23.8,43.01,55.33,25.65,47.78,53.68,27.62,52.81,52.29,29.82,58.09,51.33,32.15,63.62,50.54
-1,9199,24,Hayward 2009,Richness,28.82862,-32.29751,Precise,South Africa,Africa,Cercopithecidae,Chlorocebus,Chlorocebus aethiops,Chlorocebus_aethiops,line/belt transects,0, , , ,0,2003,310,meter,NA, ,Chlorocebus aethiops,Chlorocebus aethiops,4.65,D,54.304,T,Omnivore,65,1.583,19.5,357,162,182,369.6,1,1.88,Polygyndry,Polygyndry, ,2Tropical_and_suptropical_moist_broadleaf_forest,0.684468887,0.79,86.64,1.3,1.54,84.24,2.1,2.54,82.6,3,3.8,78.98,4.05,5.31,76.28,NA,7.07,NA,6.53,9.08,71.88,7.85,11.34,69.19,9.17,13.85,66.21,10.63,16.62,63.96,12.33,19.63,62.8,14.14,22.9,61.75,15.98,26.42,60.48,17.86,30.19,59.15,19.89,34.21,58.14,21.87,38.48,56.83,23.54,43.01,54.72,25.42,47.78,53.2,27.45,52.81,51.98,29.56,58.09,50.88,31.89,63.62,50.13
-1,9200,24,Hayward 2009,Richness,28.81837,-32.29856,Precise,South Africa,Africa,Cercopithecidae,Chlorocebus,Chlorocebus aethiops,Chlorocebus_aethiops,line/belt transects,0, , , ,0,2003,120,meter,NA, ,Chlorocebus aethiops,Chlorocebus aethiops,4.65,D,54.304,T,Omnivore,65,1.583,19.5,357,162,182,369.6,1,1.88,Polygyndry,Polygyndry, ,2Tropical_and_suptropical_moist_broadleaf_forest,0.775370903,0.79,98.15,1.52,1.54,98.66,2.48,2.54,97.49,3.67,3.8,96.6,4.83,5.31,90.89,NA,7.07,NA,7.18,9.08,79.09,8.5,11.34,74.95,9.92,13.85,71.63,11.59,16.62,69.74,13.38,19.63,68.15,15.19,22.9,66.35,17.16,26.42,64.94,19.21,30.19,63.64,21.27,34.21,62.19,23.34,38.48,60.66,25.35,43.01,58.94,27.7,47.78,57.98,30.07,52.81,56.95,32.61,58.09,56.13,35.25,63.62,55.4
-1,9201,24,Hayward 2009,Richness,28.82439,-32.30092,Precise,South Africa,Africa,Cercopithecidae,Chlorocebus,Chlorocebus aethiops,Chlorocebus_aethiops,line/belt transects,0, , , ,0,2003,50,meter,NA, ,Chlorocebus aethiops,Chlorocebus aethiops,4.65,D,54.304,T,Omnivore,65,1.583,19.5,357,162,182,369.6,1,1.88,Polygyndry,Polygyndry, ,2Tropical_and_suptropical_moist_broadleaf_forest,0.775351107,0.79,98.15,1.47,1.54,95.39,2.26,2.54,88.85,3.06,3.8,80.5,3.83,5.31,72.15,NA,7.07,NA,5.79,9.08,63.72,7.07,11.34,62.33,8.53,13.85,61.62,10.08,16.62,60.66,11.73,19.63,59.73,13.45,22.9,58.75,15.27,26.42,57.79,17.2,30.19,56.97,19.04,34.21,55.67,21.06,38.48,54.73,23.07,43.01,53.64,24.99,47.78,52.3,26.9,52.81,50.94,29.04,58.09,49.98,31.53,63.62,49.55
-1,9202,24,Hayward 2009,Richness,28.83452,-32.30242,Precise,South Africa,Africa,Cercopithecidae,Chlorocebus,Chlorocebus aethiops,Chlorocebus_aethiops,line/belt transects,0, , , ,0,2003,85,meter,NA, ,Chlorocebus aethiops,Chlorocebus aethiops,4.65,D,54.304,T,Omnivore,65,1.583,19.5,357,162,182,369.6,1,1.88,Polygyndry,Polygyndry, ,2Tropical_and_suptropical_moist_broadleaf_forest,0.329068835,0.79,41.65,0.55,1.54,35.5,0.98,2.54,38.51,1.51,3.8,39.66,2.27,5.31,42.8,NA,7.07,NA,4.18,9.08,46.09,5.28,11.34,46.55,6.42,13.85,46.38,7.69,16.62,46.27,9.04,19.63,46.05,10.65,22.9,46.49,12.29,26.42,46.5,14,30.19,46.38,15.79,34.21,46.15,17.63,38.48,45.83,19.62,43.01,45.61,21.54,47.78,45.08,23.54,52.81,44.58,25.39,58.09,43.71,27.31,63.62,42.92
-1,9203,24,Hayward 2009,Richness,28.82934,-32.30245,Precise,South Africa,Africa,Cercopithecidae,Chlorocebus,Chlorocebus aethiops,Chlorocebus_aethiops,line/belt transects,0, , , ,0,2003,210,meter,NA, ,Chlorocebus aethiops,Chlorocebus aethiops,4.65,D,54.304,T,Omnivore,65,1.583,19.5,357,162,182,369.6,1,1.88,Polygyndry,Polygyndry, ,2Tropical_and_suptropical_moist_broadleaf_forest,0.621918411,0.79,78.72,1.05,1.54,68.12,1.55,2.54,60.87,2.15,3.8,56.47,2.91,5.31,54.78,NA,7.07,NA,4.77,9.08,52.53,5.89,11.34,51.92,7.15,13.85,51.64,8.65,16.62,52.06,10.24,19.63,52.15,11.88,22.9,51.88,13.55,26.42,51.31,15.32,30.19,50.76,17.18,34.21,50.22,19.03,38.48,49.46,21.01,43.01,48.85,22.93,47.78,47.98,24.94,52.81,47.23,26.86,58.09,46.24,28.83,63.62,45.31
-1,9204,24,Hayward 2009,Richness,28.83667,-32.30265,Precise,South Africa,Africa,Cercopithecidae,Chlorocebus,Chlorocebus aethiops,Chlorocebus_aethiops,line/belt transects,0, , , ,0,2003,140,meter,NA, ,Chlorocebus aethiops,Chlorocebus aethiops,4.65,D,54.304,T,Omnivore,65,1.583,19.5,357,162,182,369.6,1,1.88,Polygyndry,Polygyndry, ,2Tropical_and_suptropical_moist_broadleaf_forest,0.222423526,0.79,28.15,0.42,1.54,27.09,0.76,2.54,30.09,1.24,3.8,32.68,1.95,5.31,36.79,NA,7.07,NA,3.76,9.08,41.4,4.84,11.34,42.7,6.05,13.85,43.66,7.23,16.62,43.52,8.5,19.63,43.3,9.9,22.9,43.24,11.56,26.42,43.76,13.28,30.19,44,15.04,34.21,43.95,16.85,38.48,43.79,18.81,43.01,43.73,20.85,47.78,43.63,22.73,52.81,43.05,24.7,58.09,42.52,26.53,63.62,41.7
-1,9205,24,Hayward 2009,Richness,28.82586,-32.30687,Precise,South Africa,Africa,Cercopithecidae,Chlorocebus,Chlorocebus aethiops,Chlorocebus_aethiops,line/belt transects,0, , , ,0,2003,90,meter,NA, ,Chlorocebus aethiops,Chlorocebus aethiops,4.65,D,54.304,T,Omnivore,65,1.583,19.5,357,162,182,369.6,1,1.88,Polygyndry,Polygyndry, ,2Tropical_and_suptropical_moist_broadleaf_forest,0.408888204,0.79,51.76,0.79,1.54,51.54,1.29,2.54,50.77,1.85,3.8,48.78,2.36,5.31,44.49,NA,7.07,NA,3.86,9.08,42.53,4.97,11.34,43.87,6.23,13.85,44.95,7.61,16.62,45.79,9.06,19.63,46.14,10.6,22.9,46.28,12.17,26.42,46.07,13.86,30.19,45.9,15.6,34.21,45.59,17.37,38.48,45.14,19.29,43.01,44.85,21.38,47.78,44.75,23.5,52.81,44.49,25.57,58.09,44.02,27.69,63.62,43.53
-1,9206,24,Hayward 2009,Richness,28.81895,-32.30757,Precise,South Africa,Africa,Cercopithecidae,Chlorocebus,Chlorocebus aethiops,Chlorocebus_aethiops,line/belt transects,0, , , ,0,2003,140,meter,NA, ,Chlorocebus aethiops,Chlorocebus aethiops,4.65,D,54.304,T,Omnivore,65,1.583,19.5,357,162,182,369.6,1,1.88,Polygyndry,Polygyndry, ,2Tropical_and_suptropical_moist_broadleaf_forest,0.54798676,0.79,69.37,0.91,1.54,58.84,1.35,2.54,53.28,2.07,3.8,54.41,2.97,5.31,55.95,NA,7.07,NA,5.09,9.08,56.02,6.13,11.34,54.04,7.34,13.85,52.99,8.59,16.62,51.67,10,19.63,50.96,11.57,22.9,50.52,13.14,26.42,49.75,14.9,30.19,49.34,16.8,34.21,49.1,18.66,38.48,48.49,20.71,43.01,48.16,22.89,47.78,47.9,25.21,52.81,47.73,27.57,58.09,47.46,30.05,63.62,47.23
-1,9207,24,Hayward 2009,Richness,28.82161,-32.30788,Precise,South Africa,Africa,Cercopithecidae,Chlorocebus,Chlorocebus aethiops,Chlorocebus_aethiops,line/belt transects,0, , , ,0,2003,175,meter,NA, ,Chlorocebus aethiops,Chlorocebus aethiops,4.65,D,54.304,T,Omnivore,65,1.583,19.5,357,162,182,369.6,1,1.88,Polygyndry,Polygyndry, ,2Tropical_and_suptropical_moist_broadleaf_forest,0.501498087,0.79,63.48,0.85,1.54,55.26,1.28,2.54,50.31,1.79,3.8,46.98,2.58,5.31,48.68,NA,7.07,NA,4.51,9.08,49.67,5.54,11.34,48.86,6.67,13.85,48.13,8,16.62,48.15,9.37,19.63,47.72,10.91,22.9,47.64,12.55,26.42,47.49,14.17,30.19,46.93,15.94,34.21,46.61,17.91,38.48,46.54,19.94,43.01,46.36,21.95,47.78,45.93,24.1,52.81,45.64,26.43,58.09,45.5,28.79,63.62,45.26
