OID,N,N_study,Source,BASE,X,Y,Precise,Country,Realm,Family,Genus,Taxon,Taxon_ITIS,Sample_met,Ocurrence,N_groups,Abundanc_1,Abundance,Density,Sample_yea,Sampling_e,Sampling_1,ID_Todo,TRAITS,Taxon_IT_1,ITIS_SPECI,BodyMass_k,DielActivi,HomeRange_,Locomotion,TrophicGui,Brain_size,Canine_Dim,MeanGroupS,Interbirth,Gestation,WeaningAge,MaxLongevi,LitterSz,AdultSexRa,Social_Sys,Mating_Sys,FOREST,BIOME,Buffer_500,Area500,FC_500,Buffer_700,Area700,FC_700,Buffer_900,Area900,FC_900,Buffer_110,Area1100,FC1100,Buffer_130,Area1300,FC_1300,Buffer_150,Area1500,FC_1500,Buffer_170,Area1700,FC_1700,Buffer_190,Area1900,FC_1900,Buffer_210,Area2100,FC_2100,Buffer_230,Area2300,FC_2300,Buffer_250,Area2500,FC_2500,Buffer_270,Area2700,FC_2700,Buffer_290,Area2900,FC_2900,Buffer_310,Area3100,FC_3100,Buffer_330,Area3300,FC_3300,Buffer_350,Area3500,FC_3500,Buffer_370,Area3700,F_Buffer_3,Buffer_390,Area_3900,FC_3900,Buffer_410,Area4100,FC_4100,Buffer_430,Area4300,FC_4300,Buffer_450,Area4500,FC_4500
-1,9209,259,Karere et al. 2004,Richness,40.11696667,-1.85195,Precise,Kenya,Africa,Cercopithecidae,Chlorocebus,Chlorocebus aethiops,Chlorocebus_aethiops,quadrat census,0,0, , ,0,2001,1,man-hours,NA, ,Chlorocebus aethiops,Chlorocebus aethiops,4.65,D,54.304,T,Omnivore,65,1.583,19.5,357,162,182,369.6,1,1.88,Polygyndry,Polygyndry, ,8Tropical and Subtropical Grasslands Savannas and Shrublands,0.127910092,0.79,16.19,0.24,1.54,15.71,0.3,2.54,11.8,0.33,3.8,8.66,0.4,5.31,7.59,0.56,7.07,7.99,0.78,9.08,8.55,0.98,11.34,8.62,1.13,13.85,8.15,1.26,16.62,7.58,1.43,19.63,7.26,1.64,22.9,7.14,1.88,26.42,7.11,2.12,30.19,7.02,2.41,34.21,7.06,2.73,38.48,7.09,3.01,43.01,6.99,3.26,47.78,6.82,3.53,52.81,6.69,3.87,58.09,6.66,4.19,63.62,6.58
-1,9210,259,Karere et al. 2004,Richness,40.1175,-1.854741667,Precise,Kenya,Africa,Cercopithecidae,Chlorocebus,Chlorocebus aethiops,Chlorocebus_aethiops,quadrat census,0,0, , ,0,2001,8.3,man-hours,NA, ,Chlorocebus aethiops,Chlorocebus aethiops,4.65,D,54.304,T,Omnivore,65,1.583,19.5,357,162,182,369.6,1,1.88,Polygyndry,Polygyndry, ,8Tropical and Subtropical Grasslands Savannas and Shrublands,0.093066221,0.79,11.78,0.13,1.54,8.47,0.19,2.54,7.65,0.32,3.8,8.39,0.38,5.31,7.22,0.48,7.07,6.73,0.68,9.08,7.44,0.88,11.34,7.79,1,13.85,7.23,1.15,16.62,6.89,1.31,19.63,6.65,1.5,22.9,6.54,1.67,26.42,6.32,1.93,30.19,6.41,2.19,34.21,6.39,2.51,38.48,6.53,2.81,43.01,6.54,3.11,47.78,6.5,3.43,52.81,6.49,3.84,58.09,6.6,4.33,63.62,6.8
-1,9211,259,Karere et al. 2004,Richness,40.11825556,-1.839294444,Precise,Kenya,Africa,Cercopithecidae,Chlorocebus,Chlorocebus aethiops,Chlorocebus_aethiops,quadrat census,0,0, , ,0,2001,7.3,man-hours,NA, ,Chlorocebus aethiops,Chlorocebus aethiops,4.65,D,54.304,T,Omnivore,65,1.583,19.5,357,162,182,369.6,1,1.88,Polygyndry,Polygyndry, ,8Tropical and Subtropical Grasslands Savannas and Shrublands,0.115808193,0.79,14.66,0.27,1.54,17.29,0.55,2.54,21.51,0.77,3.8,20.22,0.96,5.31,18,1.14,7.07,16.13,1.39,9.08,15.31,1.69,11.34,14.93,2.06,13.85,14.85,2.32,16.62,13.97,2.6,19.63,13.23,2.86,22.9,12.48,3.13,26.42,11.84,3.32,30.19,11.01,3.49,34.21,10.2,3.69,38.48,9.58,3.89,43.01,9.04,4.06,47.78,8.49,4.23,52.81,8.01,4.39,58.09,7.55,4.54,63.62,7.13
-1,9212,259,Karere et al. 2004,Richness,40.13341667,-1.969180556,Precise,Kenya,Africa,Cercopithecidae,Chlorocebus,Chlorocebus aethiops,Chlorocebus_aethiops,quadrat census,1,1, , ,0,2001,7.5,man-hours,NA, ,Chlorocebus aethiops,Chlorocebus aethiops,4.65,D,54.304,T,Omnivore,65,1.583,19.5,357,162,182,369.6,1,1.88,Polygyndry,Polygyndry, ,2Tropical_and_suptropical_moist_broadleaf_forest,0.456779749,0.79,57.82,0.68,1.54,44.04,0.97,2.54,38.14,1.31,3.8,34.41,1.66,5.31,31.3,NA,7.07,NA,2.18,9.08,23.98,2.49,11.34,21.96,2.81,13.85,20.28,3.02,16.62,18.19,3.3,19.63,16.81,3.6,22.9,15.71,3.91,26.42,14.8,4.3,30.19,14.23,4.88,34.21,14.26,5.43,38.48,14.11,5.87,43.01,13.65,6.34,47.78,13.27,7,52.81,13.26,7.77,58.09,13.38,8.45,63.62,13.29
-1,9213,259,Karere et al. 2004,Richness,40.134425,-1.932194444,Precise,Kenya,Africa,Cercopithecidae,Chlorocebus,Chlorocebus aethiops,Chlorocebus_aethiops,quadrat census,0,0, , ,0,2001,8,man-hours,NA, ,Chlorocebus aethiops,Chlorocebus aethiops,4.65,D,54.304,T,Omnivore,65,1.583,19.5,357,162,182,369.6,1,1.88,Polygyndry,Polygyndry, ,2Tropical_and_suptropical_moist_broadleaf_forest,0.56554853,0.79,71.59,0.94,1.54,61.19,1.34,2.54,52.89,1.68,3.8,44.22,2.14,5.31,40.35,NA,7.07,NA,3.13,9.08,34.42,3.58,11.34,31.61,4.19,13.85,30.26,4.9,16.62,29.5,5.49,19.63,27.98,6.08,22.9,26.56,6.71,26.42,25.41,7.32,30.19,24.24,8.02,34.21,23.44,8.71,38.48,22.64,9.39,43.01,21.84,10.01,47.78,20.95,10.67,52.81,20.2,11.37,58.09,19.57,12.04,63.62,18.92
-1,9214,259,Karere et al. 2004,Richness,40.13494167,-1.957194444,Precise,Kenya,Africa,Cercopithecidae,Chlorocebus,Chlorocebus aethiops,Chlorocebus_aethiops,quadrat census,0,0, , ,0,2001,24,man-hours,NA, ,Chlorocebus aethiops,Chlorocebus aethiops,4.65,D,54.304,T,Omnivore,65,1.583,19.5,357,162,182,369.6,1,1.88,Polygyndry,Polygyndry, ,2Tropical_and_suptropical_moist_broadleaf_forest,0.484746303,0.79,61.36,0.81,1.54,52.89,1.26,2.54,49.75,1.78,3.8,46.81,2.22,5.31,41.81,NA,7.07,NA,2.92,9.08,32.1,3.25,11.34,28.63,3.58,13.85,25.83,3.89,16.62,23.44,4.2,19.63,21.37,4.49,22.9,19.62,4.9,26.42,18.57,5.32,30.19,17.62,5.75,34.21,16.81,6.13,38.48,15.93,6.48,43.01,15.06,6.86,47.78,14.36,7.36,52.81,13.94,7.97,58.09,13.72,8.55,63.62,13.44
-1,9215,259,Karere et al. 2004,Richness,40.15021667,-1.893891667,Precise,Kenya,Africa,Cercopithecidae,Chlorocebus,Chlorocebus aethiops,Chlorocebus_aethiops,quadrat census,1,1, , ,0,2001,112,man-hours,NA, ,Chlorocebus aethiops,Chlorocebus aethiops,4.65,D,54.304,T,Omnivore,65,1.583,19.5,357,162,182,369.6,1,1.88,Polygyndry,Polygyndry, ,2Tropical_and_suptropical_moist_broadleaf_forest,0.696369163,0.79,88.15,1.16,1.54,75.31,1.62,2.54,63.78,1.97,3.8,51.8,2.36,5.31,44.46,NA,7.07,NA,3.56,9.08,39.22,4.29,11.34,37.87,4.96,13.85,35.85,5.6,16.62,33.67,6.22,19.63,31.69,6.83,22.9,29.82,7.29,26.42,27.59,7.69,30.19,25.47,8.06,34.21,23.57,8.65,38.48,22.47,9.14,43.01,21.25,9.63,47.78,20.15,9.99,52.81,18.91,10.35,58.09,17.82,10.74,63.62,16.89
-1,9216,259,Karere et al. 2004,Richness,40.15268056,-2.022344444,Precise,Kenya,Africa,Cercopithecidae,Chlorocebus,Chlorocebus aethiops,Chlorocebus_aethiops,quadrat census,0,0, , ,0,2001,6,man-hours,NA, ,Chlorocebus aethiops,Chlorocebus aethiops,4.65,D,54.304,T,Omnivore,65,1.583,19.5,357,162,182,369.6,1,1.88,Polygyndry,Polygyndry, ,2Tropical_and_suptropical_moist_broadleaf_forest,0.379131119,0.79,47.99,0.67,1.54,43.72,1.07,2.54,41.97,1.4,3.8,36.78,1.67,5.31,31.39,NA,7.07,NA,2.1,9.08,23.18,2.55,11.34,22.45,3.17,13.85,22.92,3.97,16.62,23.87,4.87,19.63,24.82,6.01,22.9,26.25,7.27,26.42,27.51,8.29,30.19,27.46,9.15,34.21,26.73,9.86,38.48,25.62,10.68,43.01,24.83,11.38,47.78,23.81,11.93,52.81,22.58,12.26,58.09,21.11,12.61,63.62,19.82
-1,9217,259,Karere et al. 2004,Richness,40.16669722,-2.200561111,Precise,Kenya,Africa,Cercopithecidae,Chlorocebus,Chlorocebus aethiops,Chlorocebus_aethiops,quadrat census,0,0, , ,0,2001,8,man-hours,NA, ,Chlorocebus aethiops,Chlorocebus aethiops,4.65,D,54.304,T,Omnivore,65,1.583,19.5,357,162,182,369.6,1,1.88,Polygyndry,Polygyndry, ,2Tropical_and_suptropical_moist_broadleaf_forest,0.424224839,0.79,53.7,0.68,1.54,44.01,1.04,2.54,41.05,1.32,3.8,34.71,1.59,5.31,30,NA,7.07,NA,2.16,9.08,23.75,2.55,11.34,22.47,2.85,13.85,20.6,3.15,16.62,18.98,3.57,19.63,18.21,4.37,22.9,19.09,5.11,26.42,19.35,5.78,30.19,19.16,6.4,34.21,18.71,7.06,38.48,18.35,7.83,43.01,18.21,8.67,47.78,18.14,9.55,52.81,18.09,10.46,58.09,18.01,11.35,63.62,17.83
-1,9218,259,Karere et al. 2004,Richness,40.16710833,-2.209816667,Precise,Kenya,Africa,Cercopithecidae,Chlorocebus,Chlorocebus aethiops,Chlorocebus_aethiops,quadrat census,1,1, , ,0,2001,6.7,man-hours,NA, ,Chlorocebus aethiops,Chlorocebus aethiops,4.65,D,54.304,T,Omnivore,65,1.583,19.5,357,162,182,369.6,1,1.88,Polygyndry,Polygyndry, ,2Tropical_and_suptropical_moist_broadleaf_forest,0.534104944,0.79,67.61,0.72,1.54,47.02,0.84,2.54,33,1.09,3.8,28.74,1.35,5.31,25.44,NA,7.07,NA,1.9,9.08,20.88,2.3,11.34,20.32,2.78,13.85,20.05,3.14,16.62,18.88,3.55,19.63,18.09,3.9,22.9,17.02,4.38,26.42,16.57,5.03,30.19,16.65,5.88,34.21,17.19,6.89,38.48,17.9,7.72,43.01,17.94,8.37,47.78,17.51,8.75,52.81,16.57,9.33,58.09,16.06,9.96,63.62,15.65
-1,9219,259,Karere et al. 2004,Richness,40.16711944,-2.284622222,Precise,Kenya,Africa,Cercopithecidae,Chlorocebus,Chlorocebus aethiops,Chlorocebus_aethiops,quadrat census,0,0, , ,0,2001,3,man-hours,NA, ,Chlorocebus aethiops,Chlorocebus aethiops,4.65,D,54.304,T,Omnivore,65,1.583,19.5,357,162,182,369.6,1,1.88,Polygyndry,Polygyndry, ,2Tropical_and_suptropical_moist_broadleaf_forest,0.475524525,0.79,60.19,0.84,1.54,54.31,1.11,2.54,43.57,1.38,3.8,36.26,1.66,5.31,31.33,NA,7.07,NA,2.24,9.08,24.66,2.65,11.34,23.34,3.17,13.85,22.9,3.72,16.62,22.4,4.31,19.63,21.93,4.81,22.9,21.01,5.28,26.42,19.98,5.76,30.19,19.07,6.39,34.21,18.67,7.06,38.48,18.35,7.75,43.01,18.01,8.43,47.78,17.65,9.1,52.81,17.23,9.64,58.09,16.6,10.41,63.62,16.37
-1,9220,259,Karere et al. 2004,Richness,40.16768333,-1.925305556,Precise,Kenya,Africa,Cercopithecidae,Chlorocebus,Chlorocebus aethiops,Chlorocebus_aethiops,quadrat census,0,0, , ,0,2001,8,man-hours,NA, ,Chlorocebus aethiops,Chlorocebus aethiops,4.65,D,54.304,T,Omnivore,65,1.583,19.5,357,162,182,369.6,1,1.88,Polygyndry,Polygyndry, ,2Tropical_and_suptropical_moist_broadleaf_forest,0.099719827,0.79,12.62,0.14,1.54,9.29,0.16,2.54,6.26,0.18,3.8,4.61,0.23,5.31,4.39,NA,7.07,NA,0.3,9.08,3.31,0.4,11.34,3.54,0.65,13.85,4.71,1.07,16.62,6.43,1.65,19.63,8.42,2.14,22.9,9.34,2.49,26.42,9.41,2.85,30.19,9.45,3.37,34.21,9.86,4.06,38.48,10.54,4.93,43.01,11.47,5.81,47.78,12.15,6.73,52.81,12.74,7.71,58.09,13.28,8.68,63.62,13.64
-1,9221,259,Karere et al. 2004,Richness,40.16824167,-2.195261111,Precise,Kenya,Africa,Cercopithecidae,Chlorocebus,Chlorocebus aethiops,Chlorocebus_aethiops,quadrat census,0,0, , ,0,2001,4,man-hours,NA, ,Chlorocebus aethiops,Chlorocebus aethiops,4.65,D,54.304,T,Omnivore,65,1.583,19.5,357,162,182,369.6,1,1.88,Polygyndry,Polygyndry, ,2Tropical_and_suptropical_moist_broadleaf_forest,0.355516475,0.79,45,0.67,1.54,43.77,1.05,2.54,41.2,1.25,3.8,32.89,1.43,5.31,26.95,NA,7.07,NA,2.24,9.08,24.66,2.71,11.34,23.87,3.1,13.85,22.41,3.41,16.62,20.5,3.71,19.63,18.9,4.29,22.9,18.74,4.96,26.42,18.76,5.86,30.19,19.42,6.77,34.21,19.78,7.74,38.48,20.11,8.52,43.01,19.82,9.26,47.78,19.39,9.94,52.81,18.82,10.67,58.09,18.38,11.53,63.62,18.12
-1,9222,259,Karere et al. 2004,Richness,40.16840833,-2.093391667,Precise,Kenya,Africa,Cercopithecidae,Chlorocebus,Chlorocebus aethiops,Chlorocebus_aethiops,quadrat census,0,0, , ,0,2001,2.5,man-hours,NA, ,Chlorocebus aethiops,Chlorocebus aethiops,4.65,D,54.304,T,Omnivore,65,1.583,19.5,357,162,182,369.6,1,1.88,Polygyndry,Polygyndry, ,2Tropical_and_suptropical_moist_broadleaf_forest,0.151743995,0.79,19.21,0.18,1.54,11.67,0.19,2.54,7.51,0.26,3.8,6.91,0.44,5.31,8.21,NA,7.07,NA,0.76,9.08,8.32,1.05,11.34,9.24,1.32,13.85,9.56,1.58,16.62,9.5,1.88,19.63,9.59,2.12,22.9,9.24,2.37,26.42,8.97,2.75,30.19,9.1,3.23,34.21,9.45,3.66,38.48,9.51,3.91,43.01,9.1,4.29,47.78,8.98,4.75,52.81,9,5.12,58.09,8.82,5.42,63.62,8.52
-1,9223,259,Karere et al. 2004,Richness,40.200125,-2.214263889,Precise,Kenya,Africa,Cercopithecidae,Chlorocebus,Chlorocebus aethiops,Chlorocebus_aethiops,quadrat census,0,0, , ,0,2001,2.7,man-hours,NA, ,Chlorocebus aethiops,Chlorocebus aethiops,4.65,D,54.304,T,Omnivore,65,1.583,19.5,357,162,182,369.6,1,1.88,Polygyndry,Polygyndry, ,2Tropical_and_suptropical_moist_broadleaf_forest,0.0736941,0.79,9.33,0.11,1.54,6.87,0.12,2.54,4.63,0.26,3.8,6.95,0.41,5.31,7.78,NA,7.07,NA,1.13,9.08,12.42,1.85,11.34,16.34,2.7,13.85,19.48,3.57,16.62,21.49,4.64,19.63,23.61,5.81,22.9,25.37,7.15,26.42,27.06,8.65,30.19,28.66,10.27,34.21,30.03,12.02,38.48,31.23,13.6,43.01,31.62,15.34,47.78,32.11,17.08,52.81,32.33,18.76,58.09,32.3,20.42,63.62,32.1
-1,9224,259,Karere et al. 2004,Richness,40.21727778,-2.275069444,Precise,Kenya,Africa,Cercopithecidae,Chlorocebus,Chlorocebus aethiops,Chlorocebus_aethiops,quadrat census,0,0, , ,0,2001,1,man-hours,NA, ,Chlorocebus aethiops,Chlorocebus aethiops,4.65,D,54.304,T,Omnivore,65,1.583,19.5,357,162,182,369.6,1,1.88,Polygyndry,Polygyndry, ,2Tropical_and_suptropical_moist_broadleaf_forest,0.381514968,0.79,48.29,0.58,1.54,37.68,0.86,2.54,33.88,1.33,3.8,35.03,1.92,5.31,36.21,NA,7.07,NA,2.93,9.08,32.22,3.54,11.34,31.26,4.35,13.85,31.39,5.26,16.62,31.67,6.32,19.63,32.2,7.22,22.9,31.52,8.14,26.42,30.8,8.96,30.19,29.67,10.16,34.21,29.69,11.58,38.48,30.1,13.19,43.01,30.68,14.88,47.78,31.14,16.8,52.81,31.81,18.79,58.09,32.34,20.9,63.62,32.86
-1,9225,259,Karere et al. 2004,Richness,40.10761111,-1.823936111,Precise,Kenya,Africa,Cercopithecidae,Chlorocebus,Chlorocebus aethiops,Chlorocebus_aethiops,quadrat census,0,0, , ,0,2001,7.4,man-hours,NA, ,Chlorocebus aethiops,Chlorocebus aethiops,4.65,D,54.304,T,Omnivore,65,1.583,19.5,357,162,182,369.6,1,1.88,Polygyndry,Polygyndry, ,8Tropical and Subtropical Grasslands Savannas and Shrublands,0.003682762,0.79,0.47,0.05,1.54,2.99,0.14,2.54,5.52,0.22,3.8,5.91,0.43,5.31,8.14,0.71,7.07,10.06,1.01,9.08,11.14,1.33,11.34,11.71,1.8,13.85,12.99,2.31,16.62,13.88,2.73,19.63,13.91,3.07,22.9,13.39,3.29,26.42,12.46,3.47,30.19,11.48,3.66,34.21,10.7,3.84,38.48,9.99,4.02,43.01,9.36,4.2,47.78,8.79,4.49,52.81,8.49,4.85,58.09,8.35,5.2,63.62,8.17
-1,9226,259,Karere et al. 2004,Richness,40.11052222,-1.835094444,Precise,Kenya,Africa,Cercopithecidae,Chlorocebus,Chlorocebus aethiops,Chlorocebus_aethiops,quadrat census,0,0, , ,0,2001,10,man-hours,NA, ,Chlorocebus aethiops,Chlorocebus aethiops,4.65,D,54.304,T,Omnivore,65,1.583,19.5,357,162,182,369.6,1,1.88,Polygyndry,Polygyndry, ,8Tropical and Subtropical Grasslands Savannas and Shrublands,0.076535031,0.79,9.69,0.19,1.54,12.65,0.34,2.54,13.54,0.57,3.8,14.92,0.79,5.31,14.95,1.01,7.07,14.24,1.25,9.08,13.78,1.5,11.34,13.21,1.66,13.85,11.97,1.94,16.62,11.65,2.31,19.63,11.76,2.62,22.9,11.45,2.89,26.42,10.95,3.19,30.19,10.58,3.44,34.21,10.04,3.63,38.48,9.44,3.8,43.01,8.84,3.94,47.78,8.24,4.06,52.81,7.69,4.25,58.09,7.31,4.43,63.62,6.96
-1,9227,259,Karere et al. 2004,Richness,40.11071667,-1.844038889,Precise,Kenya,Africa,Cercopithecidae,Chlorocebus,Chlorocebus aethiops,Chlorocebus_aethiops,quadrat census,0,0, , ,0,2001,13,man-hours,NA, ,Chlorocebus aethiops,Chlorocebus aethiops,4.65,D,54.304,T,Omnivore,65,1.583,19.5,357,162,182,369.6,1,1.88,Polygyndry,Polygyndry, ,8Tropical and Subtropical Grasslands Savannas and Shrublands,0.138485859,0.79,17.53,0.26,1.54,16.71,0.31,2.54,12.05,0.42,3.8,11.15,0.52,5.31,9.81,0.67,7.07,9.45,0.9,9.08,9.92,1.03,11.34,9.06,1.13,13.85,8.14,1.31,16.62,7.89,1.58,19.63,8.07,1.94,22.9,8.47,2.19,26.42,8.28,2.44,30.19,8.07,2.72,34.21,7.94,3.02,38.48,7.84,3.29,43.01,7.64,3.49,47.78,7.31,3.72,52.81,7.04,3.91,58.09,6.73,4.11,63.62,6.46
-1,9228,259,Karere et al. 2004,Richness,40.112,-1.826158333,Precise,Kenya,Africa,Cercopithecidae,Chlorocebus,Chlorocebus aethiops,Chlorocebus_aethiops,quadrat census,0,0, , ,0,2001,6.5,man-hours,NA, ,Chlorocebus aethiops,Chlorocebus aethiops,4.65,D,54.304,T,Omnivore,65,1.583,19.5,357,162,182,369.6,1,1.88,Polygyndry,Polygyndry, ,8Tropical and Subtropical Grasslands Savannas and Shrublands,0.095891838,0.79,12.14,0.22,1.54,14.56,0.48,2.54,19.05,0.72,3.8,19.02,0.9,5.31,16.91,1.28,7.07,18.15,1.76,9.08,19.4,2.14,11.34,18.88,2.54,13.85,18.33,2.86,16.62,17.18,3.07,19.63,15.62,3.28,22.9,14.32,3.42,26.42,12.96,3.55,30.19,11.76,3.72,34.21,10.88,3.92,38.48,10.17,4.19,43.01,9.75,4.41,47.78,9.24,4.63,52.81,8.77,4.85,58.09,8.35,5.12,63.62,8.05
-1,9229,259,Karere et al. 2004,Richness,40.11240278,-1.80855,Precise,Kenya,Africa,Cercopithecidae,Chlorocebus,Chlorocebus aethiops,Chlorocebus_aethiops,quadrat census,0,0, , ,0,2001,4,man-hours,NA, ,Chlorocebus aethiops,Chlorocebus aethiops,4.65,D,54.304,T,Omnivore,65,1.583,19.5,357,162,182,369.6,1,1.88,Polygyndry,Polygyndry, ,8Tropical and Subtropical Grasslands Savannas and Shrublands,0.017835791,0.79,2.26,0.08,1.54,5.41,0.22,2.54,8.48,0.36,3.8,9.39,0.69,5.31,13.02,0.92,7.07,12.98,1.41,9.08,15.56,1.93,11.34,17,2.33,13.85,16.8,2.72,16.62,16.38,3.34,19.63,16.99,3.93,22.9,17.18,4.4,26.42,16.66,4.71,30.19,15.6,4.89,34.21,14.29,5.1,38.48,13.26,5.19,43.01,12.08,5.23,47.78,10.95,5.29,52.81,10.01,5.37,58.09,9.25,5.48,63.62,8.62
-1,9230,259,Karere et al. 2004,Richness,40.11255556,-1.817552778,Precise,Kenya,Africa,Cercopithecidae,Chlorocebus,Chlorocebus aethiops,Chlorocebus_aethiops,quadrat census,0,0, , ,0,2001,5.7,man-hours,NA, ,Chlorocebus aethiops,Chlorocebus aethiops,4.65,D,54.304,T,Omnivore,65,1.583,19.5,357,162,182,369.6,1,1.88,Polygyndry,Polygyndry, ,8Tropical and Subtropical Grasslands Savannas and Shrublands,0.084251803,0.79,10.66,0.22,1.54,14.17,0.41,2.54,16.2,0.61,3.8,16.02,0.86,5.31,16.13,1.22,7.07,17.24,1.76,9.08,19.44,2.3,11.34,20.32,2.78,13.85,20.04,3.09,16.62,18.6,3.4,19.63,17.3,3.6,22.9,15.7,3.76,26.42,14.22,3.93,30.19,13,4.18,34.21,12.21,4.51,38.48,11.71,4.84,43.01,11.24,5.14,47.78,10.76,5.34,52.81,10.11,5.46,58.09,9.4,5.69,63.62,8.95
-1,9231,259,Karere et al. 2004,Richness,40.11478333,-1.761488889,Precise,Kenya,Africa,Cercopithecidae,Chlorocebus,Chlorocebus aethiops,Chlorocebus_aethiops,quadrat census,0,0, , ,0,2001,2,man-hours,NA, ,Chlorocebus aethiops,Chlorocebus aethiops,4.65,D,54.304,T,Omnivore,65,1.583,19.5,357,162,182,369.6,1,1.88,Polygyndry,Polygyndry, ,2Tropical_and_suptropical_moist_broadleaf_forest,0.118949074,0.79,15.06,0.23,1.54,14.81,0.45,2.54,17.68,0.62,3.8,16.28,0.75,5.31,14.11,NA,7.07,NA,1.33,9.08,14.62,1.71,11.34,15.1,2.01,13.85,14.55,2.31,16.62,13.88,2.7,19.63,13.77,3.29,22.9,14.35,3.86,26.42,14.6,4.32,30.19,14.31,4.82,34.21,14.09,5.38,38.48,13.98,5.96,43.01,13.85,6.52,47.78,13.65,6.94,52.81,13.15,7.32,58.09,12.6,7.5,63.62,11.79
-1,9232,259,Karere et al. 2004,Richness,40.11573056,-1.785438889,Precise,Kenya,Africa,Cercopithecidae,Chlorocebus,Chlorocebus aethiops,Chlorocebus_aethiops,quadrat census,0,0, , ,0,2001,48,man-hours,NA, ,Chlorocebus aethiops,Chlorocebus aethiops,4.65,D,54.304,T,Omnivore,65,1.583,19.5,357,162,182,369.6,1,1.88,Polygyndry,Polygyndry, ,8Tropical and Subtropical Grasslands Savannas and Shrublands,0.591696498,0.79,74.9,0.84,1.54,54.39,1.05,2.54,41.17,1.28,3.8,33.63,1.51,5.31,28.51,1.72,7.07,24.34,1.84,9.08,20.22,1.92,11.34,16.95,1.97,13.85,14.23,2.11,16.62,12.68,2.28,19.63,11.6,2.42,22.9,10.57,2.58,26.42,9.77,2.71,30.19,8.98,2.94,34.21,8.59,3.17,38.48,8.24,3.33,43.01,7.73,3.5,47.78,7.32,3.82,52.81,7.23,4.22,58.09,7.27,4.53,63.62,7.12
-1,9233,259,Karere et al. 2004,Richness,40.11969167,-1.815458333,Precise,Kenya,Africa,Cercopithecidae,Chlorocebus,Chlorocebus aethiops,Chlorocebus_aethiops,quadrat census,0,0, , ,0,2001,11,man-hours,NA, ,Chlorocebus aethiops,Chlorocebus aethiops,4.65,D,54.304,T,Omnivore,65,1.583,19.5,357,162,182,369.6,1,1.88,Polygyndry,Polygyndry, ,8Tropical and Subtropical Grasslands Savannas and Shrublands,0.328191509,0.79,41.54,0.55,1.54,35.41,0.98,2.54,38.44,1.47,3.8,38.65,1.83,5.31,34.53,2.27,7.07,32.08,2.66,9.08,29.33,2.91,11.34,25.68,3.13,13.85,22.58,3.37,16.62,20.31,3.6,19.63,18.35,3.79,22.9,16.55,3.98,26.42,15.05,4.17,30.19,13.8,4.44,34.21,12.98,4.82,38.48,12.52,5.14,43.01,11.96,5.28,47.78,11.05,5.41,52.81,10.24,5.58,58.09,9.61,5.76,63.62,9.06
-1,9234,259,Karere et al. 2004,Richness,40.11986667,-1.827222222,Precise,Kenya,Africa,Cercopithecidae,Chlorocebus,Chlorocebus aethiops,Chlorocebus_aethiops,quadrat census,0,0, , ,0,2001,10,man-hours,NA, ,Chlorocebus aethiops,Chlorocebus aethiops,4.65,D,54.304,T,Omnivore,65,1.583,19.5,357,162,182,369.6,1,1.88,Polygyndry,Polygyndry, ,8Tropical and Subtropical Grasslands Savannas and Shrublands,0.388192637,0.79,49.14,0.69,1.54,44.72,1.1,2.54,43.44,1.45,3.8,38.2,1.81,5.31,34.14,2.17,7.07,30.63,2.44,9.08,26.86,2.63,11.34,23.18,2.8,13.85,20.19,3.09,16.62,18.59,3.26,19.63,16.61,3.42,22.9,14.94,3.57,26.42,13.5,3.79,30.19,12.54,4.01,34.21,11.73,4.24,38.48,11.01,4.42,43.01,10.28,4.6,47.78,9.63,4.72,52.81,8.94,4.89,58.09,8.42,5.14,63.62,8.07
-1,9235,259,Karere et al. 2004,Richness,40.121225,-1.804869444,Precise,Kenya,Africa,Cercopithecidae,Chlorocebus,Chlorocebus aethiops,Chlorocebus_aethiops,quadrat census,0,0, , ,0,2001,2,man-hours,NA, ,Chlorocebus aethiops,Chlorocebus aethiops,4.65,D,54.304,T,Omnivore,65,1.583,19.5,357,162,182,369.6,1,1.88,Polygyndry,Polygyndry, ,8Tropical and Subtropical Grasslands Savannas and Shrublands,0.237496739,0.79,30.06,0.55,1.54,35.78,0.83,2.54,32.61,1.2,3.8,31.53,1.58,5.31,29.72,1.8,7.07,25.46,2.02,9.08,22.24,2.39,11.34,21.09,2.87,13.85,20.69,3.43,16.62,20.65,3.87,19.63,19.69,4.24,22.9,18.5,4.55,26.42,17.2,4.74,30.19,15.72,4.87,34.21,14.25,4.99,38.48,12.96,5.05,43.01,11.74,5.12,47.78,10.72,5.21,52.81,9.86,5.29,58.09,9.11,5.33,63.62,8.37
-1,9236,259,Karere et al. 2004,Richness,40.12819167,-1.856536111,Precise,Kenya,Africa,Cercopithecidae,Chlorocebus,Chlorocebus aethiops,Chlorocebus_aethiops,quadrat census,0,0, , ,0,2001,4,man-hours,NA, ,Chlorocebus aethiops,Chlorocebus aethiops,4.65,D,54.304,T,Omnivore,65,1.583,19.5,357,162,182,369.6,1,1.88,Polygyndry,Polygyndry, ,8Tropical and Subtropical Grasslands Savannas and Shrublands,0.193168259,0.79,24.45,0.35,1.54,22.43,0.43,2.54,17.11,0.49,3.8,12.82,0.58,5.31,10.94,0.72,7.07,10.21,0.83,9.08,9.19,0.94,11.34,8.27,1.04,13.85,7.54,1.13,16.62,6.82,1.35,19.63,6.87,1.57,22.9,6.83,1.76,26.42,6.68,1.92,30.19,6.37,2.36,34.21,6.89,2.68,38.48,6.96,3.02,43.01,7.02,3.56,47.78,7.44,4.13,52.81,7.82,4.59,58.09,7.91,4.96,63.62,7.79
-1,9237,259,Karere et al. 2004,Richness,40.13310833,-2.041966667,Precise,Kenya,Africa,Cercopithecidae,Chlorocebus,Chlorocebus aethiops,Chlorocebus_aethiops,quadrat census,0,0, , ,0,2001,0,man-hours,NA, ,Chlorocebus aethiops,Chlorocebus aethiops,4.65,D,54.304,T,Omnivore,65,1.583,19.5,357,162,182,369.6,1,1.88,Polygyndry,Polygyndry, ,2Tropical_and_suptropical_moist_broadleaf_forest,0.442223226,0.79,55.98,0.83,1.54,53.83,1.37,2.54,53.96,1.91,3.8,50.28,2.33,5.31,43.88,NA,7.07,NA,3.09,9.08,34,3.51,11.34,30.97,3.89,13.85,28.12,4.29,16.62,25.79,4.69,19.63,23.91,5.14,22.9,22.46,5.64,26.42,21.34,6.31,30.19,20.91,6.89,34.21,20.15,7.57,38.48,19.67,8.32,43.01,19.34,8.93,47.78,18.68,9.56,52.81,18.11,10.09,58.09,17.37,10.49,63.62,16.48
-1,9238,259,Karere et al. 2004,Richness,40.13657222,-1.890702778,Precise,Kenya,Africa,Cercopithecidae,Chlorocebus,Chlorocebus aethiops,Chlorocebus_aethiops,quadrat census,0,0, , ,0,2001,31,man-hours,NA, ,Chlorocebus aethiops,Chlorocebus aethiops,4.65,D,54.304,T,Omnivore,65,1.583,19.5,357,162,182,369.6,1,1.88,Polygyndry,Polygyndry, ,2Tropical_and_suptropical_moist_broadleaf_forest,0.699622042,0.79,88.56,1.22,1.54,79.29,1.72,2.54,67.82,2.22,3.8,58.42,2.76,5.31,52.01,NA,7.07,NA,4.01,9.08,44.19,4.63,11.34,40.79,5.25,13.85,37.92,5.69,16.62,34.26,6.1,19.63,31.1,6.61,22.9,28.86,7.17,26.42,27.13,7.71,30.19,25.54,8.2,34.21,23.98,8.76,38.48,22.76,9.19,43.01,21.37,9.51,47.78,19.89,9.87,52.81,18.69,10.45,58.09,17.99,10.97,63.62,17.25
-1,9239,259,Karere et al. 2004,Richness,40.13776944,-2.161186111,Precise,Kenya,Africa,Cercopithecidae,Chlorocebus,Chlorocebus aethiops,Chlorocebus_aethiops,quadrat census,0,0, , ,0,2001,0,man-hours,NA, ,Chlorocebus aethiops,Chlorocebus aethiops,4.65,D,54.304,T,Omnivore,65,1.583,19.5,357,162,182,369.6,1,1.88,Polygyndry,Polygyndry, ,2Tropical_and_suptropical_moist_broadleaf_forest,0.343115122,0.79,43.43,0.64,1.54,41.55,0.94,2.54,36.88,1.22,3.8,32.18,1.57,5.31,29.65,NA,7.07,NA,2.42,9.08,26.61,2.92,11.34,25.74,3.38,13.85,24.39,3.77,16.62,22.66,4.03,19.63,20.53,4.23,22.9,18.48,4.4,26.42,16.64,4.7,30.19,15.57,5.17,34.21,15.12,5.67,38.48,14.73,6,43.01,13.96,6.33,47.78,13.26,6.96,52.81,13.19,7.82,58.09,13.46,8.53,63.62,13.41
-1,9240,259,Karere et al. 2004,Richness,40.139,-1.868308333,Precise,Kenya,Africa,Cercopithecidae,Chlorocebus,Chlorocebus aethiops,Chlorocebus_aethiops,quadrat census,0,0, , ,0,2001,25.5,man-hours,NA, ,Chlorocebus aethiops,Chlorocebus aethiops,4.65,D,54.304,T,Omnivore,65,1.583,19.5,357,162,182,369.6,1,1.88,Polygyndry,Polygyndry, ,8Tropical and Subtropical Grasslands Savannas and Shrublands,0.256711437,0.79,32.5,0.36,1.54,23.43,0.47,2.54,18.54,0.55,3.8,14.52,0.63,5.31,11.91,0.74,7.07,10.53,0.88,9.08,9.74,1.05,11.34,9.23,1.3,13.85,9.39,1.47,16.62,8.83,1.71,19.63,8.72,2.11,22.9,9.22,2.53,26.42,9.56,2.96,30.19,9.8,3.36,34.21,9.82,3.73,38.48,9.71,4.1,43.01,9.53,4.33,47.78,9.07,4.62,52.81,8.74,4.94,58.09,8.5,5.22,63.62,8.21
-1,9241,259,Karere et al. 2004,Richness,40.14185833,-2.177630556,Precise,Kenya,Africa,Cercopithecidae,Chlorocebus,Chlorocebus aethiops,Chlorocebus_aethiops,quadrat census,0,0, , ,0,2001,0,man-hours,NA, ,Chlorocebus aethiops,Chlorocebus aethiops,4.65,D,54.304,T,Omnivore,65,1.583,19.5,357,162,182,369.6,1,1.88,Polygyndry,Polygyndry, ,2Tropical_and_suptropical_moist_broadleaf_forest,0.536257001,0.79,67.88,0.91,1.54,58.78,1.27,2.54,50.08,1.77,3.8,46.65,2.27,5.31,42.77,NA,7.07,NA,3.16,9.08,34.84,3.53,11.34,31.12,3.67,13.85,26.48,3.9,16.62,23.46,4.19,19.63,21.37,4.61,22.9,20.14,5.13,26.42,19.42,5.74,30.19,19.01,6.33,34.21,18.51,6.91,38.48,17.95,7.54,43.01,17.53,8.11,47.78,16.97,8.65,52.81,16.38,9.05,58.09,15.57,9.5,63.62,14.94
-1,9242,259,Karere et al. 2004,Richness,40.14221667,-1.883138889,Precise,Kenya,Africa,Cercopithecidae,Chlorocebus,Chlorocebus aethiops,Chlorocebus_aethiops,quadrat census,0,0, , ,0,2001,12,man-hours,NA, ,Chlorocebus aethiops,Chlorocebus aethiops,4.65,D,54.304,T,Omnivore,65,1.583,19.5,357,162,182,369.6,1,1.88,Polygyndry,Polygyndry, ,8Tropical and Subtropical Grasslands Savannas and Shrublands,0.24955422,0.79,31.59,0.49,1.54,31.97,0.78,2.54,30.55,1.1,3.8,28.85,1.5,5.31,28.2,2.01,7.07,28.39,2.49,9.08,27.4,2.95,11.34,26,3.3,13.85,23.86,3.57,16.62,21.46,3.85,19.63,19.61,4.04,22.9,17.64,4.2,26.42,15.89,4.39,30.19,14.54,4.65,34.21,13.59,4.98,38.48,12.93,5.37,43.01,12.5,5.61,47.78,11.75,5.84,52.81,11.07,6.17,58.09,10.61,6.39,63.62,10.04
-1,9243,259,Karere et al. 2004,Richness,40.14246389,-2.123622222,Precise,Kenya,Africa,Cercopithecidae,Chlorocebus,Chlorocebus aethiops,Chlorocebus_aethiops,quadrat census,0,0, , ,0,2001,0,man-hours,NA, ,Chlorocebus aethiops,Chlorocebus aethiops,4.65,D,54.304,T,Omnivore,65,1.583,19.5,357,162,182,369.6,1,1.88,Polygyndry,Polygyndry, ,2Tropical_and_suptropical_moist_broadleaf_forest,0.354544875,0.79,44.88,0.5,1.54,32.19,0.6,2.54,23.58,0.78,3.8,20.47,1.01,5.31,19.01,NA,7.07,NA,1.42,9.08,15.6,1.59,11.34,14.03,1.81,13.85,13.06,2.08,16.62,12.52,2.33,19.63,11.86,2.58,22.9,11.27,2.87,26.42,10.87,3.24,30.19,10.75,3.67,34.21,10.73,4.04,38.48,10.5,4.43,43.01,10.3,4.82,47.78,10.1,5.17,52.81,9.79,5.54,58.09,9.53,5.97,63.62,9.38
-1,9244,259,Karere et al. 2004,Richness,40.14404722,-2.192544444,Precise,Kenya,Africa,Cercopithecidae,Chlorocebus,Chlorocebus aethiops,Chlorocebus_aethiops,quadrat census,0,0, , ,0,2001,3,man-hours,NA, ,Chlorocebus aethiops,Chlorocebus aethiops,4.65,D,54.304,T,Omnivore,65,1.583,19.5,357,162,182,369.6,1,1.88,Polygyndry,Polygyndry, ,2Tropical_and_suptropical_moist_broadleaf_forest,0.381168149,0.79,48.25,0.52,1.54,33.82,0.69,2.54,27.13,0.98,3.8,25.7,1.29,5.31,24.25,NA,7.07,NA,1.86,9.08,20.47,2.14,11.34,18.86,2.53,13.85,18.28,3,16.62,18.03,3.68,19.63,18.73,4.58,22.9,19.99,5.29,26.42,20.03,5.88,30.19,19.48,6.54,34.21,19.1,7.16,38.48,18.62,7.68,43.01,17.87,8.15,47.78,17.07,8.7,52.81,16.48,9.21,58.09,15.86,9.93,63.62,15.6
-1,9245,259,Karere et al. 2004,Richness,40.1556,-2.028761111,Precise,Kenya,Africa,Cercopithecidae,Chlorocebus,Chlorocebus aethiops,Chlorocebus_aethiops,quadrat census,0,0, , ,0,2001,3,man-hours,NA, ,Chlorocebus aethiops,Chlorocebus aethiops,4.65,D,54.304,T,Omnivore,65,1.583,19.5,357,162,182,369.6,1,1.88,Polygyndry,Polygyndry, ,2Tropical_and_suptropical_moist_broadleaf_forest,0.285130254,0.79,36.09,0.51,1.54,32.92,0.84,2.54,33.25,1.15,3.8,30.22,1.48,5.31,27.92,NA,7.07,NA,2.07,9.08,22.84,2.45,11.34,21.63,3.02,13.85,21.81,3.78,16.62,22.75,4.58,19.63,23.33,5.58,22.9,24.37,6.65,26.42,25.18,7.74,30.19,25.63,8.77,34.21,25.65,9.6,38.48,24.95,10.32,43.01,24,10.88,47.78,22.77,11.46,52.81,21.7,12.07,58.09,20.77,12.61,63.62,19.82
-1,9246,259,Karere et al. 2004,Richness,40.15858889,-1.985538889,Precise,Kenya,Africa,Cercopithecidae,Chlorocebus,Chlorocebus aethiops,Chlorocebus_aethiops,quadrat census,0,0, , ,0,2001,20,man-hours,NA, ,Chlorocebus aethiops,Chlorocebus aethiops,4.65,D,54.304,T,Omnivore,65,1.583,19.5,357,162,182,369.6,1,1.88,Polygyndry,Polygyndry, ,2Tropical_and_suptropical_moist_broadleaf_forest,0.51707793,0.79,65.45,0.8,1.54,52.16,1.1,2.54,43.21,1.42,3.8,37.47,1.67,5.31,31.52,NA,7.07,NA,2.09,9.08,23.07,2.31,11.34,20.34,2.5,13.85,18.04,2.7,16.62,16.25,3.02,19.63,15.37,3.24,22.9,14.15,3.55,26.42,13.45,3.92,30.19,13,4.25,34.21,12.43,4.67,38.48,12.12,5.09,43.01,11.83,5.84,47.78,12.21,6.76,52.81,12.79,7.84,58.09,13.5,8.72,63.62,13.7
-1,9247,259,Karere et al. 2004,Richness,40.15956111,-2.065688889,Precise,Kenya,Africa,Cercopithecidae,Chlorocebus,Chlorocebus aethiops,Chlorocebus_aethiops,quadrat census,0,0, , ,0,2001,2,man-hours,NA, ,Chlorocebus aethiops,Chlorocebus aethiops,4.65,D,54.304,T,Omnivore,65,1.583,19.5,357,162,182,369.6,1,1.88,Polygyndry,Polygyndry, ,2Tropical_and_suptropical_moist_broadleaf_forest,0.22652664,0.79,28.67,0.28,1.54,17.98,0.35,2.54,13.9,0.39,3.8,10.22,0.45,5.31,8.4,NA,7.07,NA,0.86,9.08,9.45,1.19,11.34,10.51,1.69,13.85,12.2,2.21,16.62,13.29,2.69,19.63,13.71,2.95,22.9,12.87,3.18,26.42,12.05,3.64,30.19,12.06,4.26,34.21,12.44,4.85,38.48,12.59,5.36,43.01,12.45,5.96,47.78,12.47,6.45,52.81,12.21,7,58.09,12.06,7.53,63.62,11.84
-1,9248,259,Karere et al. 2004,Richness,40.16193333,-2.023208333,Precise,Kenya,Africa,Cercopithecidae,Chlorocebus,Chlorocebus aethiops,Chlorocebus_aethiops,quadrat census,0,0, , ,0,2001,2.5,man-hours,NA, ,Chlorocebus aethiops,Chlorocebus aethiops,4.65,D,54.304,T,Omnivore,65,1.583,19.5,357,162,182,369.6,1,1.88,Polygyndry,Polygyndry, ,2Tropical_and_suptropical_moist_broadleaf_forest,0.354857426,0.79,44.92,0.6,1.54,38.8,0.84,2.54,33.18,1.12,3.8,29.46,1.34,5.31,25.15,NA,7.07,NA,1.72,9.08,18.97,2.04,11.34,17.98,2.31,13.85,16.71,2.7,16.62,16.23,3.11,19.63,15.85,3.53,22.9,15.41,4.25,26.42,16.07,5.28,30.19,17.48,6.42,34.21,18.78,7.75,38.48,20.14,8.84,43.01,20.54,9.91,47.78,20.75,10.95,52.81,20.73,11.76,58.09,20.24,12.4,63.62,19.49
-1,9249,259,Karere et al. 2004,Richness,40.16382222,-2.183366667,Precise,Kenya,Africa,Cercopithecidae,Chlorocebus,Chlorocebus aethiops,Chlorocebus_aethiops,quadrat census,0,0, , ,0,2001,4,man-hours,NA, ,Chlorocebus aethiops,Chlorocebus aethiops,4.65,D,54.304,T,Omnivore,65,1.583,19.5,357,162,182,369.6,1,1.88,Polygyndry,Polygyndry, ,2Tropical_and_suptropical_moist_broadleaf_forest,0.375593074,0.79,47.54,0.6,1.54,39.23,0.82,2.54,32.37,0.97,3.8,25.5,1.23,5.31,23.19,NA,7.07,NA,2.13,9.08,23.43,2.91,11.34,25.65,3.72,13.85,26.84,4.5,16.62,27.05,5.18,19.63,26.41,5.99,22.9,26.14,6.65,26.42,25.18,7.23,30.19,23.94,7.88,34.21,23.04,8.56,38.48,22.26,9.3,43.01,21.62,10.17,47.78,21.29,10.98,52.81,20.79,11.79,58.09,20.29,12.51,63.62,19.66
-1,9250,259,Karere et al. 2004,Richness,40.16503611,-2.171658333,Precise,Kenya,Africa,Cercopithecidae,Chlorocebus,Chlorocebus aethiops,Chlorocebus_aethiops,quadrat census,0,0, , ,0,2001,4,man-hours,NA, ,Chlorocebus aethiops,Chlorocebus aethiops,4.65,D,54.304,T,Omnivore,65,1.583,19.5,357,162,182,369.6,1,1.88,Polygyndry,Polygyndry, ,2Tropical_and_suptropical_moist_broadleaf_forest,0.247023784,0.79,31.27,0.45,1.54,29.12,0.78,2.54,30.74,1.13,3.8,29.82,1.44,5.31,27.16,NA,7.07,NA,2.18,9.08,23.98,2.54,11.34,22.42,3.08,13.85,22.2,3.69,16.62,22.21,4.55,19.63,23.2,5.52,22.9,24.09,6.34,26.42,23.99,7.19,30.19,23.83,8.62,34.21,25.19,9.79,38.48,25.44,10.67,43.01,24.8,11.21,47.78,23.47,11.78,52.81,22.31,12.24,58.09,21.07,12.6,63.62,19.8
-1,9251,259,Karere et al. 2004,Richness,40.16608611,-2.165191667,Precise,Kenya,Africa,Cercopithecidae,Chlorocebus,Chlorocebus aethiops,Chlorocebus_aethiops,quadrat census,0,0, , ,0,2001,1.5,man-hours,NA, ,Chlorocebus aethiops,Chlorocebus aethiops,4.65,D,54.304,T,Omnivore,65,1.583,19.5,357,162,182,369.6,1,1.88,Polygyndry,Polygyndry, ,2Tropical_and_suptropical_moist_broadleaf_forest,0.361317685,0.79,45.74,0.53,1.54,34.54,0.74,2.54,29.31,0.98,3.8,25.74,1.23,5.31,23.18,NA,7.07,NA,1.84,9.08,20.24,2.16,11.34,19.05,2.58,13.85,18.63,3.19,16.62,19.2,3.99,19.63,20.31,5.14,22.9,22.46,6.47,26.42,24.5,7.58,30.19,25.11,8.52,34.21,24.91,9.38,38.48,24.38,10.07,43.01,23.42,10.71,47.78,22.41,11.26,52.81,21.32,11.63,58.09,20.02,11.86,63.62,18.64
-1,9252,259,Karere et al. 2004,Richness,40.16949167,-2.120125,Precise,Kenya,Africa,Cercopithecidae,Chlorocebus,Chlorocebus aethiops,Chlorocebus_aethiops,quadrat census,0,0, , ,0,2001,4.5,man-hours,NA, ,Chlorocebus aethiops,Chlorocebus aethiops,4.65,D,54.304,T,Omnivore,65,1.583,19.5,357,162,182,369.6,1,1.88,Polygyndry,Polygyndry, ,2Tropical_and_suptropical_moist_broadleaf_forest,0.099942863,0.79,12.65,0.2,1.54,12.71,0.36,2.54,14.05,0.53,3.8,13.89,0.62,5.31,11.61,NA,7.07,NA,0.68,9.08,7.53,0.76,11.34,6.71,1.04,13.85,7.51,1.35,16.62,8.14,1.73,19.63,8.81,2.28,22.9,9.94,2.75,26.42,10.43,3.26,30.19,10.79,3.65,34.21,10.66,4.01,38.48,10.42,4.44,43.01,10.33,4.82,47.78,10.09,5.2,52.81,9.86,5.75,58.09,9.9,6.27,63.62,9.85
-1,9253,259,Karere et al. 2004,Richness,40.16974167,-2.111830556,Precise,Kenya,Africa,Cercopithecidae,Chlorocebus,Chlorocebus aethiops,Chlorocebus_aethiops,quadrat census,0,0, , ,0,2001,8,man-hours,NA, ,Chlorocebus aethiops,Chlorocebus aethiops,4.65,D,54.304,T,Omnivore,65,1.583,19.5,357,162,182,369.6,1,1.88,Polygyndry,Polygyndry, ,2Tropical_and_suptropical_moist_broadleaf_forest,0.406699846,0.79,51.48,0.42,1.54,27.15,0.43,2.54,17.12,0.51,3.8,13.35,0.58,5.31,10.87,NA,7.07,NA,0.84,9.08,9.31,1.12,11.34,9.91,1.46,13.85,10.54,1.79,16.62,10.75,2.12,19.63,10.8,2.39,22.9,10.45,2.64,26.42,9.99,2.84,30.19,9.41,3.23,34.21,9.45,3.71,38.48,9.65,4.18,43.01,9.73,4.54,47.78,9.49,4.77,52.81,9.03,4.99,58.09,8.6,5.34,63.62,8.39
-1,9254,259,Karere et al. 2004,Richness,40.17032778,-2.229788889,Precise,Kenya,Africa,Cercopithecidae,Chlorocebus,Chlorocebus aethiops,Chlorocebus_aethiops,quadrat census,0,0, , ,0,2001,5,man-hours,NA, ,Chlorocebus aethiops,Chlorocebus aethiops,4.65,D,54.304,T,Omnivore,65,1.583,19.5,357,162,182,369.6,1,1.88,Polygyndry,Polygyndry, ,2Tropical_and_suptropical_moist_broadleaf_forest,0.269150932,0.79,34.07,0.5,1.54,32.25,0.86,2.54,33.68,1.13,3.8,29.81,1.43,5.31,27,NA,7.07,NA,1.95,9.08,21.43,2.18,11.34,19.26,2.52,13.85,18.23,2.87,16.62,17.29,3.39,19.63,17.28,3.95,22.9,17.23,4.34,26.42,16.42,4.61,30.19,15.26,4.9,34.21,14.32,5.37,38.48,13.97,6.11,43.01,14.2,6.67,47.78,13.96,7.2,52.81,13.63,7.66,58.09,13.19,8.19,63.62,12.87
-1,9255,259,Karere et al. 2004,Richness,40.1717,-2.051125,Precise,Kenya,Africa,Cercopithecidae,Chlorocebus,Chlorocebus aethiops,Chlorocebus_aethiops,quadrat census,0,0, , ,0,2001,16,man-hours,NA, ,Chlorocebus aethiops,Chlorocebus aethiops,4.65,D,54.304,T,Omnivore,65,1.583,19.5,357,162,182,369.6,1,1.88,Polygyndry,Polygyndry, ,2Tropical_and_suptropical_moist_broadleaf_forest,0.350153154,0.79,44.32,0.59,1.54,38.4,0.8,2.54,31.31,1.01,3.8,26.7,1.25,5.31,23.6,NA,7.07,NA,1.86,9.08,20.52,2.11,11.34,18.63,2.38,13.85,17.22,2.7,16.62,16.27,2.95,19.63,15.03,3.1,22.9,13.54,3.23,26.42,12.21,3.57,30.19,11.82,3.97,34.21,11.6,4.27,38.48,11.1,4.64,43.01,10.8,5.26,47.78,11.01,5.76,52.81,10.91,6.43,58.09,11.06,7.24,63.62,11.38
-1,9256,259,Karere et al. 2004,Richness,40.17187222,-2.299697222,Precise,Kenya,Africa,Cercopithecidae,Chlorocebus,Chlorocebus aethiops,Chlorocebus_aethiops,quadrat census,0,0, , ,0,2001,4,man-hours,NA, ,Chlorocebus aethiops,Chlorocebus aethiops,4.65,D,54.304,T,Omnivore,65,1.583,19.5,357,162,182,369.6,1,1.88,Polygyndry,Polygyndry, ,2Tropical_and_suptropical_moist_broadleaf_forest,0.393779792,0.79,49.85,0.52,1.54,33.7,0.84,2.54,32.96,1.25,3.8,32.91,1.9,5.31,35.87,NA,7.07,NA,3.83,9.08,42.23,4.66,11.34,41.13,5.19,13.85,37.47,5.82,16.62,35.02,6.58,19.63,33.51,7.11,22.9,31.04,7.54,26.42,28.54,8.17,30.19,27.06,8.73,34.21,25.51,9.4,38.48,24.43,10.24,43.01,23.8,11,47.78,23.03,11.89,52.81,22.51,13.05,58.09,22.46,14.41,63.62,22.65
-1,9257,259,Karere et al. 2004,Richness,40.17232222,-2.11875,Precise,Kenya,Africa,Cercopithecidae,Chlorocebus,Chlorocebus aethiops,Chlorocebus_aethiops,quadrat census,0,0, , ,0,2001,3,man-hours,NA, ,Chlorocebus aethiops,Chlorocebus aethiops,4.65,D,54.304,T,Omnivore,65,1.583,19.5,357,162,182,369.6,1,1.88,Polygyndry,Polygyndry, ,2Tropical_and_suptropical_moist_broadleaf_forest,0.132265873,0.79,16.74,0.28,1.54,18.05,0.44,2.54,17.23,0.58,3.8,15.25,0.63,5.31,11.91,NA,7.07,NA,0.8,9.08,8.77,0.93,11.34,8.24,1.01,13.85,7.32,1.19,16.62,7.17,1.53,19.63,7.82,1.93,22.9,8.45,2.45,26.42,9.29,3.05,30.19,10.11,3.47,34.21,10.14,3.72,38.48,9.67,4.01,43.01,9.32,4.33,47.78,9.07,4.83,52.81,9.15,5.3,58.09,9.12,5.87,63.62,9.22
-1,9258,259,Karere et al. 2004,Richness,40.17236111,-2.027463889,Precise,Kenya,Africa,Cercopithecidae,Chlorocebus,Chlorocebus aethiops,Chlorocebus_aethiops,quadrat census,1,1, , ,0,2001,5.8,man-hours,NA, ,Chlorocebus aethiops,Chlorocebus aethiops,4.65,D,54.304,T,Omnivore,65,1.583,19.5,357,162,182,369.6,1,1.88,Polygyndry,Polygyndry, ,2Tropical_and_suptropical_moist_broadleaf_forest,0.002925543,0.79,0.37,0.05,1.54,3.47,0.1,2.54,3.86,0.19,3.8,5.08,0.47,5.31,8.9,NA,7.07,NA,1.15,9.08,12.67,1.52,11.34,13.42,1.86,13.85,13.42,2.2,16.62,13.22,2.62,19.63,13.37,3.03,22.9,13.23,3.36,26.42,12.71,3.63,30.19,12.04,3.87,34.21,11.32,4.26,38.48,11.07,4.81,43.01,11.19,5.55,47.78,11.61,6.65,52.81,12.6,7.77,58.09,13.37,8.76,63.62,13.77
-1,9259,259,Karere et al. 2004,Richness,40.17264444,-2.223127778,Precise,Kenya,Africa,Cercopithecidae,Chlorocebus,Chlorocebus aethiops,Chlorocebus_aethiops,quadrat census,0,0, , ,0,2001,16,man-hours,NA, ,Chlorocebus aethiops,Chlorocebus aethiops,4.65,D,54.304,T,Omnivore,65,1.583,19.5,357,162,182,369.6,1,1.88,Polygyndry,Polygyndry, ,2Tropical_and_suptropical_moist_broadleaf_forest,0.445952449,0.79,56.45,0.65,1.54,42.04,0.79,2.54,31.23,0.97,3.8,25.51,1.1,5.31,20.78,NA,7.07,NA,1.75,9.08,19.25,2.09,11.34,18.47,2.44,13.85,17.65,2.78,16.62,16.75,3.18,19.63,16.21,3.7,22.9,16.16,4.23,26.42,16,4.73,30.19,15.68,5.38,34.21,15.74,6.07,38.48,15.77,6.63,43.01,15.42,7.15,47.78,14.96,7.52,52.81,14.24,8.06,58.09,13.88,8.89,63.62,13.98
-1,9260,259,Karere et al. 2004,Richness,40.17271944,-2.203344444,Precise,Kenya,Africa,Cercopithecidae,Chlorocebus,Chlorocebus aethiops,Chlorocebus_aethiops,quadrat census,0,0, , ,0,2001,6,man-hours,NA, ,Chlorocebus aethiops,Chlorocebus aethiops,4.65,D,54.304,T,Omnivore,65,1.583,19.5,357,162,182,369.6,1,1.88,Polygyndry,Polygyndry, ,2Tropical_and_suptropical_moist_broadleaf_forest,0.120035844,0.79,15.19,0.36,1.54,23.09,0.6,2.54,23.71,1.11,3.8,29.15,1.75,5.31,32.96,NA,7.07,NA,2.41,9.08,26.57,2.61,11.34,23.04,2.8,13.85,20.2,3.03,16.62,18.25,3.34,19.63,17.04,3.72,22.9,16.22,4.06,26.42,15.38,4.5,30.19,14.92,5.17,34.21,15.11,5.89,38.48,15.31,6.8,43.01,15.81,7.79,47.78,16.31,8.99,52.81,17.02,10.27,58.09,17.69,11.64,63.62,18.3
-1,9261,259,Karere et al. 2004,Richness,40.17284167,-2.198052778,Precise,Kenya,Africa,Cercopithecidae,Chlorocebus,Chlorocebus aethiops,Chlorocebus_aethiops,quadrat census,0,0, , ,0,2001,13.5,man-hours,NA, ,Chlorocebus aethiops,Chlorocebus aethiops,4.65,D,54.304,T,Omnivore,65,1.583,19.5,357,162,182,369.6,1,1.88,Polygyndry,Polygyndry, ,2Tropical_and_suptropical_moist_broadleaf_forest,0.114490414,0.79,14.49,0.34,1.54,21.84,0.7,2.54,27.57,1.14,3.8,30.04,1.66,5.31,31.32,NA,7.07,NA,2.34,9.08,25.82,2.68,11.34,23.66,2.87,13.85,20.75,3.1,16.62,18.65,3.42,19.63,17.42,3.72,22.9,16.26,4.16,26.42,15.73,4.72,30.19,15.63,5.56,34.21,16.24,6.59,38.48,17.13,7.54,43.01,17.53,8.52,47.78,17.83,9.59,52.81,18.16,10.77,58.09,18.53,12.1,63.62,19.02
-1,9262,259,Karere et al. 2004,Richness,40.17324444,-2.063794444,Precise,Kenya,Africa,Cercopithecidae,Chlorocebus,Chlorocebus aethiops,Chlorocebus_aethiops,quadrat census,0,0, , ,0,2001,9,man-hours,NA, ,Chlorocebus aethiops,Chlorocebus aethiops,4.65,D,54.304,T,Omnivore,65,1.583,19.5,357,162,182,369.6,1,1.88,Polygyndry,Polygyndry, ,2Tropical_and_suptropical_moist_broadleaf_forest,0.224529816,0.79,28.42,0.37,1.54,24,0.54,2.54,21.16,0.71,3.8,18.69,0.92,5.31,17.37,NA,7.07,NA,1.63,9.08,17.9,1.9,11.34,16.77,1.98,13.85,14.33,2.09,16.62,12.55,2.29,19.63,11.64,2.48,22.9,10.82,2.7,26.42,10.22,2.94,30.19,9.74,3.25,34.21,9.49,3.67,38.48,9.54,3.96,43.01,9.21,4.11,47.78,8.61,4.36,52.81,8.26,4.84,58.09,8.33,5.48,63.62,8.61
-1,9263,259,Karere et al. 2004,Richness,40.17379722,-2.166736111,Precise,Kenya,Africa,Cercopithecidae,Chlorocebus,Chlorocebus aethiops,Chlorocebus_aethiops,quadrat census,0,0, , ,0,2001,2,man-hours,NA, ,Chlorocebus aethiops,Chlorocebus aethiops,4.65,D,54.304,T,Omnivore,65,1.583,19.5,357,162,182,369.6,1,1.88,Polygyndry,Polygyndry, ,2Tropical_and_suptropical_moist_broadleaf_forest,0.429082626,0.79,54.31,0.64,1.54,41.25,0.86,2.54,33.88,1.17,3.8,30.8,1.43,5.31,26.98,NA,7.07,NA,2.07,9.08,22.81,2.45,11.34,21.61,2.93,13.85,21.16,3.56,16.62,21.42,4.21,19.63,21.42,4.82,22.9,21.06,5.4,26.42,20.42,5.92,30.19,19.62,6.57,34.21,19.2,7.4,38.48,19.22,8.48,43.01,19.71,9.57,47.78,20.04,10.31,52.81,19.52,10.98,58.09,18.9,11.66,63.62,18.32
-1,9264,259,Karere et al. 2004,Richness,40.17386389,-2.231961111,Precise,Kenya,Africa,Cercopithecidae,Chlorocebus,Chlorocebus aethiops,Chlorocebus_aethiops,quadrat census,0,0, , ,0,2001,2.5,man-hours,NA, ,Chlorocebus aethiops,Chlorocebus aethiops,4.65,D,54.304,T,Omnivore,65,1.583,19.5,357,162,182,369.6,1,1.88,Polygyndry,Polygyndry, ,2Tropical_and_suptropical_moist_broadleaf_forest,0.291462464,0.79,36.89,0.59,1.54,38.44,0.97,2.54,38.36,1.26,3.8,33.12,1.51,5.31,28.52,NA,7.07,NA,2.04,9.08,22.51,2.22,11.34,19.58,2.47,13.85,17.84,2.84,16.62,17.06,3.26,19.63,16.63,3.68,22.9,16.05,4.05,26.42,15.35,4.33,30.19,14.33,4.56,34.21,13.33,5.02,38.48,13.04,5.49,43.01,12.75,6.05,47.78,12.66,6.91,52.81,13.08,7.7,58.09,13.25,8.54,63.62,13.42
-1,9265,259,Karere et al. 2004,Richness,40.17413333,-2.143227778,Precise,Kenya,Africa,Cercopithecidae,Chlorocebus,Chlorocebus aethiops,Chlorocebus_aethiops,quadrat census,0,0, , ,0,2001,14.3,man-hours,NA, ,Chlorocebus aethiops,Chlorocebus aethiops,4.65,D,54.304,T,Omnivore,65,1.583,19.5,357,162,182,369.6,1,1.88,Polygyndry,Polygyndry, ,2Tropical_and_suptropical_moist_broadleaf_forest,0.527597791,0.79,66.78,0.69,1.54,44.94,0.77,2.54,30.34,0.88,3.8,23.2,0.99,5.31,18.58,NA,7.07,NA,1.2,9.08,13.22,1.38,11.34,12.13,1.69,13.85,12.17,2.1,16.62,12.62,2.46,19.63,12.54,2.85,22.9,12.44,3.24,26.42,12.27,3.52,30.19,11.67,3.97,34.21,11.6,4.53,38.48,11.77,5.15,43.01,11.96,5.87,47.78,12.28,6.85,52.81,12.98,7.9,58.09,13.6,8.86,63.62,13.93
-1,9266,259,Karere et al. 2004,Richness,40.17646944,-2.149363889,Precise,Kenya,Africa,Cercopithecidae,Chlorocebus,Chlorocebus aethiops,Chlorocebus_aethiops,quadrat census,0,0, , ,0,2001,4,man-hours,NA, ,Chlorocebus aethiops,Chlorocebus aethiops,4.65,D,54.304,T,Omnivore,65,1.583,19.5,357,162,182,369.6,1,1.88,Polygyndry,Polygyndry, ,2Tropical_and_suptropical_moist_broadleaf_forest,0.180602909,0.79,22.86,0.45,1.54,29.37,0.72,2.54,28.31,1.01,3.8,26.62,1.26,5.31,23.76,NA,7.07,NA,2.01,9.08,22.13,2.32,11.34,20.47,2.66,13.85,19.22,2.97,16.62,17.89,3.23,19.63,16.47,3.49,22.9,15.25,3.66,26.42,13.84,3.81,30.19,12.63,4.12,34.21,12.03,4.56,38.48,11.84,5.28,43.01,12.27,6.05,47.78,12.67,6.96,52.81,13.18,7.85,58.09,13.52,8.76,63.62,13.77
-1,9267,259,Karere et al. 2004,Richness,40.176975,-2.245013889,Precise,Kenya,Africa,Cercopithecidae,Chlorocebus,Chlorocebus aethiops,Chlorocebus_aethiops,quadrat census,0,0, , ,0,2001,46,man-hours,NA, ,Chlorocebus aethiops,Chlorocebus aethiops,4.65,D,54.304,T,Omnivore,65,1.583,19.5,357,162,182,369.6,1,1.88,Polygyndry,Polygyndry, ,2Tropical_and_suptropical_moist_broadleaf_forest,0.438459671,0.79,55.5,0.67,1.54,43.83,0.98,2.54,38.44,1.27,3.8,33.3,1.52,5.31,28.56,NA,7.07,NA,2.04,9.08,22.5,2.24,11.34,19.76,2.58,13.85,18.63,2.82,16.62,17,3.02,19.63,15.39,3.25,22.9,14.19,3.45,26.42,13.07,3.68,30.19,12.2,3.94,34.21,11.52,4.13,38.48,10.73,4.45,43.01,10.35,5.08,47.78,10.63,5.85,52.81,11.07,6.75,58.09,11.62,8.06,63.62,12.67
-1,9268,259,Karere et al. 2004,Richness,40.17755833,-2.181191667,Precise,Kenya,Africa,Cercopithecidae,Chlorocebus,Chlorocebus aethiops,Chlorocebus_aethiops,quadrat census,0,0, , ,0,2001,4.5,man-hours,NA, ,Chlorocebus aethiops,Chlorocebus aethiops,4.65,D,54.304,T,Omnivore,65,1.583,19.5,357,162,182,369.6,1,1.88,Polygyndry,Polygyndry, ,2Tropical_and_suptropical_moist_broadleaf_forest,0.066107479,0.79,8.37,0.07,1.54,4.29,0.13,2.54,5.25,0.26,3.8,6.83,0.45,5.31,8.52,NA,7.07,NA,1.46,9.08,16.05,2.06,11.34,18.16,2.7,13.85,19.5,3.42,16.62,20.58,4.19,19.63,21.37,4.9,22.9,21.41,5.37,26.42,20.34,5.98,30.19,19.81,6.75,34.21,19.74,7.64,38.48,19.86,8.43,43.01,19.59,9.16,47.78,19.18,10.2,52.81,19.31,11.24,58.09,19.35,12.3,63.62,19.33
-1,9269,259,Karere et al. 2004,Richness,40.17772222,-2.225783333,Precise,Kenya,Africa,Cercopithecidae,Chlorocebus,Chlorocebus aethiops,Chlorocebus_aethiops,quadrat census,0,0, , ,0,2001,1.25,man-hours,NA, ,Chlorocebus aethiops,Chlorocebus aethiops,4.65,D,54.304,T,Omnivore,65,1.583,19.5,357,162,182,369.6,1,1.88,Polygyndry,Polygyndry, ,2Tropical_and_suptropical_moist_broadleaf_forest,0.203088045,0.79,25.71,0.38,1.54,24.99,0.62,2.54,24.57,0.9,3.8,23.78,1.07,5.31,20.14,NA,7.07,NA,1.57,9.08,17.27,1.85,11.34,16.3,2.19,13.85,15.84,2.55,16.62,15.35,2.92,19.63,14.86,3.37,22.9,14.73,3.88,26.42,14.67,4.47,30.19,14.79,5.04,34.21,14.74,5.55,38.48,14.42,6.13,43.01,14.26,6.82,47.78,14.28,7.81,52.81,14.79,9.03,58.09,15.54,10.32,63.62,16.22
-1,9270,259,Karere et al. 2004,Richness,40.17820556,-2.234175,Precise,Kenya,Africa,Cercopithecidae,Chlorocebus,Chlorocebus aethiops,Chlorocebus_aethiops,quadrat census,0,0, , ,0,2001,0,man-hours,NA, ,Chlorocebus aethiops,Chlorocebus aethiops,4.65,D,54.304,T,Omnivore,65,1.583,19.5,357,162,182,369.6,1,1.88,Polygyndry,Polygyndry, ,2Tropical_and_suptropical_moist_broadleaf_forest,0.125274106,0.79,15.86,0.34,1.54,22.1,0.66,2.54,25.87,1.03,3.8,27.1,1.36,5.31,25.69,NA,7.07,NA,1.96,9.08,21.54,2.31,11.34,20.34,2.62,13.85,18.89,2.9,16.62,17.43,3.06,19.63,15.56,3.23,22.9,14.12,3.51,26.42,13.28,3.88,30.19,12.84,4.27,34.21,12.48,4.78,38.48,12.41,5.3,43.01,12.31,6.13,47.78,12.82,6.99,52.81,13.24,8.06,58.09,13.87,9.49,63.62,14.92
-1,9271,259,Karere et al. 2004,Richness,40.17892778,-2.140461111,Precise,Kenya,Africa,Cercopithecidae,Chlorocebus,Chlorocebus aethiops,Chlorocebus_aethiops,quadrat census,0,0, , ,0,2001,4,man-hours,NA, ,Chlorocebus aethiops,Chlorocebus aethiops,4.65,D,54.304,T,Omnivore,65,1.583,19.5,357,162,182,369.6,1,1.88,Polygyndry,Polygyndry, ,2Tropical_and_suptropical_moist_broadleaf_forest,0.123813802,0.79,15.67,0.26,1.54,16.59,0.44,2.54,17.26,0.72,3.8,18.88,0.89,5.31,16.71,NA,7.07,NA,1.21,9.08,13.28,1.41,11.34,12.44,1.65,13.85,11.95,1.97,16.62,11.83,2.28,19.63,11.64,2.62,22.9,11.45,2.85,26.42,10.8,3.21,30.19,10.64,3.67,34.21,10.73,4.05,38.48,10.53,4.41,43.01,10.26,4.87,47.78,10.19,5.4,52.81,10.22,6.02,58.09,10.37,7.1,63.62,11.17
-1,9272,259,Karere et al. 2004,Richness,40.18052222,-2.093691667,Precise,Kenya,Africa,Cercopithecidae,Chlorocebus,Chlorocebus aethiops,Chlorocebus_aethiops,quadrat census,0,0, , ,0,2001,8,man-hours,NA, ,Chlorocebus aethiops,Chlorocebus aethiops,4.65,D,54.304,T,Omnivore,65,1.583,19.5,357,162,182,369.6,1,1.88,Polygyndry,Polygyndry, ,2Tropical_and_suptropical_moist_broadleaf_forest,0.192360006,0.79,24.35,0.23,1.54,14.91,0.27,2.54,10.81,0.3,3.8,7.79,0.34,5.31,6.4,NA,7.07,NA,0.66,9.08,7.25,0.75,11.34,6.65,0.84,13.85,6.1,1.05,16.62,6.33,1.36,19.63,6.92,1.63,22.9,7.13,1.77,26.42,6.7,1.97,30.19,6.54,2.33,34.21,6.82,2.59,38.48,6.73,2.78,43.01,6.46,3.05,47.78,6.38,3.33,52.81,6.31,3.58,58.09,6.17,4,63.62,6.28
-1,9273,259,Karere et al. 2004,Richness,40.18180833,-2.197941667,Precise,Kenya,Africa,Cercopithecidae,Chlorocebus,Chlorocebus aethiops,Chlorocebus_aethiops,quadrat census,0,0, , ,0,2001,32,man-hours,NA, ,Chlorocebus aethiops,Chlorocebus aethiops,4.65,D,54.304,T,Omnivore,65,1.583,19.5,357,162,182,369.6,1,1.88,Polygyndry,Polygyndry, ,2Tropical_and_suptropical_moist_broadleaf_forest,0.390646487,0.79,49.45,0.46,1.54,29.87,0.53,2.54,20.96,0.57,3.8,14.99,0.62,5.31,11.75,NA,7.07,NA,1.13,9.08,12.49,1.59,11.34,14.03,2.16,13.85,15.62,2.68,16.62,16.11,3.16,19.63,16.1,3.58,22.9,15.63,3.97,26.42,15.05,4.7,30.19,15.58,5.42,34.21,15.84,6.21,38.48,16.13,7.11,43.01,16.52,8.26,47.78,17.28,9.61,52.81,18.2,11.23,58.09,19.34,12.94,63.62,20.34
-1,9274,259,Karere et al. 2004,Richness,40.18913611,-2.155294444,Precise,Kenya,Africa,Cercopithecidae,Chlorocebus,Chlorocebus aethiops,Chlorocebus_aethiops,quadrat census,0,0, , ,0,2001,18,man-hours,NA, ,Chlorocebus aethiops,Chlorocebus aethiops,4.65,D,54.304,T,Omnivore,65,1.583,19.5,357,162,182,369.6,1,1.88,Polygyndry,Polygyndry, ,2Tropical_and_suptropical_moist_broadleaf_forest,0.417598388,0.79,52.86,0.64,1.54,41.81,0.9,2.54,35.33,1.09,3.8,28.81,1.22,5.31,23.03,NA,7.07,NA,1.61,9.08,17.75,1.91,11.34,16.82,2.3,13.85,16.61,2.76,16.62,16.59,3.28,19.63,16.71,3.59,22.9,15.67,3.85,26.42,14.58,4.09,30.19,13.56,4.33,34.21,12.66,4.46,38.48,11.6,4.6,43.01,10.7,4.77,47.78,9.98,5.02,52.81,9.51,5.36,58.09,9.22,5.87,63.62,9.22
-1,9275,259,Karere et al. 2004,Richness,40.1894,-2.318491667,Precise,Kenya,Africa,Cercopithecidae,Chlorocebus,Chlorocebus aethiops,Chlorocebus_aethiops,quadrat census,0,0, , ,0,2001,11.2,man-hours,NA, ,Chlorocebus aethiops,Chlorocebus aethiops,4.65,D,54.304,T,Omnivore,65,1.583,19.5,357,162,182,369.6,1,1.88,Polygyndry,Polygyndry, ,2Tropical_and_suptropical_moist_broadleaf_forest,0.511667868,0.79,64.77,0.9,1.54,58.72,1.36,2.54,53.43,1.94,3.8,51.08,2.61,5.31,49.1,NA,7.07,NA,4.76,9.08,52.45,6.17,11.34,54.37,7.41,13.85,53.49,8.45,16.62,50.84,9.47,19.63,48.25,10.58,22.9,46.19,11.71,26.42,44.31,12.99,30.19,43.03,13.92,34.21,40.68,15.02,38.48,39.03,16.48,43.01,38.32,18.11,47.78,37.89,19.7,52.81,37.31,21.13,58.09,36.37,22.76,63.62,35.77
-1,9276,259,Karere et al. 2004,Richness,40.19071111,-2.240055556,Precise,Kenya,Africa,Cercopithecidae,Chlorocebus,Chlorocebus aethiops,Chlorocebus_aethiops,quadrat census,0,0, , ,0,2001,18,man-hours,NA, ,Chlorocebus aethiops,Chlorocebus aethiops,4.65,D,54.304,T,Omnivore,65,1.583,19.5,357,162,182,369.6,1,1.88,Polygyndry,Polygyndry, ,2Tropical_and_suptropical_moist_broadleaf_forest,0.100050722,0.79,12.66,0.1,1.54,6.5,0.1,2.54,3.94,0.1,3.8,2.71,0.16,5.31,2.98,NA,7.07,NA,0.59,9.08,6.49,1.08,11.34,9.5,1.53,13.85,11.02,1.91,16.62,11.51,2.43,19.63,12.39,3.25,22.9,14.19,4.07,26.42,15.39,5.12,30.19,16.94,6.17,34.21,18.04,7.24,38.48,18.81,8.42,43.01,19.58,9.81,47.78,20.52,11.34,52.81,21.48,12.94,58.09,22.28,14.75,63.62,23.18
-1,9277,259,Karere et al. 2004,Richness,40.196825,-2.205822222,Precise,Kenya,Africa,Cercopithecidae,Chlorocebus,Chlorocebus aethiops,Chlorocebus_aethiops,quadrat census,0,0, , ,0,2001,4,man-hours,NA, ,Chlorocebus aethiops,Chlorocebus aethiops,4.65,D,54.304,T,Omnivore,65,1.583,19.5,357,162,182,369.6,1,1.88,Polygyndry,Polygyndry, ,2Tropical_and_suptropical_moist_broadleaf_forest,0.079506418,0.79,10.06,0.14,1.54,9.12,0.2,2.54,7.93,0.3,3.8,7.91,0.47,5.31,8.78,NA,7.07,NA,1.15,9.08,12.66,1.69,11.34,14.87,2.26,13.85,16.33,2.84,16.62,17.11,3.46,19.63,17.62,4.23,22.9,18.46,5.33,26.42,20.16,6.58,30.19,21.78,8.15,34.21,23.82,9.94,38.48,25.82,11.57,43.01,26.91,13.27,47.78,27.77,15.02,52.81,28.45,16.42,58.09,28.27,17.88,63.62,28.11
-1,9278,259,Karere et al. 2004,Richness,40.21157222,-2.259636111,Precise,Kenya,Africa,Cercopithecidae,Chlorocebus,Chlorocebus aethiops,Chlorocebus_aethiops,quadrat census,0,0, , ,0,2001,16.7,man-hours,NA, ,Chlorocebus aethiops,Chlorocebus aethiops,4.65,D,54.304,T,Omnivore,65,1.583,19.5,357,162,182,369.6,1,1.88,Polygyndry,Polygyndry, ,2Tropical_and_suptropical_moist_broadleaf_forest,0.439163225,0.79,55.59,0.64,1.54,41.67,0.91,2.54,35.65,1.06,3.8,27.89,1.36,5.31,25.59,NA,7.07,NA,2.75,9.08,30.24,3.62,11.34,31.9,4.57,13.85,32.98,5.52,16.62,33.21,6.62,19.63,33.74,7.78,22.9,33.97,9.02,26.42,34.12,10.25,30.19,33.94,11.21,34.21,32.78,12.36,38.48,32.12,13.53,43.01,31.45,14.94,47.78,31.27,16.61,52.81,31.44,18.39,58.09,31.65,20.35,63.62,31.99
-1,9279,259,Karere et al. 2004,Richness,40.21401944,-2.284775,Precise,Kenya,Africa,Cercopithecidae,Chlorocebus,Chlorocebus aethiops,Chlorocebus_aethiops,quadrat census,0,0, , ,0,2001,5,man-hours,NA, ,Chlorocebus aethiops,Chlorocebus aethiops,4.65,D,54.304,T,Omnivore,65,1.583,19.5,357,162,182,369.6,1,1.88,Polygyndry,Polygyndry, ,2Tropical_and_suptropical_moist_broadleaf_forest,0.468101628,0.79,59.25,0.83,1.54,53.89,1.25,2.54,49.27,1.79,3.8,47.05,2.42,5.31,45.53,NA,7.07,NA,3.48,9.08,38.32,3.88,11.34,34.21,4.41,13.85,31.85,4.98,16.62,29.97,5.45,19.63,27.76,6.17,22.9,26.95,7.17,26.42,27.13,8.43,30.19,27.91,10.03,34.21,29.32,12.05,38.48,31.32,13.86,43.01,32.23,15.3,47.78,32.02,16.88,52.81,31.96,18.76,58.09,32.3,20.88,63.62,32.81
-1,9280,259,Karere et al. 2004,Richness,40.22609444,-2.289711111,Precise,Kenya,Africa,Cercopithecidae,Chlorocebus,Chlorocebus aethiops,Chlorocebus_aethiops,quadrat census,0,0, , ,0,2001,1,man-hours,NA, ,Chlorocebus aethiops,Chlorocebus aethiops,4.65,D,54.304,T,Omnivore,65,1.583,19.5,357,162,182,369.6,1,1.88,Polygyndry,Polygyndry, ,2Tropical_and_suptropical_moist_broadleaf_forest,0.230241908,0.79,29.14,0.47,1.54,30.61,0.71,2.54,28.02,1,3.8,26.26,1.46,5.31,27.49,NA,7.07,NA,2.62,9.08,28.84,3.41,11.34,30.06,4.3,13.85,31.03,5.14,16.62,30.92,6.04,19.63,30.78,6.99,22.9,30.5,8.15,26.42,30.84,9.43,30.19,31.24,10.75,34.21,31.42,12,38.48,31.18,13.53,43.01,31.47,15.51,47.78,32.45,17.88,52.81,33.86,20.59,58.09,35.45,23.56,63.62,37.04
-1,9281,259,Karere et al. 2004,Richness,40.227775,-2.295294444,Precise,Kenya,Africa,Cercopithecidae,Chlorocebus,Chlorocebus aethiops,Chlorocebus_aethiops,quadrat census,0,0, , ,0,2001,3.3,man-hours,NA, ,Chlorocebus aethiops,Chlorocebus aethiops,4.65,D,54.304,T,Omnivore,65,1.583,19.5,357,162,182,369.6,1,1.88,Polygyndry,Polygyndry, ,2Tropical_and_suptropical_moist_broadleaf_forest,0.35204213,0.79,44.56,0.56,1.54,36.6,0.82,2.54,32.1,1.12,3.8,29.58,1.62,5.31,30.47,NA,7.07,NA,2.98,9.08,32.79,3.81,11.34,33.58,4.71,13.85,34.01,5.56,16.62,33.46,6.58,19.63,33.5,7.66,22.9,33.44,8.78,26.42,33.22,9.84,30.19,32.6,11.14,34.21,32.57,12.89,38.48,33.5,14.83,43.01,34.48,16.83,47.78,35.21,18.89,52.81,35.77,21.42,58.09,36.88,24.04,63.62,37.78
