OID,N,N_study,Source,BASE,X,Y,Precise,Country,Realm,Family,Genus,Taxon,Taxon_ITIS,Sample_met,Ocurrence,N_groups,Abundanc_1,Abundance,Density,Sample_yea,Sampling_e,Sampling_1,ID_Todo,TRAITS,Taxon_IT_1,ITIS_SPECI,BodyMass_k,DielActivi,HomeRange_,Locomotion,TrophicGui,Brain_size,Canine_Dim,MeanGroupS,Interbirth,Gestation,WeaningAge,MaxLongevi,LitterSz,AdultSexRa,Social_Sys,Mating_Sys,FOREST,BIOME,Buffer_500,Area500,FC_500,Buffer_700,Area700,FC_700,Buffer_900,Area900,FC_900,Buffer_110,Area1100,FC1100,Buffer_130,Area1300,FC_1300,Buffer_150,Area1500,FC_1500,Buffer_170,Area1700,FC_1700,Buffer_190,Area1900,FC_1900,Buffer_210,Area2100,FC_2100,Buffer_230,Area2300,FC_2300,Buffer_250,Area2500,FC_2500,Buffer_270,Area2700,FC_2700,Buffer_290,Area2900,FC_2900,Buffer_310,Area3100,FC_3100,Buffer_330,Area3300,FC_3300,Buffer_350,Area3500,FC_3500,Buffer_370,Area3700,F_Buffer_3,Buffer_390,Area_3900,FC_3900,Buffer_410,Area4100,FC_4100,Buffer_430,Area4300,FC_4300,Buffer_450,Area4500,FC_4500
-1,10476,263,Onderdonk & Chapman 2000,Richness,30.32359,0.597612,Precise,Uganda,Africa,Cercopithecidae,Colobus,Colobus guereza,Colobus_guereza,Direct observation,1,2,18,N individuals,0,1995,0, ,NA, ,Colobus guereza,Colobus guereza,8.89,D,21.725,AR,Folivore_frugivore,74.39,1.459,12,486.66,175,387.79,294,1,1.93,Polygyndry,Harem Polygyny, ,2Tropical_and_suptropical_moist_broadleaf_forest,0.734755994,0.79,93.01,1.46,1.54,94.8,2.42,2.54,95.36,3.59,3.8,94.42,5.04,5.31,94.93,NA,7.07,NA,8.7,9.08,95.82,10.87,11.34,95.83,13.31,13.85,96.09,15.99,16.62,96.19,18.89,19.63,96.24,22.06,22.9,96.33,25.46,26.42,96.38,29.11,30.19,96.42,33,34.21,96.47,37.09,38.48,96.39,41.43,43.01,96.33,46,47.78,96.28,50.86,52.81,96.3,55.98,58.09,96.36,61.33,63.62,96.39
-1,10477,263,Onderdonk & Chapman 2000,Richness,30.321879,0.593395,Precise,Uganda,Africa,Cercopithecidae,Colobus,Colobus guereza,Colobus_guereza,Direct observation,1,1,7,N individuals,0,1995,0, ,NA, ,Colobus guereza,Colobus guereza,8.89,D,21.725,AR,Folivore_frugivore,74.39,1.459,12,486.66,175,387.79,294,1,1.93,Polygyndry,Harem Polygyny, ,2Tropical_and_suptropical_moist_broadleaf_forest,0.720646527,0.79,91.22,1.45,1.54,94.24,2.39,2.54,93.96,3.6,3.8,94.77,5.05,5.31,95.14,NA,7.07,NA,8.67,9.08,95.43,10.85,11.34,95.65,13.27,13.85,95.85,15.96,16.62,96.05,18.89,19.63,96.22,22.04,22.9,96.26,25.46,26.42,96.35,29.1,30.19,96.4,32.99,34.21,96.45,37.14,38.48,96.51,41.51,43.01,96.51,46.11,47.78,96.5,50.93,52.81,96.44,55.99,58.09,96.39,61.35,63.62,96.43
-1,10478,263,Onderdonk & Chapman 2000,Richness,30.323252,0.592785,Precise,Uganda,Africa,Cercopithecidae,Colobus,Colobus guereza,Colobus_guereza,Direct observation,1,1,8,N individuals,0,1995,0, ,NA, ,Colobus guereza,Colobus guereza,8.89,D,21.725,AR,Folivore_frugivore,74.39,1.459,12,486.66,175,387.79,294,1,1.93,Polygyndry,Harem Polygyny, ,2Tropical_and_suptropical_moist_broadleaf_forest,0.733904791,0.79,92.9,1.46,1.54,94.68,2.43,2.54,95.72,3.61,3.8,95.06,5.05,5.31,95.17,NA,7.07,NA,8.65,9.08,95.28,10.85,11.34,95.72,13.29,13.85,95.98,15.98,16.62,96.15,18.89,19.63,96.25,22.06,22.9,96.33,25.47,26.42,96.39,29.1,30.19,96.41,33,34.21,96.46,37.15,38.48,96.55,41.53,43.01,96.56,46.12,47.78,96.53,50.96,52.81,96.49,56.04,58.09,96.47,61.36,63.62,96.44
-1,10479,263,Onderdonk & Chapman 2000,Richness,30.324214,0.59584,Precise,Uganda,Africa,Cercopithecidae,Colobus,Colobus guereza,Colobus_guereza,Direct observation,1,1,6,N individuals,0,1995,0, ,NA, ,Colobus guereza,Colobus guereza,8.89,D,21.725,AR,Folivore_frugivore,74.39,1.459,12,486.66,175,387.79,294,1,1.93,Polygyndry,Harem Polygyny, ,2Tropical_and_suptropical_moist_broadleaf_forest,0.735643154,0.79,93.12,1.46,1.54,94.76,2.44,2.54,96.01,3.59,3.8,94.55,5.05,5.31,95.05,NA,7.07,NA,8.68,9.08,95.58,10.87,11.34,95.85,13.32,13.85,96.15,15.99,16.62,96.23,18.91,19.63,96.34,22.07,22.9,96.39,25.47,26.42,96.4,29.14,30.19,96.52,33.02,34.21,96.53,37.12,38.48,96.46,41.46,43.01,96.39,46.05,47.78,96.38,50.88,52.81,96.35,56,58.09,96.4,61.36,63.62,96.44
-1,10480,263,Onderdonk & Chapman 2000,Richness,30.28538889,0.50315,Precise,Uganda,Africa,Cercopithecidae,Colobus,Colobus guereza,Colobus_guereza,Direct observation,1,2,15,N individuals,0,1995,0, ,NA, ,Colobus guereza,Colobus guereza,8.89,D,21.725,AR,Folivore_frugivore,74.39,1.459,12,486.66,175,387.79,294,1,1.93,Polygyndry,Harem Polygyny, ,2Tropical_and_suptropical_moist_broadleaf_forest,0.759955456,0.79,96.2,1.5,1.54,97.32,2.48,2.54,97.59,3.7,3.8,97.47,5.13,5.31,96.66,NA,7.07,NA,8.7,9.08,95.84,10.84,11.34,95.56,13.27,13.85,95.83,15.93,16.62,95.86,18.82,19.63,95.85,21.91,22.9,95.66,25.19,26.42,95.33,28.68,30.19,94.99,32.51,34.21,95.04,36.54,38.48,94.97,40.83,43.01,94.92,45.41,47.78,95.05,50.24,52.81,95.13,55.19,58.09,95,60.48,63.62,95.06
-1,10481,263,Onderdonk & Chapman 2000,Richness,30.28604444,0.4994,Precise,Uganda,Africa,Cercopithecidae,Colobus,Colobus guereza,Colobus_guereza,Direct observation,1,3,19,N individuals,0,1995,0, ,NA, ,Colobus guereza,Colobus guereza,8.89,D,21.725,AR,Folivore_frugivore,74.39,1.459,12,486.66,175,387.79,294,1,1.93,Polygyndry,Harem Polygyny, ,2Tropical_and_suptropical_moist_broadleaf_forest,0.756660554,0.79,95.78,1.49,1.54,96.86,2.46,2.54,96.99,3.67,3.8,96.71,5.07,5.31,95.55,NA,7.07,NA,8.58,9.08,94.45,10.74,11.34,94.72,13.15,13.85,94.97,15.77,16.62,94.91,18.62,19.63,94.85,21.66,22.9,94.58,25,26.42,94.64,28.58,30.19,94.67,32.37,34.21,94.62,36.38,38.48,94.54,40.73,43.01,94.71,45.39,47.78,95.01,50.29,52.81,95.22,55.19,58.09,95.01,60.31,63.62,94.8
-1,10482,263,Onderdonk & Chapman 2000,Richness,30.30201111,0.520497222,Precise,Uganda,Africa,Cercopithecidae,Colobus,Colobus guereza,Colobus_guereza,Direct observation,1,1,5,N individuals,0,1995,0, ,NA, ,Colobus guereza,Colobus guereza,8.89,D,21.725,AR,Folivore_frugivore,74.39,1.459,12,486.66,175,387.79,294,1,1.93,Polygyndry,Harem Polygyny, ,2Tropical_and_suptropical_moist_broadleaf_forest,0.751115725,0.79,95.08,1.49,1.54,96.57,2.47,2.54,97.13,3.7,3.8,97.32,5.17,5.31,97.31,NA,7.07,NA,8.83,9.08,97.19,10.94,11.34,96.51,13.33,13.85,96.28,15.98,16.62,96.14,18.83,19.63,95.91,21.88,22.9,95.54,25.18,26.42,95.3,28.75,30.19,95.23,32.63,34.21,95.38,36.74,38.48,95.47,41.09,43.01,95.53,45.53,47.78,95.3,50.28,52.81,95.2,55.23,58.09,95.08,60.47,63.62,95.05
-1,10483,263,Onderdonk & Chapman 2000,Richness,30.272575,0.463363889,Precise,Uganda,Africa,Cercopithecidae,Colobus,Colobus guereza,Colobus_guereza,Direct observation,0,0,0,N individuals,0,1995,0, ,NA, ,Colobus guereza,Colobus guereza,8.89,D,21.725,AR,Folivore_frugivore,74.39,1.459,12,486.66,175,387.79,294,1,1.93,Polygyndry,Harem Polygyny, ,2Tropical_and_suptropical_moist_broadleaf_forest,0.488792425,0.79,61.87,1.19,1.54,77.05,2.15,2.54,84.48,3.37,3.8,88.62,4.84,5.31,91.23,NA,7.07,NA,8.41,9.08,92.64,10.53,11.34,92.85,12.8,13.85,92.42,15.3,16.62,92.03,17.96,19.63,91.51,20.91,22.9,91.32,24.16,26.42,91.45,27.62,30.19,91.49,31.34,34.21,91.61,35.3,38.48,91.75,39.56,43.01,91.98,43.97,47.78,92.02,48.68,52.81,92.19,53.58,58.09,92.23,58.73,63.62,92.32
-1,10484,263,Onderdonk & Chapman 2000,Richness,30.28786944,0.505383333,Precise,Uganda,Africa,Cercopithecidae,Colobus,Colobus guereza,Colobus_guereza,Direct observation,1,1,8,N individuals,0,1995,0, ,NA, ,Colobus guereza,Colobus guereza,8.89,D,21.725,AR,Folivore_frugivore,74.39,1.459,12,486.66,175,387.79,294,1,1.93,Polygyndry,Harem Polygyny, ,2Tropical_and_suptropical_moist_broadleaf_forest,0.760824601,0.79,96.31,1.5,1.54,97.54,2.48,2.54,97.73,3.66,3.8,96.44,5.06,5.31,95.37,NA,7.07,NA,8.75,9.08,96.32,10.92,11.34,96.28,13.32,13.85,96.2,15.96,16.62,96.04,18.86,19.63,96.07,21.98,22.9,95.99,25.34,26.42,95.9,28.88,30.19,95.66,32.64,34.21,95.42,36.69,38.48,95.36,41,43.01,95.33,45.38,47.78,94.97,50.04,52.81,94.76,55.05,58.09,94.76,60.38,63.62,94.91
-1,10485,263,Onderdonk & Chapman 2000,Richness,30.29818333,0.513855556,Precise,Uganda,Africa,Cercopithecidae,Colobus,Colobus guereza,Colobus_guereza,Direct observation,1,1,8,N individuals,0,1995,0, ,NA, ,Colobus guereza,Colobus guereza,8.89,D,21.725,AR,Folivore_frugivore,74.39,1.459,12,486.66,175,387.79,294,1,1.93,Polygyndry,Harem Polygyny, ,2Tropical_and_suptropical_moist_broadleaf_forest,0.771529874,0.79,97.66,1.5,1.54,97.53,2.48,2.54,97.52,3.68,3.8,96.9,5.12,5.31,96.39,NA,7.07,NA,8.75,9.08,96.33,10.93,11.34,96.39,13.37,13.85,96.56,16.02,16.62,96.39,18.86,19.63,96.09,21.99,22.9,96.01,25.27,26.42,95.65,28.84,30.19,95.54,32.66,34.21,95.47,36.73,38.48,95.44,40.99,43.01,95.29,45.43,47.78,95.08,50,52.81,94.68,54.93,58.09,94.55,60.23,63.62,94.68
-1,10486,263,Onderdonk & Chapman 2000,Richness,30.3034,0.517333333,Precise,Uganda,Africa,Cercopithecidae,Colobus,Colobus guereza,Colobus_guereza,Direct observation,1,1,5,N individuals,0,1995,0, ,NA, ,Colobus guereza,Colobus guereza,8.89,D,21.725,AR,Folivore_frugivore,74.39,1.459,12,486.66,175,387.79,294,1,1.93,Polygyndry,Harem Polygyny, ,2Tropical_and_suptropical_moist_broadleaf_forest,0.761215856,0.79,96.36,1.5,1.54,97.21,2.47,2.54,97.11,3.69,3.8,97.14,5.16,5.31,97.21,NA,7.07,NA,8.74,9.08,96.2,10.85,11.34,95.68,13.27,13.85,95.81,15.86,16.62,95.42,18.66,19.63,95.08,21.69,22.9,94.71,25.08,26.42,94.92,28.73,30.19,95.16,32.63,34.21,95.38,36.62,38.48,95.16,40.86,43.01,95.01,45.34,47.78,94.89,50.09,52.81,94.86,55.12,58.09,94.88,60.43,63.62,94.98
-1,10487,263,Onderdonk & Chapman 2000,Richness,30.30695278,0.519116667,Precise,Uganda,Africa,Cercopithecidae,Colobus,Colobus guereza,Colobus_guereza,Direct observation,1,2,14,N individuals,0,1995,0, ,NA, ,Colobus guereza,Colobus guereza,8.89,D,21.725,AR,Folivore_frugivore,74.39,1.459,12,486.66,175,387.79,294,1,1.93,Polygyndry,Harem Polygyny, ,2Tropical_and_suptropical_moist_broadleaf_forest,0.763091169,0.79,96.59,1.49,1.54,96.93,2.47,2.54,97.26,3.68,3.8,96.9,5.09,5.31,95.9,NA,7.07,NA,8.71,9.08,95.97,10.86,11.34,95.74,13.17,13.85,95.11,15.68,16.62,94.32,18.51,19.63,94.32,21.63,22.9,94.44,25.03,26.42,94.75,28.67,30.19,94.97,32.48,34.21,94.93,36.49,38.48,94.83,40.76,43.01,94.76,45.29,47.78,94.79,50.17,52.81,95,55.29,58.09,95.18,60.6,63.62,95.26
-1,10488,263,Onderdonk & Chapman 2000,Richness,30.309175,0.531916667,Precise,Uganda,Africa,Cercopithecidae,Colobus,Colobus guereza,Colobus_guereza,Direct observation,1,2,10,N individuals,0,1995,0, ,NA, ,Colobus guereza,Colobus guereza,8.89,D,21.725,AR,Folivore_frugivore,74.39,1.459,12,486.66,175,387.79,294,1,1.93,Polygyndry,Harem Polygyny, ,2Tropical_and_suptropical_moist_broadleaf_forest,0.761214131,0.79,96.36,1.49,1.54,97.04,2.45,2.54,96.28,3.65,3.8,96.16,5.12,5.31,96.41,NA,7.07,NA,8.76,9.08,96.48,10.9,11.34,96.13,13.28,13.85,95.85,15.94,16.62,95.93,18.86,19.63,96.09,21.96,22.9,95.91,25.26,26.42,95.61,28.8,30.19,95.39,32.61,34.21,95.32,36.74,38.48,95.47,41.07,43.01,95.48,45.66,47.78,95.57,50.49,52.81,95.6,55.49,58.09,95.52,60.8,63.62,95.57
-1,10489,263,Onderdonk & Chapman 2000,Richness,30.311275,0.528333333,Precise,Uganda,Africa,Cercopithecidae,Colobus,Colobus guereza,Colobus_guereza,Direct observation,0,0,0,N individuals,0,1995,0, ,NA, ,Colobus guereza,Colobus guereza,8.89,D,21.725,AR,Folivore_frugivore,74.39,1.459,12,486.66,175,387.79,294,1,1.93,Polygyndry,Harem Polygyny, ,2Tropical_and_suptropical_moist_broadleaf_forest,0.772394041,0.79,97.77,1.51,1.54,98.24,2.48,2.54,97.55,3.68,3.8,96.78,5.06,5.31,95.29,NA,7.07,NA,8.65,9.08,95.31,10.81,11.34,95.35,13.21,13.85,95.41,15.85,16.62,95.34,18.68,19.63,95.17,21.77,22.9,95.05,25.16,26.42,95.22,28.79,30.19,95.37,32.6,34.21,95.3,36.69,38.48,95.35,40.98,43.01,95.29,45.47,47.78,95.16,50.28,52.81,95.2,55.33,58.09,95.25,60.62,63.62,95.29
-1,10490,263,Onderdonk & Chapman 2000,Richness,30.31536944,0.530658333,Precise,Uganda,Africa,Cercopithecidae,Colobus,Colobus guereza,Colobus_guereza,Direct observation,1,2,8,N individuals,0,1995,0, ,NA, ,Colobus guereza,Colobus guereza,8.89,D,21.725,AR,Folivore_frugivore,74.39,1.459,12,486.66,175,387.79,294,1,1.93,Polygyndry,Harem Polygyny, ,2Tropical_and_suptropical_moist_broadleaf_forest,0.772386748,0.79,97.77,1.5,1.54,97.34,2.47,2.54,97.07,3.68,3.8,96.77,5.05,5.31,95.16,NA,7.07,NA,8.59,9.08,94.58,10.78,11.34,95.03,13.2,13.85,95.31,15.81,16.62,95.15,18.66,19.63,95.08,21.74,22.9,94.95,25.16,26.42,95.22,28.8,30.19,95.38,32.69,34.21,95.55,36.72,38.48,95.42,41.02,43.01,95.37,45.55,47.78,95.34,50.31,52.81,95.27,55.34,58.09,95.27,60.66,63.62,95.35
-1,10491,263,Onderdonk & Chapman 2000,Richness,30.32058333,0.557166667,Precise,Uganda,Africa,Cercopithecidae,Colobus,Colobus guereza,Colobus_guereza,Direct observation,1,3,12,N individuals,0,1995,0, ,NA, ,Colobus guereza,Colobus guereza,8.89,D,21.725,AR,Folivore_frugivore,74.39,1.459,12,486.66,175,387.79,294,1,1.93,Polygyndry,Harem Polygyny, ,2Tropical_and_suptropical_moist_broadleaf_forest,0.741993206,0.79,93.92,1.46,1.54,94.96,2.42,2.54,95.23,3.63,3.8,95.47,5.09,5.31,95.79,NA,7.07,NA,8.7,9.08,95.79,10.9,11.34,96.1,13.34,13.85,96.35,16,16.62,96.28,18.87,19.63,96.15,22.03,22.9,96.21,25.43,26.42,96.24,29.09,30.19,96.36,33,34.21,96.47,37.16,38.48,96.58,41.56,43.01,96.64,46.23,47.78,96.75,51.11,52.81,96.78,56.13,58.09,96.62,61.45,63.62,96.58
-1,10492,263,Onderdonk & Chapman 2000,Richness,30.32103333,0.570613889,Precise,Uganda,Africa,Cercopithecidae,Colobus,Colobus guereza,Colobus_guereza,Direct observation,1, , , ,0,1995,0, ,NA, ,Colobus guereza,Colobus guereza,8.89,D,21.725,AR,Folivore_frugivore,74.39,1.459,12,486.66,175,387.79,294,1,1.93,Polygyndry,Harem Polygyny, ,2Tropical_and_suptropical_moist_broadleaf_forest,0.772353665,0.79,97.77,1.47,1.54,95.62,2.43,2.54,95.82,3.65,3.8,96.13,5.1,5.31,95.96,NA,7.07,NA,8.72,9.08,95.99,10.91,11.34,96.2,13.33,13.85,96.24,16,16.62,96.24,18.91,19.63,96.36,22.1,22.9,96.49,25.43,26.42,96.25,29.03,30.19,96.14,32.95,34.21,96.32,37.12,38.48,96.46,41.52,43.01,96.53,46.15,47.78,96.59,51.03,52.81,96.62,56.15,58.09,96.67,61.5,63.62,96.67
-1,10493,263,Onderdonk & Chapman 2000,Richness,30.322775,0.543197222,Precise,Uganda,Africa,Cercopithecidae,Colobus,Colobus guereza,Colobus_guereza,Direct observation,1,1,8,N individuals,0,1995,0, ,NA, ,Colobus guereza,Colobus guereza,8.89,D,21.725,AR,Folivore_frugivore,74.39,1.459,12,486.66,175,387.79,294,1,1.93,Polygyndry,Harem Polygyny, ,2Tropical_and_suptropical_moist_broadleaf_forest,0.747652979,0.79,94.64,1.48,1.54,96.08,2.45,2.54,96.5,3.65,3.8,95.99,5.07,5.31,95.49,NA,7.07,NA,8.71,9.08,95.9,10.9,11.34,96.12,13.35,13.85,96.37,16.03,16.62,96.45,18.95,19.63,96.56,22.07,22.9,96.39,25.38,26.42,96.08,29.01,30.19,96.1,32.9,34.21,96.16,36.99,38.48,96.13,41.3,43.01,96.02,45.82,47.78,95.91,50.7,52.81,96.01,55.82,58.09,96.1,61.23,63.62,96.24
-1,10494,263,Onderdonk & Chapman 2000,Richness,30.32351111,0.540236111,Precise,Uganda,Africa,Cercopithecidae,Colobus,Colobus guereza,Colobus_guereza,Direct observation,0,0,0,N individuals,0,1995,0, ,NA, ,Colobus guereza,Colobus guereza,8.89,D,21.725,AR,Folivore_frugivore,74.39,1.459,12,486.66,175,387.79,294,1,1.93,Polygyndry,Harem Polygyny, ,2Tropical_and_suptropical_moist_broadleaf_forest,0.746829508,0.79,94.54,1.48,1.54,95.92,2.45,2.54,96.49,3.61,3.8,95.01,5.05,5.31,95.16,NA,7.07,NA,8.71,9.08,95.98,10.9,11.34,96.16,13.35,13.85,96.41,16.02,16.62,96.39,18.89,19.63,96.22,22.04,22.9,96.25,25.43,26.42,96.27,29.02,30.19,96.13,32.81,34.21,95.9,36.85,38.48,95.75,41.14,43.01,95.65,45.77,47.78,95.8,50.67,52.81,95.94,55.81,58.09,96.08,61.19,63.62,96.19
-1,10495,263,Onderdonk & Chapman 2000,Richness,30.33110833,0.528366667,Precise,Uganda,Africa,Cercopithecidae,Colobus,Colobus guereza,Colobus_guereza,Direct observation,1,1,11,N individuals,0,1995,0, ,NA, ,Colobus guereza,Colobus guereza,8.89,D,21.725,AR,Folivore_frugivore,74.39,1.459,12,486.66,175,387.79,294,1,1.93,Polygyndry,Harem Polygyny, ,2Tropical_and_suptropical_moist_broadleaf_forest,0.765200466,0.79,96.86,1.47,1.54,95.61,2.41,2.54,95.08,3.64,3.8,95.68,5.09,5.31,95.81,NA,7.07,NA,8.71,9.08,95.96,10.85,11.34,95.7,13.16,13.85,95,15.71,16.62,94.52,18.55,19.63,94.51,21.73,22.9,94.89,25.15,26.42,95.18,28.78,30.19,95.33,32.67,34.21,95.5,36.74,38.48,95.49,41.05,43.01,95.44,45.63,47.78,95.49,50.5,52.81,95.63,55.65,58.09,95.81,61.01,63.62,95.9
