OID,N,N_study,Source,BASE,X,Y,Precise,Country,Realm,Family,Genus,Taxon,Taxon_ITIS,Sample_met,Ocurrence,N_groups,Abundanc_1,Abundance,Density,Sample_yea,Sampling_e,Sampling_1,ID_Todo,TRAITS,Taxon_IT_1,ITIS_SPECI,BodyMass_k,DielActivi,HomeRange_,Locomotion,TrophicGui,Brain_size,Canine_Dim,MeanGroupS,Interbirth,Gestation,WeaningAge,MaxLongevi,LitterSz,AdultSexRa,Social_Sys,Mating_Sys,FOREST,BIOME,Buffer_500,Area500,FC_500,Buffer_700,Area700,FC_700,Buffer_900,Area900,FC_900,Buffer_110,Area1100,FC1100,Buffer_130,Area1300,FC_1300,Buffer_150,Area1500,FC_1500,Buffer_170,Area1700,FC_1700,Buffer_190,Area1900,FC_1900,Buffer_210,Area2100,FC_2100,Buffer_230,Area2300,FC_2300,Buffer_250,Area2500,FC_2500,Buffer_270,Area2700,FC_2700,Buffer_290,Area2900,FC_2900,Buffer_310,Area3100,FC_3100,Buffer_330,Area3300,FC_3300,Buffer_350,Area3500,FC_3500,Buffer_370,Area3700,F_Buffer_3,Buffer_390,Area_3900,FC_3900,Buffer_410,Area4100,FC_4100,Buffer_430,Area4300,FC_4300,Buffer_450,Area4500,FC_4500
-1,10499,353,Butynski & De Jong 2012,Ocurrencias,35.8687,-1.65288,Precise,Kenya,Africa,Cercopithecidae,Colobus,Colobus guereza matschiei,Colobus_guereza,Transects,1,0,0,NA,0,2012,1277,km,NA, ,Colobus guereza,Colobus guereza,8.89,D,21.725,AR,Folivore_frugivore,74.39,1.459,12,486.66,175,387.79,294,1,1.93,Polygyndry,Harem Polygyny, ,2Tropical_and_suptropical_moist_broadleaf_forest,0.615639895,0.79,77.93,1.16,1.54,75.26,1.83,2.54,72.12,2.51,3.8,66.17,NA,5.31,NA,NA,7.07,NA,4.94,9.08,54.41,5.73,11.34,50.49,6.52,13.85,47.05,7.58,16.62,45.59,8.71,19.63,44.35,9.83,22.9,42.92,10.9,26.42,41.24,12.1,30.19,40.09,13.36,34.21,39.05,14.51,38.48,37.72,15.78,43.01,36.69,17.16,47.78,35.91,18.64,52.81,35.3,20.05,58.09,34.52,21.16,63.62,33.26
-1,10500,353,Butynski & De Jong 2012,Ocurrencias,35.85869,-1.63585,Precise,Kenya,Africa,Cercopithecidae,Colobus,Colobus guereza matschiei,Colobus_guereza,Transects,1,0,0,NA,0,2012,1277,km,NA, ,Colobus guereza,Colobus guereza,8.89,D,21.725,AR,Folivore_frugivore,74.39,1.459,12,486.66,175,387.79,294,1,1.93,Polygyndry,Harem Polygyny, ,8Tropical and Subtropical Grasslands Savannas and Shrublands,0.009440843,0.79,1.2,0.05,1.54,3.38,0.11,2.54,4.39,0.19,3.8,5.1,0.29,5.31,5.54,0.59,7.07,8.32,1.14,9.08,12.52,1.82,11.34,16.03,2.47,13.85,17.83,3.06,16.62,18.41,3.57,19.63,18.18,4,22.9,17.48,4.41,26.42,16.7,4.81,30.19,15.93,5.35,34.21,15.64,6.13,38.48,15.92,6.86,43.01,15.95,7.38,47.78,15.44,8.01,52.81,15.16,8.63,58.09,14.85,9.25,63.62,14.54
-1,10501,353,Butynski & De Jong 2012,Ocurrencias,35.87152,-1.87967,Precise,Kenya,Africa,Cercopithecidae,Colobus,Colobus guereza matschiei,Colobus_guereza,Transects,1,0,0,NA,0,2012,1277,km,NA, ,Colobus guereza,Colobus guereza,8.89,D,21.725,AR,Folivore_frugivore,74.39,1.459,12,486.66,175,387.79,294,1,1.93,Polygyndry,Harem Polygyny, ,2Tropical_and_suptropical_moist_broadleaf_forest,0.526317592,0.79,66.62,1.09,1.54,70.49,1.75,2.54,68.88,2.54,3.8,66.78,NA,5.31,NA,NA,7.07,NA,6.12,9.08,67.44,7.74,11.34,68.22,9.48,13.85,68.48,11.36,16.62,68.34,13.44,19.63,68.45,15.52,22.9,67.78,17.96,26.42,67.97,20.61,30.19,68.28,23.23,34.21,67.92,26.27,38.48,68.26,29.32,43.01,68.18,32.63,47.78,68.29,35.8,52.81,67.78,39.17,58.09,67.43,42.68,63.62,67.08
-1,10502,353,Butynski & De Jong 2012,Ocurrencias,35.85988,-1.97199,Precise,Kenya,Africa,Cercopithecidae,Colobus,Colobus guereza matschiei,Colobus_guereza,Transects,1,0,0,NA,0,2012,1277,km,NA, ,Colobus guereza,Colobus guereza,8.89,D,21.725,AR,Folivore_frugivore,74.39,1.459,12,486.66,175,387.79,294,1,1.93,Polygyndry,Harem Polygyny, ,2Tropical_and_suptropical_moist_broadleaf_forest,0.294677019,0.79,37.3,0.5,1.54,32.39,0.84,2.54,32.96,1.32,3.8,34.65,NA,5.31,NA,NA,7.07,NA,3.39,9.08,37.31,4.2,11.34,37.06,5.1,13.85,36.83,5.93,16.62,35.69,6.92,19.63,35.26,7.9,22.9,34.52,8.9,26.42,33.7,10.19,30.19,33.75,11.54,34.21,33.74,12.85,38.48,33.39,14.43,43.01,33.55,16.14,47.78,33.78,17.87,52.81,33.84,19.85,58.09,34.17,21.77,63.62,34.22
-1,10503,353,Butynski & De Jong 2012,Ocurrencias,35.82146,-1.95555,Precise,Kenya,Africa,Cercopithecidae,Colobus,Colobus guereza matschiei,Colobus_guereza,Transects,1,0,0,NA,0,2012,1277,km,NA, ,Colobus guereza,Colobus guereza,8.89,D,21.725,AR,Folivore_frugivore,74.39,1.459,12,486.66,175,387.79,294,1,1.93,Polygyndry,Harem Polygyny, ,2Tropical_and_suptropical_moist_broadleaf_forest,0.588704562,0.79,74.52,1.18,1.54,76.42,1.98,2.54,77.82,2.86,3.8,75.14,NA,5.31,NA,NA,7.07,NA,5.74,9.08,63.27,6.94,11.34,61.24,8.36,13.85,60.37,9.8,16.62,58.95,11.33,19.63,57.71,12.85,22.9,56.1,14.48,26.42,54.79,16.03,30.19,53.1,17.89,34.21,52.3,19.74,38.48,51.3,21.6,43.01,50.22,23.47,47.78,49.12,24.96,52.81,47.27,26.46,58.09,45.55,28.01,63.62,44.03
-1,10504,353,Butynski & De Jong 2012,Ocurrencias,35.86922,-1.65214,Precise,Kenya,Africa,Cercopithecidae,Colobus,Colobus guereza matschiei,Colobus_guereza,Transects,1,0,0,NA,0,2012,1277,km,NA, ,Colobus guereza,Colobus guereza,8.89,D,21.725,AR,Folivore_frugivore,74.39,1.459,12,486.66,175,387.79,294,1,1.93,Polygyndry,Harem Polygyny, ,2Tropical_and_suptropical_moist_broadleaf_forest,0.633281111,0.79,80.16,1.24,1.54,80.4,1.92,2.54,75.64,2.68,3.8,70.52,NA,5.31,NA,NA,7.07,NA,5.01,9.08,55.13,5.77,11.34,50.86,6.59,13.85,47.6,7.59,16.62,45.68,8.7,19.63,44.31,9.75,22.9,42.56,10.87,26.42,41.13,12.07,30.19,39.99,13.31,34.21,38.91,14.5,38.48,37.69,15.75,43.01,36.61,17.22,47.78,36.04,18.68,52.81,35.38,19.96,58.09,34.37,21.07,63.62,33.12
-1,10505,353,Butynski & De Jong 2012,Ocurrencias,35.6854,-1.65305,Precise,Kenya,Africa,Cercopithecidae,Colobus,Colobus guereza matschiei,Colobus_guereza,Transects,0,0,0,NA,0,2012,1277,km,NA, ,Colobus guereza,Colobus guereza,8.89,D,21.725,AR,Folivore_frugivore,74.39,1.459,12,486.66,175,387.79,294,1,1.93,Polygyndry,Harem Polygyny, ,8Tropical and Subtropical Grasslands Savannas and Shrublands,0,0.79,0,0,1.54,0,0,2.54,0,0,3.8,0,0,5.31,0,0,7.07,0,0,9.08,0,0,11.34,0,0,13.85,0,0.01,16.62,0.03,0.01,19.63,0.03,0.01,22.9,0.02,0.01,26.42,0.02,0.01,30.19,0.02,0.01,34.21,0.02,0.01,38.48,0.01,0.01,43.01,0.01,0.01,47.78,0.01,0.01,52.81,0.01,0.01,58.09,0.01,0.01,63.62,0.01
-1,10506,353,Butynski & De Jong 2012,Ocurrencias,35.72479,-1.22958,Precise,Kenya,Africa,Cercopithecidae,Colobus,Colobus guereza matschiei,Colobus_guereza,Transects,0,0,0,NA,0,2012,1277,km,NA, ,Colobus guereza,Colobus guereza,8.89,D,21.725,AR,Folivore_frugivore,74.39,1.459,12,486.66,175,387.79,294,1,1.93,Polygyndry,Harem Polygyny, ,8Tropical and Subtropical Grasslands Savannas and Shrublands,0,0.79,0,0,1.54,0,0,2.54,0,0,3.8,0,0,5.31,0,0,7.07,0,0,9.08,0,0,11.34,0,0,13.85,0,0,16.62,0,0,19.63,0,0,22.9,0,0,26.42,0,0,30.19,0,0,34.21,0,0,38.48,0,0,43.01,0,0,47.78,0,0,52.81,0,0,58.09,0,0,63.62,0
-1,10507,354,Butynski & De Jong 2014,Ocurrencias,32.95837,3.77886,Precise,Uganda,Africa,Cercopithecidae,Colobus,Colobus guereza dodingae,Colobus_guereza,Transects,1,3,0,NA,0,2014,2590,km,NA, ,Colobus guereza,Colobus guereza,8.89,D,21.725,AR,Folivore_frugivore,74.39,1.459,12,486.66,175,387.79,294,1,1.93,Polygyndry,Harem Polygyny, ,2Tropical_and_suptropical_moist_broadleaf_forest,0.558836271,0.79,70.74,1.11,1.54,72.14,1.77,2.54,69.85,2.63,3.8,69.08,NA,5.31,NA,NA,7.07,NA,6,9.08,66.04,7.42,11.34,65.41,9.07,13.85,65.51,10.76,16.62,64.73,12.55,19.63,63.95,14.41,22.9,62.94,16.45,26.42,62.25,18.65,30.19,61.77,20.99,34.21,61.35,23.53,38.48,61.14,26.21,43.01,60.94,29.06,47.78,60.83,32.18,52.81,60.94,35.51,58.09,61.13,38.96,63.62,61.24
-1,10508,354,Butynski & De Jong 2014,Ocurrencias,34.73263,1.21641,Precise,Uganda,Africa,Cercopithecidae,Colobus,Colobus guereza matschiei,Colobus_guereza,Interviews,1,0,0,NA,0,2014,2590,km,NA, ,Colobus guereza,Colobus guereza,8.89,D,21.725,AR,Folivore_frugivore,74.39,1.459,12,486.66,175,387.79,294,1,1.93,Polygyndry,Harem Polygyny, ,2Tropical_and_suptropical_moist_broadleaf_forest,0.341223988,0.79,43.19,0.61,1.54,39.63,0.98,2.54,38.75,1.49,3.8,39.23,NA,5.31,NA,NA,7.07,NA,3.26,9.08,35.93,4.21,11.34,37.13,5.46,13.85,39.44,6.75,16.62,40.63,8.2,19.63,41.75,9.76,22.9,42.63,11.52,26.42,43.6,13.51,30.19,44.77,15.66,34.21,45.78,17.73,38.48,46.07,19.97,43.01,46.43,22.26,47.78,46.59,24.56,52.81,46.51,27.06,58.09,46.57,29.69,63.62,46.67
-1,10509,354,Butynski & De Jong 2014,Ocurrencias,34.63794,1.35486,Precise,Uganda,Africa,Cercopithecidae,Colobus,Colobus guereza matschiei,Colobus_guereza,Interviews,1,0,0,NA,0,2014,2590,km,NA, ,Colobus guereza,Colobus guereza,8.89,D,21.725,AR,Folivore_frugivore,74.39,1.459,12,486.66,175,387.79,294,1,1.93,Polygyndry,Harem Polygyny, ,2Tropical_and_suptropical_moist_broadleaf_forest,0.162774838,0.79,20.6,0.39,1.54,25.06,0.65,2.54,25.71,1.01,3.8,26.46,NA,5.31,NA,NA,7.07,NA,2.4,9.08,26.47,3.18,11.34,28.02,4.2,13.85,30.29,5.49,16.62,33.05,6.95,19.63,35.41,8.33,22.9,36.39,9.75,26.42,36.89,11.33,30.19,37.54,13,34.21,38.01,15.08,38.48,39.19,17.43,43.01,40.52,19.81,47.78,41.46,22.3,52.81,42.23,24.93,58.09,42.92,28.07,63.62,44.13
