OID,N,N_study,Source,BASE,X,Y,Precise,Country,Realm,Family,Genus,Taxon,Taxon_ITIS,Sample_met,Ocurrence,N_groups,Abundanc_1,Abundance,Density,Sample_yea,Sampling_e,Sampling_1,ID_Todo,TRAITS,Taxon_IT_1,ITIS_SPECI,BodyMass_k,DielActivi,HomeRange_,Locomotion,TrophicGui,Brain_size,Canine_Dim,MeanGroupS,Interbirth,Gestation,WeaningAge,MaxLongevi,LitterSz,AdultSexRa,Social_Sys,Mating_Sys,FOREST,BIOME,Buffer_500,Area500,FC_500,Buffer_700,Area700,FC_700,Buffer_900,Area900,FC_900,Buffer_110,Area1100,FC1100,Buffer_130,Area1300,FC_1300,Buffer_150,Area1500,FC_1500,Buffer_170,Area1700,FC_1700,Buffer_190,Area1900,FC_1900,Buffer_210,Area2100,FC_2100,Buffer_230,Area2300,FC_2300,Buffer_250,Area2500,FC_2500,Buffer_270,Area2700,FC_2700,Buffer_290,Area2900,FC_2900,Buffer_310,Area3100,FC_3100,Buffer_330,Area3300,FC_3300,Buffer_350,Area3500,FC_3500,Buffer_370,Area3700,F_Buffer_3,Buffer_390,Area_3900,FC_3900,Buffer_410,Area4100,FC_4100,Buffer_430,Area4300,FC_4300,Buffer_450,Area4500,FC_4500
-1,10732,359,Lehman et al. 2006b,Richness,47.46253611,-20.64066944,Precise,Madagascar,Madagascar,Daubentoniidae,Daubentonia,Daubentonia madagascariensis,Daubentonia_madagascariensis ,Transects,0, , , ,0,2001,518.7,km,NA, ,Daubentonia madagascariensis ,Daubentonia madagascariensis,2.545,N,102.95,AR,Insectivore,44.85,NA,1,760.41,167,197.7,291.6,1.01,NA,Solitary,Spatial Polygyny, ,2Tropical_and_suptropical_moist_broadleaf_forest,0.736955986,0.79,93.29,1.46,1.54,94.55,2.41,2.54,94.98,3.58,3.8,94.21,5,5.31,94.1,NA,7.07,NA,8.49,9.08,93.5,10.55,11.34,93.03,12.84,13.85,92.67,15.34,16.62,92.31,17.99,19.63,91.62,20.93,22.9,91.39,24.14,26.42,91.38,27.62,30.19,91.5,31.23,34.21,91.27,35.04,38.48,91.06,39.12,43.01,90.95,43.51,47.78,91.05,48.12,52.81,91.12,52.86,58.09,90.99,57.9,63.62,91
-1,10733,359,Lehman et al. 2006b,Richness,47.63302778,-20.43349444,Precise,Madagascar,Madagascar,Daubentoniidae,Daubentonia,Daubentonia madagascariensis,Daubentonia_madagascariensis ,Transects,0, , , ,0,2001,33.9,km,NA, ,Daubentonia madagascariensis ,Daubentonia madagascariensis,2.545,N,102.95,AR,Insectivore,44.85,NA,1,760.41,167,197.7,291.6,1.01,NA,Solitary,Spatial Polygyny, ,2Tropical_and_suptropical_moist_broadleaf_forest,0.75258119,0.79,95.26,1.49,1.54,97.06,2.48,2.54,97.64,3.71,3.8,97.69,5.12,5.31,96.45,NA,7.07,NA,8.72,9.08,96.07,10.91,11.34,96.19,13.34,13.85,96.32,15.99,16.62,96.23,18.89,19.63,96.23,22,22.9,96.06,25.33,26.42,95.88,28.88,30.19,95.67,32.68,34.21,95.52,36.78,38.48,95.58,41.17,43.01,95.73,45.75,47.78,95.76,50.63,52.81,95.88,55.7,58.09,95.89,61.01,63.62,95.9
-1,10734,359,Lehman et al. 2006b,Richness,47.66185,-20.06117778,Precise,Madagascar,Madagascar,Daubentoniidae,Daubentonia,Daubentonia madagascariensis,Daubentonia_madagascariensis ,Transects,1, , , ,0,2001,10,km,NA, ,Daubentonia madagascariensis ,Daubentonia madagascariensis,2.545,N,102.95,AR,Insectivore,44.85,NA,1,760.41,167,197.7,291.6,1.01,NA,Solitary,Spatial Polygyny, ,2Tropical_and_suptropical_moist_broadleaf_forest,0.677062814,0.79,85.7,1.34,1.54,87.02,2.22,2.54,87.52,3.3,3.8,86.87,4.65,5.31,87.54,NA,7.07,NA,7.97,9.08,87.83,9.77,11.34,86.17,11.67,13.85,84.24,13.81,16.62,83.09,16.02,19.63,81.59,18.09,22.9,78.99,19.93,26.42,75.42,22.33,30.19,73.95,24.94,34.21,72.9,27.43,38.48,71.29,30.03,43.01,69.82,32.94,47.78,68.95,36,52.81,68.18,39.36,58.09,67.76,42.68,63.62,67.09
-1,10735,359,Lehman et al. 2006b,Richness,47.70664167,-20.38803889,Precise,Madagascar,Madagascar,Daubentoniidae,Daubentonia,Daubentonia madagascariensis,Daubentonia_madagascariensis ,Transects,0, , , ,0,2001,17.2,km,NA, ,Daubentonia madagascariensis ,Daubentonia madagascariensis,2.545,N,102.95,AR,Insectivore,44.85,NA,1,760.41,167,197.7,291.6,1.01,NA,Solitary,Spatial Polygyny, ,2Tropical_and_suptropical_moist_broadleaf_forest,0.773728692,0.79,97.94,1.52,1.54,98.47,2.5,2.54,98.48,3.73,3.8,98.23,5.2,5.31,97.97,NA,7.07,NA,8.9,9.08,97.97,11.06,11.34,97.52,13.49,13.85,97.37,16.19,16.62,97.42,19.1,19.63,97.3,22.19,22.9,96.91,25.64,26.42,97.05,29.32,30.19,97.13,33.24,34.21,97.16,37.42,38.48,97.24,41.86,43.01,97.32,46.54,47.78,97.4,51.47,52.81,97.46,56.61,58.09,97.45,62.05,63.62,97.53
-1,10736,359,Lehman et al. 2006b,Richness,47.71146111,-20.09241389,Precise,Madagascar,Madagascar,Daubentoniidae,Daubentonia,Daubentonia madagascariensis,Daubentonia_madagascariensis ,Transects,1, , , ,0,2001,10.5,km,NA, ,Daubentonia madagascariensis ,Daubentonia madagascariensis,2.545,N,102.95,AR,Insectivore,44.85,NA,1,760.41,167,197.7,291.6,1.01,NA,Solitary,Spatial Polygyny, ,2Tropical_and_suptropical_moist_broadleaf_forest,0.77359764,0.79,97.92,1.52,1.54,98.47,2.51,2.54,98.69,3.72,3.8,98.01,5.15,5.31,97.07,NA,7.07,NA,8.71,9.08,95.89,10.73,11.34,94.65,13.07,13.85,94.38,15.75,16.62,94.75,18.63,19.63,94.89,21.7,22.9,94.78,25.03,26.42,94.74,28.61,30.19,94.75,32.41,34.21,94.75,36.36,38.48,94.49,40.41,43.01,93.95,44.77,47.78,93.7,49.29,52.81,93.34,54.01,58.09,92.98,58.84,63.62,92.49
-1,10737,359,Lehman et al. 2006b,Richness,47.72308611,-20.27262778,Precise,Madagascar,Madagascar,Daubentoniidae,Daubentonia,Daubentonia madagascariensis,Daubentonia_madagascariensis ,Transects,1, , , ,0,2001,23.9,km,NA, ,Daubentonia madagascariensis ,Daubentonia madagascariensis,2.545,N,102.95,AR,Insectivore,44.85,NA,1,760.41,167,197.7,291.6,1.01,NA,Solitary,Spatial Polygyny, ,2Tropical_and_suptropical_moist_broadleaf_forest,0.773722892,0.79,97.94,1.52,1.54,98.47,2.45,2.54,96.4,3.58,3.8,94.24,4.99,5.31,93.97,NA,7.07,NA,8.56,9.08,94.31,10.71,11.34,94.42,13.08,13.85,94.44,15.75,16.62,94.75,18.63,19.63,94.89,21.79,22.9,95.16,25.2,26.42,95.38,28.88,30.19,95.67,32.78,34.21,95.81,36.96,38.48,96.05,41.35,43.01,96.14,46.02,47.78,96.32,50.92,52.81,96.42,56.05,58.09,96.49,61.44,63.62,96.57
-1,10738,359,Lehman et al. 2006b,Richness,47.74981667,-19.90872778,Precise,Madagascar,Madagascar,Daubentoniidae,Daubentonia,Daubentonia madagascariensis,Daubentonia_madagascariensis ,Transects,1, , , ,0,2001,32,km,NA, ,Daubentonia madagascariensis ,Daubentonia madagascariensis,2.545,N,102.95,AR,Insectivore,44.85,NA,1,760.41,167,197.7,291.6,1.01,NA,Solitary,Spatial Polygyny, ,2Tropical_and_suptropical_moist_broadleaf_forest,0.769395404,0.79,97.39,1.51,1.54,97.73,2.49,2.54,97.88,3.7,3.8,97.32,5.1,5.31,96.01,NA,7.07,NA,8.66,9.08,95.37,10.77,11.34,95.01,13.13,13.85,94.83,15.67,16.62,94.31,18.51,19.63,94.3,21.55,22.9,94.11,24.92,26.42,94.31,28.52,30.19,94.47,32.4,34.21,94.7,36.43,38.48,94.66,40.62,43.01,94.45,44.99,47.78,94.17,49.66,52.81,94.03,54.69,58.09,94.15,59.97,63.62,94.26
