OID,N,N_study,Source,BASE,X,Y,Precise,Country,Realm,Family,Genus,Taxon,Taxon_ITIS,Sample_met,Ocurrence,N_groups,Abundanc_1,Abundance,Density,Sample_yea,Sampling_e,Sampling_1,ID_Todo,TRAITS,Taxon_IT_1,ITIS_SPECI,BodyMass_k,DielActivi,HomeRange_,Locomotion,TrophicGui,Brain_size,Canine_Dim,MeanGroupS,Interbirth,Gestation,WeaningAge,MaxLongevi,LitterSz,AdultSexRa,Social_Sys,Mating_Sys,FOREST,BIOME,Buffer_500,Area500,FC_500,Buffer_700,Area700,FC_700,Buffer_900,Area900,FC_900,Buffer_110,Area1100,FC1100,Buffer_130,Area1300,FC_1300,Buffer_150,Area1500,FC_1500,Buffer_170,Area1700,FC_1700,Buffer_190,Area1900,FC_1900,Buffer_210,Area2100,FC_2100,Buffer_230,Area2300,FC_2300,Buffer_250,Area2500,FC_2500,Buffer_270,Area2700,FC_2700,Buffer_290,Area2900,FC_2900,Buffer_310,Area3100,FC_3100,Buffer_330,Area3300,FC_3300,Buffer_350,Area3500,FC_3500,Buffer_370,Area3700,F_Buffer_3,Buffer_390,Area_3900,FC_3900,Buffer_410,Area4100,FC_4100,Buffer_430,Area4300,FC_4300,Buffer_450,Area4500,FC_4500
-1,10952,60,"Steffens & Lehman, 2018",Richness,46.6968874,-16.33339782,Precise,Madagascar,Madagascar,Lemuridae,Eulemur,Eulemur fulvus,Eulemur_fulvus ,Line transect,0, , , ,0,2011,67.7,m,NA, ,Eulemur fulvus ,Eulemur fulvus,1.84,CA,10.6,AR,Folivore_frugivore,25.77,1.176,8.9,547.5,118,134.64,444,1.1,1.17,Polygyny,Polygyny, ,9Tropical and Subtropical Dry Broadleaf Forest,0,0.79,0,0,1.54,0,0,2.54,0.11,0.02,3.8,0.48,0.03,5.31,0.65,0.04,7.07,0.5,0.04,9.08,0.47,0.09,11.34,0.83,0.23,13.85,1.69,0.48,16.62,2.89,0.93,19.63,4.75,1.57,22.9,6.86,2.2,26.42,8.31,3.09,30.19,10.23,4.12,34.21,12.03,5.23,38.48,13.59,6.4,43.01,14.89,7.66,47.78,16.02,9.13,52.81,17.28,10.88,58.09,18.73,12.7,63.62,19.96
-1,10953,60,"Steffens & Lehman, 2018",Richness,46.70693277,-16.33400401,Precise,Madagascar,Madagascar,Lemuridae,Eulemur,Eulemur fulvus,Eulemur_fulvus ,Line transect,0, , , ,0,2011,61.1,m,NA, ,Eulemur fulvus ,Eulemur fulvus,1.84,CA,10.6,AR,Folivore_frugivore,25.77,1.176,8.9,547.5,118,134.64,444,1.1,1.17,Polygyny,Polygyny, ,9Tropical and Subtropical Dry Broadleaf Forest,0,0.79,0,0,1.54,0,0.01,2.54,0.54,0.06,3.8,1.69,0.19,5.31,3.61,0.55,7.07,7.81,0.86,9.08,9.5,1.14,11.34,10.07,1.63,13.85,11.74,2.2,16.62,13.22,2.65,19.63,13.52,3.08,22.9,13.45,3.82,26.42,14.47,4.6,30.19,15.25,5.57,34.21,16.29,6.57,38.48,17.08,7.74,43.01,17.99,9.38,47.78,19.64,11.14,52.81,21.1,12.91,58.09,22.23,14.61,63.62,22.97
-1,10954,60,"Steffens & Lehman, 2018",Richness,46.69627984,-16.30792956,Precise,Madagascar,Madagascar,Lemuridae,Eulemur,Eulemur fulvus,Eulemur_fulvus ,Line transect,1, , , ,0,2011,823.1,m,NA, ,Eulemur fulvus ,Eulemur fulvus,1.84,CA,10.6,AR,Folivore_frugivore,25.77,1.176,8.9,547.5,118,134.64,444,1.1,1.17,Polygyny,Polygyny, ,9Tropical and Subtropical Dry Broadleaf Forest,0,0.79,0,0,1.54,0.02,0.02,2.54,0.76,0.06,3.8,1.7,0.09,5.31,1.62,0.09,7.07,1.34,0.1,9.08,1.06,0.11,11.34,0.97,0.13,13.85,0.91,0.13,16.62,0.78,0.13,19.63,0.66,0.13,22.9,0.57,0.14,26.42,0.54,0.26,30.19,0.87,0.45,34.21,1.32,0.73,38.48,1.91,0.96,43.01,2.22,1.18,47.78,2.46,1.58,52.81,2.99,2.09,58.09,3.59,2.78,63.62,4.37
-1,10955,60,"Steffens & Lehman, 2018",Richness,46.71718559,-16.30594317,Precise,Madagascar,Madagascar,Lemuridae,Eulemur,Eulemur fulvus,Eulemur_fulvus ,Line transect,0, , , ,0,2011,577,m,NA, ,Eulemur fulvus ,Eulemur fulvus,1.84,CA,10.6,AR,Folivore_frugivore,25.77,1.176,8.9,547.5,118,134.64,444,1.1,1.17,Polygyny,Polygyny, ,9Tropical and Subtropical Dry Broadleaf Forest,0,0.79,0,0,1.54,0,0,2.54,0,0,3.8,0,0,5.31,0.01,0.03,7.07,0.49,0.11,9.08,1.18,0.24,11.34,2.14,0.38,13.85,2.73,0.67,16.62,4.02,1.16,19.63,5.89,1.71,22.9,7.46,2.36,26.42,8.92,2.93,30.19,9.72,3.65,34.21,10.66,4.68,38.48,12.16,5.81,43.01,13.51,6.99,47.78,14.63,8.29,52.81,15.69,9.41,58.09,16.19,10.68,63.62,16.79
-1,10956,60,"Steffens & Lehman, 2018",Richness,46.71458196,-16.29091428,Precise,Madagascar,Madagascar,Lemuridae,Eulemur,Eulemur fulvus,Eulemur_fulvus ,Line transect,0, , , ,0,2011,227.3,m,NA, ,Eulemur fulvus ,Eulemur fulvus,1.84,CA,10.6,AR,Folivore_frugivore,25.77,1.176,8.9,547.5,118,134.64,444,1.1,1.17,Polygyny,Polygyny, ,9Tropical and Subtropical Dry Broadleaf Forest,0,0.79,0,0,1.54,0,0.01,2.54,0.34,0.05,3.8,1.37,0.13,5.31,2.53,0.25,7.07,3.54,0.36,9.08,3.99,0.58,11.34,5.11,0.68,13.85,4.94,1.03,16.62,6.21,1.36,19.63,6.93,1.82,22.9,7.93,2.29,26.42,8.66,2.76,30.19,9.13,3.35,34.21,9.79,4.1,38.48,10.65,4.71,43.01,10.95,5.35,47.78,11.19,6.34,52.81,12,7.53,58.09,12.97,8.87,63.62,13.95
-1,10957,60,"Steffens & Lehman, 2018",Richness,46.71750539,-16.28527215,Precise,Madagascar,Madagascar,Lemuridae,Eulemur,Eulemur fulvus,Eulemur_fulvus ,Line transect,0, , , ,0,2011,223,m,NA, ,Eulemur fulvus ,Eulemur fulvus,1.84,CA,10.6,AR,Folivore_frugivore,25.77,1.176,8.9,547.5,118,134.64,444,1.1,1.17,Polygyny,Polygyny, ,9Tropical and Subtropical Dry Broadleaf Forest,0.039858184,0.79,5.05,0.14,1.54,9.27,0.23,2.54,8.98,0.3,3.8,7.91,0.35,5.31,6.57,0.51,7.07,7.19,0.91,9.08,10.07,1.24,11.34,10.93,1.61,13.85,11.64,1.99,16.62,11.95,2.28,19.63,11.6,2.65,22.9,11.56,3.18,26.42,12.04,3.56,30.19,11.79,4.14,34.21,12.09,4.91,38.48,12.76,5.79,43.01,13.46,6.71,47.78,14.04,7.77,52.81,14.71,8.74,58.09,15.04,9.5,63.62,14.94
-1,10958,60,"Steffens & Lehman, 2018",Richness,46.71596487,-16.28380281,Precise,Madagascar,Madagascar,Lemuridae,Eulemur,Eulemur fulvus,Eulemur_fulvus ,Line transect,0, , , ,0,2011,391,m,NA, ,Eulemur fulvus ,Eulemur fulvus,1.84,CA,10.6,AR,Folivore_frugivore,25.77,1.176,8.9,547.5,118,134.64,444,1.1,1.17,Polygyny,Polygyny, ,9Tropical and Subtropical Dry Broadleaf Forest,0.000815214,0.79,0.1,0.08,1.54,5.1,0.19,2.54,7.61,0.28,3.8,7.36,0.4,5.31,7.56,0.75,7.07,10.63,1.13,9.08,12.47,1.41,11.34,12.48,1.75,13.85,12.62,2.11,16.62,12.67,2.46,19.63,12.52,2.82,22.9,12.33,3.03,26.42,11.48,3.41,30.19,11.29,3.96,34.21,11.56,4.74,38.48,12.32,5.49,43.01,12.77,6.24,47.78,13.06,7.06,52.81,13.37,7.99,58.09,13.75,8.85,63.62,13.9
-1,10959,60,"Steffens & Lehman, 2018",Richness,46.71073209,-16.34064553,Precise,Madagascar,Madagascar,Lemuridae,Eulemur,Eulemur fulvus,Eulemur_fulvus ,Line transect,0, , , ,0,2011,294.6,m,NA, ,Eulemur fulvus ,Eulemur fulvus,1.84,CA,10.6,AR,Folivore_frugivore,25.77,1.176,8.9,547.5,118,134.64,444,1.1,1.17,Polygyny,Polygyny, ,9Tropical and Subtropical Dry Broadleaf Forest,0.030130694,0.79,3.81,0.16,1.54,10.1,0.27,2.54,10.65,0.53,3.8,14.01,0.88,5.31,16.53,1.34,7.07,18.9,1.73,9.08,19.07,2.14,11.34,18.87,2.8,13.85,20.19,3.54,16.62,21.29,4.25,19.63,21.66,5.17,22.9,22.59,6.11,26.42,23.14,7.17,30.19,23.77,8.58,34.21,25.09,10.11,38.48,26.27,11.66,43.01,27.1,13.11,47.78,27.45,14.68,52.81,27.79,16.21,58.09,27.91,17.67,63.62,27.77
-1,10960,60,"Steffens & Lehman, 2018",Richness,46.68920613,-16.33618717,Precise,Madagascar,Madagascar,Lemuridae,Eulemur,Eulemur fulvus,Eulemur_fulvus ,Line transect,0, , , ,0,2011,188.3,m,NA, ,Eulemur fulvus ,Eulemur fulvus,1.84,CA,10.6,AR,Folivore_frugivore,25.77,1.176,8.9,547.5,118,134.64,444,1.1,1.17,Polygyny,Polygyny, ,9Tropical and Subtropical Dry Broadleaf Forest,0,0.79,0,0,1.54,0,0,2.54,0,0,3.8,0.02,0.02,5.31,0.29,0.06,7.07,0.78,0.17,9.08,1.87,0.3,11.34,2.66,0.45,13.85,3.27,0.86,16.62,5.18,1.37,19.63,6.97,1.83,22.9,7.98,2.39,26.42,9.03,3.17,30.19,10.51,4.23,34.21,12.35,5.68,38.48,14.77,7.27,43.01,16.9,8.97,47.78,18.78,10.64,52.81,20.15,11.89,58.09,20.46,13.07,63.62,20.55
-1,10961,60,"Steffens & Lehman, 2018",Richness,46.71302264,-16.3310034,Precise,Madagascar,Madagascar,Lemuridae,Eulemur,Eulemur fulvus,Eulemur_fulvus ,Line transect,0, , , ,0,2011,43.8,m,NA, ,Eulemur fulvus ,Eulemur fulvus,1.84,CA,10.6,AR,Folivore_frugivore,25.77,1.176,8.9,547.5,118,134.64,444,1.1,1.17,Polygyny,Polygyny, ,9Tropical and Subtropical Dry Broadleaf Forest,0.067852811,0.79,8.59,0.15,1.54,9.94,0.34,2.54,13.37,0.61,3.8,15.98,0.87,5.31,16.4,1.21,7.07,17.08,1.54,9.08,17,1.88,11.34,16.61,2.27,13.85,16.42,2.74,16.62,16.47,3.33,19.63,16.96,3.78,22.9,16.49,4.36,26.42,16.52,5.17,30.19,17.11,6.19,34.21,18.09,7.18,38.48,18.66,8.25,43.01,19.19,9.41,47.78,19.69,11.02,52.81,20.87,12.89,58.09,22.2,14.99,63.62,23.56
-1,10962,60,"Steffens & Lehman, 2018",Richness,46.68950197,-16.33103279,Precise,Madagascar,Madagascar,Lemuridae,Eulemur,Eulemur fulvus,Eulemur_fulvus ,Line transect,0, , , ,0,2011,86.7,m,NA, ,Eulemur fulvus ,Eulemur fulvus,1.84,CA,10.6,AR,Folivore_frugivore,25.77,1.176,8.9,547.5,118,134.64,444,1.1,1.17,Polygyny,Polygyny, ,9Tropical and Subtropical Dry Broadleaf Forest,0,0.79,0,0.01,1.54,0.64,0.03,2.54,1.2,0.04,3.8,0.93,0.04,5.31,0.66,0.04,7.07,0.51,0.09,9.08,0.99,0.14,11.34,1.19,0.21,13.85,1.54,0.36,16.62,2.17,0.51,19.63,2.58,0.69,22.9,3,1.2,26.42,4.55,1.91,30.19,6.33,2.76,34.21,8.08,3.73,38.48,9.69,4.95,43.01,11.51,6.4,47.78,13.4,7.89,52.81,14.94,9.44,58.09,16.26,10.84,63.62,17.04
-1,10963,60,"Steffens & Lehman, 2018",Richness,46.69566773,-16.32938557,Precise,Madagascar,Madagascar,Lemuridae,Eulemur,Eulemur fulvus,Eulemur_fulvus ,Line transect,1, , , ,0,2011,278,m,NA, ,Eulemur fulvus ,Eulemur fulvus,1.84,CA,10.6,AR,Folivore_frugivore,25.77,1.176,8.9,547.5,118,134.64,444,1.1,1.17,Polygyny,Polygyny, ,9Tropical and Subtropical Dry Broadleaf Forest,0.004758951,0.79,0.6,0.03,1.54,1.74,0.04,2.54,1.39,0.04,3.8,0.93,0.04,5.31,0.82,0.1,7.07,1.4,0.12,9.08,1.33,0.12,11.34,1.07,0.14,13.85,0.98,0.2,16.62,1.18,0.38,19.63,1.94,0.87,22.9,3.78,1.42,26.42,5.38,2.03,30.19,6.71,2.71,34.21,7.92,3.61,38.48,9.39,4.57,43.01,10.63,5.79,47.78,12.11,7.09,52.81,13.43,8.51,58.09,14.65,10.24,63.62,16.1
-1,10964,60,"Steffens & Lehman, 2018",Richness,46.69991585,-16.32829088,Precise,Madagascar,Madagascar,Lemuridae,Eulemur,Eulemur fulvus,Eulemur_fulvus ,Line transect,1, , , ,0,2011,621.3,m,NA, ,Eulemur fulvus ,Eulemur fulvus,1.84,CA,10.6,AR,Folivore_frugivore,25.77,1.176,8.9,547.5,118,134.64,444,1.1,1.17,Polygyny,Polygyny, ,9Tropical and Subtropical Dry Broadleaf Forest,0,0.79,0,0,1.54,0,0.02,2.54,0.7,0.04,3.8,0.93,0.05,5.31,0.98,0.09,7.07,1.3,0.13,9.08,1.45,0.19,11.34,1.65,0.32,13.85,2.31,0.66,16.62,3.95,1.08,19.63,5.49,1.34,22.9,5.87,1.71,26.42,6.48,2.34,30.19,7.75,2.99,34.21,8.74,3.59,38.48,9.33,4.55,43.01,10.58,5.7,47.78,11.93,6.93,52.81,13.12,8.39,58.09,14.45,10.22,63.62,16.06
-1,10965,60,"Steffens & Lehman, 2018",Richness,46.71278127,-16.3272483,Precise,Madagascar,Madagascar,Lemuridae,Eulemur,Eulemur fulvus,Eulemur_fulvus ,Line transect,0, , , ,0,2011,625.4,m,NA, ,Eulemur fulvus ,Eulemur fulvus,1.84,CA,10.6,AR,Folivore_frugivore,25.77,1.176,8.9,547.5,118,134.64,444,1.1,1.17,Polygyny,Polygyny, ,9Tropical and Subtropical Dry Broadleaf Forest,0.005176508,0.79,0.66,0.1,1.54,6.43,0.3,2.54,11.7,0.48,3.8,12.7,0.73,5.31,13.75,0.93,7.07,13.11,1.14,9.08,12.52,1.55,11.34,13.69,1.86,13.85,13.46,2.29,16.62,13.78,2.77,19.63,14.12,3.37,22.9,14.73,3.91,26.42,14.79,4.52,30.19,14.98,5.29,34.21,15.45,6.14,38.48,15.97,7.03,43.01,16.34,8.24,47.78,17.24,9.52,52.81,18.03,11.08,58.09,19.08,12.79,63.62,20.11
-1,10966,60,"Steffens & Lehman, 2018",Richness,46.70354761,-16.32598023,Precise,Madagascar,Madagascar,Lemuridae,Eulemur,Eulemur fulvus,Eulemur_fulvus ,Line transect,0, , , ,0,2011,289.5,m,NA, ,Eulemur fulvus ,Eulemur fulvus,1.84,CA,10.6,AR,Folivore_frugivore,25.77,1.176,8.9,547.5,118,134.64,444,1.1,1.17,Polygyny,Polygyny, ,9Tropical and Subtropical Dry Broadleaf Forest,0,0.79,0,0,1.54,0,0,2.54,0,0,3.8,0.06,0.05,5.31,0.99,0.13,7.07,1.89,0.27,9.08,2.97,0.49,11.34,4.32,0.75,13.85,5.41,1.09,16.62,6.57,1.38,19.63,7.01,1.6,22.9,6.98,1.98,26.42,7.48,2.42,30.19,8,2.97,34.21,8.68,3.61,38.48,9.37,4.37,43.01,10.15,5.43,47.78,11.36,6.78,52.81,12.84,8.16,58.09,14.04,9.57,63.62,15.04
-1,10967,60,"Steffens & Lehman, 2018",Richness,46.70617061,-16.32346527,Precise,Madagascar,Madagascar,Lemuridae,Eulemur,Eulemur fulvus,Eulemur_fulvus ,Line transect,0, , , ,0,2011,210,m,NA, ,Eulemur fulvus ,Eulemur fulvus,1.84,CA,10.6,AR,Folivore_frugivore,25.77,1.176,8.9,547.5,118,134.64,444,1.1,1.17,Polygyny,Polygyny, ,9Tropical and Subtropical Dry Broadleaf Forest,0,0.79,0,0,1.54,0,0,2.54,0,0,3.8,0,0.03,5.31,0.48,0.24,7.07,3.34,0.49,9.08,5.38,0.71,11.34,6.26,0.94,13.85,6.78,1.13,16.62,6.8,1.38,19.63,7.02,1.77,22.9,7.72,2.05,26.42,7.78,2.5,30.19,8.29,3.04,34.21,8.88,3.78,38.48,9.83,4.47,43.01,10.4,5.39,47.78,11.28,6.53,52.81,12.36,7.73,58.09,13.31,9,63.62,14.15
-1,10968,60,"Steffens & Lehman, 2018",Richness,46.68833567,-16.32269288,Precise,Madagascar,Madagascar,Lemuridae,Eulemur,Eulemur fulvus,Eulemur_fulvus ,Line transect,1, , , ,0,2011,627.3,m,NA, ,Eulemur fulvus ,Eulemur fulvus,1.84,CA,10.6,AR,Folivore_frugivore,25.77,1.176,8.9,547.5,118,134.64,444,1.1,1.17,Polygyny,Polygyny, ,9Tropical and Subtropical Dry Broadleaf Forest,0.016803051,0.79,2.13,0.04,1.54,2.69,0.06,2.54,2.49,0.1,3.8,2.69,0.12,5.31,2.25,0.12,7.07,1.71,0.13,9.08,1.4,0.13,11.34,1.12,0.14,13.85,1,0.14,16.62,0.84,0.14,19.63,0.71,0.16,22.9,0.71,0.27,26.42,1.04,0.43,30.19,1.42,0.78,34.21,2.27,1.28,38.48,3.32,2.15,43.01,5,3.28,47.78,6.86,4.22,52.81,8,5.11,58.09,8.79,6.24,63.62,9.81
-1,10969,60,"Steffens & Lehman, 2018",Richness,46.71503726,-16.32160136,Precise,Madagascar,Madagascar,Lemuridae,Eulemur,Eulemur fulvus,Eulemur_fulvus ,Line transect,0, , , ,0,2011,649.1,m,NA, ,Eulemur fulvus ,Eulemur fulvus,1.84,CA,10.6,AR,Folivore_frugivore,25.77,1.176,8.9,547.5,118,134.64,444,1.1,1.17,Polygyny,Polygyny, ,9Tropical and Subtropical Dry Broadleaf Forest,0.00406521,0.79,0.51,0.1,1.54,6.76,0.27,2.54,10.63,0.48,3.8,12.62,0.62,5.31,11.59,0.75,7.07,10.6,0.88,9.08,9.71,1.11,11.34,9.77,1.38,13.85,9.97,1.9,16.62,11.46,2.48,19.63,12.64,3.1,22.9,13.53,3.86,26.42,14.61,4.52,30.19,14.96,5.25,34.21,15.35,5.9,38.48,15.32,6.62,43.01,15.4,7.46,47.78,15.61,8.65,52.81,16.37,9.99,58.09,17.2,11.66,63.62,18.32
-1,10970,60,"Steffens & Lehman, 2018",Richness,46.69358597,-16.32120608,Precise,Madagascar,Madagascar,Lemuridae,Eulemur,Eulemur fulvus,Eulemur_fulvus ,Line transect,1, , , ,0,2011,1804.2,m,NA, ,Eulemur fulvus ,Eulemur fulvus,1.84,CA,10.6,AR,Folivore_frugivore,25.77,1.176,8.9,547.5,118,134.64,444,1.1,1.17,Polygyny,Polygyny, ,9Tropical and Subtropical Dry Broadleaf Forest,0.057479603,0.79,7.28,0.11,1.54,7.03,0.12,2.54,4.77,0.12,3.8,3.19,0.12,5.31,2.28,0.12,7.07,1.71,0.12,9.08,1.33,0.12,11.34,1.07,0.12,13.85,0.87,0.13,16.62,0.76,0.13,19.63,0.65,0.19,22.9,0.83,0.37,26.42,1.4,0.64,30.19,2.11,1.05,34.21,3.07,1.59,38.48,4.12,1.89,43.01,4.4,2.53,47.78,5.29,3.52,52.81,6.67,4.62,58.09,7.95,5.75,63.62,9.05
-1,10971,60,"Steffens & Lehman, 2018",Richness,46.70070278,-16.31847509,Precise,Madagascar,Madagascar,Lemuridae,Eulemur,Eulemur fulvus,Eulemur_fulvus ,Line transect,0, , , ,0,2011,66.3,m,NA, ,Eulemur fulvus ,Eulemur fulvus,1.84,CA,10.6,AR,Folivore_frugivore,25.77,1.176,8.9,547.5,118,134.64,444,1.1,1.17,Polygyny,Polygyny, ,9Tropical and Subtropical Dry Broadleaf Forest,0.011054208,0.79,1.4,0.06,1.54,3.89,0.07,2.54,2.71,0.1,3.8,2.67,0.12,5.31,2.26,0.12,7.07,1.71,0.12,9.08,1.33,0.12,11.34,1.07,0.15,13.85,1.1,0.36,16.62,2.16,0.6,19.63,3.04,0.79,22.9,3.43,0.98,26.42,3.69,1.17,30.19,3.88,1.47,34.21,4.3,1.86,38.48,4.85,2.21,43.01,5.13,2.88,47.78,6.04,3.83,52.81,7.25,4.9,58.09,8.43,5.92,63.62,9.31
-1,10972,60,"Steffens & Lehman, 2018",Richness,46.71798194,-16.31697064,Precise,Madagascar,Madagascar,Lemuridae,Eulemur,Eulemur fulvus,Eulemur_fulvus ,Line transect,0, , , ,0,2011,161.8,m,NA, ,Eulemur fulvus ,Eulemur fulvus,1.84,CA,10.6,AR,Folivore_frugivore,25.77,1.176,8.9,547.5,118,134.64,444,1.1,1.17,Polygyny,Polygyny, ,9Tropical and Subtropical Dry Broadleaf Forest,0.032478593,0.79,4.11,0.1,1.54,6.54,0.18,2.54,7.2,0.3,3.8,7.78,0.43,5.31,8.09,0.55,7.07,7.8,0.7,9.08,7.71,0.95,11.34,8.37,1.23,13.85,8.91,1.67,16.62,10.05,2.38,19.63,12.15,3.23,22.9,14.11,4.06,26.42,15.37,4.71,30.19,15.62,5.36,34.21,15.66,6.21,38.48,16.14,7.16,43.01,16.66,8.16,47.78,17.08,9.09,52.81,17.22,10.21,58.09,17.58,11.76,63.62,18.49
-1,10973,60,"Steffens & Lehman, 2018",Richness,46.70510096,-16.31370566,Precise,Madagascar,Madagascar,Lemuridae,Eulemur,Eulemur fulvus,Eulemur_fulvus ,Line transect,1, , , ,0,2011,565.8,m,NA, ,Eulemur fulvus ,Eulemur fulvus,1.84,CA,10.6,AR,Folivore_frugivore,25.77,1.176,8.9,547.5,118,134.64,444,1.1,1.17,Polygyny,Polygyny, ,9Tropical and Subtropical Dry Broadleaf Forest,0,0.79,0,0,1.54,0,0,2.54,0.2,0.04,3.8,1.04,0.07,5.31,1.29,0.08,7.07,1.11,0.09,9.08,0.99,0.16,11.34,1.43,0.3,13.85,2.15,0.49,16.62,2.94,0.69,19.63,3.5,0.82,22.9,3.56,0.94,26.42,3.58,1.17,30.19,3.88,1.5,34.21,4.39,1.99,38.48,5.17,2.81,43.01,6.53,3.58,47.78,7.49,4.58,52.81,8.67,5.56,58.09,9.57,6.47,63.62,10.16
-1,10974,60,"Steffens & Lehman, 2018",Richness,46.68976298,-16.31304186,Precise,Madagascar,Madagascar,Lemuridae,Eulemur,Eulemur fulvus,Eulemur_fulvus ,Line transect,0, , , ,0,2011,291.3,m,NA, ,Eulemur fulvus ,Eulemur fulvus,1.84,CA,10.6,AR,Folivore_frugivore,25.77,1.176,8.9,547.5,118,134.64,444,1.1,1.17,Polygyny,Polygyny, ,9Tropical and Subtropical Dry Broadleaf Forest,0.011266438,0.79,1.43,0.04,1.54,2.7,0.08,2.54,3.23,0.09,3.8,2.28,0.1,5.31,1.86,0.12,7.07,1.65,0.12,9.08,1.33,0.13,11.34,1.14,0.13,13.85,0.94,0.13,16.62,0.78,0.14,19.63,0.69,0.14,22.9,0.59,0.15,26.42,0.56,0.15,30.19,0.49,0.15,34.21,0.44,0.28,38.48,0.74,0.57,43.01,1.33,0.92,47.78,1.93,1.38,52.81,2.62,2,58.09,3.44,2.65,63.62,4.16
-1,10975,60,"Steffens & Lehman, 2018",Richness,46.68505274,-16.31229756,Precise,Madagascar,Madagascar,Lemuridae,Eulemur,Eulemur fulvus,Eulemur_fulvus ,Line transect,0, , , ,0,2011,76.8,m,NA, ,Eulemur fulvus ,Eulemur fulvus,1.84,CA,10.6,AR,Folivore_frugivore,25.77,1.176,8.9,547.5,118,134.64,444,1.1,1.17,Polygyny,Polygyny, ,9Tropical and Subtropical Dry Broadleaf Forest,0,0.79,0,0,1.54,0,0.01,2.54,0.46,0.02,3.8,0.49,0.07,5.31,1.27,0.09,7.07,1.29,0.11,9.08,1.25,0.13,11.34,1.14,0.13,13.85,0.95,0.14,16.62,0.82,0.14,19.63,0.69,0.15,22.9,0.65,0.15,26.42,0.56,0.15,30.19,0.49,0.15,34.21,0.43,0.19,38.48,0.49,0.34,43.01,0.8,0.59,47.78,1.24,1.18,52.81,2.24,1.86,58.09,3.21,2.52,63.62,3.96
-1,10976,60,"Steffens & Lehman, 2018",Richness,46.70132002,-16.31146509,Precise,Madagascar,Madagascar,Lemuridae,Eulemur,Eulemur fulvus,Eulemur_fulvus ,Line transect,0, , , ,0,2011,105,m,NA, ,Eulemur fulvus ,Eulemur fulvus,1.84,CA,10.6,AR,Folivore_frugivore,25.77,1.176,8.9,547.5,118,134.64,444,1.1,1.17,Polygyny,Polygyny, ,9Tropical and Subtropical Dry Broadleaf Forest,0,0.79,0,0.01,1.54,0.54,0.04,2.54,1.65,0.07,3.8,1.86,0.08,5.31,1.55,0.09,7.07,1.21,0.1,9.08,1.08,0.12,11.34,1.02,0.13,13.85,0.93,0.15,16.62,0.88,0.26,19.63,1.34,0.42,22.9,1.86,0.65,26.42,2.46,0.79,30.19,2.61,0.92,34.21,2.68,1.18,38.48,3.07,1.62,43.01,3.77,2.22,47.78,4.64,3.04,52.81,5.76,3.84,58.09,6.61,4.83,63.62,7.59
-1,10977,60,"Steffens & Lehman, 2018",Richness,46.68503501,-16.31092824,Precise,Madagascar,Madagascar,Lemuridae,Eulemur,Eulemur fulvus,Eulemur_fulvus ,Line transect,0, , , ,0,2011,138.3,m,NA, ,Eulemur fulvus ,Eulemur fulvus,1.84,CA,10.6,AR,Folivore_frugivore,25.77,1.176,8.9,547.5,118,134.64,444,1.1,1.17,Polygyny,Polygyny, ,9Tropical and Subtropical Dry Broadleaf Forest,0,0.79,0,0,1.54,0,0,2.54,0,0.02,3.8,0.45,0.06,5.31,1.08,0.09,7.07,1.21,0.11,9.08,1.19,0.13,11.34,1.11,0.13,13.85,0.94,0.14,16.62,0.82,0.14,19.63,0.69,0.14,22.9,0.61,0.15,26.42,0.56,0.15,30.19,0.49,0.15,34.21,0.43,0.16,38.48,0.41,0.26,43.01,0.61,0.46,47.78,0.95,0.92,52.81,1.74,1.6,58.09,2.75,2.24,63.62,3.52
-1,10978,60,"Steffens & Lehman, 2018",Richness,46.69739536,-16.31017935,Precise,Madagascar,Madagascar,Lemuridae,Eulemur,Eulemur fulvus,Eulemur_fulvus ,Line transect,0, , , ,0,2011,148.6,m,NA, ,Eulemur fulvus ,Eulemur fulvus,1.84,CA,10.6,AR,Folivore_frugivore,25.77,1.176,8.9,547.5,118,134.64,444,1.1,1.17,Polygyny,Polygyny, ,9Tropical and Subtropical Dry Broadleaf Forest,0.00272149,0.79,0.34,0.02,1.54,1.38,0.07,2.54,2.59,0.08,3.8,2.22,0.09,5.31,1.62,0.09,7.07,1.24,0.11,9.08,1.23,0.13,11.34,1.12,0.13,13.85,0.94,0.13,16.62,0.78,0.13,19.63,0.66,0.14,22.9,0.6,0.24,26.42,0.92,0.42,30.19,1.39,0.68,34.21,1.99,0.87,38.48,2.25,1.07,43.01,2.48,1.36,47.78,2.85,1.82,52.81,3.45,2.54,58.09,4.37,3.32,63.62,5.21
-1,10979,60,"Steffens & Lehman, 2018",Richness,46.68675077,-16.30724422,Precise,Madagascar,Madagascar,Lemuridae,Eulemur,Eulemur fulvus,Eulemur_fulvus ,Line transect,0, , , ,0,2011,119.1,m,NA, ,Eulemur fulvus ,Eulemur fulvus,1.84,CA,10.6,AR,Folivore_frugivore,25.77,1.176,8.9,547.5,118,134.64,444,1.1,1.17,Polygyny,Polygyny, ,9Tropical and Subtropical Dry Broadleaf Forest,0,0.79,0,0,1.54,0,0,2.54,0,0,3.8,0,0.03,5.31,0.6,0.08,7.07,1.11,0.09,9.08,1.04,0.1,11.34,0.86,0.12,13.85,0.85,0.13,16.62,0.78,0.13,19.63,0.66,0.13,22.9,0.58,0.14,26.42,0.51,0.14,30.19,0.47,0.17,34.21,0.51,0.19,38.48,0.5,0.25,43.01,0.57,0.31,47.78,0.65,0.54,52.81,1.03,0.97,58.09,1.67,1.53,63.62,2.4
-1,10980,60,"Steffens & Lehman, 2018",Richness,46.6878675,-16.30384009,Precise,Madagascar,Madagascar,Lemuridae,Eulemur,Eulemur fulvus,Eulemur_fulvus ,Line transect,0, , , ,0,2011,325.2,m,NA, ,Eulemur fulvus ,Eulemur fulvus,1.84,CA,10.6,AR,Folivore_frugivore,25.77,1.176,8.9,547.5,118,134.64,444,1.1,1.17,Polygyny,Polygyny, ,9Tropical and Subtropical Dry Broadleaf Forest,0,0.79,0,0,1.54,0,0.01,2.54,0.34,0.01,3.8,0.23,0.01,5.31,0.16,0.02,7.07,0.26,0.07,9.08,0.77,0.09,11.34,0.83,0.09,13.85,0.68,0.1,16.62,0.61,0.12,19.63,0.62,0.13,22.9,0.59,0.16,26.42,0.59,0.18,30.19,0.58,0.23,34.21,0.67,0.28,38.48,0.73,0.32,43.01,0.75,0.34,47.78,0.71,0.52,52.81,0.99,0.82,58.09,1.42,1.35,63.62,2.13
-1,10981,60,"Steffens & Lehman, 2018",Richness,46.71323822,-16.30308044,Precise,Madagascar,Madagascar,Lemuridae,Eulemur,Eulemur fulvus,Eulemur_fulvus ,Line transect,1, , , ,0,2011,1629.9,m,NA, ,Eulemur fulvus ,Eulemur fulvus,1.84,CA,10.6,AR,Folivore_frugivore,25.77,1.176,8.9,547.5,118,134.64,444,1.1,1.17,Polygyny,Polygyny, ,9Tropical and Subtropical Dry Broadleaf Forest,0,0.79,0,0,1.54,0,0,2.54,0,0,3.8,0,0,5.31,0,0,7.07,0,0,9.08,0,0.02,11.34,0.15,0.08,13.85,0.61,0.29,16.62,1.77,0.56,19.63,2.87,0.99,22.9,4.32,1.58,26.42,5.98,2.1,30.19,6.94,2.73,34.21,7.99,3.44,38.48,8.93,4.17,43.01,9.7,5.11,47.78,10.7,6.42,52.81,12.16,7.79,58.09,13.41,9.15,63.62,14.38
-1,10982,60,"Steffens & Lehman, 2018",Richness,46.72146588,-16.3025977,Precise,Madagascar,Madagascar,Lemuridae,Eulemur,Eulemur fulvus,Eulemur_fulvus ,Line transect,0, , , ,0,2011,430.7,m,NA, ,Eulemur fulvus ,Eulemur fulvus,1.84,CA,10.6,AR,Folivore_frugivore,25.77,1.176,8.9,547.5,118,134.64,444,1.1,1.17,Polygyny,Polygyny, ,9Tropical and Subtropical Dry Broadleaf Forest,0,0.79,0,0,1.54,0,0,2.54,0,0.01,3.8,0.19,0.04,5.31,0.72,0.12,7.07,1.69,0.21,9.08,2.37,0.42,11.34,3.71,0.82,13.85,5.93,1.32,16.62,7.96,1.8,19.63,9.16,2.28,22.9,9.94,2.83,26.42,10.7,3.55,30.19,11.75,4.49,34.21,13.14,5.42,38.48,14.07,6.76,43.01,15.71,8.1,47.78,16.95,9.55,52.81,18.09,11.08,58.09,19.07,12.6,63.62,19.81
-1,10983,60,"Steffens & Lehman, 2018",Richness,46.73118526,-16.29963467,Precise,Madagascar,Madagascar,Lemuridae,Eulemur,Eulemur fulvus,Eulemur_fulvus ,Line transect,0, , , ,0,2011,314,m,NA, ,Eulemur fulvus ,Eulemur fulvus,1.84,CA,10.6,AR,Folivore_frugivore,25.77,1.176,8.9,547.5,118,134.64,444,1.1,1.17,Polygyny,Polygyny, ,9Tropical and Subtropical Dry Broadleaf Forest,0.002010923,0.79,0.25,0.12,1.54,7.68,0.3,2.54,11.66,0.43,3.8,11.42,0.61,5.31,11.49,0.89,7.07,12.6,1.27,9.08,14.02,1.75,11.34,15.41,2.3,13.85,16.61,2.81,16.62,16.9,3.43,19.63,17.46,4.09,22.9,17.85,4.84,26.42,18.33,5.71,30.19,18.9,6.62,34.21,19.34,7.76,38.48,20.18,9.3,43.01,21.62,11.06,47.78,23.16,12.94,52.81,24.5,14.53,58.09,25.01,15.88,63.62,24.97
-1,10984,60,"Steffens & Lehman, 2018",Richness,46.70240721,-16.29801267,Precise,Madagascar,Madagascar,Lemuridae,Eulemur,Eulemur fulvus,Eulemur_fulvus ,Line transect,0, , , ,0,2011,314.2,m,NA, ,Eulemur fulvus ,Eulemur fulvus,1.84,CA,10.6,AR,Folivore_frugivore,25.77,1.176,8.9,547.5,118,134.64,444,1.1,1.17,Polygyny,Polygyny, ,9Tropical and Subtropical Dry Broadleaf Forest,0,0.79,0,0,1.54,0,0,2.54,0,0,3.8,0,0,5.31,0,0.01,7.07,0.12,0.01,9.08,0.1,0.04,11.34,0.39,0.11,13.85,0.77,0.21,16.62,1.25,0.29,19.63,1.48,0.39,22.9,1.69,0.57,26.42,2.15,0.73,30.19,2.43,1.04,34.21,3.03,1.53,38.48,3.98,2.05,43.01,4.78,2.61,47.78,5.46,3.22,52.81,6.1,4,58.09,6.88,4.79,63.62,7.53
-1,10985,60,"Steffens & Lehman, 2018",Richness,46.69006718,-16.29802569,Precise,Madagascar,Madagascar,Lemuridae,Eulemur,Eulemur fulvus,Eulemur_fulvus ,Line transect,0, , , ,0,2011,535.6,m,NA, ,Eulemur fulvus ,Eulemur fulvus,1.84,CA,10.6,AR,Folivore_frugivore,25.77,1.176,8.9,547.5,118,134.64,444,1.1,1.17,Polygyny,Polygyny, ,9Tropical and Subtropical Dry Broadleaf Forest,0.008589591,0.79,1.09,0.01,1.54,0.56,0.01,2.54,0.34,0.01,3.8,0.23,0.01,5.31,0.16,0.01,7.07,0.12,0.01,9.08,0.09,0.01,11.34,0.08,0.05,13.85,0.35,0.12,16.62,0.73,0.14,19.63,0.74,0.22,22.9,0.94,0.26,26.42,1,0.3,30.19,0.99,0.35,34.21,1.01,0.43,38.48,1.11,0.53,43.01,1.22,0.77,47.78,1.62,1.12,52.81,2.13,1.6,58.09,2.75,2.08,63.62,3.28
-1,10986,60,"Steffens & Lehman, 2018",Richness,46.71044584,-16.29737645,Precise,Madagascar,Madagascar,Lemuridae,Eulemur,Eulemur fulvus,Eulemur_fulvus ,Line transect,0, , , ,0,2011,127.5,m,NA, ,Eulemur fulvus ,Eulemur fulvus,1.84,CA,10.6,AR,Folivore_frugivore,25.77,1.176,8.9,547.5,118,134.64,444,1.1,1.17,Polygyny,Polygyny, ,9Tropical and Subtropical Dry Broadleaf Forest,0,0.79,0,0,1.54,0,0,2.54,0,0,3.8,0,0,5.31,0,0,7.07,0,0.01,9.08,0.08,0.04,11.34,0.39,0.22,13.85,1.59,0.4,16.62,2.41,0.53,19.63,2.69,0.8,22.9,3.51,1.14,26.42,4.3,1.67,30.19,5.54,2.3,34.21,6.73,3,38.48,7.8,3.75,43.01,8.73,4.49,47.78,9.4,5.24,52.81,9.91,6.16,58.09,10.61,7.15,63.62,11.23
-1,10987,60,"Steffens & Lehman, 2018",Richness,46.70287811,-16.29523595,Precise,Madagascar,Madagascar,Lemuridae,Eulemur,Eulemur fulvus,Eulemur_fulvus ,Line transect,0, , , ,0,2011,178.3,m,NA, ,Eulemur fulvus ,Eulemur fulvus,1.84,CA,10.6,AR,Folivore_frugivore,25.77,1.176,8.9,547.5,118,134.64,444,1.1,1.17,Polygyny,Polygyny, ,9Tropical and Subtropical Dry Broadleaf Forest,0,0.79,0,0,1.54,0,0,2.54,0,0,3.8,0,0,5.31,0,0.02,7.07,0.29,0.07,9.08,0.74,0.13,11.34,1.15,0.18,13.85,1.28,0.22,16.62,1.29,0.38,19.63,1.94,0.6,22.9,2.61,0.76,26.42,2.88,1.06,30.19,3.51,1.42,34.21,4.16,1.83,38.48,4.76,2.3,43.01,5.34,2.79,47.78,5.83,3.49,52.81,6.61,4.25,58.09,7.32,4.95,63.62,7.78
-1,10988,60,"Steffens & Lehman, 2018",Richness,46.6911477,-16.29293397,Precise,Madagascar,Madagascar,Lemuridae,Eulemur,Eulemur fulvus,Eulemur_fulvus ,Line transect,0, , , ,0,2011,239.8,m,NA, ,Eulemur fulvus ,Eulemur fulvus,1.84,CA,10.6,AR,Folivore_frugivore,25.77,1.176,8.9,547.5,118,134.64,444,1.1,1.17,Polygyny,Polygyny, ,9Tropical and Subtropical Dry Broadleaf Forest,0.001542759,0.79,0.2,0.01,1.54,0.56,0.01,2.54,0.34,0.01,3.8,0.23,0.01,5.31,0.16,0.02,7.07,0.22,0.04,9.08,0.39,0.05,11.34,0.43,0.09,13.85,0.67,0.15,16.62,0.91,0.18,19.63,0.94,0.23,22.9,1,0.35,26.42,1.33,0.43,30.19,1.42,0.56,34.21,1.63,0.83,38.48,2.16,1.2,43.01,2.8,1.59,47.78,3.33,1.96,52.81,3.71,2.26,58.09,3.89,2.6,63.62,4.08
-1,10989,60,"Steffens & Lehman, 2018",Richness,46.69194478,-16.28999377,Precise,Madagascar,Madagascar,Lemuridae,Eulemur,Eulemur fulvus,Eulemur_fulvus ,Line transect,0, , , ,0,2011,324.7,m,NA, ,Eulemur fulvus ,Eulemur fulvus,1.84,CA,10.6,AR,Folivore_frugivore,25.77,1.176,8.9,547.5,118,134.64,444,1.1,1.17,Polygyny,Polygyny, ,9Tropical and Subtropical Dry Broadleaf Forest,0,0.79,0,0,1.54,0,0.01,2.54,0.33,0.01,3.8,0.27,0.03,5.31,0.5,0.04,7.07,0.58,0.06,9.08,0.63,0.13,11.34,1.12,0.17,13.85,1.24,0.18,16.62,1.08,0.22,19.63,1.13,0.31,22.9,1.34,0.41,26.42,1.55,0.65,30.19,2.15,0.93,34.21,2.72,1.32,38.48,3.43,1.72,43.01,4,2.04,47.78,4.26,2.36,52.81,4.48,2.58,58.09,4.44,2.98,63.62,4.68
-1,10990,60,"Steffens & Lehman, 2018",Richness,46.69840006,-16.28872218,Precise,Madagascar,Madagascar,Lemuridae,Eulemur,Eulemur fulvus,Eulemur_fulvus ,Line transect,0, , , ,0,2011,377.1,m,NA, ,Eulemur fulvus ,Eulemur fulvus,1.84,CA,10.6,AR,Folivore_frugivore,25.77,1.176,8.9,547.5,118,134.64,444,1.1,1.17,Polygyny,Polygyny, ,9Tropical and Subtropical Dry Broadleaf Forest,0,0.79,0,0,1.54,0.32,0.03,2.54,1.15,0.05,3.8,1.19,0.11,5.31,2,0.16,7.07,2.26,0.18,9.08,2.02,0.2,11.34,1.8,0.29,13.85,2.08,0.36,16.62,2.15,0.49,19.63,2.5,0.8,22.9,3.51,1.17,26.42,4.42,1.52,30.19,5.03,1.8,34.21,5.27,2.05,38.48,5.32,2.32,43.01,5.4,2.63,47.78,5.5,3.06,52.81,5.79,3.5,58.09,6.02,3.93,63.62,6.18
-1,10991,60,"Steffens & Lehman, 2018",Richness,46.71100137,-16.28842237,Precise,Madagascar,Madagascar,Lemuridae,Eulemur,Eulemur fulvus,Eulemur_fulvus ,Line transect,0, , , ,0,2011,498.2,m,NA, ,Eulemur fulvus ,Eulemur fulvus,1.84,CA,10.6,AR,Folivore_frugivore,25.77,1.176,8.9,547.5,118,134.64,444,1.1,1.17,Polygyny,Polygyny, ,9Tropical and Subtropical Dry Broadleaf Forest,0,0.79,0,0,1.54,0,0,2.54,0,0.03,3.8,0.71,0.15,5.31,2.86,0.34,7.07,4.88,0.49,9.08,5.42,0.64,11.34,5.69,0.92,13.85,6.66,1.22,16.62,7.32,1.55,19.63,7.88,1.79,22.9,7.81,2.15,26.42,8.12,2.61,30.19,8.64,3.06,34.21,8.95,3.54,38.48,9.2,4,43.01,9.3,4.56,47.78,9.55,5.33,52.81,10.09,6.25,58.09,10.77,7.28,63.62,11.45
-1,10992,60,"Steffens & Lehman, 2018",Richness,46.71175202,-16.28636132,Precise,Madagascar,Madagascar,Lemuridae,Eulemur,Eulemur fulvus,Eulemur_fulvus ,Line transect,0, , , ,0,2011,141.9,m,NA, ,Eulemur fulvus ,Eulemur fulvus,1.84,CA,10.6,AR,Folivore_frugivore,25.77,1.176,8.9,547.5,118,134.64,444,1.1,1.17,Polygyny,Polygyny, ,9Tropical and Subtropical Dry Broadleaf Forest,0,0.79,0,0,1.54,0,0.02,2.54,0.59,0.1,3.8,2.65,0.3,5.31,5.67,0.48,7.07,6.73,0.66,9.08,7.32,0.92,11.34,8.13,1.25,13.85,9.05,1.55,16.62,9.32,1.77,19.63,9.02,2.15,22.9,9.39,2.54,26.42,9.61,2.86,30.19,9.48,3.33,34.21,9.73,3.68,38.48,9.57,4.02,43.01,9.35,4.85,47.78,10.15,5.81,52.81,11,6.55,58.09,11.28,7.61,63.62,11.96
-1,10993,60,"Steffens & Lehman, 2018",Richness,46.68801443,-16.28637531,Precise,Madagascar,Madagascar,Lemuridae,Eulemur,Eulemur fulvus,Eulemur_fulvus ,Line transect,0, , , ,0,2011,278.2,m,NA, ,Eulemur fulvus ,Eulemur fulvus,1.84,CA,10.6,AR,Folivore_frugivore,25.77,1.176,8.9,547.5,118,134.64,444,1.1,1.17,Polygyny,Polygyny, ,9Tropical and Subtropical Dry Broadleaf Forest,0,0.79,0,0,1.54,0,0,2.54,0,0,3.8,0,0.01,5.31,0.22,0.03,7.07,0.46,0.05,9.08,0.5,0.08,11.34,0.69,0.15,13.85,1.07,0.18,16.62,1.08,0.19,19.63,0.99,0.28,22.9,1.2,0.42,26.42,1.58,0.6,30.19,1.99,0.85,34.21,2.49,1.25,38.48,3.25,1.75,43.01,4.06,2.23,47.78,4.67,2.57,52.81,4.87,2.77,58.09,4.77,2.97,63.62,4.67
