OID,N,N_study,Source,BASE,X,Y,Precise,Country,Realm,Family,Genus,Taxon,Taxon_ITIS,Sample_met,Ocurrence,N_groups,Abundanc_1,Abundance,Density,Sample_yea,Sampling_e,Sampling_1,ID_Todo,TRAITS,Taxon_IT_1,ITIS_SPECI,BodyMass_k,DielActivi,HomeRange_,Locomotion,TrophicGui,Brain_size,Canine_Dim,MeanGroupS,Interbirth,Gestation,WeaningAge,MaxLongevi,LitterSz,AdultSexRa,Social_Sys,Mating_Sys,FOREST,BIOME,Buffer_500,Area500,FC_500,Buffer_700,Area700,FC_700,Buffer_900,Area900,FC_900,Buffer_110,Area1100,FC1100,Buffer_130,Area1300,FC_1300,Buffer_150,Area1500,FC_1500,Buffer_170,Area1700,FC_1700,Buffer_190,Area1900,FC_1900,Buffer_210,Area2100,FC_2100,Buffer_230,Area2300,FC_2300,Buffer_250,Area2500,FC_2500,Buffer_270,Area2700,FC_2700,Buffer_290,Area2900,FC_2900,Buffer_310,Area3100,FC_3100,Buffer_330,Area3300,FC_3300,Buffer_350,Area3500,FC_3500,Buffer_370,Area3700,F_Buffer_3,Buffer_390,Area_3900,FC_3900,Buffer_410,Area4100,FC_4100,Buffer_430,Area4300,FC_4300,Buffer_450,Area4500,FC_4500
-1,10910,383,Johnson et al. 2008,Ocurrencias,47.71825,-23.18625,Precise,Madagascar,Madagascar,Lemuridae,Eulemur,Eulemur albocollaris,Eulemur_cinereiceps ,DNA extract,1,3,0,N individuals,0,2006,0, ,NA, ,Eulemur cinereiceps ,Eulemur cinereiceps,2.16,CA,53.025,AR,Frugivore,22.1,NA,10.5,365,133,NA,444,1,NA,Polygyny,Polygyny, ,2Tropical_and_suptropical_moist_broadleaf_forest,0.755412211,0.79,95.62,1.42,1.54,92.4,2.19,2.54,86.16,3.2,3.8,84.33,4.47,5.31,84.11,NA,7.07,NA,7.69,9.08,84.65,9.64,11.34,85.04,11.86,13.85,85.61,13.96,16.62,83.97,15.83,19.63,80.63,17.69,22.9,77.25,19.65,26.42,74.39,21.73,30.19,71.99,23.57,34.21,68.9,25.4,38.48,66,27.41,43.01,63.73,29.38,47.78,61.48,31.35,52.81,59.36,33.2,58.09,57.16,34.62,63.62,54.42
-1,10911,383,Johnson et al. 2008,Ocurrencias,47.73063333,-23.02828333,Precise,Madagascar,Madagascar,Lemuridae,Eulemur,Eulemur albocollaris,Eulemur_cinereiceps ,DNA extract,1,2,0,N individuals,0,2006,0, ,NA, ,Eulemur cinereiceps ,Eulemur cinereiceps,2.16,CA,53.025,AR,Frugivore,22.1,NA,10.5,365,133,NA,444,1,NA,Polygyny,Polygyny, ,2Tropical_and_suptropical_moist_broadleaf_forest,0.582019481,0.79,73.67,1.12,1.54,72.73,1.85,2.54,72.68,2.72,3.8,71.5,3.62,5.31,68.13,NA,7.07,NA,5.94,9.08,65.44,7.25,11.34,63.97,8.62,13.85,62.21,10,16.62,60.14,11.73,19.63,59.77,13.5,22.9,58.97,15.47,26.42,58.56,17.67,30.19,58.54,20.19,34.21,59.03,23.03,38.48,59.86,26.03,43.01,60.51,29.12,47.78,60.94,32.41,52.81,61.37,35.88,58.09,61.76,39.26,63.62,61.71
-1,10912,383,Johnson et al. 2008,Ocurrencias,47.7421,-22.63638333,Precise,Madagascar,Madagascar,Lemuridae,Eulemur,Eulemur albocollaris,Eulemur_cinereiceps ,DNA extract,0,0,0,NA,0,2006,0, ,NA, ,Eulemur cinereiceps ,Eulemur cinereiceps,2.16,CA,53.025,AR,Frugivore,22.1,NA,10.5,365,133,NA,444,1,NA,Polygyny,Polygyny, ,2Tropical_and_suptropical_moist_broadleaf_forest,0.607566423,0.79,76.91,1.19,1.54,76.96,1.72,2.54,67.81,2.44,3.8,64.23,3.29,5.31,62.04,NA,7.07,NA,5.19,9.08,57.21,6.44,11.34,56.83,7.95,13.85,57.37,9.28,16.62,55.86,10.81,19.63,55.04,12.48,22.9,54.5,14.05,26.42,53.2,15.85,30.19,52.51,17.8,34.21,52.02,19.64,38.48,51.04,21.7,43.01,50.45,23.9,47.78,50.02,26.41,52.81,50.01,29.16,58.09,50.2,31.99,63.62,50.28
-1,10913,383,Johnson et al. 2008,Ocurrencias,47.86245,-22.57235,Precise,Madagascar,Madagascar,Lemuridae,Eulemur,Eulemur albocollaris,Eulemur_cinereiceps ,DNA extract,0,0,0,NA,0,2006,0, ,NA, ,Eulemur cinereiceps ,Eulemur cinereiceps,2.16,CA,53.025,AR,Frugivore,22.1,NA,10.5,365,133,NA,444,1,NA,Polygyny,Polygyny, ,2Tropical_and_suptropical_moist_broadleaf_forest,0.32703741,0.79,41.4,0.59,1.54,38.05,0.89,2.54,34.99,1.17,3.8,30.75,1.53,5.31,28.85,NA,7.07,NA,2.5,9.08,27.56,2.96,11.34,26.14,3.3,13.85,23.79,3.64,16.62,21.93,4.02,19.63,20.46,4.4,22.9,19.19,4.79,26.42,18.13,5.22,30.19,17.3,5.69,34.21,16.64,6.23,38.48,16.18,6.95,43.01,16.16,7.78,47.78,16.27,8.83,52.81,16.71,9.88,58.09,17,11.08,63.62,17.41
-1,10914,383,Johnson et al. 2008,Ocurrencias,47.18516667,-22.78441667,Precise,Madagascar,Madagascar,Lemuridae,Eulemur,Eulemur albocollaris,Eulemur_cinereiceps ,DNA extract,1,0,0,NA,0,2000,0, ,NA, ,Eulemur cinereiceps ,Eulemur cinereiceps,2.16,CA,53.025,AR,Frugivore,22.1,NA,10.5,365,133,NA,444,1,NA,Polygyny,Polygyny, ,2Tropical_and_suptropical_moist_broadleaf_forest,0.690089766,0.79,87.35,1.35,1.54,87.35,2.2,2.54,86.71,3.38,3.8,88.88,4.77,5.31,89.75,NA,7.07,NA,8.16,9.08,89.92,10.2,11.34,89.91,12.38,13.85,89.38,14.64,16.62,88.1,17.05,19.63,86.85,19.77,22.9,86.31,22.69,26.42,85.88,25.73,30.19,85.22,28.97,34.21,84.69,32.48,38.48,84.39,36.12,43.01,83.98,39.92,47.78,83.56,43.99,52.81,83.3,48.3,58.09,83.15,52.82,63.62,83.02
