OID,N,N_study,Source,BASE,X,Y,Precise,Country,Realm,Family,Genus,Taxon,Taxon_ITIS,Sample_met,Ocurrence,N_groups,Abundanc_1,Abundance,Density,Sample_yea,Sampling_e,Sampling_1,ID_Todo,TRAITS,Taxon_IT_1,ITIS_SPECI,BodyMass_k,DielActivi,HomeRange_,Locomotion,TrophicGui,Brain_size,Canine_Dim,MeanGroupS,Interbirth,Gestation,WeaningAge,MaxLongevi,LitterSz,AdultSexRa,Social_Sys,Mating_Sys,FOREST,BIOME,Buffer_500,Area500,FC_500,Buffer_700,Area700,FC_700,Buffer_900,Area900,FC_900,Buffer_110,Area1100,FC1100,Buffer_130,Area1300,FC_1300,Buffer_150,Area1500,FC_1500,Buffer_170,Area1700,FC_1700,Buffer_190,Area1900,FC_1900,Buffer_210,Area2100,FC_2100,Buffer_230,Area2300,FC_2300,Buffer_250,Area2500,FC_2500,Buffer_270,Area2700,FC_2700,Buffer_290,Area2900,FC_2900,Buffer_310,Area3100,FC_3100,Buffer_330,Area3300,FC_3300,Buffer_350,Area3500,FC_3500,Buffer_370,Area3700,F_Buffer_3,Buffer_390,Area_3900,FC_3900,Buffer_410,Area4100,FC_4100,Buffer_430,Area4300,FC_4300,Buffer_450,Area4500,FC_4500
-1,11189,355,Butynski & De Jong 2004,Ocurrencias,38.71694444,-0.153611111,Precise,Kenya,Africa,Galagidae,Galago,Galago senegalensis,Galago_senegalensis,Transects,1,0,12,N individuals found,0,2003,59,h,NA, ,Galago senegalensis,Galago senegalensis,0.25,N,8.166666667,AR,Omnivore,3.96,1.111,2.5,219,126,93.93,204,1.5,NA,Solitary,Spatial Polygyny, ,8Tropical and Subtropical Grasslands Savannas and Shrublands,0,0.79,0,0,1.54,0,0,2.54,0,0,3.8,0,0,5.31,0,0,7.07,0,0,9.08,0,0,11.34,0,0,13.85,0,0,16.62,0,0,19.63,0,0,22.9,0,0,26.42,0,0,30.19,0,0,34.21,0,0,38.48,0,0,43.01,0,0,47.78,0,0,52.81,0,0,58.09,0,0,63.62,0
-1,11190,355,Butynski & De Jong 2004,Ocurrencias,39.70416667,5.998611111,Precise,Ethiopia,Africa,Galagidae,Galago,Galago senegalensis,Galago_senegalensis,Transects,1,0,1,N individuals found,0,2003,59,h,NA, ,Galago senegalensis,Galago senegalensis,0.25,N,8.166666667,AR,Omnivore,3.96,1.111,2.5,219,126,93.93,204,1.5,NA,Solitary,Spatial Polygyny, ,8Tropical and Subtropical Grasslands Savannas and Shrublands,0,0.79,0,0,1.54,0,0,2.54,0,0,3.8,0,0,5.31,0,0,7.07,0,0,9.08,0,0,11.34,0,0,13.85,0,0,16.62,0,0,19.63,0,0,22.9,0,0,26.42,0,0,30.19,0,0,34.21,0,0,38.48,0,0,43.01,0,0,47.78,0,0,52.81,0,0,58.09,0,0,63.62,0
-1,11191,355,Butynski & De Jong 2004,Ocurrencias,39.6625,5.941944444,Precise,Ethiopia,Africa,Galagidae,Galago,Galago senegalensis,Galago_senegalensis,Transects,1,0,3,N individuals found,0,2003,59,h,NA, ,Galago senegalensis,Galago senegalensis,0.25,N,8.166666667,AR,Omnivore,3.96,1.111,2.5,219,126,93.93,204,1.5,NA,Solitary,Spatial Polygyny, ,8Tropical and Subtropical Grasslands Savannas and Shrublands,0,0.79,0,0,1.54,0.1,0.01,2.54,0.45,0.01,3.8,0.35,0.02,5.31,0.33,0.05,7.07,0.66,0.05,9.08,0.6,0.05,11.34,0.48,0.07,13.85,0.52,0.09,16.62,0.56,0.13,19.63,0.66,0.13,22.9,0.56,0.13,26.42,0.49,0.15,30.19,0.49,0.16,34.21,0.45,0.16,38.48,0.43,0.16,43.01,0.38,0.17,47.78,0.35,0.18,52.81,0.34,0.18,58.09,0.31,0.18,63.62,0.28
-1,11192,355,Butynski & De Jong 2004,Ocurrencias,38.44472222,4.216944444,Precise,Ethiopia,Africa,Galagidae,Galago,Galago senegalensis,Galago_senegalensis,Transects,0,0,0,N individuals found,0,2003,59,h,NA, ,Galago senegalensis,Galago senegalensis,0.25,N,8.166666667,AR,Omnivore,3.96,1.111,2.5,219,126,93.93,204,1.5,NA,Solitary,Spatial Polygyny, ,8Tropical and Subtropical Grasslands Savannas and Shrublands,0,0.79,0,0,1.54,0,0,2.54,0,0,3.8,0,0,5.31,0,0,7.07,0,0,9.08,0,0,11.34,0,0,13.85,0,0,16.62,0,0,19.63,0,0,22.9,0,0,26.42,0,0,30.19,0,0,34.21,0,0,38.48,0,0,43.01,0,0,47.78,0,0,52.81,0,0,58.09,0,0,63.62,0
-1,11193,355,Butynski & De Jong 2004,Ocurrencias,38.37972222,-0.081111111,Precise,Kenya,Africa,Galagidae,Galago,Galago senegalensis,Galago_senegalensis,Transects,1,0,2,N individuals found,0,2003,59,h,NA, ,Galago senegalensis,Galago senegalensis,0.25,N,8.166666667,AR,Omnivore,3.96,1.111,2.5,219,126,93.93,204,1.5,NA,Solitary,Spatial Polygyny, ,8Tropical and Subtropical Grasslands Savannas and Shrublands,0,0.79,0,0,1.54,0,0,2.54,0,0,3.8,0,0,5.31,0,0,7.07,0,0,9.08,0,0,11.34,0,0,13.85,0,0,16.62,0,0,19.63,0,0,22.9,0,0,26.42,0,0,30.19,0,0,34.21,0,0,38.48,0,0,43.01,0,0,47.78,0,0,52.81,0,0,58.09,0,0,63.62,0
