OID,N,N_study,Source,BASE,X,Y,Precise,Country,Realm,Family,Genus,Taxon,Taxon_ITIS,Sample_met,Ocurrence,N_groups,Abundanc_1,Abundance,Density,Sample_yea,Sampling_e,Sampling_1,ID_Todo,TRAITS,Taxon_IT_1,ITIS_SPECI,BodyMass_k,DielActivi,HomeRange_,Locomotion,TrophicGui,Brain_size,Canine_Dim,MeanGroupS,Interbirth,Gestation,WeaningAge,MaxLongevi,LitterSz,AdultSexRa,Social_Sys,Mating_Sys,FOREST,BIOME,Buffer_500,Area500,FC_500,Buffer_700,Area700,FC_700,Buffer_900,Area900,FC_900,Buffer_110,Area1100,FC1100,Buffer_130,Area1300,FC_1300,Buffer_150,Area1500,FC_1500,Buffer_170,Area1700,FC_1700,Buffer_190,Area1900,FC_1900,Buffer_210,Area2100,FC_2100,Buffer_230,Area2300,FC_2300,Buffer_250,Area2500,FC_2500,Buffer_270,Area2700,FC_2700,Buffer_290,Area2900,FC_2900,Buffer_310,Area3100,FC_3100,Buffer_330,Area3300,FC_3300,Buffer_350,Area3500,FC_3500,Buffer_370,Area3700,F_Buffer_3,Buffer_390,Area_3900,FC_3900,Buffer_410,Area4100,FC_4100,Buffer_430,Area4300,FC_4300,Buffer_450,Area4500,FC_4500
-1,11194,360,De Jong & Butynski 2004,Ocurrencias,38.41444444,-0.070555556,Precise,Kenya,Africa,Galagidae,Galago,Galago senegalensis,Galago_senegalensis,Transects,1,0,0,NA,0,2003,0, ,NA, ,Galago senegalensis,Galago senegalensis,0.25,N,8.166666667,AR,Omnivore,3.96,1.111,2.5,219,126,93.93,204,1.5,NA,Solitary,Spatial Polygyny, ,8Tropical and Subtropical Grasslands Savannas and Shrublands,0,0.79,0,0,1.54,0,0,2.54,0,0,3.8,0,0,5.31,0,0,7.07,0,0,9.08,0,0,11.34,0,0,13.85,0,0,16.62,0,0,19.63,0,0,22.9,0,0,26.42,0,0,30.19,0,0,34.21,0,0,38.48,0,0,43.01,0,0,47.78,0,0,52.81,0,0,58.09,0,0,63.62,0
-1,11195,360,De Jong & Butynski 2004,Ocurrencias,38.31611111,-0.051666667,Precise,Kenya,Africa,Galagidae,Galago,Galago senegalensis,Galago_senegalensis,Transects,1,0,0,NA,0,2003,0, ,NA, ,Galago senegalensis,Galago senegalensis,0.25,N,8.166666667,AR,Omnivore,3.96,1.111,2.5,219,126,93.93,204,1.5,NA,Solitary,Spatial Polygyny, ,8Tropical and Subtropical Grasslands Savannas and Shrublands,0,0.79,0,0,1.54,0,0,2.54,0,0,3.8,0,0,5.31,0,0,7.07,0,0,9.08,0,0,11.34,0,0,13.85,0,0,16.62,0,0,19.63,0,0,22.9,0,0,26.42,0,0,30.19,0,0,34.21,0,0,38.48,0,0,43.01,0,0,47.78,0,0,52.81,0,0,58.09,0,0,63.62,0
-1,11196,360,De Jong & Butynski 2004,Ocurrencias,39.68361111,6.639722222,Precise,Ethiopia,Africa,Galagidae,Galago,Galago senegalensis,Galago_senegalensis,Transects,1,0,0,NA,0,2003,0, ,NA, ,Galago senegalensis,Galago senegalensis,0.25,N,8.166666667,AR,Omnivore,3.96,1.111,2.5,219,126,93.93,204,1.5,NA,Solitary,Spatial Polygyny, ,2Tropical_and_suptropical_moist_broadleaf_forest,0.772572086,0.79,97.79,1.51,1.54,98.33,2.5,2.54,98.56,3.74,3.8,98.41,5.22,5.31,98.36,NA,7.07,NA,8.87,9.08,97.65,11.09,11.34,97.82,13.56,13.85,97.94,16.28,16.62,97.98,19.25,19.63,98.07,22.46,22.9,98.1,25.92,26.42,98.11,29.63,30.19,98.14,33.58,34.21,98.15,37.77,38.48,98.15,42.22,43.01,98.16,46.9,47.78,98.16,51.8,52.81,98.09,56.98,58.09,98.09,62.38,63.62,98.05
-1,11197,360,De Jong & Butynski 2004,Ocurrencias,39.74527778,6.520277778,Precise,Ethiopia,Africa,Galagidae,Galago,Galago senegalensis,Galago_senegalensis,Transects,1,0,0,NA,0,2003,0, ,NA, ,Galago senegalensis,Galago senegalensis,0.25,N,8.166666667,AR,Omnivore,3.96,1.111,2.5,219,126,93.93,204,1.5,NA,Solitary,Spatial Polygyny, ,8Tropical and Subtropical Grasslands Savannas and Shrublands,0.758302489,0.79,95.99,1.49,1.54,97.01,2.48,2.54,97.46,3.7,3.8,97.5,5.18,5.31,97.56,6.9,7.07,97.61,8.87,9.08,97.72,11.1,11.34,97.85,13.56,13.85,97.87,16.27,16.62,97.87,19.22,19.63,97.9,22.41,22.9,97.88,25.86,26.42,97.89,29.56,30.19,97.92,33.49,34.21,97.89,37.6,38.48,97.73,41.96,43.01,97.55,46.42,47.78,97.15,51.07,52.81,96.71,55.92,58.09,96.27,61.29,63.62,96.34
-1,11200,360,De Jong & Butynski 2004,Ocurrencias,38.37833333,3.062222222,Precise,Kenya,Africa,Galagidae,Galago,Galago senegalensis,Galago_senegalensis,Transects,0,0,0,NA,0,2003,0, ,NA, ,Galago senegalensis,Galago senegalensis,0.25,N,8.166666667,AR,Omnivore,3.96,1.111,2.5,219,126,93.93,204,1.5,NA,Solitary,Spatial Polygyny, ,8Tropical and Subtropical Grasslands Savannas and Shrublands,0,0.79,0,0,1.54,0,0,2.54,0,0,3.8,0,0,5.31,0,0,7.07,0,0,9.08,0,0,11.34,0,0,13.85,0,0,16.62,0,0,19.63,0,0,22.9,0,0,26.42,0,0,30.19,0,0,34.21,0,0,38.48,0,0,43.01,0,0,47.78,0,0,52.81,0,0,58.09,0,0,63.62,0
