OID,N,N_study,Source,BASE,X,Y,Precise,Country,Realm,Family,Genus,Taxon,Taxon_ITIS,Sample_met,Ocurrence,N_groups,Abundanc_1,Abundance,Density,Sample_yea,Sampling_e,Sampling_1,ID_Todo,TRAITS,Taxon_IT_1,ITIS_SPECI,BodyMass_k,DielActivi,HomeRange_,Locomotion,TrophicGui,Brain_size,Canine_Dim,MeanGroupS,Interbirth,Gestation,WeaningAge,MaxLongevi,LitterSz,AdultSexRa,Social_Sys,Mating_Sys,FOREST,BIOME,Buffer_500,Area500,FC_500,Buffer_700,Area700,FC_700,Buffer_900,Area900,FC_900,Buffer_110,Area1100,FC1100,Buffer_130,Area1300,FC_1300,Buffer_150,Area1500,FC_1500,Buffer_170,Area1700,FC_1700,Buffer_190,Area1900,FC_1900,Buffer_210,Area2100,FC_2100,Buffer_230,Area2300,FC_2300,Buffer_250,Area2500,FC_2500,Buffer_270,Area2700,FC_2700,Buffer_290,Area2900,FC_2900,Buffer_310,Area3100,FC_3100,Buffer_330,Area3300,FC_3300,Buffer_350,Area3500,FC_3500,Buffer_370,Area3700,F_Buffer_3,Buffer_390,Area_3900,FC_3900,Buffer_410,Area4100,FC_4100,Buffer_430,Area4300,FC_4300,Buffer_450,Area4500,FC_4500
-1,11160,360,De Jong & Butynski 2004,Ocurrencias,38.2075,0.165833333,Precise,Kenya,Africa,Galagidae,Galago,Galago gallarum,Galago_gallarum,Transects,1,0,0,NA,0,2003,0, ,NA, ,Galago gallarum,Galago gallarum,0.2,N,2,AR,Omnivore,NA,NA,2,NA,NA,NA,NA,NA,NA,NA,NA, ,8Tropical and Subtropical Grasslands Savannas and Shrublands,0,0.79,0,0,1.54,0,0,2.54,0,0,3.8,0,0,5.31,0,0,7.07,0,0,9.08,0,0,11.34,0,0,13.85,0,0,16.62,0,0,19.63,0,0,22.9,0,0,26.42,0,0,30.19,0,0,34.21,0,0,38.48,0,0,43.01,0,0,47.78,0,0,52.81,0,0,58.09,0,0,63.62,0
-1,11161,360,De Jong & Butynski 2004,Ocurrencias,38.06138889,0.191944444,Precise,Kenya,Africa,Galagidae,Galago,Galago gallarum,Galago_gallarum,Transects,0,0,0,NA,0,2003,0, ,NA, ,Galago gallarum,Galago gallarum,0.2,N,2,AR,Omnivore,NA,NA,2,NA,NA,NA,NA,NA,NA,NA,NA, ,8Tropical and Subtropical Grasslands Savannas and Shrublands,0.028768311,0.79,3.64,0.04,1.54,2.79,0.05,2.54,2.08,0.07,3.8,1.84,0.1,5.31,1.96,0.13,7.07,1.83,0.13,9.08,1.43,0.13,11.34,1.14,0.13,13.85,0.94,0.13,16.62,0.78,0.13,19.63,0.66,0.13,22.9,0.57,0.13,26.42,0.49,0.13,30.19,0.43,0.13,34.21,0.38,0.13,38.48,0.34,0.13,43.01,0.3,0.13,47.78,0.27,0.13,52.81,0.25,0.13,58.09,0.22,0.13,63.62,0.2
-1,11162,360,De Jong & Butynski 2004,Ocurrencias,38.41444444,-0.070555556,Precise,Kenya,Africa,Galagidae,Galago,Galago gallarum,Galago_gallarum,Transects,1,0,0,NA,0,2003,0, ,NA, ,Galago gallarum,Galago gallarum,0.2,N,2,AR,Omnivore,NA,NA,2,NA,NA,NA,NA,NA,NA,NA,NA, ,8Tropical and Subtropical Grasslands Savannas and Shrublands,0,0.79,0,0,1.54,0,0,2.54,0,0,3.8,0,0,5.31,0,0,7.07,0,0,9.08,0,0,11.34,0,0,13.85,0,0,16.62,0,0,19.63,0,0,22.9,0,0,26.42,0,0,30.19,0,0,34.21,0,0,38.48,0,0,43.01,0,0,47.78,0,0,52.81,0,0,58.09,0,0,63.62,0
-1,11163,360,De Jong & Butynski 2004,Ocurrencias,38.31611111,-0.051666667,Precise,Kenya,Africa,Galagidae,Galago,Galago gallarum,Galago_gallarum,Transects,1,0,0,NA,0,2003,0, ,NA, ,Galago gallarum,Galago gallarum,0.2,N,2,AR,Omnivore,NA,NA,2,NA,NA,NA,NA,NA,NA,NA,NA, ,8Tropical and Subtropical Grasslands Savannas and Shrublands,0,0.79,0,0,1.54,0,0,2.54,0,0,3.8,0,0,5.31,0,0,7.07,0,0,9.08,0,0,11.34,0,0,13.85,0,0,16.62,0,0,19.63,0,0,22.9,0,0,26.42,0,0,30.19,0,0,34.21,0,0,38.48,0,0,43.01,0,0,47.78,0,0,52.81,0,0,58.09,0,0,63.62,0
-1,11165,360,De Jong & Butynski 2004,Ocurrencias,38.37833333,3.062222222,Precise,Kenya,Africa,Galagidae,Galago,Galago gallarum,Galago_gallarum,Transects,1,0,0,NA,0,2003,0, ,NA, ,Galago gallarum,Galago gallarum,0.2,N,2,AR,Omnivore,NA,NA,2,NA,NA,NA,NA,NA,NA,NA,NA, ,8Tropical and Subtropical Grasslands Savannas and Shrublands,0,0.79,0,0,1.54,0,0,2.54,0,0,3.8,0,0,5.31,0,0,7.07,0,0,9.08,0,0,11.34,0,0,13.85,0,0,16.62,0,0,19.63,0,0,22.9,0,0,26.42,0,0,30.19,0,0,34.21,0,0,38.48,0,0,43.01,0,0,47.78,0,0,52.81,0,0,58.09,0,0,63.62,0
