OID,N,N_study,Source,BASE,X,Y,Precise,Country,Realm,Family,Genus,Taxon,Taxon_ITIS,Sample_met,Ocurrence,N_groups,Abundanc_1,Abundance,Density,Sample_yea,Sampling_e,Sampling_1,ID_Todo,TRAITS,Taxon_IT_1,ITIS_SPECI,BodyMass_k,DielActivi,HomeRange_,Locomotion,TrophicGui,Brain_size,Canine_Dim,MeanGroupS,Interbirth,Gestation,WeaningAge,MaxLongevi,LitterSz,AdultSexRa,Social_Sys,Mating_Sys,FOREST,BIOME,Buffer_500,Area500,FC_500,Buffer_700,Area700,FC_700,Buffer_900,Area900,FC_900,Buffer_110,Area1100,FC1100,Buffer_130,Area1300,FC_1300,Buffer_150,Area1500,FC_1500,Buffer_170,Area1700,FC_1700,Buffer_190,Area1900,FC_1900,Buffer_210,Area2100,FC_2100,Buffer_230,Area2300,FC_2300,Buffer_250,Area2500,FC_2500,Buffer_270,Area2700,FC_2700,Buffer_290,Area2900,FC_2900,Buffer_310,Area3100,FC_3100,Buffer_330,Area3300,FC_3300,Buffer_350,Area3500,FC_3500,Buffer_370,Area3700,F_Buffer_3,Buffer_390,Area_3900,FC_3900,Buffer_410,Area4100,FC_4100,Buffer_430,Area4300,FC_4300,Buffer_450,Area4500,FC_4500
-1,11349,20,Herrera et al. 2011,Ocurrencias,47.42722222,-21.27444444,Precise,Madagascar,Africa,Lemuridae,Hapalemur,Hapalemur aureus,Hapalemur_aureus,line/belt transects,0,0,0,NA,0,2008,3000,meter,NA, ,Hapalemur aureus,Hapalemur aureus,1.515,D,26,AR,Folivore,NA,NA,3,365,142.5,135,136.7,1.01,NA,Pair*,Monogamy*, ,2Tropical_and_suptropical_moist_broadleaf_forest,0.773809737,0.79,97.95,1.52,1.54,98.49,2.51,2.54,98.71,3.75,3.8,98.57,5.21,5.31,98.17,NA,7.07,NA,8.82,9.08,97.13,11.01,11.34,97.11,13.46,13.85,97.17,16.04,16.62,96.51,18.93,19.63,96.44,22.12,22.9,96.58,25.48,26.42,96.43,29.07,30.19,96.29,32.9,34.21,96.16,36.91,38.48,95.91,41.24,43.01,95.88,45.88,47.78,96.02,50.73,52.81,96.06,55.83,58.09,96.11,61.18,63.62,96.16
-1,11350,20,Herrera et al. 2011,Ocurrencias,47.43,-21.27777778,Precise,Madagascar,Africa,Lemuridae,Hapalemur,Hapalemur aureus,Hapalemur_aureus,line/belt transects,0,0,0,NA,0,2008,2000,meter,NA, ,Hapalemur aureus,Hapalemur aureus,1.515,D,26,AR,Folivore,NA,NA,3,365,142.5,135,136.7,1.01,NA,Pair*,Monogamy*, ,2Tropical_and_suptropical_moist_broadleaf_forest,0.773835149,0.79,97.95,1.52,1.54,98.49,2.51,2.54,98.71,3.75,3.8,98.57,5.18,5.31,97.57,NA,7.07,NA,8.81,9.08,97.07,10.99,11.34,96.94,13.38,13.85,96.59,16.05,16.62,96.58,18.91,19.63,96.31,22.04,22.9,96.23,25.39,26.42,96.12,28.95,30.19,95.89,32.75,34.21,95.74,36.79,38.48,95.61,41.13,43.01,95.63,45.75,47.78,95.75,50.57,52.81,95.75,55.6,58.09,95.71,60.88,63.62,95.7
-1,11351,20,Herrera et al. 2011,Ocurrencias,47.42555556,-21.27444444,Precise,Madagascar,Africa,Lemuridae,Hapalemur,Hapalemur aureus,Hapalemur_aureus,line/belt transects,0,0,0,NA,0,2008,2000,meter,NA, ,Hapalemur aureus,Hapalemur aureus,1.515,D,26,AR,Folivore,NA,NA,3,365,142.5,135,136.7,1.01,NA,Pair*,Monogamy*, ,2Tropical_and_suptropical_moist_broadleaf_forest,0.773829373,0.79,97.95,1.52,1.54,98.49,2.51,2.54,98.71,3.75,3.8,98.57,5.23,5.31,98.46,NA,7.07,NA,8.87,9.08,97.67,11.04,11.34,97.33,13.48,13.85,97.31,16.12,16.62,97.01,18.98,19.63,96.7,22.14,22.9,96.7,25.54,26.42,96.66,29.16,30.19,96.59,33.01,34.21,96.48,37.06,38.48,96.32,41.33,43.01,96.1,45.92,47.78,96.1,50.81,52.81,96.21,55.91,58.09,96.24,61.26,63.62,96.28
-1,11352,20,Herrera et al. 2011,Ocurrencias,47.42777778,-21.25833333,Precise,Madagascar,Africa,Lemuridae,Hapalemur,Hapalemur aureus,Hapalemur_aureus,line/belt transects,0,0,0,NA,0,2008,3000,meter,NA, ,Hapalemur aureus,Hapalemur aureus,1.515,D,26,AR,Folivore,NA,NA,3,365,142.5,135,136.7,1.01,NA,Pair*,Monogamy*, ,2Tropical_and_suptropical_moist_broadleaf_forest,0.766753949,0.79,97.06,1.5,1.54,97.4,2.45,2.54,96.28,3.63,3.8,95.59,5.09,5.31,95.8,NA,7.07,NA,8.7,9.08,95.81,10.9,11.34,96.08,13.31,13.85,96.07,15.99,16.62,96.2,18.93,19.63,96.42,22.11,22.9,96.53,25.45,26.42,96.31,29.06,30.19,96.27,32.94,34.21,96.3,37.08,38.48,96.37,41.47,43.01,96.42,46.07,47.78,96.43,50.93,52.81,96.45,56.08,58.09,96.54,61.41,63.62,96.53
-1,11353,20,Herrera et al. 2011,Ocurrencias,47.42722222,-21.26388889,Precise,Madagascar,Africa,Lemuridae,Hapalemur,Hapalemur aureus,Hapalemur_aureus,line/belt transects,0,0,0,NA,0,2008,2000,meter,NA, ,Hapalemur aureus,Hapalemur aureus,1.515,D,26,AR,Folivore,NA,NA,3,365,142.5,135,136.7,1.01,NA,Pair*,Monogamy*, ,2Tropical_and_suptropical_moist_broadleaf_forest,0.77383448,0.79,97.95,1.51,1.54,98.06,2.49,2.54,97.98,3.71,3.8,97.51,5.12,5.31,96.47,NA,7.07,NA,8.72,9.08,95.99,10.85,11.34,95.64,13.3,13.85,96,15.99,16.62,96.21,18.92,19.63,96.39,22.08,22.9,96.42,25.42,26.42,96.23,29.03,30.19,96.14,32.9,34.21,96.16,37.01,38.48,96.17,41.35,43.01,96.15,45.98,47.78,96.22,50.86,52.81,96.31,56,58.09,96.4,61.33,63.62,96.41
-1,11354,20,Herrera et al. 2011,Ocurrencias,47.41666667,-21.26666667,Precise,Madagascar,Africa,Lemuridae,Hapalemur,Hapalemur aureus,Hapalemur_aureus,line/belt transects,1,0,0.04,NA,0,2008,2000,meter,NA, ,Hapalemur aureus,Hapalemur aureus,1.515,D,26,AR,Folivore,NA,NA,3,365,142.5,135,136.7,1.01,NA,Pair*,Monogamy*, ,2Tropical_and_suptropical_moist_broadleaf_forest,0.773771125,0.79,97.95,1.52,1.54,98.49,2.51,2.54,98.71,3.75,3.8,98.57,5.23,5.31,98.48,NA,7.07,NA,8.93,9.08,98.4,11.14,11.34,98.23,13.59,13.85,98.13,16.26,16.62,97.86,19.17,19.63,97.68,22.31,22.9,97.4,25.71,26.42,97.33,29.37,30.19,97.28,33.28,34.21,97.28,37.45,38.48,97.32,41.83,43.01,97.25,46.45,47.78,97.21,51.31,52.81,97.16,56.31,58.09,96.93,61.55,63.62,96.75
