OID,N,N_study,Source,BASE,X,Y,Precise,Country,Realm,Family,Genus,Taxon,Taxon_ITIS,Sample_met,Ocurrence,N_groups,Abundanc_1,Abundance,Density,Sample_yea,Sampling_e,Sampling_1,ID_Todo,TRAITS,Taxon_IT_1,ITIS_SPECI,BodyMass_k,DielActivi,HomeRange_,Locomotion,TrophicGui,Brain_size,Canine_Dim,MeanGroupS,Interbirth,Gestation,WeaningAge,MaxLongevi,LitterSz,AdultSexRa,Social_Sys,Mating_Sys,FOREST,BIOME,Buffer_500,Area500,FC_500,Buffer_700,Area700,FC_700,Buffer_900,Area900,FC_900,Buffer_110,Area1100,FC1100,Buffer_130,Area1300,FC_1300,Buffer_150,Area1500,FC_1500,Buffer_170,Area1700,FC_1700,Buffer_190,Area1900,FC_1900,Buffer_210,Area2100,FC_2100,Buffer_230,Area2300,FC_2300,Buffer_250,Area2500,FC_2500,Buffer_270,Area2700,FC_2700,Buffer_290,Area2900,FC_2900,Buffer_310,Area3100,FC_3100,Buffer_330,Area3300,FC_3300,Buffer_350,Area3500,FC_3500,Buffer_370,Area3700,F_Buffer_3,Buffer_390,Area_3900,FC_3900,Buffer_410,Area4100,FC_4100,Buffer_430,Area4300,FC_4300,Buffer_450,Area4500,FC_4500
-1,11395,301,Borah et al. 2018,Ocurrencias,94.34613333,26.68439722,Precise,India,Asia,Hylobatidae,Hoolock,Hoolock hoolock,Hoolock_hoolock ,focal animal sampling,1,2,0,NA,0,2011,1440,h,NA, ,Hoolock hoolock ,Hoolock hoolock,6.88,D,161.25,AR,Frugivore,110.68,1.03,3.4,1080,232.5,635.13,492,1.01,NA,Pair,Monogamy, ,2Tropical_and_suptropical_moist_broadleaf_forest,0.774504327,0.79,98.04,1.52,1.54,98.58,2.51,2.54,98.8,3.75,3.8,98.66,NA,5.31,NA,NA,7.07,NA,8.27,9.08,91.12,9.95,11.34,87.75,11.73,13.85,84.7,13.43,16.62,80.81,15.17,19.63,77.3,16.72,22.9,73.03,18.15,26.42,68.71,19.55,30.19,64.75,20.87,34.21,60.99,22.04,38.48,57.28,23.32,43.01,54.21,24.62,47.78,51.53,25.85,52.81,48.94,27.22,58.09,46.86,28.36,63.62,44.58
-1,11396,318,Sharma et al. 2013,Richness,94.73440278,27.29661944,Precise,India,Asia,Hylobatidae,Hoolock,Hoolock hoolock,Hoolock_hoolock ,Transects,0, , , ,0,2006,484,km,NA, ,Hoolock hoolock ,Hoolock hoolock,6.88,D,161.25,AR,Frugivore,110.68,1.03,3.4,1080,232.5,635.13,492,1.01,NA,Pair,Monogamy, ,2Tropical_and_suptropical_moist_broadleaf_forest,0.297375081,0.79,37.64,0.68,1.54,44.17,1.14,2.54,44.96,1.78,3.8,46.84,2.68,5.31,50.39,NA,7.07,NA,5.45,9.08,60.07,7.13,11.34,62.85,8.86,13.85,64,10.25,16.62,61.67,11.19,19.63,57.02,11.99,22.9,52.37,12.48,26.42,47.24,12.94,30.19,42.86,13.47,34.21,39.37,14.09,38.48,36.62,14.78,43.01,34.37,15.48,47.78,32.41,16.2,52.81,30.67,16.7,58.09,28.74,17.19,63.62,27.02
-1,11397,318,Sharma et al. 2013,Richness,95.04186667,27.34435278,Precise,India,Asia,Hylobatidae,Hoolock,Hoolock hoolock,Hoolock_hoolock ,Transects,0, , , ,0,2006,484,km,NA, ,Hoolock hoolock ,Hoolock hoolock,6.88,D,161.25,AR,Frugivore,110.68,1.03,3.4,1080,232.5,635.13,492,1.01,NA,Pair,Monogamy, ,2Tropical_and_suptropical_moist_broadleaf_forest,0.728901889,0.79,92.27,1.3,1.54,84.56,1.92,2.54,75.75,2.55,3.8,67.16,3.11,5.31,58.62,NA,7.07,NA,4.04,9.08,44.52,4.4,11.34,38.81,4.79,13.85,34.61,4.97,16.62,29.91,5.32,19.63,27.09,5.83,22.9,25.46,6.71,26.42,25.4,7.5,30.19,24.84,8.47,34.21,24.77,9.58,38.48,24.89,10.55,43.01,24.52,11.56,47.78,24.19,12.59,52.81,23.83,13.99,58.09,24.08,15.52,63.62,24.39
-1,11398,318,Sharma et al. 2013,Richness,95.41818889,27.19078611,Precise,India,Asia,Hylobatidae,Hoolock,Hoolock hoolock,Hoolock_hoolock ,Transects,1, , , ,0,2006,484,km,NA, ,Hoolock hoolock ,Hoolock hoolock,6.88,D,161.25,AR,Frugivore,110.68,1.03,3.4,1080,232.5,635.13,492,1.01,NA,Pair,Monogamy, ,2Tropical_and_suptropical_moist_broadleaf_forest,0.773803064,0.79,97.95,1.52,1.54,98.54,2.51,2.54,98.75,3.75,3.8,98.63,5.24,5.31,98.59,NA,7.07,NA,8.95,9.08,98.61,11.18,11.34,98.63,13.66,13.85,98.66,16.39,16.62,98.62,19.37,19.63,98.65,22.58,22.9,98.6,26.05,26.42,98.58,29.66,30.19,98.24,33.55,34.21,98.07,37.62,38.48,97.78,41.71,43.01,96.99,45.72,47.78,95.68,49.72,52.81,94.15,53.66,58.09,92.37,57.6,63.62,90.54
-1,11399,318,Sharma et al. 2013,Richness,95.66771111,27.74264167,Precise,India,Asia,Hylobatidae,Hoolock,Hoolock hoolock,Hoolock_hoolock ,Transects,1, , , ,0,2006,484,km,NA, ,Hoolock hoolock ,Hoolock hoolock,6.88,D,161.25,AR,Frugivore,110.68,1.03,3.4,1080,232.5,635.13,492,1.01,NA,Pair,Monogamy, ,2Tropical_and_suptropical_moist_broadleaf_forest,0.772241677,0.79,97.75,1.5,1.54,97.59,2.39,2.54,94.07,3.14,3.8,82.66,3.72,5.31,70.1,NA,7.07,NA,4.88,9.08,53.7,5.57,11.34,49.12,6.14,13.85,44.31,6.75,16.62,40.61,7.36,19.63,37.5,8.01,22.9,34.99,8.76,26.42,33.15,9.67,30.19,32.02,10.72,34.21,31.33,11.92,38.48,30.97,13.03,43.01,30.3,14.17,47.78,29.66,15.32,52.81,29.02,16.62,58.09,28.61,17.88,63.62,28.1
-1,11400,318,Sharma et al. 2013,Richness,95.66943611,27.71108889,Precise,India,Asia,Hylobatidae,Hoolock,Hoolock hoolock,Hoolock_hoolock ,Transects,1, , , ,0,2006,484,km,NA, ,Hoolock hoolock ,Hoolock hoolock,6.88,D,161.25,AR,Frugivore,110.68,1.03,3.4,1080,232.5,635.13,492,1.01,NA,Pair,Monogamy, ,2Tropical_and_suptropical_moist_broadleaf_forest,0.76836736,0.79,97.26,1.44,1.54,93.6,2.24,2.54,88.37,3.18,3.8,83.6,4.26,5.31,80.3,NA,7.07,NA,7.1,9.08,78.15,8.41,11.34,74.14,9.61,13.85,69.38,10.76,16.62,64.73,11.92,19.63,60.71,12.87,22.9,56.2,13.58,26.42,51.41,14.23,30.19,47.14,14.99,34.21,43.8,15.9,38.48,41.33,16.84,43.01,39.16,17.92,47.78,37.51,19,52.81,35.98,20.06,58.09,34.53,21.21,63.62,33.34
-1,11401,318,Sharma et al. 2013,Richness,95.83371944,27.94846111,Precise,India,Asia,Hylobatidae,Hoolock,Hoolock hoolock,Hoolock_hoolock ,Transects,1, , , ,0,2006,484,km,NA, ,Hoolock hoolock ,Hoolock hoolock,6.88,D,161.25,AR,Frugivore,110.68,1.03,3.4,1080,232.5,635.13,492,1.01,NA,Pair,Monogamy, ,2Tropical_and_suptropical_moist_broadleaf_forest,0.742188499,0.79,93.95,1.41,1.54,91.36,2.21,2.54,87.05,3.18,3.8,83.71,4.33,5.31,81.54,NA,7.07,NA,6.96,9.08,76.69,8.33,11.34,73.46,9.47,13.85,68.39,10.57,16.62,63.59,11.79,19.63,60.04,13.02,22.9,56.85,14.24,26.42,53.91,15.4,30.19,51.02,16.54,34.21,48.34,17.52,38.48,45.53,18.68,43.01,43.43,20.26,47.78,42.41,22.09,52.81,41.82,24.03,58.09,41.36,25.9,63.62,40.7
-1,11402,318,Sharma et al. 2013,Richness,94.90331667,27.35041944,Precise,India,Asia,Hylobatidae,Hoolock,Hoolock hoolock,Hoolock_hoolock ,Transects,0, , , ,0,2006,484,km,NA, ,Hoolock hoolock ,Hoolock hoolock,6.88,D,161.25,AR,Frugivore,110.68,1.03,3.4,1080,232.5,635.13,492,1.01,NA,Pair,Monogamy, ,2Tropical_and_suptropical_moist_broadleaf_forest,0.774614619,0.79,98.05,1.52,1.54,98.6,2.51,2.54,98.75,3.61,3.8,95.04,4.86,5.31,91.51,NA,7.07,NA,7.4,9.08,81.52,8.43,11.34,74.32,9.35,13.85,67.54,10.33,16.62,62.16,11.17,19.63,56.88,11.85,22.9,51.75,12.67,26.42,47.94,13.71,30.19,45.4,14.9,34.21,43.56,16.14,38.48,41.94,17.61,43.01,40.95,19.29,47.78,40.38,20.79,52.81,39.36,22.06,58.09,37.98,23.38,63.62,36.75
-1,11403,318,Sharma et al. 2013,Richness,94.95704722,27.29856389,Precise,India,Asia,Hylobatidae,Hoolock,Hoolock hoolock,Hoolock_hoolock ,Transects,0, , , ,0,2006,484,km,NA, ,Hoolock hoolock ,Hoolock hoolock,6.88,D,161.25,AR,Frugivore,110.68,1.03,3.4,1080,232.5,635.13,492,1.01,NA,Pair,Monogamy, ,2Tropical_and_suptropical_moist_broadleaf_forest,0.598877913,0.79,75.81,1.13,1.54,73.49,1.7,2.54,66.76,2.27,3.8,59.71,2.73,5.31,51.36,NA,7.07,NA,3.95,9.08,43.48,4.55,11.34,40.1,5.17,13.85,37.33,5.8,16.62,34.87,6.59,19.63,33.57,7.68,22.9,33.53,8.7,26.42,32.93,9.73,30.19,32.22,10.81,34.21,31.6,11.76,38.48,30.55,12.85,43.01,29.88,13.9,47.78,29.1,14.71,52.81,27.85,15.78,58.09,27.16,16.92,63.62,26.59
-1,11404,318,Sharma et al. 2013,Richness,95.52897222,27.32490833,Precise,India,Asia,Hylobatidae,Hoolock,Hoolock hoolock,Hoolock_hoolock ,Transects,1, , , ,0,2006,484,km,NA, ,Hoolock hoolock ,Hoolock hoolock,6.88,D,161.25,AR,Frugivore,110.68,1.03,3.4,1080,232.5,635.13,492,1.01,NA,Pair,Monogamy, ,2Tropical_and_suptropical_moist_broadleaf_forest,0.774654856,0.79,98.06,1.52,1.54,98.59,2.51,2.54,98.82,3.75,3.8,98.67,5.24,5.31,98.62,NA,7.07,NA,8.96,9.08,98.63,11.18,11.34,98.57,13.66,13.85,98.6,16.38,16.62,98.57,19.36,19.63,98.61,22.58,22.9,98.6,26.05,26.42,98.6,29.77,30.19,98.6,33.73,34.21,98.61,37.94,38.48,98.61,42.38,43.01,98.53,47.01,47.78,98.39,51.69,52.81,97.88,56.57,58.09,97.39,61.69,63.62,96.97
-1,11405,318,Sharma et al. 2013,Richness,95.58644444,27.49790556,Precise,India,Asia,Hylobatidae,Hoolock,Hoolock hoolock,Hoolock_hoolock ,Transects,1, , , ,0,2006,484,km,NA, ,Hoolock hoolock ,Hoolock hoolock,6.88,D,161.25,AR,Frugivore,110.68,1.03,3.4,1080,232.5,635.13,492,1.01,NA,Pair,Monogamy, ,2Tropical_and_suptropical_moist_broadleaf_forest,0.774600441,0.79,98.05,1.52,1.54,98.6,2.42,2.54,95.1,3.51,3.8,92.38,4.55,5.31,85.61,NA,7.07,NA,6.86,9.08,75.51,7.94,11.34,70.03,9.22,13.85,66.56,10.48,16.62,63.03,11.84,19.63,60.34,13.15,22.9,57.4,14.63,26.42,55.37,16.39,30.19,54.3,18.64,34.21,54.48,21.18,38.48,55.04,23.86,43.01,55.47,26.62,47.78,55.71,29.51,52.81,55.87,32.53,58.09,55.99,35.65,63.62,56.03
-1,11406,318,Sharma et al. 2013,Richness,95.63884167,27.634975,Precise,India,Asia,Hylobatidae,Hoolock,Hoolock hoolock,Hoolock_hoolock ,Transects,1, , , ,0,2006,484,km,NA, ,Hoolock hoolock ,Hoolock hoolock,6.88,D,161.25,AR,Frugivore,110.68,1.03,3.4,1080,232.5,635.13,492,1.01,NA,Pair,Monogamy, ,2Tropical_and_suptropical_moist_broadleaf_forest,0.774628965,0.79,98.05,1.52,1.54,98.6,2.51,2.54,98.82,3.7,3.8,97.37,4.98,5.31,93.77,NA,7.07,NA,7.68,9.08,84.64,9.32,11.34,82.15,10.88,13.85,78.56,12.51,16.62,75.28,14.39,19.63,73.31,16.4,22.9,71.62,18.35,26.42,69.45,20.39,30.19,67.54,22.14,34.21,64.71,24.03,38.48,62.45,26.36,43.01,61.29,28.64,47.78,59.93,30.71,52.81,58.16,32.8,58.09,56.46,35.03,63.62,55.06
-1,11407,318,Sharma et al. 2013,Richness,95.64525278,27.50120278,Precise,India,Asia,Hylobatidae,Hoolock,Hoolock hoolock,Hoolock_hoolock ,Transects,1, , , ,0,2006,484,km,NA, ,Hoolock hoolock ,Hoolock hoolock,6.88,D,161.25,AR,Frugivore,110.68,1.03,3.4,1080,232.5,635.13,492,1.01,NA,Pair,Monogamy, ,2Tropical_and_suptropical_moist_broadleaf_forest,0.774658823,0.79,98.06,1.52,1.54,98.6,2.51,2.54,98.82,3.75,3.8,98.67,5.18,5.31,97.55,NA,7.07,NA,8.62,9.08,94.88,10.73,11.34,94.6,13.05,13.85,94.23,15.43,16.62,92.83,18,19.63,91.7,20.71,22.9,90.43,23.38,26.42,88.51,26.02,30.19,86.18,28.62,34.21,83.65,31.2,38.48,81.07,34.06,43.01,79.2,37.27,47.78,78.01,40.59,52.81,76.86,43.9,58.09,75.58,47.6,63.62,74.82
-1,11408,318,Sharma et al. 2013,Richness,95.65478611,27.87857778,Precise,India,Asia,Hylobatidae,Hoolock,Hoolock hoolock,Hoolock_hoolock ,Transects,0, , , ,0,2006,484,km,NA, ,Hoolock hoolock ,Hoolock hoolock,6.88,D,161.25,AR,Frugivore,110.68,1.03,3.4,1080,232.5,635.13,492,1.01,NA,Pair,Monogamy, ,2Tropical_and_suptropical_moist_broadleaf_forest,0.397344155,0.79,50.3,0.63,1.54,40.86,0.93,2.54,36.51,1.24,3.8,32.56,1.48,5.31,27.91,NA,7.07,NA,1.96,9.08,21.55,2.16,11.34,19.05,2.34,13.85,16.92,2.59,16.62,15.6,2.82,19.63,14.35,3.08,22.9,13.45,3.48,26.42,13.16,3.97,30.19,13.14,4.58,34.21,13.38,5.09,38.48,13.22,5.61,43.01,13.05,6.02,47.78,12.6,6.39,52.81,12.1,6.71,58.09,11.54,6.96,63.62,10.93
-1,11409,318,Sharma et al. 2013,Richness,95.68966944,27.95264167,Precise,India,Asia,Hylobatidae,Hoolock,Hoolock hoolock,Hoolock_hoolock ,Transects,0, , , ,0,2006,484,km,NA, ,Hoolock hoolock ,Hoolock hoolock,6.88,D,161.25,AR,Frugivore,110.68,1.03,3.4,1080,232.5,635.13,492,1.01,NA,Pair,Monogamy, ,2Tropical_and_suptropical_moist_broadleaf_forest,0.763318322,0.79,96.62,1.44,1.54,93.55,2.35,2.54,92.68,3.17,3.8,83.48,3.89,5.31,73.22,NA,7.07,NA,5.37,9.08,59.15,6.09,11.34,53.68,6.79,13.85,49.04,7.53,16.62,45.32,8.28,19.63,42.16,9.25,22.9,40.37,10.54,26.42,39.88,12.13,30.19,40.18,13.77,34.21,40.24,15.28,38.48,39.72,16.91,43.01,39.32,18.48,47.78,38.67,19.93,52.81,37.74,21.17,58.09,36.44,22.43,63.62,35.26
-1,11410,318,Sharma et al. 2013,Richness,95.69877222,27.39518611,Precise,India,Asia,Hylobatidae,Hoolock,Hoolock hoolock,Hoolock_hoolock ,Transects,1, , , ,0,2006,484,km,NA, ,Hoolock hoolock ,Hoolock hoolock,6.88,D,161.25,AR,Frugivore,110.68,1.03,3.4,1080,232.5,635.13,492,1.01,NA,Pair,Monogamy, ,2Tropical_and_suptropical_moist_broadleaf_forest,0.774613836,0.79,98.05,1.52,1.54,98.6,2.51,2.54,98.82,3.75,3.8,98.67,5.24,5.31,98.63,NA,7.07,NA,8.96,9.08,98.63,11.18,11.34,98.59,13.66,13.85,98.62,16.39,16.62,98.59,19.36,19.63,98.61,22.57,22.9,98.54,25.94,26.42,98.19,29.42,30.19,97.44,32.91,34.21,96.19,36.41,38.48,94.61,39.87,43.01,92.7,43.31,47.78,90.64,46.88,52.81,88.77,50.45,58.09,86.85,54.04,63.62,84.94
-1,11411,318,Sharma et al. 2013,Richness,95.70428889,27.58478611,Precise,India,Asia,Hylobatidae,Hoolock,Hoolock hoolock,Hoolock_hoolock ,Transects,1, , , ,0,2006,484,km,NA, ,Hoolock hoolock ,Hoolock hoolock,6.88,D,161.25,AR,Frugivore,110.68,1.03,3.4,1080,232.5,635.13,492,1.01,NA,Pair,Monogamy, ,2Tropical_and_suptropical_moist_broadleaf_forest,0.774608759,0.79,98.05,1.52,1.54,98.6,2.51,2.54,98.82,3.75,3.8,98.66,5.18,5.31,97.55,NA,7.07,NA,7.89,9.08,86.85,9.56,11.34,84.34,11.4,13.85,82.32,13.26,16.62,79.8,15.17,19.63,77.3,16.88,22.9,73.71,18.65,26.42,70.58,20.57,30.19,68.12,22.44,34.21,65.61,24.34,38.48,63.24,26.12,43.01,60.73,28.03,47.78,58.66,30.14,52.81,57.08,32.39,58.09,55.76,34.82,63.62,54.73
-1,11412,318,Sharma et al. 2013,Richness,95.73721111,27.708525,Precise,India,Asia,Hylobatidae,Hoolock,Hoolock hoolock,Hoolock_hoolock ,Transects,1, , , ,0,2006,484,km,NA, ,Hoolock hoolock ,Hoolock hoolock,6.88,D,161.25,AR,Frugivore,110.68,1.03,3.4,1080,232.5,635.13,492,1.01,NA,Pair,Monogamy, ,2Tropical_and_suptropical_moist_broadleaf_forest,0.597069302,0.79,75.58,1.22,1.54,79.04,1.95,2.54,76.86,2.75,3.8,72.47,3.59,5.31,67.69,NA,7.07,NA,4.87,9.08,53.6,5.48,11.34,48.32,5.88,13.85,42.46,6.27,16.62,37.71,6.54,19.63,33.31,6.78,22.9,29.62,7.12,26.42,26.93,7.46,30.19,24.72,7.82,34.21,22.87,8.24,38.48,21.42,8.67,43.01,20.15,9.17,47.78,19.19,9.72,52.81,18.41,10.33,58.09,17.79,11.15,63.62,17.52
-1,11413,318,Sharma et al. 2013,Richness,95.75894444,27.48872778,Precise,India,Asia,Hylobatidae,Hoolock,Hoolock hoolock,Hoolock_hoolock ,Transects,1, , , ,0,2006,484,km,NA, ,Hoolock hoolock ,Hoolock hoolock,6.88,D,161.25,AR,Frugivore,110.68,1.03,3.4,1080,232.5,635.13,492,1.01,NA,Pair,Monogamy, ,2Tropical_and_suptropical_moist_broadleaf_forest,0.774685511,0.79,98.06,1.52,1.54,98.59,2.51,2.54,98.82,3.75,3.8,98.67,5.2,5.31,97.87,NA,7.07,NA,8.37,9.08,92.14,10.11,11.34,89.19,12.06,13.85,87.1,13.97,16.62,84.08,15.63,19.63,79.62,17.39,22.9,75.93,19.34,26.42,73.21,21.12,30.19,69.97,22.89,34.21,66.9,24.87,38.48,64.62,26.99,43.01,62.75,29.21,47.78,61.13,31.83,52.81,60.27,34.74,58.09,59.81,38.02,63.62,59.76
-1,11414,318,Sharma et al. 2013,Richness,95.76405833,27.83913889,Precise,India,Asia,Hylobatidae,Hoolock,Hoolock hoolock,Hoolock_hoolock ,Transects,1, , , ,0,2006,484,km,NA, ,Hoolock hoolock ,Hoolock hoolock,6.88,D,161.25,AR,Frugivore,110.68,1.03,3.4,1080,232.5,635.13,492,1.01,NA,Pair,Monogamy, ,2Tropical_and_suptropical_moist_broadleaf_forest,0.774720329,0.79,98.07,1.31,1.54,85.16,1.8,2.54,71.03,2.51,3.8,66.02,3.23,5.31,60.76,NA,7.07,NA,4.46,9.08,49.16,5.06,11.34,44.61,5.61,13.85,40.51,6.2,16.62,37.28,6.62,19.63,33.71,6.93,22.9,30.26,7.31,26.42,27.66,7.8,30.19,25.83,8.18,34.21,23.92,8.63,38.48,22.43,9.28,43.01,21.58,10.11,47.78,21.15,11.08,52.81,20.97,12.04,58.09,20.73,12.98,63.62,20.4
-1,11415,318,Sharma et al. 2013,Richness,95.814525,27.45648611,Precise,India,Asia,Hylobatidae,Hoolock,Hoolock hoolock,Hoolock_hoolock ,Transects,1, , , ,0,2006,484,km,NA, ,Hoolock hoolock ,Hoolock hoolock,6.88,D,161.25,AR,Frugivore,110.68,1.03,3.4,1080,232.5,635.13,492,1.01,NA,Pair,Monogamy, ,2Tropical_and_suptropical_moist_broadleaf_forest,0.774685907,0.79,98.06,1.52,1.54,98.59,2.51,2.54,98.82,3.75,3.8,98.67,5.23,5.31,98.51,NA,7.07,NA,8.72,9.08,96.05,10.72,11.34,94.54,12.67,13.85,91.45,14.69,16.62,88.39,17.01,19.63,86.63,19.31,22.9,84.33,21.68,26.42,82.04,24.26,30.19,80.36,26.86,34.21,78.5,29.58,38.48,76.87,32.39,43.01,75.3,35.17,47.78,73.61,37.86,52.81,71.69,40.89,58.09,70.39,44.1,63.62,69.32
-1,11416,318,Sharma et al. 2013,Richness,95.81490278,27.948575,Precise,India,Asia,Hylobatidae,Hoolock,Hoolock hoolock,Hoolock_hoolock ,Transects,0, , , ,0,2006,484,km,NA, ,Hoolock hoolock ,Hoolock hoolock,6.88,D,161.25,AR,Frugivore,110.68,1.03,3.4,1080,232.5,635.13,492,1.01,NA,Pair,Monogamy, ,2Tropical_and_suptropical_moist_broadleaf_forest,0.774761411,0.79,98.07,1.43,1.54,93.05,2.21,2.54,86.83,2.95,3.8,77.59,3.69,5.31,69.53,NA,7.07,NA,5.24,9.08,57.74,6.03,11.34,53.21,6.88,13.85,49.71,7.72,16.62,46.45,8.73,19.63,44.47,9.98,22.9,43.56,11.56,26.42,43.75,13.14,30.19,43.53,14.52,34.21,42.44,15.8,38.48,41.07,16.97,43.01,39.45,18.24,47.78,38.18,19.57,52.81,37.05,21.02,58.09,36.18,22.52,63.62,35.4
-1,11417,318,Sharma et al. 2013,Richness,95.83874167,27.8439,Precise,India,Asia,Hylobatidae,Hoolock,Hoolock hoolock,Hoolock_hoolock ,Transects,1, , , ,0,2006,484,km,NA, ,Hoolock hoolock ,Hoolock hoolock,6.88,D,161.25,AR,Frugivore,110.68,1.03,3.4,1080,232.5,635.13,492,1.01,NA,Pair,Monogamy, ,2Tropical_and_suptropical_moist_broadleaf_forest,0.727733812,0.79,92.12,1.27,1.54,82.16,1.88,2.54,73.93,2.46,3.8,64.8,2.95,5.31,55.61,NA,7.07,NA,4.01,9.08,44.2,4.47,11.34,39.41,4.75,13.85,34.27,4.97,16.62,29.91,5.38,19.63,27.43,5.92,22.9,25.86,6.42,26.42,24.29,6.82,30.19,22.58,7.21,34.21,21.08,7.8,38.48,20.28,8.34,43.01,19.4,9.01,47.78,18.86,9.72,52.81,18.4,10.91,58.09,18.78,12.38,63.62,19.47
-1,11418,318,Sharma et al. 2013,Richness,95.84890278,27.50577222,Precise,India,Asia,Hylobatidae,Hoolock,Hoolock hoolock,Hoolock_hoolock ,Transects,0, , , ,0,2006,484,km,NA, ,Hoolock hoolock ,Hoolock hoolock,6.88,D,161.25,AR,Frugivore,110.68,1.03,3.4,1080,232.5,635.13,492,1.01,NA,Pair,Monogamy, ,2Tropical_and_suptropical_moist_broadleaf_forest,0.76118364,0.79,96.35,1.38,1.54,89.41,2.08,2.54,81.9,2.89,3.8,76.04,3.8,5.31,71.48,NA,7.07,NA,6.02,9.08,66.31,7.1,11.34,62.6,7.78,13.85,56.18,8.38,16.62,50.41,9.15,19.63,46.6,10.09,22.9,44.05,11.05,26.42,41.83,12.04,30.19,39.87,13.21,34.21,38.61,14.73,38.48,38.28,16.41,43.01,38.16,18.06,47.78,37.79,19.92,52.81,37.71,21.79,58.09,37.52,23.6,63.62,37.09
-1,11419,318,Sharma et al. 2013,Richness,95.86481667,27.39257222,Precise,India,Asia,Hylobatidae,Hoolock,Hoolock hoolock,Hoolock_hoolock ,Transects,0, , , ,0,2006,484,km,NA, ,Hoolock hoolock ,Hoolock hoolock,6.88,D,161.25,AR,Frugivore,110.68,1.03,3.4,1080,232.5,635.13,492,1.01,NA,Pair,Monogamy, ,2Tropical_and_suptropical_moist_broadleaf_forest,0.774650482,0.79,98.06,1.52,1.54,98.59,2.51,2.54,98.82,3.75,3.8,98.67,5.21,5.31,98.18,NA,7.07,NA,8.18,9.08,90.04,9.11,11.34,80.34,9.6,13.85,69.32,10.11,16.62,60.84,10.56,19.63,53.8,11.23,22.9,49.02,11.86,26.42,44.88,12.51,30.19,41.44,13.36,34.21,39.05,14.42,38.48,37.46,15.59,43.01,36.25,16.89,47.78,35.35,18.26,52.81,34.58,19.69,58.09,33.9,21.17,63.62,33.28
-1,11420,318,Sharma et al. 2013,Richness,95.96555,27.38766111,Precise,India,Asia,Hylobatidae,Hoolock,Hoolock hoolock,Hoolock_hoolock ,Transects,1, , , ,0,2006,484,km,NA, ,Hoolock hoolock ,Hoolock hoolock,6.88,D,161.25,AR,Frugivore,110.68,1.03,3.4,1080,232.5,635.13,492,1.01,NA,Pair,Monogamy, ,2Tropical_and_suptropical_moist_broadleaf_forest,0.774652963,0.79,98.06,1.52,1.54,98.59,2.51,2.54,98.82,3.75,3.8,98.67,5.24,5.31,98.62,NA,7.07,NA,8.96,9.08,98.63,11.19,11.34,98.64,13.64,13.85,98.46,16.24,16.62,97.69,18.94,19.63,96.48,21.65,22.9,94.54,24.55,26.42,92.92,27.56,30.19,91.27,30.57,34.21,89.35,33.82,38.48,87.88,36.99,43.01,86.01,40.4,47.78,84.55,43.73,52.81,82.8,47.1,58.09,81.09,50.58,63.62,79.51
