OID,N,N_study,Source,BASE,X,Y,Precise,Country,Realm,Family,Genus,Taxon,Taxon_ITIS,Sample_met,Ocurrence,N_groups,Abundanc_1,Abundance,Density,Sample_yea,Sampling_e,Sampling_1,ID_Todo,TRAITS,Taxon_IT_1,ITIS_SPECI,BodyMass_k,DielActivi,HomeRange_,Locomotion,TrophicGui,Brain_size,Canine_Dim,MeanGroupS,Interbirth,Gestation,WeaningAge,MaxLongevi,LitterSz,AdultSexRa,Social_Sys,Mating_Sys,FOREST,BIOME,Buffer_500,Area500,FC_500,Buffer_700,Area700,FC_700,Buffer_900,Area900,FC_900,Buffer_110,Area1100,FC1100,Buffer_130,Area1300,FC_1300,Buffer_150,Area1500,FC_1500,Buffer_170,Area1700,FC_1700,Buffer_190,Area1900,FC_1900,Buffer_210,Area2100,FC_2100,Buffer_230,Area2300,FC_2300,Buffer_250,Area2500,FC_2500,Buffer_270,Area2700,FC_2700,Buffer_290,Area2900,FC_2900,Buffer_310,Area3100,FC_3100,Buffer_330,Area3300,FC_3300,Buffer_350,Area3500,FC_3500,Buffer_370,Area3700,F_Buffer_3,Buffer_390,Area_3900,FC_3900,Buffer_410,Area4100,FC_4100,Buffer_430,Area4300,FC_4300,Buffer_450,Area4500,FC_4500
-1,11421,540,Kakati et al. 2009,Ocurrencias,95.69361111,27.51583333,Precise,India,Asia,Hylobatidae,Hoolock,Hoolock hoolock,Hoolock_hoolock ,Encounter rate (ind/km walked),0,0,0,Number of encounters,0,2002,6.25,km per patch,NA, ,Hoolock hoolock ,Hoolock hoolock,6.88,D,161.25,AR,Frugivore,110.68,1.03,3.4,1080,232.5,635.13,492,1.01,NA,Pair,Monogamy, ,2Tropical_and_suptropical_moist_broadleaf_forest,0.754615161,0.79,95.52,1.36,1.54,88.17,2.03,2.54,80.09,2.7,3.8,71.13,3.16,5.31,59.52,NA,7.07,NA,4.21,9.08,46.34,5.32,11.34,46.93,6.79,13.85,49.01,8.52,16.62,51.26,10.32,19.63,52.57,12.29,22.9,53.65,14.19,26.42,53.7,16.1,30.19,53.34,18.14,34.21,53.03,20.42,38.48,53.07,22.82,43.01,53.06,25.26,47.78,52.87,27.89,52.81,52.81,30.81,58.09,53.04,33.73,63.62,53.01
-1,11422,540,Kakati et al. 2009,Ocurrencias,95.69888889,27.4925,Precise,India,Asia,Hylobatidae,Hoolock,Hoolock hoolock,Hoolock_hoolock ,Encounter rate (ind/km walked),0,0,0,Number of encounters,0,2002,6.05,km per patch,NA, ,Hoolock hoolock ,Hoolock hoolock,6.88,D,161.25,AR,Frugivore,110.68,1.03,3.4,1080,232.5,635.13,492,1.01,NA,Pair,Monogamy, ,2Tropical_and_suptropical_moist_broadleaf_forest,0.774665767,0.79,98.06,1.52,1.54,98.58,2.48,2.54,97.74,3.56,3.8,93.75,4.58,5.31,86.31,NA,7.07,NA,6.7,9.08,73.81,7.76,11.34,68.47,9.11,13.85,65.77,11.02,16.62,66.29,13.09,19.63,66.7,15.32,22.9,66.92,17.61,26.42,66.67,20.02,30.19,66.32,22.71,34.21,66.4,25.61,38.48,66.55,28.6,43.01,66.49,32.03,47.78,67.04,35.79,52.81,67.77,39.77,58.09,68.46,43.92,63.62,69.03
-1,11423,540,Kakati et al. 2009,Ocurrencias,95.59138889,27.50055556,Precise,India,Asia,Hylobatidae,Hoolock,Hoolock hoolock,Hoolock_hoolock ,Encounter rate (ind/km walked),1,0,1,Number of encounters,0.09,2002,11.27,km per patch,NA, ,Hoolock hoolock ,Hoolock hoolock,6.88,D,161.25,AR,Frugivore,110.68,1.03,3.4,1080,232.5,635.13,492,1.01,NA,Pair,Monogamy, ,2Tropical_and_suptropical_moist_broadleaf_forest,0.757164876,0.79,95.84,1.43,1.54,93.14,2.34,2.54,92.09,3.43,3.8,90.2,4.46,5.31,84.03,NA,7.07,NA,6.98,9.08,76.89,8.43,11.34,74.36,9.7,13.85,70.03,10.56,16.62,63.57,11.82,19.63,60.2,13.17,22.9,57.5,14.96,26.42,56.64,17.1,30.19,56.65,19.67,34.21,57.5,22.48,38.48,58.41,25.29,43.01,58.8,28.19,47.78,59.01,31.48,52.81,59.6,34.97,58.09,60.19,38.61,63.62,60.68
-1,11424,540,Kakati et al. 2009,Ocurrencias,95.75861111,27.48944444,Precise,India,Asia,Hylobatidae,Hoolock,Hoolock hoolock,Hoolock_hoolock ,Encounter rate (ind/km walked),1,0,1,Number of encounters,0.06,2002,16.05,km per patch,NA, ,Hoolock hoolock ,Hoolock hoolock,6.88,D,161.25,AR,Frugivore,110.68,1.03,3.4,1080,232.5,635.13,492,1.01,NA,Pair,Monogamy, ,2Tropical_and_suptropical_moist_broadleaf_forest,0.774618192,0.79,98.05,1.52,1.54,98.6,2.51,2.54,98.82,3.75,3.8,98.67,5.18,5.31,97.59,NA,7.07,NA,8.42,9.08,92.72,10.25,11.34,90.37,12.27,13.85,88.6,14.33,16.62,86.23,16.14,19.63,82.22,17.9,22.9,78.16,19.72,26.42,74.64,21.39,30.19,70.86,23.07,34.21,67.45,25.03,38.48,65.05,27.17,43.01,63.17,29.43,47.78,61.6,32.08,52.81,60.75,35.09,58.09,60.41,38.33,63.62,60.24
-1,11425,540,Kakati et al. 2009,Ocurrencias,95.82361111,27.45361111,Precise,India,Asia,Hylobatidae,Hoolock,Hoolock hoolock,Hoolock_hoolock ,Encounter rate (ind/km walked),1,0,8,Number of encounters,0.38,2002,20.81,km per patch,NA, ,Hoolock hoolock ,Hoolock hoolock,6.88,D,161.25,AR,Frugivore,110.68,1.03,3.4,1080,232.5,635.13,492,1.01,NA,Pair,Monogamy, ,2Tropical_and_suptropical_moist_broadleaf_forest,0.774612089,0.79,98.05,1.52,1.54,98.6,2.51,2.54,98.82,3.75,3.8,98.67,5.24,5.31,98.63,NA,7.07,NA,8.95,9.08,98.6,11.07,11.34,97.65,13.06,13.85,94.29,15.04,16.62,90.49,17.15,19.63,87.37,19.39,22.9,84.69,21.84,26.42,82.67,24.31,30.19,80.52,26.8,34.21,78.35,29.35,38.48,76.27,32.11,43.01,74.65,34.9,47.78,73.05,37.78,52.81,71.53,40.77,58.09,70.18,43.72,63.62,68.71
-1,11426,540,Kakati et al. 2009,Ocurrencias,95.73888889,27.71555556,Precise,India,Asia,Hylobatidae,Hoolock,Hoolock hoolock,Hoolock_hoolock ,Encounter rate (ind/km walked),1,0,3,Number of encounters,0.18,2002,16.38,km per patch,NA, ,Hoolock hoolock ,Hoolock hoolock,6.88,D,161.25,AR,Frugivore,110.68,1.03,3.4,1080,232.5,635.13,492,1.01,NA,Pair,Monogamy, ,2Tropical_and_suptropical_moist_broadleaf_forest,0.48752115,0.79,61.71,0.92,1.54,59.6,1.48,2.54,58.18,2.1,3.8,55.15,2.85,5.31,53.75,NA,7.07,NA,4.3,9.08,47.37,4.95,11.34,43.65,5.62,13.85,40.58,6.07,16.62,36.51,6.39,19.63,32.58,6.56,22.9,28.66,6.75,26.42,25.56,7,30.19,23.18,7.18,34.21,21,7.45,38.48,19.35,7.79,43.01,18.12,8.15,47.78,17.07,8.59,52.81,16.27,9.12,58.09,15.7,9.62,63.62,15.13
-1,11427,540,Kakati et al. 2009,Ocurrencias,95.59722222,27.51277778,Precise,India,Asia,Hylobatidae,Hoolock,Hoolock hoolock,Hoolock_hoolock ,Encounter rate (ind/km walked),1,0,9,Number of encounters,0.59,2002,15.2,km per patch,NA, ,Hoolock hoolock ,Hoolock hoolock,6.88,D,161.25,AR,Frugivore,110.68,1.03,3.4,1080,232.5,635.13,492,1.01,NA,Pair,Monogamy, ,2Tropical_and_suptropical_moist_broadleaf_forest,0.703722848,0.79,89.08,1.17,1.54,76.25,1.66,2.54,65.23,2.24,3.8,58.87,2.96,5.31,55.7,NA,7.07,NA,5.08,9.08,55.98,6.58,11.34,57.98,8.39,13.85,60.59,10.23,16.62,61.57,12.33,19.63,62.79,14.48,22.9,63.22,16.79,26.42,63.55,19.32,30.19,64,22.07,34.21,64.52,25.07,38.48,65.16,28.25,43.01,65.69,31.51,47.78,65.96,35.04,52.81,66.35,38.68,58.09,66.59,42.23,63.62,66.37
-1,11428,540,Kakati et al. 2009,Ocurrencias,95.71017222,27.58611111,Precise,India,Asia,Hylobatidae,Hoolock,Hoolock hoolock,Hoolock_hoolock ,Encounter rate (ind/km walked),1,0,4,Number of encounters,0.25,2002,16.12,km per patch,NA, ,Hoolock hoolock ,Hoolock hoolock,6.88,D,161.25,AR,Frugivore,110.68,1.03,3.4,1080,232.5,635.13,492,1.01,NA,Pair,Monogamy, ,2Tropical_and_suptropical_moist_broadleaf_forest,0.77469617,0.79,98.06,1.52,1.54,98.59,2.5,2.54,98.44,3.65,3.8,95.96,4.98,5.31,93.75,NA,7.07,NA,8.33,9.08,91.73,10.06,11.34,88.75,11.73,13.85,84.66,13.49,16.62,81.15,15.38,19.63,78.34,17.26,22.9,75.38,19.18,26.42,72.58,21.06,30.19,69.75,22.86,34.21,66.81,24.71,38.48,64.23,26.62,43.01,61.9,28.67,47.78,60,30.94,52.81,58.58,33.28,58.09,57.29,35.72,63.62,56.14
-1,11429,540,Kakati et al. 2009,Ocurrencias,95.97111111,27.38638889,Precise,India,Asia,Hylobatidae,Hoolock,Hoolock hoolock,Hoolock_hoolock ,Encounter rate (ind/km walked),0,0,0,Number of encounters,0,2002,20.39,km per patch,NA, ,Hoolock hoolock ,Hoolock hoolock,6.88,D,161.25,AR,Frugivore,110.68,1.03,3.4,1080,232.5,635.13,492,1.01,NA,Pair,Monogamy, ,2Tropical_and_suptropical_moist_broadleaf_forest,0.774658554,0.79,98.06,1.52,1.54,98.59,2.51,2.54,98.82,3.75,3.8,98.67,5.24,5.31,98.62,NA,7.07,NA,8.96,9.08,98.63,11.19,11.34,98.65,13.67,13.85,98.67,16.39,16.62,98.6,19.24,19.63,98.02,22.23,22.9,97.09,25.28,26.42,95.69,28.49,30.19,94.36,31.75,34.21,92.81,34.99,38.48,90.93,38.37,43.01,89.22,42.01,47.78,87.92,45.53,52.81,86.21,49.35,58.09,84.95,53.3,63.62,83.78
-1,11430,540,Kakati et al. 2009,Ocurrencias,95.58472222,27.25305556,Precise,India,Asia,Hylobatidae,Hoolock,Hoolock hoolock,Hoolock_hoolock ,Encounter rate (ind/km walked),1,0,3,Number of encounters,0.16,2002,18.4,km per patch,NA, ,Hoolock hoolock ,Hoolock hoolock,6.88,D,161.25,AR,Frugivore,110.68,1.03,3.4,1080,232.5,635.13,492,1.01,NA,Pair,Monogamy, ,2Tropical_and_suptropical_moist_broadleaf_forest,0.77464552,0.79,98.06,1.52,1.54,98.59,2.51,2.54,98.82,3.75,3.8,98.67,5.24,5.31,98.62,NA,7.07,NA,8.96,9.08,98.63,11.19,11.34,98.64,13.47,13.85,97.28,15.77,16.62,94.87,18.2,19.63,92.7,20.77,22.9,90.68,23.43,26.42,88.69,26.29,30.19,87.07,29.33,34.21,85.73,32.44,38.48,84.31,35.8,43.01,83.24,39.38,47.78,82.41,43.21,52.81,81.82,47.34,58.09,81.5,51.65,63.62,81.19
-1,11431,540,Kakati et al. 2009,Ocurrencias,95.66277778,27.45305556,Precise,India,Asia,Hylobatidae,Hoolock,Hoolock hoolock,Hoolock_hoolock ,Encounter rate (ind/km walked),1,0,16,Number of encounters,0.9,2002,17.85,km per patch,NA, ,Hoolock hoolock ,Hoolock hoolock,6.88,D,161.25,AR,Frugivore,110.68,1.03,3.4,1080,232.5,635.13,492,1.01,NA,Pair,Monogamy, ,2Tropical_and_suptropical_moist_broadleaf_forest,0.774653331,0.79,98.06,1.52,1.54,98.59,2.51,2.54,98.82,3.75,3.8,98.67,5.24,5.31,98.63,NA,7.07,NA,8.94,9.08,98.47,11,11.34,96.96,13.19,13.85,95.25,15.66,16.62,94.22,18.29,19.63,93.18,20.95,22.9,91.49,23.69,26.42,89.66,26.5,30.19,87.78,29.32,34.21,85.7,32.29,38.48,83.92,35.39,43.01,82.29,38.6,47.78,80.79,42.14,52.81,79.79,45.88,58.09,78.98,50.04,63.62,78.65
-1,11432,540,Kakati et al. 2009,Ocurrencias,95.73083333,27.43083333,Precise,India,Asia,Hylobatidae,Hoolock,Hoolock hoolock,Hoolock_hoolock ,Encounter rate (ind/km walked),1,0,16,Number of encounters,0.9,2002,17.85,km per patch,NA, ,Hoolock hoolock ,Hoolock hoolock,6.88,D,161.25,AR,Frugivore,110.68,1.03,3.4,1080,232.5,635.13,492,1.01,NA,Pair,Monogamy, ,2Tropical_and_suptropical_moist_broadleaf_forest,0.772993113,0.79,97.85,1.52,1.54,98.49,2.51,2.54,98.72,3.75,3.8,98.59,5.23,5.31,98.54,NA,7.07,NA,8.95,9.08,98.53,11.18,11.34,98.57,13.64,13.85,98.5,16.26,16.62,97.83,19.12,19.63,97.41,22.25,22.9,97.15,25.52,26.42,96.6,28.86,30.19,95.61,32.46,34.21,94.87,36.28,38.48,94.28,40.38,43.01,93.87,44.58,47.78,93.3,48.83,52.81,92.47,53.05,58.09,91.33,57.48,63.62,90.35
-1,11433,540,Kakati et al. 2009,Ocurrencias,95.69777778,27.39472222,Precise,India,Asia,Hylobatidae,Hoolock,Hoolock hoolock,Hoolock_hoolock ,Encounter rate (ind/km walked),1,0,16,Number of encounters,0.9,2002,17.85,km per patch,NA, ,Hoolock hoolock ,Hoolock hoolock,6.88,D,161.25,AR,Frugivore,110.68,1.03,3.4,1080,232.5,635.13,492,1.01,NA,Pair,Monogamy, ,2Tropical_and_suptropical_moist_broadleaf_forest,0.774598287,0.79,98.05,1.52,1.54,98.6,2.51,2.54,98.82,3.75,3.8,98.67,5.24,5.31,98.63,NA,7.07,NA,8.95,9.08,98.6,11.18,11.34,98.59,13.66,13.85,98.62,16.39,16.62,98.59,19.36,19.63,98.61,22.55,22.9,98.47,25.94,26.42,98.18,29.43,30.19,97.47,32.92,34.21,96.22,36.4,38.48,94.59,39.87,43.01,92.7,43.33,47.78,90.68,46.91,52.81,88.83,50.37,58.09,86.71,53.84,63.62,84.62
-1,11434,540,Kakati et al. 2009,Ocurrencias,95.50916667,27.34083333,Precise,India,Asia,Hylobatidae,Hoolock,Hoolock hoolock,Hoolock_hoolock ,Encounter rate (ind/km walked),1,0,6,Number of encounters,0.28,2002,21.06,km per patch,NA, ,Hoolock hoolock ,Hoolock hoolock,6.88,D,161.25,AR,Frugivore,110.68,1.03,3.4,1080,232.5,635.13,492,1.01,NA,Pair,Monogamy, ,2Tropical_and_suptropical_moist_broadleaf_forest,0.774670831,0.79,98.06,1.52,1.54,98.59,2.51,2.54,98.82,3.75,3.8,98.67,5.24,5.31,98.62,NA,7.07,NA,8.96,9.08,98.63,11.18,11.34,98.6,13.65,13.85,98.55,16.35,16.62,98.41,19.32,19.63,98.42,22.5,22.9,98.28,25.96,26.42,98.27,29.67,30.19,98.27,33.57,34.21,98.13,37.64,38.48,97.8,41.85,43.01,97.31,46.22,47.78,96.74,50.81,52.81,96.22,55.55,58.09,95.63,60.4,63.62,94.94
-1,11435,540,Kakati et al. 2009,Ocurrencias,95.75975833,27.49135,Precise,India,Asia,Hylobatidae,Hoolock,Hoolock hoolock,Hoolock_hoolock ,Encounter rate (ind/km walked),1,0,1,Number of encounters,0.06,2002,16.05,km per patch,NA, ,Hoolock hoolock ,Hoolock hoolock,6.88,D,161.25,AR,Frugivore,110.68,1.03,3.4,1080,232.5,635.13,492,1.01,NA,Pair,Monogamy, ,2Tropical_and_suptropical_moist_broadleaf_forest,0.774673691,0.79,98.06,1.52,1.54,98.6,2.51,2.54,98.82,3.67,3.8,96.54,4.99,5.31,94.05,NA,7.07,NA,8.3,9.08,91.42,10.17,11.34,89.68,12.15,13.85,87.7,14.12,16.62,84.97,16.01,19.63,81.58,17.77,22.9,77.58,19.42,26.42,73.5,21,30.19,69.56,22.57,34.21,65.98,24.23,38.48,62.97,26.26,43.01,61.04,28.72,47.78,60.11,31.35,52.81,59.37,34.32,58.09,59.08,37.45,63.62,58.87
-1,11436,540,Kakati et al. 2009,Ocurrencias,95.43277778,27.21472222,Precise,India,Asia,Hylobatidae,Hoolock,Hoolock hoolock,Hoolock_hoolock ,Encounter rate (ind/km walked),1,0,10,Number of encounters,0.62,2002,16.24,km per patch,NA, ,Hoolock hoolock ,Hoolock hoolock,6.88,D,161.25,AR,Frugivore,110.68,1.03,3.4,1080,232.5,635.13,492,1.01,NA,Pair,Monogamy, ,2Tropical_and_suptropical_moist_broadleaf_forest,0.774625251,0.79,98.05,1.52,1.54,98.59,2.51,2.54,98.78,3.75,3.8,98.63,5.24,5.31,98.59,NA,7.07,NA,8.95,9.08,98.57,11.18,11.34,98.6,13.66,13.85,98.63,16.39,16.62,98.59,19.36,19.63,98.62,22.39,22.9,97.78,25.73,26.42,97.4,29.3,30.19,97.04,33.04,34.21,96.58,36.78,38.48,95.57,40.49,43.01,94.13,44.17,47.78,92.44,47.8,52.81,90.52,51.48,58.09,88.63,55.51,63.62,87.25
-1,11437,540,Kakati et al. 2009,Ocurrencias,95.40305556,27.14916667,Precise,India,Asia,Hylobatidae,Hoolock,Hoolock hoolock,Hoolock_hoolock ,Encounter rate (ind/km walked),1,0,10,Number of encounters,0.62,2002,16.24,km per patch,NA, ,Hoolock hoolock ,Hoolock hoolock,6.88,D,161.25,AR,Frugivore,110.68,1.03,3.4,1080,232.5,635.13,492,1.01,NA,Pair,Monogamy, ,2Tropical_and_suptropical_moist_broadleaf_forest,0.774607901,0.79,98.05,1.52,1.54,98.59,2.51,2.54,98.82,3.75,3.8,98.62,5.23,5.31,98.58,NA,7.07,NA,8.95,9.08,98.58,11.18,11.34,98.61,13.66,13.85,98.62,16.39,16.62,98.59,19.36,19.63,98.61,22.58,22.9,98.6,26.04,26.42,98.57,29.61,30.19,98.07,33.4,34.21,97.62,37.53,38.48,97.54,41.9,43.01,97.42,46.38,47.78,97.08,50.96,52.81,96.5,55.71,58.09,95.9,60.62,63.62,95.28
