OID,N,N_study,Source,BASE,X,Y,Precise,Country,Realm,Family,Genus,Taxon,Taxon_ITIS,Sample_met,Ocurrence,N_groups,Abundanc_1,Abundance,Density,Sample_yea,Sampling_e,Sampling_1,ID_Todo,TRAITS,Taxon_IT_1,ITIS_SPECI,BodyMass_k,DielActivi,HomeRange_,Locomotion,TrophicGui,Brain_size,Canine_Dim,MeanGroupS,Interbirth,Gestation,WeaningAge,MaxLongevi,LitterSz,AdultSexRa,Social_Sys,Mating_Sys,FOREST,BIOME,Buffer_500,Area500,FC_500,Buffer_700,Area700,FC_700,Buffer_900,Area900,FC_900,Buffer_110,Area1100,FC1100,Buffer_130,Area1300,FC_1300,Buffer_150,Area1500,FC_1500,Buffer_170,Area1700,FC_1700,Buffer_190,Area1900,FC_1900,Buffer_210,Area2100,FC_2100,Buffer_230,Area2300,FC_2300,Buffer_250,Area2500,FC_2500,Buffer_270,Area2700,FC_2700,Buffer_290,Area2900,FC_2900,Buffer_310,Area3100,FC_3100,Buffer_330,Area3300,FC_3300,Buffer_350,Area3500,FC_3500,Buffer_370,Area3700,F_Buffer_3,Buffer_390,Area_3900,FC_3900,Buffer_410,Area4100,FC_4100,Buffer_430,Area4300,FC_4300,Buffer_450,Area4500,FC_4500
-1,11439,412,Bernard et al. 2014,Ocurrencias,118.502517,5.216885,Precise,Malaysia,Asia,Hylobatidae,Hylobates,Hylobates muelleri,Hylobates_muelleri,Camera trap and transect,1,0,1,Total count,0,2009,3733,trap-nights,NA, ,Hylobates muelleri,Hylobates muelleri,5.35,D,45,AR,Frugivore,85.13,NA,3.4,1095,206.7,NA,684,1.02,NA,Pair,Monogamy, ,2Tropical_and_suptropical_moist_broadleaf_forest,0.772548251,0.79,97.79,1.51,1.54,98.03,2.44,2.54,96.05,3.52,3.8,92.59,4.8,5.31,90.4,NA,7.07,NA,8.05,9.08,88.64,10.05,11.34,88.63,12.28,13.85,88.66,14.78,16.62,88.93,17.5,19.63,89.16,20.43,22.9,89.23,23.56,26.42,89.18,26.87,30.19,89.01,30.43,34.21,88.96,34.24,38.48,88.97,38.17,43.01,88.74,42.45,47.78,88.84,46.91,52.81,88.83,51.65,58.09,88.92,56.68,63.62,89.09
-1,11440,412,Bernard et al. 2014,Ocurrencias,118.492325,5.164939,Precise,Malaysia,Asia,Hylobatidae,Hylobates,Hylobates muelleri,Hylobates_muelleri,Camera trap and transect,0,0,0,NA,0,2009,3733,trap-nights,NA, ,Hylobates muelleri,Hylobates muelleri,5.35,D,45,AR,Frugivore,85.13,NA,3.4,1095,206.7,NA,684,1.02,NA,Pair,Monogamy, ,2Tropical_and_suptropical_moist_broadleaf_forest,0.756739393,0.79,95.79,1.49,1.54,96.61,2.43,2.54,95.8,3.63,3.8,95.45,5.03,5.31,94.79,NA,7.07,NA,8.68,9.08,95.57,10.89,11.34,96.06,13.34,13.85,96.31,16.05,16.62,96.58,19,19.63,96.78,22.2,22.9,96.96,25.65,26.42,97.09,29.35,30.19,97.21,33.29,34.21,97.3,37.45,38.48,97.33,41.85,43.01,97.29,46.42,47.78,97.16,51.06,52.81,96.69,55.77,58.09,96,60.6,63.62,95.26
-1,11441,412,Bernard et al. 2014,Ocurrencias,118.4855,5.16677,Precise,Malaysia,Asia,Hylobatidae,Hylobates,Hylobates muelleri,Hylobates_muelleri,Camera trap and transect,0,0,0,NA,0,2009,3733,trap-nights,NA, ,Hylobates muelleri,Hylobates muelleri,5.35,D,45,AR,Frugivore,85.13,NA,3.4,1095,206.7,NA,684,1.02,NA,Pair,Monogamy, ,2Tropical_and_suptropical_moist_broadleaf_forest,0.772503266,0.79,97.79,1.5,1.54,97.08,2.45,2.54,96.55,3.65,3.8,96.13,5.09,5.31,95.77,NA,7.07,NA,8.7,9.08,95.8,10.89,11.34,96.02,13.35,13.85,96.37,16.04,16.62,96.52,19,19.63,96.78,22.19,22.9,96.92,25.62,26.42,96.98,29.26,30.19,96.91,33.14,34.21,96.86,37.17,38.48,96.6,41.33,43.01,96.09,45.53,47.78,95.3,49.83,52.81,94.36,54.42,58.09,93.69,59.15,63.62,92.97
-1,11442,412,Bernard et al. 2014,Ocurrencias,118.480975,5.161683,Precise,Malaysia,Asia,Hylobatidae,Hylobates,Hylobates muelleri,Hylobates_muelleri,Camera trap and transect,0,0,0,NA,0,2009,3733,trap-nights,NA, ,Hylobates muelleri,Hylobates muelleri,5.35,D,45,AR,Frugivore,85.13,NA,3.4,1095,206.7,NA,684,1.02,NA,Pair,Monogamy, ,2Tropical_and_suptropical_moist_broadleaf_forest,0.720531587,0.79,91.21,1.45,1.54,93.93,2.42,2.54,95.3,3.61,3.8,95.02,5.08,5.31,95.61,NA,7.07,NA,8.73,9.08,96.13,10.92,11.34,96.28,13.35,13.85,96.4,16.04,16.62,96.54,18.94,19.63,96.48,22.04,22.9,96.23,25.36,26.42,95.98,28.87,30.19,95.63,32.54,34.21,95.12,36.31,38.48,94.35,40.31,43.01,93.72,44.52,47.78,93.17,49.05,52.81,92.87,53.71,58.09,92.47,58.51,63.62,91.96
