OID,N,N_study,Source,BASE,X,Y,Precise,Country,Realm,Family,Genus,Taxon,Taxon_ITIS,Sample_met,Ocurrence,N_groups,Abundanc_1,Abundance,Density,Sample_yea,Sampling_e,Sampling_1,ID_Todo,TRAITS,Taxon_IT_1,ITIS_SPECI,BodyMass_k,DielActivi,HomeRange_,Locomotion,TrophicGui,Brain_size,Canine_Dim,MeanGroupS,Interbirth,Gestation,WeaningAge,MaxLongevi,LitterSz,AdultSexRa,Social_Sys,Mating_Sys,FOREST,BIOME,Buffer_500,Area500,FC_500,Buffer_700,Area700,FC_700,Buffer_900,Area900,FC_900,Buffer_110,Area1100,FC1100,Buffer_130,Area1300,FC_1300,Buffer_150,Area1500,FC_1500,Buffer_170,Area1700,FC_1700,Buffer_190,Area1900,FC_1900,Buffer_210,Area2100,FC_2100,Buffer_230,Area2300,FC_2300,Buffer_250,Area2500,FC_2500,Buffer_270,Area2700,FC_2700,Buffer_290,Area2900,FC_2900,Buffer_310,Area3100,FC_3100,Buffer_330,Area3300,FC_3300,Buffer_350,Area3500,FC_3500,Buffer_370,Area3700,F_Buffer_3,Buffer_390,Area_3900,FC_3900,Buffer_410,Area4100,FC_4100,Buffer_430,Area4300,FC_4300,Buffer_450,Area4500,FC_4500
-1,11532,266,Aquino et al. 2016a,Ocurrencias,-75.71504326,-9.795340518,Precise,Peru,Neotropics,Atelidae,Lagothrix,Lagothrix flavicauda,Lagothrix_flavicauda,Trails,0,0,0,NA,0,2016,40,km,NA, ,Lagothrix flavicauda,Lagothrix flavicauda,7.25,D,114.5,AR,Frugivore,NA,NA,9,NA,NA,NA,NA,NA,NA,Polygyndry,Polygyndry, ,2Tropical_and_suptropical_moist_broadleaf_forest,0.735723539,0.79,93.13,1.48,1.54,95.95,2.46,2.54,96.99,3.69,3.8,97.18,NA,5.31,NA,6.9,7.07,97.63,8.88,9.08,97.76,11.08,11.34,97.72,13.49,13.85,97.43,16.1,16.62,96.89,19.01,19.63,96.85,22.17,22.9,96.81,25.58,26.42,96.83,29.26,30.19,96.92,33.1,34.21,96.76,37.18,38.48,96.62,41.52,43.01,96.54,46.1,47.78,96.49,50.99,52.81,96.56,56.07,58.09,96.53,61.25,63.62,96.27
-1,11533,266,Aquino et al. 2016a,Ocurrencias,-75.67887732,-9.757773248,Precise,Peru,Neotropics,Atelidae,Lagothrix,Lagothrix flavicauda,Lagothrix_flavicauda,Trails,1,3,0,N individuals,0,2016,74,km,NA, ,Lagothrix flavicauda,Lagothrix flavicauda,7.25,D,114.5,AR,Frugivore,NA,NA,9,NA,NA,NA,NA,NA,NA,Polygyndry,Polygyndry, ,2Tropical_and_suptropical_moist_broadleaf_forest,0.696567353,0.79,88.17,1.4,1.54,90.66,2.28,2.54,89.61,3.4,3.8,89.59,NA,5.31,NA,6.4,7.07,90.5,8.23,9.08,90.67,10.28,11.34,90.66,12.63,13.85,91.22,15.07,16.62,90.65,17.69,19.63,90.12,20.67,22.9,90.24,23.9,26.42,90.45,27.34,30.19,90.54,31.11,34.21,90.93,35.19,38.48,91.46,39.53,43.01,91.9,44.1,47.78,92.31,48.99,52.81,92.76,54.11,58.09,93.15,59.44,63.62,93.43
-1,11534,266,Aquino et al. 2016a,Ocurrencias,-75.67895787,-9.729971497,Precise,Peru,Neotropics,Atelidae,Lagothrix,Lagothrix flavicauda,Lagothrix_flavicauda,Trails,1,2,0,N individuals,0,2016,99,km,NA, ,Lagothrix flavicauda,Lagothrix flavicauda,7.25,D,114.5,AR,Frugivore,NA,NA,9,NA,NA,NA,NA,NA,NA,Polygyndry,Polygyndry, ,2Tropical_and_suptropical_moist_broadleaf_forest,0.712082186,0.79,90.14,1.42,1.54,92.26,2.29,2.54,90.3,3.4,3.8,89.57,NA,5.31,NA,6.45,7.07,91.26,8.34,9.08,91.88,10.4,11.34,91.75,12.63,13.85,91.19,15.05,16.62,90.55,17.79,19.63,90.61,20.86,22.9,91.08,24.1,26.42,91.22,27.38,30.19,90.69,30.86,34.21,90.2,34.77,38.48,90.36,39.01,43.01,90.7,43.44,47.78,90.91,48.08,52.81,91.04,53.05,58.09,91.32,58.21,63.62,91.5
-1,11535,268,Aquino et al. 2016c,Ocurrencias,-76.50007744,-8.615589365,Precise,Peru,Neotropics,Atelidae,Lagothrix,Lagothrix flavicauda,Lagothrix_flavicauda,Interviews,1,0,0,NA,0,2015,129,km,NA, ,Lagothrix flavicauda,Lagothrix flavicauda,7.25,D,114.5,AR,Frugivore,NA,NA,9,NA,NA,NA,NA,NA,NA,Polygyndry,Polygyndry, ,2Tropical_and_suptropical_moist_broadleaf_forest,0.764701949,0.79,96.8,1.51,1.54,97.83,2.5,2.54,98.25,3.73,3.8,98.21,NA,5.31,NA,NA,7.07,NA,8.92,9.08,98.27,11.15,11.34,98.31,13.62,13.85,98.34,16.34,16.62,98.32,19.31,19.63,98.36,22.52,22.9,98.33,25.98,26.42,98.32,29.67,30.19,98.29,33.62,34.21,98.26,37.82,38.48,98.28,42.26,43.01,98.25,46.87,47.78,98.09,51.8,52.81,98.09,56.97,58.09,98.07,62.29,63.62,97.91
-1,11536,268,Aquino et al. 2016c,Ocurrencias,-76.69548045,-8.613076987,Precise,Peru,Neotropics,Atelidae,Lagothrix,Lagothrix flavicauda,Lagothrix_flavicauda,Transects,1,3,0,NA,0,2015,98,km,NA, ,Lagothrix flavicauda,Lagothrix flavicauda,7.25,D,114.5,AR,Frugivore,NA,NA,9,NA,NA,NA,NA,NA,NA,Polygyndry,Polygyndry, ,2Tropical_and_suptropical_moist_broadleaf_forest,0.654971348,0.79,82.91,1.29,1.54,83.8,1.95,2.54,76.62,2.85,3.8,74.96,NA,5.31,NA,NA,7.07,NA,7.22,9.08,79.53,9.18,11.34,80.98,11.39,13.85,82.25,13.83,16.62,83.22,16.65,19.63,84.81,19.64,22.9,85.76,22.84,26.42,86.47,26.13,30.19,86.54,29.82,34.21,87.18,33.77,38.48,87.76,37.99,43.01,88.32,42.43,47.78,88.8,47.04,52.81,89.07,51.79,58.09,89.16,56.86,63.62,89.37
-1,11537,268,Aquino et al. 2016c,Ocurrencias,-77.33103128,-8.653672698,Precise,Peru,Neotropics,Atelidae,Lagothrix,Lagothrix flavicauda,Lagothrix_flavicauda,Interviews,0,0,0,NA,0,2015,0,km,NA, ,Lagothrix flavicauda,Lagothrix flavicauda,7.25,D,114.5,AR,Frugivore,NA,NA,9,NA,NA,NA,NA,NA,NA,Polygyndry,Polygyndry, ,2Tropical_and_suptropical_moist_broadleaf_forest,0.169415667,0.79,21.45,0.34,1.54,21.76,0.5,2.54,19.49,0.61,3.8,16,NA,5.31,NA,NA,7.07,NA,0.84,9.08,9.21,1.03,11.34,9.05,1.22,13.85,8.83,1.31,16.62,7.89,1.41,19.63,7.17,1.48,22.9,6.45,1.57,26.42,5.94,1.69,30.19,5.58,1.87,34.21,5.48,2.01,38.48,5.22,2.13,43.01,4.95,2.29,47.78,4.8,2.51,52.81,4.75,2.64,58.09,4.55,2.74,63.62,4.31
-1,11538,268,Aquino et al. 2016c,Ocurrencias,-76.3236612,-8.925323434,Precise,Peru,Neotropics,Atelidae,Lagothrix,Lagothrix flavicauda,Lagothrix_flavicauda,Transects,1,2,0,NA,0,2015,76,km,NA, ,Lagothrix flavicauda,Lagothrix flavicauda,7.25,D,114.5,AR,Frugivore,NA,NA,9,NA,NA,NA,NA,NA,NA,Polygyndry,Polygyndry, ,2Tropical_and_suptropical_moist_broadleaf_forest,0.772697245,0.79,97.81,1.51,1.54,98.35,2.5,2.54,98.57,3.72,3.8,98.01,NA,5.31,NA,NA,7.07,NA,8.89,9.08,97.92,10.99,11.34,96.94,13.29,13.85,95.92,15.8,16.62,95.04,18.66,19.63,95.07,21.8,22.9,95.22,25.22,26.42,95.44,28.85,30.19,95.58,32.75,34.21,95.74,36.86,38.48,95.79,41.24,43.01,95.89,45.82,47.78,95.89,50.63,52.81,95.87,55.68,58.09,95.85,60.97,63.62,95.84
-1,11539,268,Aquino et al. 2016c,Ocurrencias,-76.34663569,-9.259755778,Precise,Peru,Neotropics,Atelidae,Lagothrix,Lagothrix flavicauda,Lagothrix_flavicauda,Transects and interviews,0,0,0,NA,0,2015,34,km,NA, ,Lagothrix flavicauda,Lagothrix flavicauda,7.25,D,114.5,AR,Frugivore,NA,NA,9,NA,NA,NA,NA,NA,NA,Polygyndry,Polygyndry, ,2Tropical_and_suptropical_moist_broadleaf_forest,0.370619309,0.79,46.91,0.73,1.54,47.39,1.34,2.54,52.78,2.15,3.8,56.45,NA,5.31,NA,NA,7.07,NA,5.75,9.08,63.36,7.43,11.34,65.5,9.5,13.85,68.56,11.76,16.62,70.78,14.11,19.63,71.87,16.5,22.9,72.06,19.29,26.42,73,22.16,30.19,73.41,25.28,34.21,73.9,28.42,38.48,73.84,31.71,43.01,73.73,35.38,47.78,74.05,39.5,52.81,74.79,43.84,58.09,75.47,48.52,63.62,76.27
-1,11540,268,Aquino et al. 2016c,Ocurrencias,-75.99629013,-9.509310537,Precise,Peru,Neotropics,Atelidae,Lagothrix,Lagothrix flavicauda,Lagothrix_flavicauda,Transects and interviews,0,0,0,NA,0,2015,38,km,NA, ,Lagothrix flavicauda,Lagothrix flavicauda,7.25,D,114.5,AR,Frugivore,NA,NA,9,NA,NA,NA,NA,NA,NA,Polygyndry,Polygyndry, ,2Tropical_and_suptropical_moist_broadleaf_forest,0.767226762,0.79,97.12,1.5,1.54,97.29,2.47,2.54,97.17,3.68,3.8,96.91,NA,5.31,NA,NA,7.07,NA,8.59,9.08,94.65,10.67,11.34,94.11,13.04,13.85,94.12,15.59,16.62,93.82,18.41,19.63,93.77,21.35,22.9,93.22,24.45,26.42,92.54,27.75,30.19,91.91,31.22,34.21,91.26,34.94,38.48,90.79,38.95,43.01,90.56,43.22,47.78,90.47,47.48,52.81,89.91,52.11,58.09,89.71,56.94,63.62,89.5
-1,11541,268,Aquino et al. 2016c,Ocurrencias,-75.88303136,-9.774108553,Precise,Peru,Neotropics,Atelidae,Lagothrix,Lagothrix flavicauda,Lagothrix_flavicauda,Transects and interviews,0,0,0,NA,0,2015,27,km,NA, ,Lagothrix flavicauda,Lagothrix flavicauda,7.25,D,114.5,AR,Frugivore,NA,NA,9,NA,NA,NA,NA,NA,NA,Polygyndry,Polygyndry, ,2Tropical_and_suptropical_moist_broadleaf_forest,0.580073756,0.79,73.43,1.22,1.54,79.09,2.09,2.54,82.42,3.13,3.8,82.42,NA,5.31,NA,NA,7.07,NA,6.81,9.08,74.97,8.43,11.34,74.3,10.26,13.85,74.09,12.08,16.62,72.71,14.03,19.63,71.5,16.12,22.9,70.39,18.32,26.42,69.33,20.69,30.19,68.53,23.26,34.21,67.99,25.87,38.48,67.22,28.66,43.01,66.63,31.7,47.78,66.34,35.03,52.81,66.32,38.45,58.09,66.19,41.92,63.62,65.9
