OID,N,N_study,Source,BASE,X,Y,Precise,Country,Realm,Family,Genus,Taxon,Taxon_ITIS,Sample_met,Ocurrence,N_groups,Abundanc_1,Abundance,Density,Sample_yea,Sampling_e,Sampling_1,ID_Todo,TRAITS,Taxon_IT_1,ITIS_SPECI,BodyMass_k,DielActivi,HomeRange_,Locomotion,TrophicGui,Brain_size,Canine_Dim,MeanGroupS,Interbirth,Gestation,WeaningAge,MaxLongevi,LitterSz,AdultSexRa,Social_Sys,Mating_Sys,FOREST,BIOME,Buffer_500,Area500,FC_500,Buffer_700,Area700,FC_700,Buffer_900,Area900,FC_900,Buffer_110,Area1100,FC1100,Buffer_130,Area1300,FC_1300,Buffer_150,Area1500,FC_1500,Buffer_170,Area1700,FC_1700,Buffer_190,Area1900,FC_1900,Buffer_210,Area2100,FC_2100,Buffer_230,Area2300,FC_2300,Buffer_250,Area2500,FC_2500,Buffer_270,Area2700,FC_2700,Buffer_290,Area2900,FC_2900,Buffer_310,Area3100,FC_3100,Buffer_330,Area3300,FC_3300,Buffer_350,Area3500,FC_3500,Buffer_370,Area3700,F_Buffer_3,Buffer_390,Area_3900,FC_3900,Buffer_410,Area4100,FC_4100,Buffer_430,Area4300,FC_4300,Buffer_450,Area4500,FC_4500
-1,11618,245,Iwanaga & Ferrari 2002,Ocurrencias,-64.91666667,-10.31916667,Precise,Brazil,Neotropics,Atelidae,Lagothrix,Lagothrix cana,Lagothrix_lagothricha ,Line transects,0,0,0,NA,0,1997,0, ,NA, ,Lagothrix lagothricha ,Lagothrix lagothricha,7.15,D,465,AR,Frugivore,96.5,1.77,33.1,638.75,223,312.66,360,1.01,1.12,Polygyndry,Polygyndry, ,2Tropical_and_suptropical_moist_broadleaf_forest,0.314163221,0.79,39.77,0.64,1.54,41.48,1.2,2.54,47.06,1.89,3.8,49.75,3.04,5.31,57.22,NA,7.07,NA,5.99,9.08,65.93,7.77,11.34,68.55,9.76,13.85,70.48,12.13,16.62,73.01,14.68,19.63,74.8,17.43,22.9,76.12,20.43,26.42,77.32,23.63,30.19,78.28,27.05,34.21,79.06,30.57,38.48,79.45,34.12,43.01,79.33,37.64,47.78,78.78,41.2,52.81,78.02,44.94,58.09,77.36,45.4,63.62,71.37
-1,11619,245,Iwanaga & Ferrari 2002,Ocurrencias,-64.13972222,-10.43027778,Precise,Brazil,Neotropics,Atelidae,Lagothrix,Lagothrix cana,Lagothrix_lagothricha ,Line transects,0,0,0,NA,0,1997,0, ,NA, ,Lagothrix lagothricha ,Lagothrix lagothricha,7.15,D,465,AR,Frugivore,96.5,1.77,33.1,638.75,223,312.66,360,1.01,1.12,Polygyndry,Polygyndry, ,2Tropical_and_suptropical_moist_broadleaf_forest,0.761510223,0.79,96.39,1.49,1.54,96.98,2.44,2.54,96,3.65,3.8,95.95,5.05,5.31,95.18,NA,7.07,NA,8.57,9.08,94.37,10.56,11.34,93.15,12.87,13.85,92.95,15.45,16.62,92.95,18.32,19.63,93.34,21.43,22.9,93.57,24.71,26.42,93.51,28.12,30.19,93.15,31.8,34.21,92.94,35.56,38.48,92.42,39.57,43.01,92,43.86,47.78,91.79,48.44,52.81,91.72,53.41,58.09,91.95,57.1,63.62,89.75
-1,11620,245,Iwanaga & Ferrari 2002,Ocurrencias,-64.57888889,-10.32,Precise,Brazil,Neotropics,Atelidae,Lagothrix,Lagothrix cana,Lagothrix_lagothricha ,Line transects,0,0,0,NA,0,1997,0, ,NA, ,Lagothrix lagothricha ,Lagothrix lagothricha,7.15,D,465,AR,Frugivore,96.5,1.77,33.1,638.75,223,312.66,360,1.01,1.12,Polygyndry,Polygyndry, ,2Tropical_and_suptropical_moist_broadleaf_forest,0.479208981,0.79,60.66,1.01,1.54,65.67,1.75,2.54,68.89,2.65,3.8,69.81,3.77,5.31,70.95,NA,7.07,NA,7.07,9.08,77.84,9.1,11.34,80.2,11.39,13.85,82.27,13.98,16.62,84.11,16.79,19.63,85.54,19.73,22.9,86.15,23,26.42,87.05,26.43,30.19,87.56,30.1,34.21,88,34.07,38.48,88.53,38.2,43.01,88.81,42.5,47.78,88.95,47.11,52.81,89.21,52.08,58.09,89.66,54.4,63.62,85.5
-1,11621,245,Iwanaga & Ferrari 2002,Ocurrencias,-64.61861111,-10.32416667,Precise,Brazil,Neotropics,Atelidae,Lagothrix,Lagothrix cana,Lagothrix_lagothricha ,Line transects,0,0,0,NA,0,1997,0, ,NA, ,Lagothrix lagothricha ,Lagothrix lagothricha,7.15,D,465,AR,Frugivore,96.5,1.77,33.1,638.75,223,312.66,360,1.01,1.12,Polygyndry,Polygyndry, ,2Tropical_and_suptropical_moist_broadleaf_forest,0.355063388,0.79,44.94,0.85,1.54,55.51,1.54,2.54,60.59,2.43,3.8,63.83,3.66,5.31,68.97,NA,7.07,NA,6.8,9.08,74.92,8.69,11.34,76.6,10.85,13.85,78.33,13.26,16.62,79.78,15.88,19.63,80.92,18.72,22.9,81.77,21.76,26.42,82.37,24.99,30.19,82.77,28.47,34.21,83.23,32.15,38.48,83.55,35.96,43.01,83.6,39.82,47.78,83.35,43.79,52.81,82.93,48.14,58.09,82.87,50.01,63.62,78.61
-1,11622,245,Iwanaga & Ferrari 2002,Ocurrencias,-64.11194444,-10.42805556,Precise,Brazil,Neotropics,Atelidae,Lagothrix,Lagothrix cana,Lagothrix_lagothricha ,Line transects,0,0,0,NA,0,1997,0, ,NA, ,Lagothrix lagothricha ,Lagothrix lagothricha,7.15,D,465,AR,Frugivore,96.5,1.77,33.1,638.75,223,312.66,360,1.01,1.12,Polygyndry,Polygyndry, ,2Tropical_and_suptropical_moist_broadleaf_forest,0.732647927,0.79,92.74,1.37,1.54,88.9,2.17,2.54,85.52,3.14,3.8,82.75,4.29,5.31,80.88,NA,7.07,NA,7.37,9.08,81.14,9.34,11.34,82.35,11.48,13.85,82.89,13.92,16.62,83.78,16.63,19.63,84.71,19.56,22.9,85.44,22.65,26.42,85.75,25.98,30.19,86.04,29.57,34.21,86.44,33.5,38.48,87.07,37.69,43.01,87.62,42.21,47.78,88.34,47.07,52.81,89.13,52.14,58.09,89.75,55.85,63.62,87.78
-1,11623,245,Iwanaga & Ferrari 2002,Ocurrencias,-64.80472222,-10.40555556,Precise,Brazil,Neotropics,Atelidae,Lagothrix,Lagothrix cana,Lagothrix_lagothricha ,Line transects,0,0,0,NA,0,1997,0, ,NA, ,Lagothrix lagothricha ,Lagothrix lagothricha,7.15,D,465,AR,Frugivore,96.5,1.77,33.1,638.75,223,312.66,360,1.01,1.12,Polygyndry,Polygyndry, ,2Tropical_and_suptropical_moist_broadleaf_forest,0.241974212,0.79,30.63,0.63,1.54,41.06,1.4,2.54,55.27,2.39,3.8,62.97,3.49,5.31,65.76,NA,7.07,NA,6.63,9.08,73.03,8.52,11.34,75.16,10.62,13.85,76.66,12.94,16.62,77.84,15.45,19.63,78.73,18.24,22.9,79.63,21.28,26.42,80.55,24.49,30.19,81.11,27.85,34.21,81.4,31.29,38.48,81.31,34.77,43.01,80.84,38.37,47.78,80.31,42.23,52.81,79.97,45.92,58.09,79.06,48.68,63.62,76.52
-1,11624,245,Iwanaga & Ferrari 2002,Ocurrencias,-63.78444444,-10.52055556,Precise,Brazil,Neotropics,Atelidae,Lagothrix,Lagothrix cana,Lagothrix_lagothricha ,Line transects,0,0,0,NA,0,1997,0, ,NA, ,Lagothrix lagothricha ,Lagothrix lagothricha,7.15,D,465,AR,Frugivore,96.5,1.77,33.1,638.75,223,312.66,360,1.01,1.12,Polygyndry,Polygyndry, ,2Tropical_and_suptropical_moist_broadleaf_forest,0.674242928,0.79,85.35,1.35,1.54,87.7,2.28,2.54,89.83,3.41,3.8,89.82,4.68,5.31,88.23,NA,7.07,NA,7.79,9.08,85.79,9.37,11.34,82.65,10.64,13.85,76.81,11.99,16.62,72.15,13.69,19.63,69.73,15.7,22.9,68.55,17.85,26.42,67.57,20.27,30.19,67.14,22.56,34.21,65.95,25.24,38.48,65.58,28.03,43.01,65.17,30.91,47.78,64.7,34.01,52.81,64.39,37.36,58.09,64.31,39.37,63.62,61.89
-1,11625,245,Iwanaga & Ferrari 2002,Ocurrencias,-65.18833333,-10.35388889,Precise,Brazil,Neotropics,Atelidae,Lagothrix,Lagothrix cana,Lagothrix_lagothricha ,Line transects,0,0,0,NA,0,1997,0, ,NA, ,Lagothrix lagothricha ,Lagothrix lagothricha,7.15,D,465,AR,Frugivore,96.5,1.77,33.1,638.75,223,312.66,360,1.01,1.12,Polygyndry,Polygyndry, ,2Tropical_and_suptropical_moist_broadleaf_forest,0.021963793,0.79,2.78,0.19,1.54,12.44,0.64,2.54,25.03,1.03,3.8,27.1,1.5,5.31,28.23,NA,7.07,NA,2.77,9.08,30.53,3.91,11.34,34.48,5.23,13.85,37.77,7.01,16.62,42.18,9.14,19.63,46.55,11.58,22.9,50.57,14.06,26.42,53.23,16.6,30.19,54.97,19.34,34.21,56.54,22.16,38.48,57.59,25.03,43.01,58.21,28.18,47.78,58.98,31.44,52.81,59.54,34.77,58.09,59.86,37.36,63.62,58.72
-1,11626,245,Iwanaga & Ferrari 2002,Ocurrencias,-63.66416667,-10.59611111,Precise,Brazil,Neotropics,Atelidae,Lagothrix,Lagothrix cana,Lagothrix_lagothricha ,Line transects,0,0,0,NA,0,1997,0, ,NA, ,Lagothrix lagothricha ,Lagothrix lagothricha,7.15,D,465,AR,Frugivore,96.5,1.77,33.1,638.75,223,312.66,360,1.01,1.12,Polygyndry,Polygyndry, ,2Tropical_and_suptropical_moist_broadleaf_forest,0.475439789,0.79,60.18,1.02,1.54,66.1,1.84,2.54,72.55,2.93,3.8,77.12,4.19,5.31,78.96,NA,7.07,NA,7.32,9.08,80.56,9.15,11.34,80.72,11.07,13.85,79.94,13.03,16.62,78.43,15.25,19.63,77.67,17.56,22.9,76.69,19.8,26.42,74.96,22.02,30.19,72.95,24.72,34.21,72.26,27.56,38.48,71.63,30.55,43.01,71.03,33.51,47.78,70.13,36.73,52.81,69.55,40.26,58.09,69.3,42.42,63.62,66.68
-1,11627,245,Iwanaga & Ferrari 2002,Ocurrencias,-62.79888889,-11.70861111,Precise,Brazil,Neotropics,Atelidae,Lagothrix,Lagothrix cana,Lagothrix_lagothricha ,Line transects,0,0,0,NA,0,1997,0, ,NA, ,Lagothrix lagothricha ,Lagothrix lagothricha,7.15,D,465,AR,Frugivore,96.5,1.77,33.1,638.75,223,312.66,360,1.01,1.12,Polygyndry,Polygyndry, ,2Tropical_and_suptropical_moist_broadleaf_forest,0.772845369,0.79,97.83,1.5,1.54,97.08,2.25,2.54,88.73,3.09,3.8,81.22,3.84,5.31,72.28,NA,7.07,NA,6.15,9.08,67.78,7.79,11.34,68.66,9.72,13.85,70.17,11.7,16.62,70.43,13.73,19.63,69.93,15.62,22.9,68.2,17.75,26.42,67.2,20.25,30.19,67.09,22.67,34.21,66.28,25.26,38.48,65.65,27.83,43.01,64.72,30.91,47.78,64.7,34.36,52.81,65.07,37.97,58.09,65.37,39.58,63.62,62.21
-1,11628,245,Iwanaga & Ferrari 2002,Ocurrencias,-63.31916667,-12.03361111,Precise,Brazil,Neotropics,Atelidae,Lagothrix,Lagothrix cana,Lagothrix_lagothricha ,Line transects,0,0,0,NA,0,1997,0, ,NA, ,Lagothrix lagothricha ,Lagothrix lagothricha,7.15,D,465,AR,Frugivore,96.5,1.77,33.1,638.75,223,312.66,360,1.01,1.12,Polygyndry,Polygyndry, ,2Tropical_and_suptropical_moist_broadleaf_forest,0.755977727,0.79,95.69,1.27,1.54,82.5,1.8,2.54,70.72,2.37,3.8,62.5,2.96,5.31,55.7,NA,7.07,NA,4.74,9.08,52.22,6.05,11.34,53.36,7.72,13.85,55.77,9.46,16.62,56.95,11.35,19.63,57.8,13.47,22.9,58.82,16.08,26.42,60.86,19.04,30.19,63.05,22.29,34.21,65.15,25.82,38.48,67.11,29.49,43.01,68.57,33.29,47.78,69.68,37.18,52.81,70.4,41.07,58.09,70.71,37.69,63.62,59.24
-1,11629,245,Iwanaga & Ferrari 2002,Ocurrencias,-63.98222222,-12.07722222,Precise,Brazil,Neotropics,Atelidae,Lagothrix,Lagothrix cana,Lagothrix_lagothricha ,Line transects,0,0,0,NA,0,1997,0, ,NA, ,Lagothrix lagothricha ,Lagothrix lagothricha,7.15,D,465,AR,Frugivore,96.5,1.77,33.1,638.75,223,312.66,360,1.01,1.12,Polygyndry,Polygyndry, ,2Tropical_and_suptropical_moist_broadleaf_forest,0.708184972,0.79,89.64,1.45,1.54,94.16,2.44,2.54,95.98,3.6,3.8,94.83,4.9,5.31,92.34,NA,7.07,NA,8.38,9.08,92.28,10.39,11.34,91.65,12.64,13.85,91.26,14.86,16.62,89.43,17.29,19.63,88.08,20.03,22.9,87.48,22.93,26.42,86.79,25.95,30.19,85.96,29.14,34.21,85.17,32.33,38.48,84.01,35.61,43.01,82.79,39.21,47.78,82.06,43.03,52.81,81.47,47.03,58.09,80.96,49.52,63.62,77.84
-1,11630,245,Iwanaga & Ferrari 2002,Ocurrencias,-61.19777778,-11.82,Precise,Brazil,Neotropics,Atelidae,Lagothrix,Lagothrix cana,Lagothrix_lagothricha ,Line transects,1,0,0,NA,0,1997,0, ,NA, ,Lagothrix lagothricha ,Lagothrix lagothricha,7.15,D,465,AR,Frugivore,96.5,1.77,33.1,638.75,223,312.66,360,1.01,1.12,Polygyndry,Polygyndry, ,2Tropical_and_suptropical_moist_broadleaf_forest,0.332701202,0.79,42.11,0.84,1.54,54.25,1.61,2.54,63.3,2.59,3.8,68.25,3.72,5.31,70,NA,7.07,NA,5.97,9.08,65.75,7.16,11.34,63.16,8.45,13.85,60.99,9.98,16.62,60.04,11.83,19.63,60.28,13.79,22.9,60.22,15.63,26.42,59.16,17.67,30.19,58.52,19.9,34.21,58.18,22.6,38.48,58.74,25.52,43.01,59.33,28.54,47.78,59.73,32.08,52.81,60.74,35.96,58.09,61.9,39.96,63.62,62.81
-1,11631,245,Iwanaga & Ferrari 2002,Ocurrencias,-61.56833333,-11.40944444,Precise,Brazil,Neotropics,Atelidae,Lagothrix,Lagothrix cana,Lagothrix_lagothricha ,Line transects,1,0,0,NA,0,1997,0, ,NA, ,Lagothrix lagothricha ,Lagothrix lagothricha,7.15,D,465,AR,Frugivore,96.5,1.77,33.1,638.75,223,312.66,360,1.01,1.12,Polygyndry,Polygyndry, ,2Tropical_and_suptropical_moist_broadleaf_forest,0.771459701,0.79,97.65,1.38,1.54,89.78,2.09,2.54,82.13,2.98,3.8,78.4,4.17,5.31,78.49,NA,7.07,NA,7.28,9.08,80.12,8.86,11.34,78.11,10.14,13.85,73.19,11.28,16.62,67.87,12.17,19.63,62.02,12.9,22.9,56.34,13.51,26.42,51.13,14.1,30.19,46.71,14.94,34.21,43.68,15.85,38.48,41.2,16.83,43.01,39.13,18.04,47.78,37.75,19.28,52.81,36.52,20.88,58.09,35.94,22.49,63.62,35.34
-1,11632,245,Iwanaga & Ferrari 2002,Ocurrencias,-62.74305556,-10.22694444,Precise,Brazil,Neotropics,Atelidae,Lagothrix,Lagothrix cana,Lagothrix_lagothricha ,Line transects,0,0,0,NA,0,1997,0, ,NA, ,Lagothrix lagothricha ,Lagothrix lagothricha,7.15,D,465,AR,Frugivore,96.5,1.77,33.1,638.75,223,312.66,360,1.01,1.12,Polygyndry,Polygyndry, ,2Tropical_and_suptropical_moist_broadleaf_forest,0.019121524,0.79,2.42,0.09,1.54,6.13,0.33,2.54,12.92,0.73,3.8,19.21,1.44,5.31,27.15,NA,7.07,NA,3.37,9.08,37.07,4.46,11.34,39.29,5.58,13.85,40.32,6.97,16.62,41.94,8.42,19.63,42.88,9.94,22.9,43.42,11.64,26.42,44.08,13.6,30.19,45.06,15.71,34.21,45.91,17.91,38.48,46.55,20.08,43.01,46.69,22.29,47.78,46.65,24.65,52.81,46.69,27.02,58.09,46.52,29.17,63.62,45.85
-1,11633,245,Iwanaga & Ferrari 2002,Ocurrencias,-63.08916667,-10.01027778,Precise,Brazil,Neotropics,Atelidae,Lagothrix,Lagothrix cana,Lagothrix_lagothricha ,Line transects,0,0,0,NA,0,1997,0, ,NA, ,Lagothrix lagothricha ,Lagothrix lagothricha,7.15,D,465,AR,Frugivore,96.5,1.77,33.1,638.75,223,312.66,360,1.01,1.12,Polygyndry,Polygyndry, ,2Tropical_and_suptropical_moist_broadleaf_forest,0.724050249,0.79,91.65,1.31,1.54,85.1,2.07,2.54,81.48,3.16,3.8,83.16,4.51,5.31,85.01,NA,7.07,NA,7.64,9.08,84.1,9.49,11.34,83.7,11.57,13.85,83.54,13.84,16.62,83.25,16.26,19.63,82.86,18.97,22.9,82.83,21.82,26.42,82.58,24.7,30.19,81.81,27.46,34.21,80.27,30.34,38.48,78.85,33.41,43.01,77.68,36.51,47.78,76.41,39.79,52.81,75.35,43.38,58.09,74.67,46.64,63.62,73.31
-1,11634,245,Iwanaga & Ferrari 2002,Ocurrencias,-66.28555556,-9.796388889,Precise,Brazil,Neotropics,Atelidae,Lagothrix,Lagothrix cana,Lagothrix_lagothricha ,Line transects,1,0,0,NA,0,1997,0, ,NA, ,Lagothrix lagothricha ,Lagothrix lagothricha,7.15,D,465,AR,Frugivore,96.5,1.77,33.1,638.75,223,312.66,360,1.01,1.12,Polygyndry,Polygyndry, ,2Tropical_and_suptropical_moist_broadleaf_forest,0.636317343,0.79,80.55,1.18,1.54,76.91,1.94,2.54,76.52,3.08,3.8,81.1,4.46,5.31,84,NA,7.07,NA,7.37,9.08,81.18,9.08,11.34,80.05,11.01,13.85,79.48,13.02,16.62,78.32,15.25,19.63,77.7,17.59,22.9,76.8,20.4,26.42,77.21,23.35,30.19,77.33,26.29,34.21,76.85,29.17,38.48,75.8,32.03,43.01,74.48,34.93,47.78,73.11,37.92,52.81,71.81,41.02,58.09,70.62,41.36,63.62,65
-1,11635,245,Iwanaga & Ferrari 2002,Ocurrencias,-62.60694444,-9.641388889,Precise,Brazil,Neotropics,Atelidae,Lagothrix,Lagothrix cana,Lagothrix_lagothricha ,Line transects,1,0,0,NA,0,1997,0, ,NA, ,Lagothrix lagothricha ,Lagothrix lagothricha,7.15,D,465,AR,Frugivore,96.5,1.77,33.1,638.75,223,312.66,360,1.01,1.12,Polygyndry,Polygyndry, ,2Tropical_and_suptropical_moist_broadleaf_forest,0.722489037,0.79,91.45,1.34,1.54,87.22,2.22,2.54,87.34,3.33,3.8,87.74,4.69,5.31,88.4,NA,7.07,NA,8.09,9.08,89.08,10.15,11.34,89.52,12.46,13.85,89.97,15.05,16.62,90.56,17.83,19.63,90.82,20.85,22.9,91.03,24.01,26.42,90.86,27.27,30.19,90.33,30.74,34.21,89.85,34.57,38.48,89.85,38.64,43.01,89.84,42.84,47.78,89.67,46.94,52.81,88.88,51,58.09,87.8,48.86,63.62,76.8
-1,11636,245,Iwanaga & Ferrari 2002,Ocurrencias,-65.18805556,-9.700833333,Precise,Brazil,Neotropics,Atelidae,Lagothrix,Lagothrix cana,Lagothrix_lagothricha ,Line transects,0,0,0,NA,0,1997,0, ,NA, ,Lagothrix lagothricha ,Lagothrix lagothricha,7.15,D,465,AR,Frugivore,96.5,1.77,33.1,638.75,223,312.66,360,1.01,1.12,Polygyndry,Polygyndry, ,2Tropical_and_suptropical_moist_broadleaf_forest,0.772712185,0.79,97.81,1.51,1.54,98.35,2.5,2.54,98.43,3.7,3.8,97.31,5.04,5.31,94.87,NA,7.07,NA,7.9,9.08,87.02,9.59,11.34,84.53,11.45,13.85,82.7,13.53,16.62,81.38,15.67,19.63,79.84,18.02,22.9,78.7,20.62,26.42,78.04,23.54,30.19,77.96,26.72,34.21,78.11,30.27,38.48,78.65,33.92,43.01,78.88,37.59,47.78,78.67,41.26,52.81,78.13,45.26,58.09,77.91,48.96,63.62,76.96
-1,11637,245,Iwanaga & Ferrari 2002,Ocurrencias,-61.69416667,-9.005277778,Precise,Brazil,Neotropics,Atelidae,Lagothrix,Lagothrix cana,Lagothrix_lagothricha ,Line transects,1,0,0,NA,0,1997,0, ,NA, ,Lagothrix lagothricha ,Lagothrix lagothricha,7.15,D,465,AR,Frugivore,96.5,1.77,33.1,638.75,223,312.66,360,1.01,1.12,Polygyndry,Polygyndry, ,2Tropical_and_suptropical_moist_broadleaf_forest,0.529126667,0.79,66.98,1.15,1.54,74.56,2.03,2.54,80.12,3.17,3.8,83.46,4.55,5.31,85.72,NA,7.07,NA,8.05,9.08,88.65,10.16,11.34,89.62,12.52,13.85,90.41,15.14,16.62,91.09,17.99,19.63,91.64,21.09,22.9,92.09,24.43,26.42,92.49,28.03,30.19,92.86,31.88,34.21,93.2,35.99,38.48,93.52,40.36,43.01,93.83,44.97,47.78,94.13,49.84,52.81,94.37,54.95,58.09,94.59,60.29,63.62,94.77
-1,11638,245,Iwanaga & Ferrari 2002,Ocurrencias,-62.04277778,-9.024444444,Precise,Brazil,Neotropics,Atelidae,Lagothrix,Lagothrix cana,Lagothrix_lagothricha ,Line transects,0,0,0,NA,0,1997,0, ,NA, ,Lagothrix lagothricha ,Lagothrix lagothricha,7.15,D,465,AR,Frugivore,96.5,1.77,33.1,638.75,223,312.66,360,1.01,1.12,Polygyndry,Polygyndry, ,2Tropical_and_suptropical_moist_broadleaf_forest,0.772675234,0.79,97.81,1.51,1.54,98.27,2.43,2.54,95.72,3.48,3.8,91.51,4.63,5.31,87.19,NA,7.07,NA,7.5,9.08,82.64,9.36,11.34,82.53,11.46,13.85,82.76,13.8,16.62,83.05,16.46,19.63,83.84,19.35,22.9,84.48,22.49,26.42,85.13,25.95,30.19,85.96,29.56,34.21,86.4,33.48,38.48,87,37.71,43.01,87.67,42.23,47.78,88.39,46.98,52.81,88.95,51.91,58.09,89.37,56.14,63.62,88.24
-1,11639,245,Iwanaga & Ferrari 2002,Ocurrencias,-62.16972222,-8.912777778,Precise,Brazil,Neotropics,Atelidae,Lagothrix,Lagothrix cana,Lagothrix_lagothricha ,Line transects,0,0,0,NA,0,1997,0, ,NA, ,Lagothrix lagothricha ,Lagothrix lagothricha,7.15,D,465,AR,Frugivore,96.5,1.77,33.1,638.75,223,312.66,360,1.01,1.12,Polygyndry,Polygyndry, ,2Tropical_and_suptropical_moist_broadleaf_forest,0.279718888,0.79,35.41,0.67,1.54,43.78,1.24,2.54,48.69,2.07,3.8,54.37,3.16,5.31,59.45,NA,7.07,NA,6.49,9.08,71.47,8.59,11.34,75.77,10.93,13.85,78.9,13.52,16.62,81.34,16.36,19.63,83.34,19.39,22.9,84.66,22.67,26.42,85.82,26.26,30.19,86.97,30.08,34.21,87.93,34.15,38.48,88.74,38.48,43.01,89.47,43.08,47.78,90.15,47.91,52.81,90.73,52.99,58.09,91.22,58.17,63.62,91.43
-1,11640,245,Iwanaga & Ferrari 2002,Ocurrencias,-59.99138889,-12.52777778,Precise,Brazil,Neotropics,Atelidae,Lagothrix,Lagothrix cana,Lagothrix_lagothricha ,Line transects,1,0,0,NA,0,1997,0, ,NA, ,Lagothrix lagothricha ,Lagothrix lagothricha,7.15,D,465,AR,Frugivore,96.5,1.77,33.1,638.75,223,312.66,360,1.01,1.12,Polygyndry,Polygyndry, ,9Tropical and Subtropical Dry Broadleaf Forest,0.496005119,0.79,62.79,1.05,1.54,68.27,1.82,2.54,71.74,2.76,3.8,72.71,3.94,5.31,74.12,5.16,7.07,72.94,6.53,9.08,71.96,8.14,11.34,71.75,9.9,13.85,71.51,11.73,16.62,70.6,13.63,19.63,69.42,15.55,22.9,67.92,17.71,26.42,67.02,19.95,30.19,66.09,22.25,34.21,65.03,24.78,38.48,64.4,27.61,43.01,64.19,30.67,47.78,64.2,34.08,52.81,64.53,37.49,58.09,64.53,40.22,63.62,63.22
-1,11641,245,Iwanaga & Ferrari 2002,Ocurrencias,-61.41055556,-12.20138889,Precise,Brazil,Neotropics,Atelidae,Lagothrix,Lagothrix cana,Lagothrix_lagothricha ,Line transects,0,0,0,NA,0,1997,0, ,NA, ,Lagothrix lagothricha ,Lagothrix lagothricha,7.15,D,465,AR,Frugivore,96.5,1.77,33.1,638.75,223,312.66,360,1.01,1.12,Polygyndry,Polygyndry, ,2Tropical_and_suptropical_moist_broadleaf_forest,0.509886928,0.79,64.54,1.05,1.54,68.28,1.67,2.54,65.92,2.53,3.8,66.48,3.71,5.31,69.78,NA,7.07,NA,6.69,9.08,73.62,8.39,11.34,73.94,10.15,13.85,73.3,12.07,16.62,72.64,13.97,19.63,71.19,15.93,22.9,69.58,18.25,26.42,69.07,20.88,30.19,69.18,23.8,34.21,69.57,27.08,38.48,70.37,30.66,43.01,71.28,34.41,47.78,72.02,38.4,52.81,72.72,42.64,58.09,73.41,46.93,63.62,73.76
-1,11642,245,Iwanaga & Ferrari 2002,Ocurrencias,-64.43777778,-10.83472222,Precise,Brazil,Neotropics,Atelidae,Lagothrix,Lagothrix cana,Lagothrix_lagothricha ,Line transects,0,0,0,NA,0,1997,0, ,NA, ,Lagothrix lagothricha ,Lagothrix lagothricha,7.15,D,465,AR,Frugivore,96.5,1.77,33.1,638.75,223,312.66,360,1.01,1.12,Polygyndry,Polygyndry, ,2Tropical_and_suptropical_moist_broadleaf_forest,0.77281919,0.79,97.83,1.51,1.54,98.36,2.5,2.54,98.58,3.74,3.8,98.42,5.22,5.31,98.37,NA,7.07,NA,8.93,9.08,98.37,11.16,11.34,98.39,13.63,13.85,98.41,16.35,16.62,98.38,19.32,19.63,98.41,22.53,22.9,98.4,26,26.42,98.4,29.71,30.19,98.4,33.66,34.21,98.4,37.87,38.48,98.41,42.32,43.01,98.39,47.02,47.78,98.4,51.96,52.81,98.39,57.16,58.09,98.39,62.59,63.62,98.38
-1,11643,245,Iwanaga & Ferrari 2002,Ocurrencias,-64.73361111,-10.76694444,Precise,Brazil,Neotropics,Atelidae,Lagothrix,Lagothrix cana,Lagothrix_lagothricha ,Line transects,0,0,0,NA,0,1997,0, ,NA, ,Lagothrix lagothricha ,Lagothrix lagothricha,7.15,D,465,AR,Frugivore,96.5,1.77,33.1,638.75,223,312.66,360,1.01,1.12,Polygyndry,Polygyndry, ,2Tropical_and_suptropical_moist_broadleaf_forest,0.772837499,0.79,97.83,1.51,1.54,98.29,2.5,2.54,98.38,3.73,3.8,98.11,5.21,5.31,98.15,NA,7.07,NA,8.9,9.08,98.06,11.13,11.34,98.14,13.6,13.85,98.18,16.31,16.62,98.15,19.28,19.63,98.21,22.49,22.9,98.22,25.96,26.42,98.24,29.66,30.19,98.26,33.62,34.21,98.28,37.82,38.48,98.28,42.27,43.01,98.28,46.96,47.78,98.29,51.91,52.81,98.29,57.1,58.09,98.3,62.54,63.62,98.3
-1,11644,245,Iwanaga & Ferrari 2002,Ocurrencias,-64.91666667,-10.84333333,Precise,Brazil,Neotropics,Atelidae,Lagothrix,Lagothrix cana,Lagothrix_lagothricha ,Line transects,0,0,0,NA,0,1997,0, ,NA, ,Lagothrix lagothricha ,Lagothrix lagothricha,7.15,D,465,AR,Frugivore,96.5,1.77,33.1,638.75,223,312.66,360,1.01,1.12,Polygyndry,Polygyndry, ,2Tropical_and_suptropical_moist_broadleaf_forest,0.772811307,0.79,97.82,1.51,1.54,98.36,2.5,2.54,98.24,3.73,3.8,98.16,5.21,5.31,98.11,NA,7.07,NA,8.92,9.08,98.18,11.14,11.34,98.21,13.6,13.85,98.19,16.31,16.62,98.12,19.27,19.63,98.15,22.48,22.9,98.16,25.93,26.42,98.15,29.64,30.19,98.18,33.6,34.21,98.2,37.79,38.48,98.22,42.24,43.01,98.22,46.94,47.78,98.24,51.88,52.81,98.23,57.06,58.09,98.23,62.47,63.62,98.2
-1,11645,245,Iwanaga & Ferrari 2002,Ocurrencias,-64.75388889,-10.30722222,Precise,Brazil,Neotropics,Atelidae,Lagothrix,Lagothrix cana,Lagothrix_lagothricha ,Line transects,0,0,0,NA,0,1997,0, ,NA, ,Lagothrix lagothricha ,Lagothrix lagothricha,7.15,D,465,AR,Frugivore,96.5,1.77,33.1,638.75,223,312.66,360,1.01,1.12,Polygyndry,Polygyndry, ,2Tropical_and_suptropical_moist_broadleaf_forest,0.253988469,0.79,32.15,0.56,1.54,36.15,1.08,2.54,42.71,1.85,3.8,48.58,2.96,5.31,55.71,NA,7.07,NA,6.23,9.08,68.62,8.23,11.34,72.57,10.61,13.85,76.6,13.2,16.62,79.42,15.82,19.63,80.59,18.74,22.9,81.81,21.86,26.42,82.76,24.93,30.19,82.56,28.07,34.21,82.05,31.32,38.48,81.4,34.53,43.01,80.28,37.74,47.78,78.98,40.71,52.81,77.08,43.87,58.09,75.52,46.14,63.62,72.53
-1,11646,245,Iwanaga & Ferrari 2002,Ocurrencias,-65.05333333,-10.43194444,Precise,Brazil,Neotropics,Atelidae,Lagothrix,Lagothrix cana,Lagothrix_lagothricha ,Line transects,0,0,0,NA,0,1997,0, ,NA, ,Lagothrix lagothricha ,Lagothrix lagothricha,7.15,D,465,AR,Frugivore,96.5,1.77,33.1,638.75,223,312.66,360,1.01,1.12,Polygyndry,Polygyndry, ,2Tropical_and_suptropical_moist_broadleaf_forest,0.648060475,0.79,82.03,1.2,1.54,77.8,1.91,2.54,75.1,2.74,3.8,72.11,3.77,5.31,70.92,NA,7.07,NA,6.49,9.08,71.48,8.22,11.34,72.46,10.11,13.85,73.03,12.11,16.62,72.84,14.22,19.63,72.42,16.55,22.9,72.28,19.05,26.42,72.1,21.79,30.19,72.17,24.92,34.21,72.86,28.44,38.48,73.92,31.99,43.01,74.38,35.75,47.78,74.81,39.78,52.81,75.33,44.03,58.09,75.79,47.93,63.62,75.33
-1,11647,245,Iwanaga & Ferrari 2002,Ocurrencias,-65.33944444,-10.48472222,Precise,Brazil,Neotropics,Atelidae,Lagothrix,Lagothrix cana,Lagothrix_lagothricha ,Line transects,0,0,0,NA,0,1997,0, ,NA, ,Lagothrix lagothricha ,Lagothrix lagothricha,7.15,D,465,AR,Frugivore,96.5,1.77,33.1,638.75,223,312.66,360,1.01,1.12,Polygyndry,Polygyndry, ,2Tropical_and_suptropical_moist_broadleaf_forest,0.548279984,0.79,69.4,1.04,1.54,67.73,1.6,2.54,62.86,2.19,3.8,57.64,2.97,5.31,55.93,NA,7.07,NA,5.08,9.08,55.98,6.3,11.34,55.53,7.45,13.85,53.77,8.85,16.62,53.26,10.42,19.63,53.07,12.25,22.9,53.51,14.16,26.42,53.6,16.4,30.19,54.33,18.86,34.21,55.13,21.51,38.48,55.89,24.48,43.01,56.91,27.78,47.78,58.14,30.87,52.81,58.46,33.76,58.09,58.11,35.38,63.62,55.61
-1,11648,245,Iwanaga & Ferrari 2002,Ocurrencias,-61.42222222,-12.65138889,Precise,Brazil,Neotropics,Atelidae,Lagothrix,Lagothrix cana,Lagothrix_lagothricha ,Line transects,0,0,0,NA,0,1997,0, ,NA, ,Lagothrix lagothricha ,Lagothrix lagothricha,7.15,D,465,AR,Frugivore,96.5,1.77,33.1,638.75,223,312.66,360,1.01,1.12,Polygyndry,Polygyndry, ,2Tropical_and_suptropical_moist_broadleaf_forest,0.23831058,0.79,30.17,0.58,1.54,37.53,1.11,2.54,43.85,1.81,3.8,47.56,2.66,5.31,50.08,NA,7.07,NA,4.98,9.08,54.8,6.33,11.34,55.84,7.73,13.85,55.83,9.28,16.62,55.85,10.94,19.63,55.74,13.07,22.9,57.07,15.56,26.42,58.91,18.44,30.19,61.06,21.56,34.21,63.02,24.75,38.48,64.32,28.13,43.01,65.4,31.81,47.78,66.58,35.63,52.81,67.46,39.63,58.09,68.22,43.7,63.62,68.7
-1,11649,245,Iwanaga & Ferrari 2002,Ocurrencias,-61.46833333,-13.45861111,Precise,Brazil,Neotropics,Atelidae,Lagothrix,Lagothrix cana,Lagothrix_lagothricha ,Line transects,0,0,0,NA,0,1997,0, ,NA, ,Lagothrix lagothricha ,Lagothrix lagothricha,7.15,D,465,AR,Frugivore,96.5,1.77,33.1,638.75,223,312.66,360,1.01,1.12,Polygyndry,Polygyndry, ,2Tropical_and_suptropical_moist_broadleaf_forest,0.470413845,0.79,59.55,0.83,1.54,53.68,1.49,2.54,58.85,2.36,3.8,62.17,3.45,5.31,65.05,NA,7.07,NA,5.99,9.08,65.93,7.47,11.34,65.86,9.03,13.85,65.23,10.76,16.62,64.74,12.53,19.63,63.83,14.4,22.9,62.88,16.31,26.42,61.74,18.38,30.19,60.89,20.66,34.21,60.4,23.02,38.48,59.83,25.29,43.01,58.79,27.61,47.78,57.79,30.05,52.81,56.9,32.69,58.09,56.28,35.53,63.62,55.84
-1,11650,245,Iwanaga & Ferrari 2002,Ocurrencias,-60.6225,-12.04416667,Precise,Brazil,Neotropics,Atelidae,Lagothrix,Lagothrix cana,Lagothrix_lagothricha ,Line transects,1,0,0,NA,0,1997,0, ,NA, ,Lagothrix lagothricha ,Lagothrix lagothricha,7.15,D,465,AR,Frugivore,96.5,1.77,33.1,638.75,223,312.66,360,1.01,1.12,Polygyndry,Polygyndry, ,2Tropical_and_suptropical_moist_broadleaf_forest,0.766878928,0.79,97.07,1.5,1.54,97.64,2.49,2.54,97.93,3.72,3.8,97.83,5.2,5.31,97.86,NA,7.07,NA,8.9,9.08,98,11.12,11.34,98.06,13.59,13.85,98.1,16.28,16.62,97.97,19.24,19.63,98,22.45,22.9,98.02,25.9,26.42,98.04,29.61,30.19,98.07,33.56,34.21,98.09,37.74,38.48,98.09,42.15,43.01,98,46.84,47.78,98.03,51.76,52.81,98.01,56.89,58.09,97.93,62.3,63.62,97.92
-1,11651,245,Iwanaga & Ferrari 2002,Ocurrencias,-61.30805556,-12.32277778,Precise,Brazil,Neotropics,Atelidae,Lagothrix,Lagothrix cana,Lagothrix_lagothricha ,Interviews,1,0,0,NA,0,1997,0, ,NA, ,Lagothrix lagothricha ,Lagothrix lagothricha,7.15,D,465,AR,Frugivore,96.5,1.77,33.1,638.75,223,312.66,360,1.01,1.12,Polygyndry,Polygyndry, ,2Tropical_and_suptropical_moist_broadleaf_forest,0.746563762,0.79,94.5,1.47,1.54,95.56,2.46,2.54,96.69,3.65,3.8,96.16,5.02,5.31,94.56,NA,7.07,NA,8.5,9.08,93.59,10.68,11.34,94.21,13.09,13.85,94.53,15.8,16.62,95.09,18.75,19.63,95.53,21.92,22.9,95.72,25.33,26.42,95.88,29.02,30.19,96.11,32.96,34.21,96.34,37.16,38.48,96.57,41.61,43.01,96.73,46.3,47.78,96.9,51.14,52.81,96.83,55.99,58.09,96.39,60.04,63.62,94.37
-1,11652,245,Iwanaga & Ferrari 2002,Ocurrencias,-61.13444444,-12.39611111,Precise,Brazil,Neotropics,Atelidae,Lagothrix,Lagothrix cana,Lagothrix_lagothricha ,Interviews,1,0,0,NA,0,1997,0, ,NA, ,Lagothrix lagothricha ,Lagothrix lagothricha,7.15,D,465,AR,Frugivore,96.5,1.77,33.1,638.75,223,312.66,360,1.01,1.12,Polygyndry,Polygyndry, ,9Tropical and Subtropical Dry Broadleaf Forest,0.664747043,0.79,84.15,1.17,1.54,75.73,1.74,2.54,68.6,2.33,3.8,61.43,3.06,5.31,57.68,3.96,7.07,56.04,4.98,9.08,54.84,6.02,11.34,53.09,7.14,13.85,51.53,8.59,16.62,51.68,10.19,19.63,51.92,11.76,22.9,51.35,13.34,26.42,50.5,15.04,30.19,49.81,16.59,34.21,48.49,17.85,38.48,46.39,19.33,43.01,44.95,21.07,47.78,44.09,23.14,52.81,43.81,25.56,58.09,44,27.53,63.62,43.28
-1,11653,245,Iwanaga & Ferrari 2002,Ocurrencias,-60.815,-12.48555556,Precise,Brazil,Neotropics,Atelidae,Lagothrix,Lagothrix cana,Lagothrix_lagothricha ,Interviews,1,0,0,NA,0,1997,0, ,NA, ,Lagothrix lagothricha ,Lagothrix lagothricha,7.15,D,465,AR,Frugivore,96.5,1.77,33.1,638.75,223,312.66,360,1.01,1.12,Polygyndry,Polygyndry, ,8Tropical and Subtropical Grasslands Savannas and Shrublands,0.772910032,0.79,97.84,1.51,1.54,98.24,2.47,2.54,97.22,3.64,3.8,95.82,5.02,5.31,94.59,6.61,7.07,93.45,8.44,9.08,92.95,10.45,11.34,92.17,12.65,13.85,91.37,15.04,16.62,90.46,17.57,19.63,89.51,20.39,22.9,89.06,23.42,26.42,88.65,26.81,30.19,88.81,30.39,34.21,88.85,34.23,38.48,88.96,38.06,43.01,88.49,41.67,47.78,87.2,45.14,52.81,85.48,48.83,58.09,84.05,52.67,63.62,82.79
