OID,N,N_study,Source,BASE,X,Y,Precise,Country,Realm,Family,Genus,Taxon,Taxon_ITIS,Sample_met,Ocurrence,N_groups,Abundanc_1,Abundance,Density,Sample_yea,Sampling_e,Sampling_1,ID_Todo,TRAITS,Taxon_IT_1,ITIS_SPECI,BodyMass_k,DielActivi,HomeRange_,Locomotion,TrophicGui,Brain_size,Canine_Dim,MeanGroupS,Interbirth,Gestation,WeaningAge,MaxLongevi,LitterSz,AdultSexRa,Social_Sys,Mating_Sys,FOREST,BIOME,Buffer_500,Area500,FC_500,Buffer_700,Area700,FC_700,Buffer_900,Area900,FC_900,Buffer_110,Area1100,FC1100,Buffer_130,Area1300,FC_1300,Buffer_150,Area1500,FC_1500,Buffer_170,Area1700,FC_1700,Buffer_190,Area1900,FC_1900,Buffer_210,Area2100,FC_2100,Buffer_230,Area2300,FC_2300,Buffer_250,Area2500,FC_2500,Buffer_270,Area2700,FC_2700,Buffer_290,Area2900,FC_2900,Buffer_310,Area3100,FC_3100,Buffer_330,Area3300,FC_3300,Buffer_350,Area3500,FC_3500,Buffer_370,Area3700,F_Buffer_3,Buffer_390,Area_3900,FC_3900,Buffer_410,Area4100,FC_4100,Buffer_430,Area4300,FC_4300,Buffer_450,Area4500,FC_4500
-1,11585,41,Aquino et al. 2016,Richness,-76.59015112,-5.87522677,Precise,Peru,Neotropics,Atelidae,Lagothrix,Lagothrix lagotricha,Lagothrix_lagothricha ,Interview,0, , , ,0,2009,0, ,NA, ,Lagothrix lagothricha ,Lagothrix lagothricha,7.15,D,465,AR,Frugivore,96.5,1.77,33.1,638.75,223,312.66,360,1.01,1.12,Polygyndry,Polygyndry, ,2Tropical_and_suptropical_moist_broadleaf_forest,0.707707412,0.79,89.58,1.42,1.54,92.39,2.39,2.54,93.9,3.58,3.8,94.31,5.04,5.31,94.99,NA,7.07,NA,8.64,9.08,95.17,10.79,11.34,95.15,13.18,13.85,95.15,15.81,16.62,95.12,18.59,19.63,94.73,21.63,22.9,94.45,24.91,26.42,94.28,28.43,30.19,94.18,32.25,34.21,94.27,36.24,38.48,94.19,40.59,43.01,94.38,45.14,47.78,94.47,49.85,52.81,94.4,54.84,58.09,94.4,59.97,63.62,94.26
-1,11586,41,Aquino et al. 2016,Richness,-76.55912948,-5.832233012,Precise,Peru,Neotropics,Atelidae,Lagothrix,Lagothrix lagotricha,Lagothrix_lagothricha ,Interview,0, , , ,0,2009,0, ,NA, ,Lagothrix lagothricha ,Lagothrix lagothricha,7.15,D,465,AR,Frugivore,96.5,1.77,33.1,638.75,223,312.66,360,1.01,1.12,Polygyndry,Polygyndry, ,2Tropical_and_suptropical_moist_broadleaf_forest,0.316710843,0.79,40.09,0.78,1.54,50.96,1.56,2.54,61.42,2.52,3.8,66.42,3.72,5.31,70.09,NA,7.07,NA,6.53,9.08,71.91,8.31,11.34,73.24,10.23,13.85,73.85,12.31,16.62,74.08,14.64,19.63,74.56,17.17,22.9,74.96,19.76,26.42,74.8,22.69,30.19,75.16,25.86,34.21,75.59,29.32,38.48,76.18,33.06,43.01,76.87,37.14,47.78,77.73,41.55,52.81,78.67,46.13,58.09,79.4,51.08,63.62,80.3
-1,11587,41,Aquino et al. 2016,Richness,-75.94825701,-5.643255849,Precise,Peru,Neotropics,Atelidae,Lagothrix,Lagothrix lagotricha,Lagothrix_lagothricha ,Interview,0, , , ,0,2009,0, ,NA, ,Lagothrix lagothricha ,Lagothrix lagothricha,7.15,D,465,AR,Frugivore,96.5,1.77,33.1,638.75,223,312.66,360,1.01,1.12,Polygyndry,Polygyndry, ,2Tropical_and_suptropical_moist_broadleaf_forest,0.534213564,0.79,67.62,0.93,1.54,60.23,1.45,2.54,57.17,2.19,3.8,57.62,3.23,5.31,60.92,NA,7.07,NA,6.12,9.08,67.4,7.9,11.34,69.62,9.94,13.85,71.75,12.29,16.62,73.93,14.94,19.63,76.12,17.89,22.9,78.12,21.06,26.42,79.7,24.27,30.19,80.38,27.75,34.21,81.11,31.37,38.48,81.52,35.22,43.01,81.88,39.34,47.78,82.34,43.79,52.81,82.92,48.46,58.09,83.41,53.26,63.62,83.72
-1,11588,41,Aquino et al. 2016,Richness,-76.21826315,-5.214306938,Precise,Peru,Neotropics,Atelidae,Lagothrix,Lagothrix lagotricha,Lagothrix_lagothricha ,Interview,1, , , ,0,2009,0, ,NA, ,Lagothrix lagothricha ,Lagothrix lagothricha,7.15,D,465,AR,Frugivore,96.5,1.77,33.1,638.75,223,312.66,360,1.01,1.12,Polygyndry,Polygyndry, ,2Tropical_and_suptropical_moist_broadleaf_forest,0.664201568,0.79,84.08,1.36,1.54,88.49,2.31,2.54,90.75,3.49,3.8,91.83,4.92,5.31,92.68,NA,7.07,NA,8.53,9.08,93.99,10.73,11.34,94.6,13.18,13.85,95.17,15.84,16.62,95.34,18.79,19.63,95.73,21.99,22.9,96.04,25.45,26.42,96.32,29.15,30.19,96.54,33.09,34.21,96.72,37.27,38.48,96.87,41.71,43.01,96.99,46.39,47.78,97.09,51.32,52.81,97.18,56.5,58.09,97.27,61.92,63.62,97.33
-1,11589,41,Aquino et al. 2016,Richness,-77.6019604,-4.613057518,Precise,Peru,Neotropics,Atelidae,Lagothrix,Lagothrix lagotricha,Lagothrix_lagothricha ,Interview,0, , , ,0,2012,0, ,NA, ,Lagothrix lagothricha ,Lagothrix lagothricha,7.15,D,465,AR,Frugivore,96.5,1.77,33.1,638.75,223,312.66,360,1.01,1.12,Polygyndry,Polygyndry, ,2Tropical_and_suptropical_moist_broadleaf_forest,0.699753349,0.79,88.58,1.39,1.54,90.22,2.32,2.54,91.46,3.5,3.8,92.13,NA,5.31,NA,NA,7.07,NA,8.43,9.08,92.85,10.55,11.34,92.99,12.95,13.85,93.5,15.6,16.62,93.84,18.52,19.63,94.33,21.7,22.9,94.75,25.09,26.42,94.98,28.77,30.19,95.28,32.67,34.21,95.49,36.83,38.48,95.72,41.2,43.01,95.8,45.81,47.78,95.87,50.64,52.81,95.88,55.76,58.09,96,61.11,63.62,96.05
-1,11590,41,Aquino et al. 2016,Richness,-77.55039878,-4.433464045,Precise,Peru,Neotropics,Atelidae,Lagothrix,Lagothrix lagotricha,Lagothrix_lagothricha ,Observation,0, , , ,0,2012,0, ,NA, ,Lagothrix lagothricha ,Lagothrix lagothricha,7.15,D,465,AR,Frugivore,96.5,1.77,33.1,638.75,223,312.66,360,1.01,1.12,Polygyndry,Polygyndry, ,2Tropical_and_suptropical_moist_broadleaf_forest,0.77243798,0.79,97.78,1.51,1.54,98.32,2.5,2.54,98.54,3.74,3.8,98.4,NA,5.31,NA,NA,7.07,NA,8.9,9.08,98.06,11.13,11.34,98.11,13.58,13.85,98.05,16.29,16.62,98,19.2,19.63,97.82,22.35,22.9,97.61,25.76,26.42,97.49,29.39,30.19,97.33,33.18,34.21,96.98,37.08,38.48,96.36,40.98,43.01,95.28,45.14,47.78,94.48,49.67,52.81,94.06,54.31,58.09,93.5,58.85,63.62,92.49
-1,11591,41,Aquino et al. 2016,Richness,-77.2168058,-4.332172064,Precise,Peru,Neotropics,Atelidae,Lagothrix,Lagothrix lagotricha,Lagothrix_lagothricha ,Observation,0, , , ,0,2006,0, ,NA, ,Lagothrix lagothricha ,Lagothrix lagothricha,7.15,D,465,AR,Frugivore,96.5,1.77,33.1,638.75,223,312.66,360,1.01,1.12,Polygyndry,Polygyndry, ,2Tropical_and_suptropical_moist_broadleaf_forest,0.552065781,0.79,69.88,1.15,1.54,74.99,1.97,2.54,77.52,3.06,3.8,80.5,4.39,5.31,82.62,NA,7.07,NA,7.83,9.08,86.2,9.94,11.34,87.67,12.31,13.85,88.91,14.88,16.62,89.52,17.7,19.63,90.15,20.78,22.9,90.73,24.11,26.42,91.26,27.7,30.19,91.75,31.54,34.21,92.2,35.67,38.48,92.7,40.01,43.01,93.02,44.44,47.78,93.01,49.16,52.81,93.08,54.21,58.09,93.33,59.56,63.62,93.62
-1,11592,41,Aquino et al. 2016,Richness,-76.94064701,-4.234070895,Precise,Peru,Neotropics,Atelidae,Lagothrix,Lagothrix lagotricha,Lagothrix_lagothricha ,Interview,1, , , ,0,2006,0, ,NA, ,Lagothrix lagothricha ,Lagothrix lagothricha,7.15,D,465,AR,Frugivore,96.5,1.77,33.1,638.75,223,312.66,360,1.01,1.12,Polygyndry,Polygyndry, ,2Tropical_and_suptropical_moist_broadleaf_forest,0.757279818,0.79,95.86,1.49,1.54,96.76,2.47,2.54,97.08,3.68,3.8,96.88,5.12,5.31,96.49,NA,7.07,NA,8.78,9.08,96.74,10.96,11.34,96.68,13.38,13.85,96.6,16.05,16.62,96.56,18.94,19.63,96.51,22.15,22.9,96.72,25.61,26.42,96.92,29.28,30.19,97,33.2,34.21,97.05,37.4,38.48,97.2,41.85,43.01,97.31,46.53,47.78,97.38,51.47,52.81,97.47,56.63,58.09,97.49,62.06,63.62,97.55
-1,11593,41,Aquino et al. 2016,Richness,-77.34015388,-4.229583568,Precise,Peru,Neotropics,Atelidae,Lagothrix,Lagothrix lagotricha,Lagothrix_lagothricha ,Interview,1, , , ,0,2006,0, ,NA, ,Lagothrix lagothricha ,Lagothrix lagothricha,7.15,D,465,AR,Frugivore,96.5,1.77,33.1,638.75,223,312.66,360,1.01,1.12,Polygyndry,Polygyndry, ,2Tropical_and_suptropical_moist_broadleaf_forest,0.772511287,0.79,97.79,1.51,1.54,98.32,2.5,2.54,98.54,3.74,3.8,98.4,5.22,5.31,98.35,NA,7.07,NA,8.93,9.08,98.36,11.16,11.34,98.38,13.63,13.85,98.4,16.35,16.62,98.36,19.31,19.63,98.39,22.53,22.9,98.38,25.98,26.42,98.34,29.66,30.19,98.24,33.61,34.21,98.24,37.77,38.48,98.16,42.18,43.01,98.07,46.81,47.78,97.96,51.72,52.81,97.94,56.86,58.09,97.88,62.27,63.62,97.88
-1,11594,41,Aquino et al. 2016,Richness,-76.76124821,-4.21877563,Precise,Peru,Neotropics,Atelidae,Lagothrix,Lagothrix lagotricha,Lagothrix_lagothricha ,Observation,0, , , ,0,2006,0, ,NA, ,Lagothrix lagothricha ,Lagothrix lagothricha,7.15,D,465,AR,Frugivore,96.5,1.77,33.1,638.75,223,312.66,360,1.01,1.12,Polygyndry,Polygyndry, ,2Tropical_and_suptropical_moist_broadleaf_forest,0.772441341,0.79,97.78,1.51,1.54,98.32,2.5,2.54,98.51,3.73,3.8,98.17,5.18,5.31,97.61,NA,7.07,NA,8.87,9.08,97.68,11.05,11.34,97.41,13.52,13.85,97.59,16.22,16.62,97.57,19.18,19.63,97.69,22.39,22.9,97.77,25.85,26.42,97.84,29.56,30.19,97.9,33.51,34.21,97.95,37.71,38.48,98.01,42.16,43.01,98.01,46.85,47.78,98.05,51.78,52.81,98.04,56.97,58.09,98.06,62.4,63.62,98.08
-1,11595,41,Aquino et al. 2016,Richness,-76.81588667,-4.154205114,Precise,Peru,Neotropics,Atelidae,Lagothrix,Lagothrix lagotricha,Lagothrix_lagothricha ,Interview,1, , , ,0,2006,0, ,NA, ,Lagothrix lagothricha ,Lagothrix lagothricha,7.15,D,465,AR,Frugivore,96.5,1.77,33.1,638.75,223,312.66,360,1.01,1.12,Polygyndry,Polygyndry, ,2Tropical_and_suptropical_moist_broadleaf_forest,0.772468399,0.79,97.78,1.51,1.54,98.32,2.5,2.54,98.54,3.74,3.8,98.4,5.22,5.31,98.35,NA,7.07,NA,8.93,9.08,98.36,11.15,11.34,98.36,13.62,13.85,98.37,16.34,16.62,98.34,19.31,19.63,98.37,22.52,22.9,98.35,25.98,26.42,98.35,29.69,30.19,98.35,33.65,34.21,98.36,37.85,38.48,98.37,42.3,43.01,98.35,47,47.78,98.36,51.94,52.81,98.35,57.13,58.09,98.35,62.57,63.62,98.35
-1,11596,41,Aquino et al. 2016,Richness,-76.65937082,-4.001406038,Precise,Peru,Neotropics,Atelidae,Lagothrix,Lagothrix lagotricha,Lagothrix_lagothricha ,Interview,1, , , ,0,2006,0, ,NA, ,Lagothrix lagothricha ,Lagothrix lagothricha,7.15,D,465,AR,Frugivore,96.5,1.77,33.1,638.75,223,312.66,360,1.01,1.12,Polygyndry,Polygyndry, ,2Tropical_and_suptropical_moist_broadleaf_forest,0.772478461,0.79,97.78,1.51,1.54,98.32,2.5,2.54,98.54,3.73,3.8,98.28,5.22,5.31,98.25,NA,7.07,NA,8.91,9.08,98.18,11.13,11.34,98.19,13.59,13.85,98.1,16.3,16.62,98.09,19.24,19.63,98.01,22.45,22.9,98.04,25.9,26.42,98.05,29.61,30.19,98.06,33.56,34.21,98.09,37.76,38.48,98.13,42.2,43.01,98.13,46.89,47.78,98.14,51.83,52.81,98.15,57.02,58.09,98.16,62.45,63.62,98.17
-1,11597,41,Aquino et al. 2016,Richness,-77.235822,-3.979466557,Precise,Peru,Neotropics,Atelidae,Lagothrix,Lagothrix lagotricha,Lagothrix_lagothricha ,Interview,0, , , ,0,2006,0, ,NA, ,Lagothrix lagothricha ,Lagothrix lagothricha,7.15,D,465,AR,Frugivore,96.5,1.77,33.1,638.75,223,312.66,360,1.01,1.12,Polygyndry,Polygyndry, ,2Tropical_and_suptropical_moist_broadleaf_forest,0.766181953,0.79,96.99,1.44,1.54,93.61,2.2,2.54,86.78,3.28,3.8,86.22,4.63,5.31,87.13,NA,7.07,NA,8.07,9.08,88.89,10.16,11.34,89.59,12.48,13.85,90.13,15.05,16.62,90.57,17.76,19.63,90.45,20.71,22.9,90.43,23.87,26.42,90.34,27.38,30.19,90.69,31.01,34.21,90.63,34.93,38.48,90.78,39.11,43.01,90.93,43.56,47.78,91.17,48.2,52.81,91.27,53.11,58.09,91.43,58.14,63.62,91.39
-1,11598,41,Aquino et al. 2016,Richness,-77.21072167,-3.95087715,Precise,Peru,Neotropics,Atelidae,Lagothrix,Lagothrix lagotricha,Lagothrix_lagothricha ,Interview,0, , , ,0,2006,0, ,NA, ,Lagothrix lagothricha ,Lagothrix lagothricha,7.15,D,465,AR,Frugivore,96.5,1.77,33.1,638.75,223,312.66,360,1.01,1.12,Polygyndry,Polygyndry, ,2Tropical_and_suptropical_moist_broadleaf_forest,0.740167553,0.79,93.69,1.47,1.54,95.75,2.43,2.54,95.84,3.65,3.8,95.96,5.13,5.31,96.61,NA,7.07,NA,8.83,9.08,97.21,11.03,11.34,97.26,13.46,13.85,97.21,16.02,16.62,96.36,18.83,19.63,95.93,21.81,22.9,95.25,25.06,26.42,94.84,28.54,30.19,94.54,32.23,34.21,94.2,36.09,38.48,93.79,40.03,43.01,93.07,44.25,47.78,92.61,48.87,52.81,92.54,53.81,58.09,92.63,59.05,63.62,92.82
-1,11599,41,Aquino et al. 2016,Richness,-77.18143764,-3.939600185,Precise,Peru,Neotropics,Atelidae,Lagothrix,Lagothrix lagotricha,Lagothrix_lagothricha ,Observation,1,2, , ,0,2006,0, ,NA, ,Lagothrix lagothricha ,Lagothrix lagothricha,7.15,D,465,AR,Frugivore,96.5,1.77,33.1,638.75,223,312.66,360,1.01,1.12,Polygyndry,Polygyndry, ,2Tropical_and_suptropical_moist_broadleaf_forest,0.772122025,0.79,97.74,1.5,1.54,97.69,2.47,2.54,97.1,3.68,3.8,96.94,5.16,5.31,97.26,NA,7.07,NA,8.87,9.08,97.69,11.09,11.34,97.79,13.56,13.85,97.92,16.28,16.62,97.96,19.24,19.63,97.99,22.43,22.9,97.94,25.88,26.42,97.95,29.57,30.19,97.93,33.49,34.21,97.9,37.67,38.48,97.9,42.1,43.01,97.89,46.77,47.78,97.88,51.71,52.81,97.91,56.88,58.09,97.92,62.32,63.62,97.95
-1,11600,41,Aquino et al. 2016,Richness,-76.47648686,-3.885497672,Precise,Peru,Neotropics,Atelidae,Lagothrix,Lagothrix lagotricha,Lagothrix_lagothricha ,Interview,1, , , ,0,2006,0, ,NA, ,Lagothrix lagothricha ,Lagothrix lagothricha,7.15,D,465,AR,Frugivore,96.5,1.77,33.1,638.75,223,312.66,360,1.01,1.12,Polygyndry,Polygyndry, ,2Tropical_and_suptropical_moist_broadleaf_forest,0.772499375,0.79,97.78,1.51,1.54,98.32,2.5,2.54,98.55,3.74,3.8,98.4,5.22,5.31,98.35,NA,7.07,NA,8.93,9.08,98.36,11.16,11.34,98.38,13.63,13.85,98.4,16.31,16.62,98.13,19.03,19.63,96.96,22.02,22.9,96.14,25.3,26.42,95.76,28.65,30.19,94.91,32.26,34.21,94.29,36.25,38.48,94.19,40.52,43.01,94.22,44.86,47.78,93.88,49.48,52.81,93.69,54.46,58.09,93.75,59.48,63.62,93.5
-1,11601,41,Aquino et al. 2016,Richness,-76.52303972,-3.810008215,Precise,Peru,Neotropics,Atelidae,Lagothrix,Lagothrix lagotricha,Lagothrix_lagothricha ,Interview,0, , , ,0,2006,0, ,NA, ,Lagothrix lagothricha ,Lagothrix lagothricha,7.15,D,465,AR,Frugivore,96.5,1.77,33.1,638.75,223,312.66,360,1.01,1.12,Polygyndry,Polygyndry, ,2Tropical_and_suptropical_moist_broadleaf_forest,0.735911382,0.79,93.15,1.47,1.54,95.48,2.44,2.54,96.05,3.62,3.8,95.29,5.07,5.31,95.41,NA,7.07,NA,8.68,9.08,95.6,10.89,11.34,96.02,13.27,13.85,95.84,15.91,16.62,95.72,18.81,19.63,95.83,21.97,22.9,95.95,25.38,26.42,96.07,29.05,30.19,96.21,32.96,34.21,96.34,36.89,38.48,95.86,41.13,43.01,95.63,45.73,47.78,95.7,50.63,52.81,95.88,55.81,58.09,96.08,61.24,63.62,96.25
-1,11602,41,Aquino et al. 2016,Richness,-76.56572746,-3.771812851,Precise,Peru,Neotropics,Atelidae,Lagothrix,Lagothrix lagotricha,Lagothrix_lagothricha ,Interview,0, , , ,0,2006,0, ,NA, ,Lagothrix lagothricha ,Lagothrix lagothricha,7.15,D,465,AR,Frugivore,96.5,1.77,33.1,638.75,223,312.66,360,1.01,1.12,Polygyndry,Polygyndry, ,2Tropical_and_suptropical_moist_broadleaf_forest,0.772508264,0.79,97.79,1.51,1.54,98.04,2.49,2.54,98.12,3.71,3.8,97.62,5.17,5.31,97.27,NA,7.07,NA,8.81,9.08,97.03,11.01,11.34,97.1,13.47,13.85,97.24,16.18,16.62,97.37,19.14,19.63,97.51,22.32,22.9,97.49,25.75,26.42,97.47,29.42,30.19,97.45,33.34,34.21,97.45,37.52,38.48,97.5,41.96,43.01,97.56,46.65,47.78,97.64,51.58,52.81,97.66,56.7,58.09,97.61,62.06,63.62,97.55
-1,11603,41,Aquino et al. 2016,Richness,-76.48790161,-3.459889965,Precise,Peru,Neotropics,Atelidae,Lagothrix,Lagothrix lagotricha,Lagothrix_lagothricha ,Interview,0, , , ,0,2006,0, ,NA, ,Lagothrix lagothricha ,Lagothrix lagothricha,7.15,D,465,AR,Frugivore,96.5,1.77,33.1,638.75,223,312.66,360,1.01,1.12,Polygyndry,Polygyndry, ,2Tropical_and_suptropical_moist_broadleaf_forest,0.772483516,0.79,97.78,1.51,1.54,98.32,2.5,2.54,98.54,3.71,3.8,97.64,5.16,5.31,97.1,NA,7.07,NA,8.8,9.08,96.89,10.98,11.34,96.82,13.37,13.85,96.53,15.87,16.62,95.51,18.59,19.63,94.71,21.54,22.9,94.06,24.76,26.42,93.71,28.23,30.19,93.52,32.04,34.21,93.66,36.1,38.48,93.81,40.39,43.01,93.92,44.88,47.78,93.93,49.66,52.81,94.03,54.63,58.09,94.05,59.78,63.62,93.97
-1,11604,41,Aquino et al. 2016,Richness,-77.58813096,-3.367572503,Precise,Peru,Neotropics,Atelidae,Lagothrix,Lagothrix lagotricha,Lagothrix_lagothricha ,Observation,1,1, , ,0,2006,0, ,NA, ,Lagothrix lagothricha ,Lagothrix lagothricha,7.15,D,465,AR,Frugivore,96.5,1.77,33.1,638.75,223,312.66,360,1.01,1.12,Polygyndry,Polygyndry, ,2Tropical_and_suptropical_moist_broadleaf_forest,0.611991275,0.79,77.47,1.26,1.54,81.97,2.17,2.54,85.32,3.31,3.8,87.12,4.63,5.31,87.28,NA,7.07,NA,8.13,9.08,89.53,10.24,11.34,90.3,12.47,13.85,90.04,14.98,16.62,90.12,17.71,19.63,90.23,20.7,22.9,90.39,23.57,26.42,89.21,27.06,30.19,89.64,30.84,34.21,90.14,34.89,38.48,90.68,39.05,43.01,90.8,43.39,47.78,90.81,48.15,52.81,91.18,53.13,58.09,91.46,58.43,63.62,91.84
-1,11605,41,Aquino et al. 2016,Richness,-77.60655493,-3.196675346,Precise,Peru,Neotropics,Atelidae,Lagothrix,Lagothrix lagotricha,Lagothrix_lagothricha ,Interview,1, , , ,0,2006,0, ,NA, ,Lagothrix lagothricha ,Lagothrix lagothricha,7.15,D,465,AR,Frugivore,96.5,1.77,33.1,638.75,223,312.66,360,1.01,1.12,Polygyndry,Polygyndry, ,2Tropical_and_suptropical_moist_broadleaf_forest,0.622612118,0.79,78.81,1.27,1.54,82.33,2.13,2.54,83.87,3.24,3.8,85.18,4.58,5.31,86.27,NA,7.07,NA,8.01,9.08,88.18,10,11.34,88.17,12.26,13.85,88.49,14.8,16.62,89.06,17.61,19.63,89.71,20.65,22.9,90.16,23.95,26.42,90.66,27.47,30.19,91,31.2,34.21,91.2,35.24,38.48,91.58,39.54,43.01,91.93,44.09,47.78,92.27,48.88,52.81,92.56,53.98,58.09,92.92,59.32,63.62,93.24
-1,11606,41,Aquino et al. 2016,Richness,-77.65725215,-3.113763016,Precise,Peru,Neotropics,Atelidae,Lagothrix,Lagothrix lagotricha,Lagothrix_lagothricha ,Interview,1, , , ,0,2006,0, ,NA, ,Lagothrix lagothricha ,Lagothrix lagothricha,7.15,D,465,AR,Frugivore,96.5,1.77,33.1,638.75,223,312.66,360,1.01,1.12,Polygyndry,Polygyndry, ,2Tropical_and_suptropical_moist_broadleaf_forest,0.675308226,0.79,85.48,1.37,1.54,88.95,2.31,2.54,90.95,3.5,3.8,92.13,4.92,5.31,92.59,NA,7.07,NA,8.42,9.08,92.68,10.54,11.34,92.95,12.9,13.85,93.14,15.48,16.62,93.15,18.39,19.63,93.69,21.56,22.9,94.15,24.98,26.42,94.55,28.56,30.19,94.61,32.46,34.21,94.88,36.62,38.48,95.16,41.03,43.01,95.39,45.67,47.78,95.59,50.57,52.81,95.76,55.69,58.09,95.87,61.02,63.62,95.91
-1,11607,41,Aquino et al. 2016,Richness,-76.4857395,-3.066408023,Precise,Peru,Neotropics,Atelidae,Lagothrix,Lagothrix lagotricha,Lagothrix_lagothricha ,Interview,0, , , ,0,2006,0, ,NA, ,Lagothrix lagothricha ,Lagothrix lagothricha,7.15,D,465,AR,Frugivore,96.5,1.77,33.1,638.75,223,312.66,360,1.01,1.12,Polygyndry,Polygyndry, ,2Tropical_and_suptropical_moist_broadleaf_forest,0.738525131,0.79,93.48,1.45,1.54,94.45,2.38,2.54,93.83,3.59,3.8,94.41,5.02,5.31,94.52,NA,7.07,NA,8.51,9.08,93.73,10.66,11.34,93.96,13.07,13.85,94.37,15.73,16.62,94.66,18.66,19.63,95.04,21.75,22.9,94.98,25.11,26.42,95.05,28.75,30.19,95.25,32.71,34.21,95.6,36.89,38.48,95.87,41.33,43.01,96.09,46.01,47.78,96.3,50.96,52.81,96.49,56.12,58.09,96.6,61.45,63.62,96.59
-1,11608,41,Aquino et al. 2016,Richness,-77.6403297,-3.047037172,Precise,Peru,Neotropics,Atelidae,Lagothrix,Lagothrix lagotricha,Lagothrix_lagothricha ,Interview,1, , , ,0,2006,0, ,NA, ,Lagothrix lagothricha ,Lagothrix lagothricha,7.15,D,465,AR,Frugivore,96.5,1.77,33.1,638.75,223,312.66,360,1.01,1.12,Polygyndry,Polygyndry, ,2Tropical_and_suptropical_moist_broadleaf_forest,0.769812232,0.79,97.44,1.47,1.54,95.68,2.43,2.54,95.74,3.66,3.8,96.19,5.06,5.31,95.27,NA,7.07,NA,8.38,9.08,92.31,10.53,11.34,92.82,12.94,13.85,93.41,15.51,16.62,93.32,18.33,19.63,93.39,21.49,22.9,93.84,24.89,26.42,94.2,28.51,30.19,94.43,32.3,34.21,94.42,36.4,38.48,94.6,40.78,43.01,94.82,45.42,47.78,95.06,50.31,52.81,95.26,55.4,58.09,95.36,60.65,63.62,95.33
-1,11609,41,Aquino et al. 2016,Richness,-76.415193,-2.909142,Precise,Peru,Neotropics,Atelidae,Lagothrix,Lagothrix lagotricha,Lagothrix_lagothricha ,Interview,0, , , ,0,2006,0, ,NA, ,Lagothrix lagothricha ,Lagothrix lagothricha,7.15,D,465,AR,Frugivore,96.5,1.77,33.1,638.75,223,312.66,360,1.01,1.12,Polygyndry,Polygyndry, ,2Tropical_and_suptropical_moist_broadleaf_forest,0.772430548,0.79,97.78,1.51,1.54,98.32,2.49,2.54,97.99,3.7,3.8,97.48,5.17,5.31,97.27,NA,7.07,NA,8.79,9.08,96.79,10.93,11.34,96.39,13.19,13.85,95.21,15.51,16.62,93.31,17.96,19.63,91.51,20.62,22.9,90.04,23.55,26.42,89.13,26.78,30.19,88.71,30.15,34.21,88.12,33.75,38.48,87.71,37.81,43.01,87.91,42.13,47.78,88.18,46.65,52.81,88.33,51.41,58.09,88.51,56.4,63.62,88.65
