OID,N,N_study,Source,BASE,X,Y,Precise,Country,Realm,Family,Genus,Taxon,Taxon_ITIS,Sample_met,Ocurrence,N_groups,Abundanc_1,Abundance,Density,Sample_yea,Sampling_e,Sampling_1,ID_Todo,TRAITS,Taxon_IT_1,ITIS_SPECI,BodyMass_k,DielActivi,HomeRange_,Locomotion,TrophicGui,Brain_size,Canine_Dim,MeanGroupS,Interbirth,Gestation,WeaningAge,MaxLongevi,LitterSz,AdultSexRa,Social_Sys,Mating_Sys,FOREST,BIOME,Buffer_500,Area500,FC_500,Buffer_700,Area700,FC_700,Buffer_900,Area900,FC_900,Buffer_110,Area1100,FC1100,Buffer_130,Area1300,FC_1300,Buffer_150,Area1500,FC_1500,Buffer_170,Area1700,FC_1700,Buffer_190,Area1900,FC_1900,Buffer_210,Area2100,FC_2100,Buffer_230,Area2300,FC_2300,Buffer_250,Area2500,FC_2500,Buffer_270,Area2700,FC_2700,Buffer_290,Area2900,FC_2900,Buffer_310,Area3100,FC_3100,Buffer_330,Area3300,FC_3300,Buffer_350,Area3500,FC_3500,Buffer_370,Area3700,F_Buffer_3,Buffer_390,Area_3900,FC_3900,Buffer_410,Area4100,FC_4100,Buffer_430,Area4300,FC_4300,Buffer_450,Area4500,FC_4500
-1,11542,343,Shanee 2011,Ocurrencias,-78.4125,-5.919083333,Precise,Peru,Neotropics,Atelidae,Oreonax,Oreonax flavicauda,Lagothrix_flavicauda,Transects,1,0,0,NA,0,2008,0, ,NA, ,Lagothrix flavicauda,Lagothrix flavicauda,7.25,D,114.5,AR,Frugivore,NA,NA,9,NA,NA,NA,NA,NA,NA,Polygyndry,Polygyndry, ,2Tropical_and_suptropical_moist_broadleaf_forest,0.687215297,0.79,86.99,1.32,1.54,85.86,2.16,2.54,85.19,3.25,3.8,85.44,4.52,5.31,85.21,NA,7.07,NA,7.85,9.08,86.49,9.9,11.34,87.33,12.17,13.85,87.87,14.54,16.62,87.51,17.13,19.63,87.29,19.92,22.9,86.97,22.76,26.42,86.15,25.63,30.19,84.88,28.44,34.21,83.13,31.32,38.48,81.4,34.56,43.01,80.35,37.99,47.78,79.5,41.44,52.81,78.47,44.73,58.09,77,48.19,63.62,75.74
-1,11543,343,Shanee 2011,Ocurrencias,-78.06783333,-5.064,Precise,Peru,Neotropics,Atelidae,Oreonax,Oreonax flavicauda,Lagothrix_flavicauda,Transects,1,0,0,NA,0,2008,0, ,NA, ,Lagothrix flavicauda,Lagothrix flavicauda,7.25,D,114.5,AR,Frugivore,NA,NA,9,NA,NA,NA,NA,NA,NA,Polygyndry,Polygyndry, ,2Tropical_and_suptropical_moist_broadleaf_forest,0.77255417,0.79,97.79,1.51,1.54,98.32,2.5,2.54,98.55,3.74,3.8,98.4,5.22,5.31,98.35,NA,7.07,NA,8.92,9.08,98.2,11.12,11.34,98.07,13.58,13.85,98.05,16.3,16.62,98.07,19.27,19.63,98.14,22.48,22.9,98.16,25.94,26.42,98.19,29.65,30.19,98.21,33.6,34.21,98.23,37.8,38.48,98.24,42.25,43.01,98.24,46.95,47.78,98.26,51.87,52.81,98.22,57.04,58.09,98.19,62.47,63.62,98.19
-1,11544,343,Shanee 2011,Ocurrencias,-77.51922222,-6.342972222,Precise,Peru,Neotropics,Atelidae,Oreonax,Oreonax flavicauda,Lagothrix_flavicauda,Transects,1,0,0,NA,0,2008,0, ,NA, ,Lagothrix flavicauda,Lagothrix flavicauda,7.25,D,114.5,AR,Frugivore,NA,NA,9,NA,NA,NA,NA,NA,NA,Polygyndry,Polygyndry, ,2Tropical_and_suptropical_moist_broadleaf_forest,0.716326788,0.79,90.67,1.43,1.54,92.79,2.36,2.54,93.09,3.55,3.8,93.5,5,5.31,94.13,NA,7.07,NA,8.64,9.08,95.11,10.81,11.34,95.28,13.23,13.85,95.52,15.8,16.62,95.07,18.63,19.63,94.89,21.68,22.9,94.66,24.92,26.42,94.33,28.41,30.19,94.12,32.26,34.21,94.3,36.3,38.48,94.33,40.61,43.01,94.41,45.17,47.78,94.55,49.95,52.81,94.59,54.97,58.09,94.64,60.16,63.62,94.56
-1,11545,343,Shanee 2011,Ocurrencias,-78.26502778,-5.669,Precise,Peru,Neotropics,Atelidae,Oreonax,Oreonax flavicauda,Lagothrix_flavicauda,Transects,1,0,0,NA,0,2008,0, ,NA, ,Lagothrix flavicauda,Lagothrix flavicauda,7.25,D,114.5,AR,Frugivore,NA,NA,9,NA,NA,NA,NA,NA,NA,Polygyndry,Polygyndry, ,2Tropical_and_suptropical_moist_broadleaf_forest,0.305889278,0.79,38.72,0.79,1.54,51.41,1.65,2.54,64.97,2.8,3.8,73.59,4.24,5.31,79.81,NA,7.07,NA,7.87,9.08,86.63,10.01,11.34,88.31,12.28,13.85,88.7,14.84,16.62,89.27,17.71,19.63,90.21,20.88,22.9,91.18,24.27,26.42,91.85,27.88,30.19,92.34,31.7,34.21,92.67,35.83,38.48,93.12,40.17,43.01,93.41,44.84,47.78,93.84,49.69,52.81,94.1,54.77,58.09,94.29,60.13,63.62,94.52
-1,11546,343,Shanee 2011,Ocurrencias,-77.78686111,-5.795444444,Precise,Peru,Neotropics,Atelidae,Oreonax,Oreonax flavicauda,Lagothrix_flavicauda,Transects,1,0,0,NA,0,2008,0, ,NA, ,Lagothrix flavicauda,Lagothrix flavicauda,7.25,D,114.5,AR,Frugivore,NA,NA,9,NA,NA,NA,NA,NA,NA,Polygyndry,Polygyndry, ,2Tropical_and_suptropical_moist_broadleaf_forest,0.76812939,0.79,97.23,1.5,1.54,97.59,2.48,2.54,97.61,3.71,3.8,97.67,5.19,5.31,97.8,NA,7.07,NA,8.88,9.08,97.79,11.04,11.34,97.36,13.46,13.85,97.17,16.16,16.62,97.21,19.1,19.63,97.32,22.32,22.9,97.45,25.75,26.42,97.48,29.42,30.19,97.46,33.33,34.21,97.44,37.49,38.48,97.42,41.91,43.01,97.45,46.56,47.78,97.45,51.41,52.81,97.34,56.53,58.09,97.32,61.91,63.62,97.32
-1,11547,343,Shanee 2011,Ocurrencias,-78.00041667,-5.993916667,Precise,Peru,Neotropics,Atelidae,Oreonax,Oreonax flavicauda,Lagothrix_flavicauda,Transects,1,0,0,NA,0,2008,0, ,NA, ,Lagothrix flavicauda,Lagothrix flavicauda,7.25,D,114.5,AR,Frugivore,NA,NA,9,NA,NA,NA,NA,NA,NA,Polygyndry,Polygyndry, ,2Tropical_and_suptropical_moist_broadleaf_forest,0.246738733,0.79,31.23,0.51,1.54,33.34,1.11,2.54,43.69,1.73,3.8,45.42,2.51,5.31,47.2,NA,7.07,NA,4.53,9.08,49.92,5.77,11.34,50.86,7.13,13.85,51.47,8.56,16.62,51.52,10.15,19.63,51.68,12.25,22.9,53.48,14.86,26.42,56.26,17.82,30.19,59.02,20.86,34.21,60.98,24,38.48,62.38,27.31,43.01,63.5,30.71,47.78,64.28,34.29,52.81,64.93,38.18,58.09,65.73,42.18,63.62,66.31
-1,11548,343,Shanee 2011,Ocurrencias,-77.87319444,-5.811027778,Precise,Peru,Neotropics,Atelidae,Oreonax,Oreonax flavicauda,Lagothrix_flavicauda,Transects,1,0,0,NA,0,2008,0, ,NA, ,Lagothrix flavicauda,Lagothrix flavicauda,7.25,D,114.5,AR,Frugivore,NA,NA,9,NA,NA,NA,NA,NA,NA,Polygyndry,Polygyndry, ,2Tropical_and_suptropical_moist_broadleaf_forest,0.763654191,0.79,96.67,1.51,1.54,97.75,2.48,2.54,97.58,3.6,3.8,94.71,4.96,5.31,93.38,NA,7.07,NA,8.13,9.08,89.57,10.1,11.34,89.09,12.4,13.85,89.54,14.83,16.62,89.23,17.39,19.63,88.61,20.28,22.9,88.56,23.42,26.42,88.63,26.67,30.19,88.35,30.06,34.21,87.87,33.76,38.48,87.74,37.64,43.01,87.52,41.52,47.78,86.89,45.66,52.81,86.46,49.92,58.09,85.94,54.48,63.62,85.63
-1,11549,343,Shanee 2011,Ocurrencias,-77.73277778,-5.977861111,Precise,Peru,Neotropics,Atelidae,Oreonax,Oreonax flavicauda,Lagothrix_flavicauda,Transects,1,0,0,NA,0,2008,0, ,NA, ,Lagothrix flavicauda,Lagothrix flavicauda,7.25,D,114.5,AR,Frugivore,NA,NA,9,NA,NA,NA,NA,NA,NA,Polygyndry,Polygyndry, ,2Tropical_and_suptropical_moist_broadleaf_forest,0.745080949,0.79,94.31,1.43,1.54,93.14,2.33,2.54,91.65,3.48,3.8,91.62,4.84,5.31,91.22,NA,7.07,NA,8.3,9.08,91.44,10.34,11.34,91.21,12.6,13.85,90.98,15.07,16.62,90.65,17.79,19.63,90.63,20.69,22.9,90.35,23.77,26.42,89.98,27.18,30.19,90.02,30.66,34.21,89.63,34.32,38.48,89.19,38.18,43.01,88.78,42.24,47.78,88.4,46.35,52.81,87.77,50.42,58.09,86.8,54.63,63.62,85.87
-1,11550,343,Shanee 2011,Ocurrencias,-78.66447222,-5.933972222,Precise,Peru,Neotropics,Atelidae,Oreonax,Oreonax flavicauda,Lagothrix_flavicauda,Transects,0,0,0,NA,0,2008,0, ,NA, ,Lagothrix flavicauda,Lagothrix flavicauda,7.25,D,114.5,AR,Frugivore,NA,NA,9,NA,NA,NA,NA,NA,NA,Polygyndry,Polygyndry, ,2Tropical_and_suptropical_moist_broadleaf_forest,0.064239909,0.79,8.13,0.27,1.54,17.29,0.51,2.54,20.2,0.67,3.8,17.58,0.79,5.31,14.81,NA,7.07,NA,1.04,9.08,11.41,1.2,11.34,10.56,1.47,13.85,10.61,1.98,16.62,11.91,2.62,19.63,13.33,3.39,22.9,14.81,4.22,26.42,15.97,5.16,30.19,17.11,6.16,34.21,18.01,7.19,38.48,18.69,8.24,43.01,19.16,9.46,47.78,19.8,10.91,52.81,20.65,12.28,58.09,21.14,13.83,63.62,21.73
-1,11551,343,Shanee 2011,Ocurrencias,-77.98063889,-5.909805556,Precise,Peru,Neotropics,Atelidae,Oreonax,Oreonax flavicauda,Lagothrix_flavicauda,Transects,1,0,0,NA,0,2008,0, ,NA, ,Lagothrix flavicauda,Lagothrix flavicauda,7.25,D,114.5,AR,Frugivore,NA,NA,9,NA,NA,NA,NA,NA,NA,Polygyndry,Polygyndry, ,2Tropical_and_suptropical_moist_broadleaf_forest,0.527321668,0.79,66.75,1.06,1.54,68.83,1.76,2.54,69.41,2.62,3.8,68.96,3.82,5.31,71.97,NA,7.07,NA,6.78,9.08,74.72,8.52,11.34,75.14,10.44,13.85,75.35,12.71,16.62,76.46,15.16,19.63,77.23,17.59,22.9,76.8,20.21,26.42,76.51,23.27,30.19,77.09,26.69,34.21,78.02,30.29,38.48,78.72,33.94,43.01,78.92,37.54,47.78,78.58,41.15,52.81,77.91,44.94,58.09,77.36,48.9,63.62,76.87
-1,11552,343,Shanee 2011,Ocurrencias,-77.88827778,-6.039305556,Precise,Peru,Neotropics,Atelidae,Oreonax,Oreonax flavicauda,Lagothrix_flavicauda,Transects,1,0,0,NA,0,2008,0, ,NA, ,Lagothrix flavicauda,Lagothrix flavicauda,7.25,D,114.5,AR,Frugivore,NA,NA,9,NA,NA,NA,NA,NA,NA,Polygyndry,Polygyndry, ,2Tropical_and_suptropical_moist_broadleaf_forest,0.752447051,0.79,95.25,1.48,1.54,96.11,2.43,2.54,95.71,3.64,3.8,95.68,5.01,5.31,94.27,NA,7.07,NA,8.4,9.08,92.47,10.4,11.34,91.69,12.61,13.85,91.02,15.04,16.62,90.5,17.54,19.63,89.36,19.98,22.9,87.27,22.35,26.42,84.61,24.84,30.19,82.27,27.32,34.21,79.87,29.85,38.48,77.57,32.26,43.01,75,34.88,47.78,73,37.87,52.81,71.7,40.72,58.09,70.11,43.73,63.62,68.73
-1,11553,343,Shanee 2011,Ocurrencias,-77.81072222,-5.697861111,Precise,Peru,Neotropics,Atelidae,Oreonax,Oreonax flavicauda,Lagothrix_flavicauda,Transects,1,0,0,NA,0,2008,0, ,NA, ,Lagothrix flavicauda,Lagothrix flavicauda,7.25,D,114.5,AR,Frugivore,NA,NA,9,NA,NA,NA,NA,NA,NA,Polygyndry,Polygyndry, ,2Tropical_and_suptropical_moist_broadleaf_forest,0.740314708,0.79,93.71,1.42,1.54,92.53,2.29,2.54,90.31,3.47,3.8,91.28,4.93,5.31,92.88,NA,7.07,NA,8.52,9.08,93.87,10.71,11.34,94.45,13.11,13.85,94.63,15.78,16.62,94.96,18.71,19.63,95.29,21.85,22.9,95.41,25.27,26.42,95.63,28.91,30.19,95.78,32.82,34.21,95.94,36.96,38.48,96.04,41.33,43.01,96.09,45.91,47.78,96.08,50.68,52.81,95.97,55.68,58.09,95.85,60.94,63.62,95.79
-1,11554,343,Shanee 2011,Ocurrencias,-78.251,-5.641666667,Precise,Peru,Neotropics,Atelidae,Oreonax,Oreonax flavicauda,Lagothrix_flavicauda,Transects,1,0,0,NA,0,2008,0, ,NA, ,Lagothrix flavicauda,Lagothrix flavicauda,7.25,D,114.5,AR,Frugivore,NA,NA,9,NA,NA,NA,NA,NA,NA,Polygyndry,Polygyndry, ,2Tropical_and_suptropical_moist_broadleaf_forest,0.772583773,0.79,97.8,1.51,1.54,97.85,2.49,2.54,98.02,3.72,3.8,97.94,5.19,5.31,97.74,NA,7.07,NA,8.87,9.08,97.65,11.09,11.34,97.81,13.56,13.85,97.93,16.27,16.62,97.86,19.23,19.63,97.95,22.43,22.9,97.94,25.85,26.42,97.84,29.45,30.19,97.56,33.19,34.21,97.01,37.06,38.48,96.32,41.21,43.01,95.82,45.6,47.78,95.44,50.23,52.81,95.11,54.99,58.09,94.66,60.02,63.62,94.34
-1,11555,343,Shanee 2011,Ocurrencias,-77.9,-5.575666667,Precise,Peru,Neotropics,Atelidae,Oreonax,Oreonax flavicauda,Lagothrix_flavicauda,Transects,1,0,0,NA,0,2008,0, ,NA, ,Lagothrix flavicauda,Lagothrix flavicauda,7.25,D,114.5,AR,Frugivore,NA,NA,9,NA,NA,NA,NA,NA,NA,Polygyndry,Polygyndry, ,2Tropical_and_suptropical_moist_broadleaf_forest,0.772564163,0.79,97.79,1.51,1.54,98.17,2.5,2.54,98.38,3.73,3.8,98.29,5.22,5.31,98.27,NA,7.07,NA,8.93,9.08,98.3,11.15,11.34,98.33,13.62,13.85,98.36,16.34,16.62,98.31,19.3,19.63,98.34,22.51,22.9,98.31,25.95,26.42,98.22,29.66,30.19,98.23,33.61,34.21,98.25,37.79,38.48,98.19,42.2,43.01,98.11,46.88,47.78,98.12,51.78,52.81,98.05,56.95,58.09,98.04,62.34,63.62,97.99
-1,11556,343,Shanee 2011,Ocurrencias,-77.90891667,-5.637138889,Precise,Peru,Neotropics,Atelidae,Oreonax,Oreonax flavicauda,Lagothrix_flavicauda,Transects,1,0,0,NA,0,2008,0, ,NA, ,Lagothrix flavicauda,Lagothrix flavicauda,7.25,D,114.5,AR,Frugivore,NA,NA,9,NA,NA,NA,NA,NA,NA,Polygyndry,Polygyndry, ,2Tropical_and_suptropical_moist_broadleaf_forest,0.772537304,0.79,97.79,1.51,1.54,98.2,2.49,2.54,98.13,3.72,3.8,97.87,5.2,5.31,97.96,NA,7.07,NA,8.85,9.08,97.51,11.04,11.34,97.35,13.5,13.85,97.47,16.18,16.62,97.37,19.08,19.63,97.21,22.26,22.9,97.19,25.68,26.42,97.19,29.34,30.19,97.17,33.28,34.21,97.28,37.43,38.48,97.27,41.8,43.01,97.2,46.38,47.78,97.08,51.25,52.81,97.05,56.3,58.09,96.92,61.66,63.62,96.92
-1,11557,343,Shanee 2011,Ocurrencias,-77.90211111,-5.66525,Precise,Peru,Neotropics,Atelidae,Oreonax,Oreonax flavicauda,Lagothrix_flavicauda,Transects,1,0,0,NA,0,2008,0, ,NA, ,Lagothrix flavicauda,Lagothrix flavicauda,7.25,D,114.5,AR,Frugivore,NA,NA,9,NA,NA,NA,NA,NA,NA,Polygyndry,Polygyndry, ,2Tropical_and_suptropical_moist_broadleaf_forest,0.770871377,0.79,97.58,1.49,1.54,96.92,2.47,2.54,97.36,3.69,3.8,97.15,5.12,5.31,96.48,NA,7.07,NA,8.7,9.08,95.79,10.81,11.34,95.36,13.23,13.85,95.49,15.8,16.62,95.09,18.59,19.63,94.7,21.67,22.9,94.63,25,26.42,94.61,28.53,30.19,94.51,32.27,34.21,94.33,36.23,38.48,94.16,40.45,43.01,94.04,44.89,47.78,93.95,49.48,52.81,93.7,54.17,58.09,93.24,59.01,63.62,92.75
-1,11558,343,Shanee 2011,Ocurrencias,-77.91,-5.665805556,Precise,Peru,Neotropics,Atelidae,Oreonax,Oreonax flavicauda,Lagothrix_flavicauda,Transects,1,0,0,NA,0,2008,0, ,NA, ,Lagothrix flavicauda,Lagothrix flavicauda,7.25,D,114.5,AR,Frugivore,NA,NA,9,NA,NA,NA,NA,NA,NA,Polygyndry,Polygyndry, ,2Tropical_and_suptropical_moist_broadleaf_forest,0.762451443,0.79,96.51,1.49,1.54,96.65,2.46,2.54,97.01,3.68,3.8,96.82,5.15,5.31,97.03,NA,7.07,NA,8.74,9.08,96.27,10.9,11.34,96.08,13.27,13.85,95.8,15.92,16.62,95.8,18.68,19.63,95.18,21.61,22.9,94.37,24.86,26.42,94.09,28.32,30.19,93.8,31.95,34.21,93.38,35.86,38.48,93.2,40.04,43.01,93.08,44.47,47.78,93.07,49.13,52.81,93.03,53.99,58.09,92.94,59.1,63.62,92.9
-1,11559,343,Shanee 2011,Ocurrencias,-77.90002778,-5.690861111,Precise,Peru,Neotropics,Atelidae,Oreonax,Oreonax flavicauda,Lagothrix_flavicauda,Transects,1,0,0,NA,0,2008,0, ,NA, ,Lagothrix flavicauda,Lagothrix flavicauda,7.25,D,114.5,AR,Frugivore,NA,NA,9,NA,NA,NA,NA,NA,NA,Polygyndry,Polygyndry, ,2Tropical_and_suptropical_moist_broadleaf_forest,0.747472328,0.79,94.62,1.44,1.54,93.44,2.38,2.54,93.55,3.55,3.8,93.51,4.97,5.31,93.53,NA,7.07,NA,8.31,9.08,91.57,10.22,11.34,90.1,12.36,13.85,89.26,14.73,16.62,88.65,17.36,19.63,88.42,20.2,22.9,88.2,23.34,26.42,88.34,26.69,30.19,88.4,30.23,34.21,88.36,34.12,38.48,88.66,38.33,43.01,89.11,42.78,47.78,89.53,47.57,52.81,90.08,52.46,58.09,90.31,57.43,63.62,90.27
-1,11560,343,Shanee 2011,Ocurrencias,-77.90619444,-5.689138889,Precise,Peru,Neotropics,Atelidae,Oreonax,Oreonax flavicauda,Lagothrix_flavicauda,Transects,1,0,0,NA,0,2008,0, ,NA, ,Lagothrix flavicauda,Lagothrix flavicauda,7.25,D,114.5,AR,Frugivore,NA,NA,9,NA,NA,NA,NA,NA,NA,Polygyndry,Polygyndry, ,2Tropical_and_suptropical_moist_broadleaf_forest,0.758450909,0.79,96.01,1.49,1.54,96.77,2.44,2.54,96.14,3.58,3.8,94.31,4.94,5.31,93.11,NA,7.07,NA,8.26,9.08,90.92,10.23,11.34,90.17,12.38,13.85,89.39,14.78,16.62,88.94,17.43,19.63,88.81,20.31,22.9,88.67,23.44,26.42,88.72,26.85,30.19,88.92,30.41,34.21,88.88,34.34,38.48,89.25,38.5,43.01,89.52,42.95,47.78,89.89,47.57,52.81,90.08,52.38,58.09,90.17,57.5,63.62,90.38
-1,11561,343,Shanee 2011,Ocurrencias,-77.91266667,-5.72825,Precise,Peru,Neotropics,Atelidae,Oreonax,Oreonax flavicauda,Lagothrix_flavicauda,Transects,1,0,0,NA,0,2008,0, ,NA, ,Lagothrix flavicauda,Lagothrix flavicauda,7.25,D,114.5,AR,Frugivore,NA,NA,9,NA,NA,NA,NA,NA,NA,Polygyndry,Polygyndry, ,2Tropical_and_suptropical_moist_broadleaf_forest,0.717229835,0.79,90.79,1.41,1.54,91.3,2.35,2.54,92.38,3.51,3.8,92.31,4.84,5.31,91.13,NA,7.07,NA,7.78,9.08,85.69,9.52,11.34,83.91,11.34,13.85,81.89,13.41,16.62,80.68,15.81,19.63,80.55,18.54,22.9,80.96,21.43,26.42,81.11,24.55,30.19,81.32,28.03,34.21,81.94,31.73,38.48,82.46,35.53,43.01,82.62,39.63,47.78,82.95,43.96,52.81,83.25,48.46,58.09,83.42,53.14,63.62,83.52
-1,11562,343,Shanee 2011,Ocurrencias,-77.73994444,-5.923916667,Precise,Peru,Neotropics,Atelidae,Oreonax,Oreonax flavicauda,Lagothrix_flavicauda,Transects,1,0,0,NA,0,2008,0, ,NA, ,Lagothrix flavicauda,Lagothrix flavicauda,7.25,D,114.5,AR,Frugivore,NA,NA,9,NA,NA,NA,NA,NA,NA,Polygyndry,Polygyndry, ,2Tropical_and_suptropical_moist_broadleaf_forest,0.772543455,0.79,97.79,1.5,1.54,97.58,2.44,2.54,96.03,3.6,3.8,94.85,5.08,5.31,95.61,NA,7.07,NA,8.74,9.08,96.28,10.91,11.34,96.17,13.28,13.85,95.89,15.87,16.62,95.5,18.72,19.63,95.38,21.75,22.9,94.98,24.94,26.42,94.41,28.29,30.19,93.69,31.8,34.21,92.95,35.64,38.48,92.61,39.62,43.01,92.11,43.9,47.78,91.89,48.46,52.81,91.77,53.19,58.09,91.56,57.99,63.62,91.16
-1,11563,343,Shanee 2011,Ocurrencias,-77.17322222,-6.741,Precise,Peru,Neotropics,Atelidae,Oreonax,Oreonax flavicauda,Lagothrix_flavicauda,Transects,0,0,0,NA,0,2008,0, ,NA, ,Lagothrix flavicauda,Lagothrix flavicauda,7.25,D,114.5,AR,Frugivore,NA,NA,9,NA,NA,NA,NA,NA,NA,Polygyndry,Polygyndry, ,2Tropical_and_suptropical_moist_broadleaf_forest,0.772614625,0.79,97.8,1.51,1.54,98.33,2.49,2.54,98.04,3.72,3.8,97.97,5.21,5.31,98.04,NA,7.07,NA,8.92,9.08,98.18,11.13,11.34,98.17,13.6,13.85,98.21,16.32,16.62,98.21,19.29,19.63,98.26,22.49,22.9,98.2,25.91,26.42,98.06,29.59,30.19,98.01,33.53,34.21,98.01,37.71,38.48,97.99,42.14,43.01,97.97,46.81,47.78,97.97,51.74,52.81,97.98,56.86,58.09,97.88,62.24,63.62,97.83
-1,11564,343,Shanee 2011,Ocurrencias,-77.22488889,-6.707888889,Precise,Peru,Neotropics,Atelidae,Oreonax,Oreonax flavicauda,Lagothrix_flavicauda,Transects,0,0,0,NA,0,2008,0, ,NA, ,Lagothrix flavicauda,Lagothrix flavicauda,7.25,D,114.5,AR,Frugivore,NA,NA,9,NA,NA,NA,NA,NA,NA,Polygyndry,Polygyndry, ,2Tropical_and_suptropical_moist_broadleaf_forest,0.772599719,0.79,97.8,1.51,1.54,98.33,2.5,2.54,98.56,3.74,3.8,98.41,5.22,5.31,98.36,NA,7.07,NA,8.93,9.08,98.32,11.13,11.34,98.12,13.59,13.85,98.13,16.31,16.62,98.14,19.26,19.63,98.11,22.46,22.9,98.06,25.91,26.42,98.05,29.61,30.19,98.08,33.56,34.21,98.09,37.7,38.48,97.98,42.14,43.01,97.97,46.8,47.78,97.95,51.72,52.81,97.93,56.9,58.09,97.95,62.32,63.62,97.96
-1,11565,343,Shanee 2011,Ocurrencias,-77.46097222,-7.320638889,Precise,Peru,Neotropics,Atelidae,Oreonax,Oreonax flavicauda,Lagothrix_flavicauda,Transects,1,0,0,NA,0,2008,0, ,NA, ,Lagothrix flavicauda,Lagothrix flavicauda,7.25,D,114.5,AR,Frugivore,NA,NA,9,NA,NA,NA,NA,NA,NA,Polygyndry,Polygyndry, ,2Tropical_and_suptropical_moist_broadleaf_forest,0.772619162,0.79,97.8,1.51,1.54,97.98,2.48,2.54,97.55,3.68,3.8,96.95,5.12,5.31,96.4,NA,7.07,NA,8.67,9.08,95.53,10.75,11.34,94.8,13.1,13.85,94.59,15.76,16.62,94.8,18.66,19.63,95.05,21.8,22.9,95.21,25.16,26.42,95.24,28.82,30.19,95.47,32.71,34.21,95.61,36.88,38.48,95.85,41.29,43.01,96,45.91,47.78,96.09,50.67,52.81,95.96,55.73,58.09,95.94,61.01,63.62,95.9
-1,11566,343,Shanee 2011,Ocurrencias,-77.38755556,-5.894694444,Precise,Peru,Neotropics,Atelidae,Oreonax,Oreonax flavicauda,Lagothrix_flavicauda,Transects,1,0,0,NA,0,2008,0, ,NA, ,Lagothrix flavicauda,Lagothrix flavicauda,7.25,D,114.5,AR,Frugivore,NA,NA,9,NA,NA,NA,NA,NA,NA,Polygyndry,Polygyndry, ,2Tropical_and_suptropical_moist_broadleaf_forest,0.745336953,0.79,94.35,1.47,1.54,95.21,2.44,2.54,96.03,3.65,3.8,96.17,5.09,5.31,95.86,NA,7.07,NA,8.65,9.08,95.32,10.75,11.34,94.78,13.12,13.85,94.75,15.76,16.62,94.83,18.67,19.63,95.1,21.79,22.9,95.17,25.13,26.42,95.13,28.69,30.19,95.03,32.49,34.21,94.98,36.47,38.48,94.76,40.63,43.01,94.47,44.96,47.78,94.09,49.54,52.81,93.8,54.3,58.09,93.48,59.36,63.62,93.3
-1,11567,343,Shanee 2011,Ocurrencias,-77.28952778,-6.124583333,Precise,Peru,Neotropics,Atelidae,Oreonax,Oreonax flavicauda,Lagothrix_flavicauda,Transects,1,0,0,NA,0,2008,0, ,NA, ,Lagothrix flavicauda,Lagothrix flavicauda,7.25,D,114.5,AR,Frugivore,NA,NA,9,NA,NA,NA,NA,NA,NA,Polygyndry,Polygyndry, ,2Tropical_and_suptropical_moist_broadleaf_forest,0.711203009,0.79,90.03,1.44,1.54,93.39,2.34,2.54,92.19,3.53,3.8,92.91,4.9,5.31,92.31,NA,7.07,NA,8.53,9.08,93.93,10.68,11.34,94.15,13.1,13.85,94.58,15.78,16.62,94.95,18.69,19.63,95.22,21.83,22.9,95.32,25.17,26.42,95.27,28.74,30.19,95.21,32.52,34.21,95.06,36.57,38.48,95.03,40.92,43.01,95.15,45.5,47.78,95.23,50.35,52.81,95.35,55.44,58.09,95.44,60.68,63.62,95.38
-1,11568,343,Shanee 2011,Ocurrencias,-77.08113889,-6.361666667,Precise,Peru,Neotropics,Atelidae,Oreonax,Oreonax flavicauda,Lagothrix_flavicauda,Transects,1,0,0,NA,0,2008,0, ,NA, ,Lagothrix flavicauda,Lagothrix flavicauda,7.25,D,114.5,AR,Frugivore,NA,NA,9,NA,NA,NA,NA,NA,NA,Polygyndry,Polygyndry, ,2Tropical_and_suptropical_moist_broadleaf_forest,0.703533467,0.79,89.05,1.35,1.54,87.45,2.22,2.54,87.25,3.29,3.8,86.57,4.63,5.31,87.25,NA,7.07,NA,8.14,9.08,89.65,10.3,11.34,90.82,12.7,13.85,91.71,15.33,16.62,92.24,18.18,19.63,92.63,21.33,22.9,93.15,24.76,26.42,93.71,28.35,30.19,93.9,32.14,34.21,93.95,36.19,38.48,94.05,40.52,43.01,94.22,45.05,47.78,94.28,49.85,52.81,94.39,54.88,58.09,94.47,60.07,63.62,94.43
-1,11569,343,Shanee 2011,Ocurrencias,-77.09619444,-6.451861111,Precise,Peru,Neotropics,Atelidae,Oreonax,Oreonax flavicauda,Lagothrix_flavicauda,Transects,1,0,0,NA,0,2008,0, ,NA, ,Lagothrix flavicauda,Lagothrix flavicauda,7.25,D,114.5,AR,Frugivore,NA,NA,9,NA,NA,NA,NA,NA,NA,Polygyndry,Polygyndry, ,2Tropical_and_suptropical_moist_broadleaf_forest,0.772607744,0.79,97.8,1.48,1.54,95.97,2.37,2.54,93.39,3.43,3.8,90.16,4.74,5.31,89.34,NA,7.07,NA,8.07,9.08,88.91,9.9,11.34,87.34,11.88,13.85,85.76,14.16,16.62,85.22,16.61,19.63,84.62,19.36,22.9,84.55,22.4,26.42,84.77,25.64,30.19,84.94,29.11,34.21,85.08,32.92,38.48,85.56,36.96,43.01,85.92,41.23,47.78,86.29,45.65,52.81,86.44,50.28,58.09,86.56,55.46,63.62,87.17
-1,11570,343,Shanee 2011,Ocurrencias,-76.90686111,-6.292861111,Precise,Peru,Neotropics,Atelidae,Oreonax,Oreonax flavicauda,Lagothrix_flavicauda,Transects,0,0,0,NA,0,2008,0, ,NA, ,Lagothrix flavicauda,Lagothrix flavicauda,7.25,D,114.5,AR,Frugivore,NA,NA,9,NA,NA,NA,NA,NA,NA,Polygyndry,Polygyndry, ,2Tropical_and_suptropical_moist_broadleaf_forest,0.711605596,0.79,90.08,1.45,1.54,93.85,2.42,2.54,95.2,3.61,3.8,94.88,4.99,5.31,93.99,NA,7.07,NA,8.55,9.08,94.12,10.6,11.34,93.48,12.88,13.85,93.03,15.46,16.62,93.03,18.18,19.63,92.63,21.11,22.9,92.19,24.27,26.42,91.85,27.65,30.19,91.6,31.23,34.21,91.3,34.79,38.48,90.42,38.71,43.01,90,42.75,47.78,89.48,47.04,52.81,89.07,51.63,58.09,88.88,56.45,63.62,88.73
-1,11571,343,Shanee 2011,Ocurrencias,-76.53288889,-6.344972222,Precise,Peru,Neotropics,Atelidae,Oreonax,Oreonax flavicauda,Lagothrix_flavicauda,Transects,0,0,0,NA,0,2008,0, ,NA, ,Lagothrix flavicauda,Lagothrix flavicauda,7.25,D,114.5,AR,Frugivore,NA,NA,9,NA,NA,NA,NA,NA,NA,Polygyndry,Polygyndry, ,2Tropical_and_suptropical_moist_broadleaf_forest,0.628996597,0.79,79.62,1.31,1.54,84.88,2.25,2.54,88.41,3.38,3.8,88.96,4.8,5.31,90.47,NA,7.07,NA,8.13,9.08,89.51,10.02,11.34,88.36,11.86,13.85,85.63,13.98,16.62,84.11,16.35,19.63,83.3,18.84,22.9,82.28,21.57,26.42,81.66,24.63,30.19,81.58,27.86,34.21,81.43,31.36,38.48,81.51,35,43.01,81.37,39.03,47.78,81.7,43.26,52.81,81.92,47.74,58.09,82.18,52.51,63.62,82.54
-1,11572,343,Shanee 2011,Ocurrencias,-77.45413889,-7.351527778,Precise,Peru,Neotropics,Atelidae,Oreonax,Oreonax flavicauda,Lagothrix_flavicauda,Transects,1,0,0,NA,0,2008,0, ,NA, ,Lagothrix flavicauda,Lagothrix flavicauda,7.25,D,114.5,AR,Frugivore,NA,NA,9,NA,NA,NA,NA,NA,NA,Polygyndry,Polygyndry, ,2Tropical_and_suptropical_moist_broadleaf_forest,0.688892868,0.79,87.2,1.42,1.54,92.04,2.38,2.54,93.73,3.57,3.8,93.99,4.98,5.31,93.71,NA,7.07,NA,8.53,9.08,93.97,10.62,11.34,93.68,13.02,13.85,94.04,15.72,16.62,94.56,18.6,19.63,94.73,21.7,22.9,94.76,25.1,26.42,95.02,28.78,30.19,95.32,32.69,34.21,95.55,36.79,38.48,95.6,41.13,43.01,95.63,45.71,47.78,95.68,50.55,52.81,95.71,55.61,58.09,95.74,61,63.62,95.89
-1,11573,343,Shanee 2011,Ocurrencias,-76.75133333,-8.38075,Precise,Peru,Neotropics,Atelidae,Oreonax,Oreonax flavicauda,Lagothrix_flavicauda,Transects,1,0,0,NA,0,2008,0, ,NA, ,Lagothrix flavicauda,Lagothrix flavicauda,7.25,D,114.5,AR,Frugivore,NA,NA,9,NA,NA,NA,NA,NA,NA,Polygyndry,Polygyndry, ,2Tropical_and_suptropical_moist_broadleaf_forest,0.751367712,0.79,95.11,1.49,1.54,96.63,2.45,2.54,96.28,3.65,3.8,96.09,5.07,5.31,95.47,NA,7.07,NA,8.64,9.08,95.1,10.74,11.34,94.72,13.02,13.85,94.02,15.51,16.62,93.35,18.35,19.63,93.45,21.4,22.9,93.46,24.73,26.42,93.59,28.29,30.19,93.72,32.14,34.21,93.95,36.17,38.48,94.01,40.43,43.01,94.01,44.96,47.78,94.1,49.77,52.81,94.24,54.84,58.09,94.41,60.19,63.62,94.61
-1,11574,343,Shanee 2011,Ocurrencias,-76.71863889,-8.411305556,Precise,Peru,Neotropics,Atelidae,Oreonax,Oreonax flavicauda,Lagothrix_flavicauda,Transects,1,0,0,NA,0,2008,0, ,NA, ,Lagothrix flavicauda,Lagothrix flavicauda,7.25,D,114.5,AR,Frugivore,NA,NA,9,NA,NA,NA,NA,NA,NA,Polygyndry,Polygyndry, ,2Tropical_and_suptropical_moist_broadleaf_forest,0.767770755,0.79,97.19,1.49,1.54,96.85,2.47,2.54,97.28,3.71,3.8,97.56,5.18,5.31,97.61,NA,7.07,NA,8.87,9.08,97.64,11.08,11.34,97.74,13.55,13.85,97.83,16.24,16.62,97.72,19.13,19.63,97.44,22.26,22.9,97.21,25.63,26.42,97.02,29.19,30.19,96.68,32.92,34.21,96.24,36.93,38.48,95.98,41.2,43.01,95.79,45.66,47.78,95.57,50.32,52.81,95.29,55.18,58.09,95,60.22,63.62,94.66
-1,11575,343,Shanee 2011,Ocurrencias,-77.76452778,-5.671805556,Precise,Peru,Neotropics,Atelidae,Oreonax,Oreonax flavicauda,Lagothrix_flavicauda,Transects,1,0,0,NA,0,2008,0, ,NA, ,Lagothrix flavicauda,Lagothrix flavicauda,7.25,D,114.5,AR,Frugivore,NA,NA,9,NA,NA,NA,NA,NA,NA,Polygyndry,Polygyndry, ,2Tropical_and_suptropical_moist_broadleaf_forest,0.737674631,0.79,93.38,1.46,1.54,94.67,2.43,2.54,95.48,3.61,3.8,95.06,5.07,5.31,95.39,NA,7.07,NA,8.71,9.08,95.97,10.83,11.34,95.53,13.21,13.85,95.38,15.84,16.62,95.29,18.68,19.63,95.17,21.8,22.9,95.19,25.2,26.42,95.4,28.84,30.19,95.54,32.77,34.21,95.78,36.9,38.48,95.89,41.3,43.01,96.02,45.97,47.78,96.21,50.86,52.81,96.31,55.96,58.09,96.33,61.31,63.62,96.37
-1,11576,343,Shanee 2011,Ocurrencias,-77.74652778,-5.668,Precise,Peru,Neotropics,Atelidae,Oreonax,Oreonax flavicauda,Lagothrix_flavicauda,Transects,1,0,0,NA,0,2008,0, ,NA, ,Lagothrix flavicauda,Lagothrix flavicauda,7.25,D,114.5,AR,Frugivore,NA,NA,9,NA,NA,NA,NA,NA,NA,Polygyndry,Polygyndry, ,2Tropical_and_suptropical_moist_broadleaf_forest,0.765253855,0.79,96.87,1.47,1.54,95.34,2.43,2.54,95.77,3.62,3.8,95.26,5.01,5.31,94.38,NA,7.07,NA,8.64,9.08,95.21,10.85,11.34,95.68,13.29,13.85,95.95,15.94,16.62,95.89,18.85,19.63,96,22.01,22.9,96.11,25.45,26.42,96.32,29.09,30.19,96.35,32.94,34.21,96.28,36.99,38.48,96.13,41.31,43.01,96.04,45.89,47.78,96.04,50.76,52.81,96.12,55.89,58.09,96.21,61.25,63.62,96.28
-1,11577,343,Shanee 2011,Ocurrencias,-77.59391667,-5.962083333,Precise,Peru,Neotropics,Atelidae,Oreonax,Oreonax flavicauda,Lagothrix_flavicauda,Transects,1,0,0,NA,0,2008,0, ,NA, ,Lagothrix flavicauda,Lagothrix flavicauda,7.25,D,114.5,AR,Frugivore,NA,NA,9,NA,NA,NA,NA,NA,NA,Polygyndry,Polygyndry, ,2Tropical_and_suptropical_moist_broadleaf_forest,0.772571514,0.79,97.79,1.51,1.54,98.16,2.5,2.54,98.41,3.73,3.8,98.2,5.21,5.31,98.14,NA,7.07,NA,8.92,9.08,98.19,11.14,11.34,98.2,13.6,13.85,98.22,16.3,16.62,98.09,19.18,19.63,97.68,22.26,22.9,97.22,25.65,26.42,97.08,29.3,30.19,97.05,33.22,34.21,97.1,37.36,38.48,97.09,41.74,43.01,97.05,46.32,47.78,96.94,51.07,52.81,96.7,55.91,58.09,96.24,60.89,63.62,95.71
-1,11578,343,Shanee 2011,Ocurrencias,-76.39352778,-9.258138889,Precise,Peru,Neotropics,Atelidae,Oreonax,Oreonax flavicauda,Lagothrix_flavicauda,Transects,0,0,0,NA,0,2008,0, ,NA, ,Lagothrix flavicauda,Lagothrix flavicauda,7.25,D,114.5,AR,Frugivore,NA,NA,9,NA,NA,NA,NA,NA,NA,Polygyndry,Polygyndry, ,2Tropical_and_suptropical_moist_broadleaf_forest,0.77198767,0.79,97.72,1.47,1.54,95.35,2.44,2.54,96.08,3.63,3.8,95.62,5.05,5.31,95.04,NA,7.07,NA,8.51,9.08,93.68,10.54,11.34,92.9,12.74,13.85,91.98,15.1,16.62,90.86,17.43,19.63,88.81,19.97,22.9,87.2,22.65,26.42,85.71,25.56,30.19,84.67,28.71,34.21,83.93,32.13,38.48,83.5,35.72,43.01,83.04,39.47,47.78,82.6,43.51,52.81,82.39,47.69,58.09,82.1,52.01,63.62,81.75
-1,11579,343,Shanee 2011,Ocurrencias,-76.87497222,-8.656388889,Precise,Peru,Neotropics,Atelidae,Oreonax,Oreonax flavicauda,Lagothrix_flavicauda,Transects,1,0,0,NA,0,2008,0, ,NA, ,Lagothrix flavicauda,Lagothrix flavicauda,7.25,D,114.5,AR,Frugivore,NA,NA,9,NA,NA,NA,NA,NA,NA,Polygyndry,Polygyndry, ,2Tropical_and_suptropical_moist_broadleaf_forest,0.540591031,0.79,68.43,1.12,1.54,72.49,1.87,2.54,73.79,2.88,3.8,75.72,4.18,5.31,78.69,NA,7.07,NA,6.69,9.08,73.63,8.16,11.34,71.94,9.86,13.85,71.16,11.64,16.62,70.04,13.6,19.63,69.27,15.91,22.9,69.47,18.55,26.42,70.2,21.39,30.19,70.84,24.32,34.21,71.08,27.49,38.48,71.43,30.97,43.01,72.01,34.76,47.78,72.76,38.76,52.81,73.39,42.87,58.09,73.81,47.44,63.62,74.57
-1,11580,343,Shanee 2011,Ocurrencias,-76.79111111,-8.651777778,Precise,Peru,Neotropics,Atelidae,Oreonax,Oreonax flavicauda,Lagothrix_flavicauda,Transects,1,0,0,NA,0,2008,0, ,NA, ,Lagothrix flavicauda,Lagothrix flavicauda,7.25,D,114.5,AR,Frugivore,NA,NA,9,NA,NA,NA,NA,NA,NA,Polygyndry,Polygyndry, ,2Tropical_and_suptropical_moist_broadleaf_forest,0.743225712,0.79,94.08,1.47,1.54,95.29,2.23,2.54,87.84,3.08,3.8,81.12,4.05,5.31,76.36,NA,7.07,NA,6.49,9.08,71.43,7.96,11.34,70.18,9.5,13.85,68.62,11.26,16.62,67.77,13.4,19.63,68.28,15.8,22.9,69.01,18.24,26.42,69.03,20.87,30.19,69.12,23.81,34.21,69.6,26.84,38.48,69.76,30.04,43.01,69.85,33.7,47.78,70.53,37.69,52.81,71.37,42.08,58.09,72.44,46.83,63.62,73.61
-1,11581,343,Shanee 2011,Ocurrencias,-76.696,-8.613333333,Precise,Peru,Neotropics,Atelidae,Oreonax,Oreonax flavicauda,Lagothrix_flavicauda,Transects,1,0,0,NA,0,2008,0, ,NA, ,Lagothrix flavicauda,Lagothrix flavicauda,7.25,D,114.5,AR,Frugivore,NA,NA,9,NA,NA,NA,NA,NA,NA,Polygyndry,Polygyndry, ,2Tropical_and_suptropical_moist_broadleaf_forest,0.646978821,0.79,81.9,1.28,1.54,83.13,1.96,2.54,77.1,2.88,3.8,75.92,4.09,5.31,77.12,NA,7.07,NA,7.35,9.08,80.9,9.33,11.34,82.31,11.5,13.85,83.06,13.98,16.62,84.15,16.85,19.63,85.83,19.91,22.9,86.96,23.05,26.42,87.25,26.39,30.19,87.42,30.12,34.21,88.04,34.07,38.48,88.54,38.34,43.01,89.14,42.82,47.78,89.62,47.43,52.81,89.82,52.23,58.09,89.91,57.28,63.62,90.04
-1,11582,343,Shanee 2011,Ocurrencias,-76.26594444,-9.740555556,Precise,Peru,Neotropics,Atelidae,Oreonax,Oreonax flavicauda,Lagothrix_flavicauda,Transects,0,0,0,NA,0,2008,0, ,NA, ,Lagothrix flavicauda,Lagothrix flavicauda,7.25,D,114.5,AR,Frugivore,NA,NA,9,NA,NA,NA,NA,NA,NA,Polygyndry,Polygyndry, ,2Tropical_and_suptropical_moist_broadleaf_forest,0.172569106,0.79,21.84,0.32,1.54,20.56,0.5,2.54,19.78,0.77,3.8,20.16,0.99,5.31,18.74,NA,7.07,NA,1.42,9.08,15.62,1.59,11.34,14.03,1.68,13.85,12.1,1.74,16.62,10.49,1.83,19.63,9.33,1.93,22.9,8.44,2.05,26.42,7.75,2.2,30.19,7.28,2.34,34.21,6.83,2.52,38.48,6.56,2.73,43.01,6.35,3.09,47.78,6.46,3.59,52.81,6.79,4.25,58.09,7.32,5.1,63.62,8.01
-1,11583,343,Shanee 2011,Ocurrencias,-77.14116667,-8.11725,Precise,Peru,Neotropics,Atelidae,Oreonax,Oreonax flavicauda,Lagothrix_flavicauda,Transects,1,0,0,NA,0,2008,0, ,NA, ,Lagothrix flavicauda,Lagothrix flavicauda,7.25,D,114.5,AR,Frugivore,NA,NA,9,NA,NA,NA,NA,NA,NA,Polygyndry,Polygyndry, ,2Tropical_and_suptropical_moist_broadleaf_forest,0.771733875,0.79,97.69,1.5,1.54,97.62,2.46,2.54,97,3.6,3.8,94.76,4.98,5.31,93.83,NA,7.07,NA,8.42,9.08,92.72,10.6,11.34,93.45,12.97,13.85,93.66,15.45,16.62,92.97,18.17,19.63,92.58,21.12,22.9,92.21,24.3,26.42,91.97,27.65,30.19,91.6,31.19,34.21,91.16,35.09,38.48,91.18,39.37,43.01,91.55,43.8,47.78,91.67,48.51,52.81,91.86,53.45,58.09,92.01,58.72,63.62,92.3
-1,11584,343,Shanee 2011,Ocurrencias,-77.18472222,-8.141888889,Precise,Peru,Neotropics,Atelidae,Oreonax,Oreonax flavicauda,Lagothrix_flavicauda,Transects,1,0,0,NA,0,2008,0, ,NA, ,Lagothrix flavicauda,Lagothrix flavicauda,7.25,D,114.5,AR,Frugivore,NA,NA,9,NA,NA,NA,NA,NA,NA,Polygyndry,Polygyndry, ,2Tropical_and_suptropical_moist_broadleaf_forest,0.772673573,0.79,97.81,1.51,1.54,97.99,2.49,2.54,98.21,3.72,3.8,97.77,5.19,5.31,97.75,NA,7.07,NA,8.86,9.08,97.56,11.07,11.34,97.59,13.52,13.85,97.62,16.21,16.62,97.56,19.14,19.63,97.48,22.31,22.9,97.44,25.66,26.42,97.12,29.24,30.19,96.86,32.88,34.21,96.12,36.7,38.48,95.37,40.67,43.01,94.56,44.8,47.78,93.77,49.2,52.81,93.17,53.8,58.09,92.61,58.26,63.62,91.58
