OID,N,N_study,Source,BASE,X,Y,Precise,Country,Realm,Family,Genus,Taxon,Taxon_ITIS,Sample_met,Ocurrence,N_groups,Abundanc_1,Abundance,Density,Sample_yea,Sampling_e,Sampling_1,ID_Todo,TRAITS,Taxon_IT_1,ITIS_SPECI,BodyMass_k,DielActivi,HomeRange_,Locomotion,TrophicGui,Brain_size,Canine_Dim,MeanGroupS,Interbirth,Gestation,WeaningAge,MaxLongevi,LitterSz,AdultSexRa,Social_Sys,Mating_Sys,FOREST,BIOME,Buffer_500,Area500,FC_500,Buffer_700,Area700,FC_700,Buffer_900,Area900,FC_900,Buffer_110,Area1100,FC1100,Buffer_130,Area1300,FC_1300,Buffer_150,Area1500,FC_1500,Buffer_170,Area1700,FC_1700,Buffer_190,Area1900,FC_1900,Buffer_210,Area2100,FC_2100,Buffer_230,Area2300,FC_2300,Buffer_250,Area2500,FC_2500,Buffer_270,Area2700,FC_2700,Buffer_290,Area2900,FC_2900,Buffer_310,Area3100,FC_3100,Buffer_330,Area3300,FC_3300,Buffer_350,Area3500,FC_3500,Buffer_370,Area3700,F_Buffer_3,Buffer_390,Area_3900,FC_3900,Buffer_410,Area4100,FC_4100,Buffer_430,Area4300,FC_4300,Buffer_450,Area4500,FC_4500
-1,11486,42,Aquino et al. 2015,Ocurrencias,-76.65541576,-8.654626191,Precise,Peru,Neotropics,Atelidae,Lagothrix,Lagothrix flavicauda,Lagothrix_flavicauda,Transects,0,1,0,NA,0,2014,151,km,NA, ,Lagothrix flavicauda,Lagothrix flavicauda,7.25,D,114.5,AR,Frugivore,NA,NA,9,NA,NA,NA,NA,NA,NA,Polygyndry,Polygyndry, ,2Tropical_and_suptropical_moist_broadleaf_forest,0.772616196,0.79,97.8,1.51,1.54,98.35,2.49,2.54,98.1,3.71,3.8,97.72,NA,5.31,NA,NA,7.07,NA,8.86,9.08,97.53,11.07,11.34,97.65,13.53,13.85,97.67,16.24,16.62,97.71,19.21,19.63,97.84,22.37,22.9,97.71,25.76,26.42,97.51,29.39,30.19,97.35,33.21,34.21,97.06,37.35,38.48,97.07,41.78,43.01,97.14,46.45,47.78,97.21,51.32,52.81,97.18,56.4,58.09,97.09,61.62,63.62,96.86
-1,11487,42,Aquino et al. 2015,Ocurrencias,-76.65437711,-8.65189107,Precise,Peru,Neotropics,Atelidae,Lagothrix,Lagothrix flavicauda,Lagothrix_flavicauda,Transects,1,1,6,NA,0,2014,151,km,NA, ,Lagothrix flavicauda,Lagothrix flavicauda,7.25,D,114.5,AR,Frugivore,NA,NA,9,NA,NA,NA,NA,NA,NA,Polygyndry,Polygyndry, ,2Tropical_and_suptropical_moist_broadleaf_forest,0.772677131,0.79,97.81,1.51,1.54,98.34,2.5,2.54,98.54,3.71,3.8,97.62,NA,5.31,NA,NA,7.07,NA,8.85,9.08,97.5,11.07,11.34,97.66,13.54,13.85,97.76,16.24,16.62,97.71,19.18,19.63,97.72,22.36,22.9,97.66,25.79,26.42,97.63,29.45,30.19,97.55,33.33,34.21,97.43,37.44,38.48,97.3,41.79,43.01,97.16,46.43,47.78,97.18,51.3,52.81,97.14,56.3,58.09,96.92,61.55,63.62,96.74
-1,11488,42,Aquino et al. 2015,Ocurrencias,-76.65402774,-8.65095225,Precise,Peru,Neotropics,Atelidae,Lagothrix,Lagothrix flavicauda,Lagothrix_flavicauda,Transects,0,1,0,NA,0,2014,151,km,NA, ,Lagothrix flavicauda,Lagothrix flavicauda,7.25,D,114.5,AR,Frugivore,NA,NA,9,NA,NA,NA,NA,NA,NA,Polygyndry,Polygyndry, ,2Tropical_and_suptropical_moist_broadleaf_forest,0.772661677,0.79,97.81,1.51,1.54,98.35,2.49,2.54,98.09,3.71,3.8,97.68,NA,5.31,NA,NA,7.07,NA,8.85,9.08,97.49,11.07,11.34,97.64,13.54,13.85,97.76,16.25,16.62,97.77,19.17,19.63,97.64,22.36,22.9,97.65,25.81,26.42,97.68,29.47,30.19,97.61,33.35,34.21,97.49,37.49,38.48,97.42,41.81,43.01,97.2,46.42,47.78,97.15,51.26,52.81,97.07,56.27,58.09,96.87,61.49,63.62,96.65
-1,11489,42,Aquino et al. 2015,Ocurrencias,-76.65544305,-8.654635115,Precise,Peru,Neotropics,Atelidae,Lagothrix,Lagothrix flavicauda,Lagothrix_flavicauda,Transects,0,1,0,NA,0,2014,151,km,NA, ,Lagothrix flavicauda,Lagothrix flavicauda,7.25,D,114.5,AR,Frugivore,NA,NA,9,NA,NA,NA,NA,NA,NA,Polygyndry,Polygyndry, ,2Tropical_and_suptropical_moist_broadleaf_forest,0.772685517,0.79,97.81,1.51,1.54,98.35,2.49,2.54,98.09,3.71,3.8,97.72,NA,5.31,NA,NA,7.07,NA,8.86,9.08,97.53,11.07,11.34,97.65,13.53,13.85,97.67,16.24,16.62,97.71,19.21,19.63,97.84,22.37,22.9,97.7,25.76,26.42,97.51,29.39,30.19,97.35,33.2,34.21,97.06,37.35,38.48,97.07,41.78,43.01,97.14,46.45,47.78,97.21,51.32,52.81,97.18,56.4,58.09,97.09,61.62,63.62,96.85
-1,11490,42,Aquino et al. 2015,Ocurrencias,-76.65451608,-8.6525053,Precise,Peru,Neotropics,Atelidae,Lagothrix,Lagothrix flavicauda,Lagothrix_flavicauda,Transects,1,1,13,NA,0,2014,151,km,NA, ,Lagothrix flavicauda,Lagothrix flavicauda,7.25,D,114.5,AR,Frugivore,NA,NA,9,NA,NA,NA,NA,NA,NA,Polygyndry,Polygyndry, ,2Tropical_and_suptropical_moist_broadleaf_forest,0.772651632,0.79,97.8,1.51,1.54,98.35,2.5,2.54,98.57,3.71,3.8,97.58,NA,5.31,NA,NA,7.07,NA,8.85,9.08,97.51,11.07,11.34,97.66,13.54,13.85,97.74,16.24,16.62,97.71,19.2,19.63,97.79,22.37,22.9,97.68,25.79,26.42,97.6,29.45,30.19,97.55,33.32,34.21,97.39,37.41,38.48,97.21,41.79,43.01,97.17,46.44,47.78,97.19,51.32,52.81,97.18,56.34,58.09,96.99,61.59,63.62,96.81
-1,11491,42,Aquino et al. 2015,Ocurrencias,-76.65542496,-8.654653276,Precise,Peru,Neotropics,Atelidae,Lagothrix,Lagothrix flavicauda,Lagothrix_flavicauda,Transects,0,1,0,NA,0,2014,151,km,NA, ,Lagothrix flavicauda,Lagothrix flavicauda,7.25,D,114.5,AR,Frugivore,NA,NA,9,NA,NA,NA,NA,NA,NA,Polygyndry,Polygyndry, ,2Tropical_and_suptropical_moist_broadleaf_forest,0.772699349,0.79,97.81,1.51,1.54,98.34,2.49,2.54,98.09,3.71,3.8,97.72,NA,5.31,NA,NA,7.07,NA,8.86,9.08,97.53,11.07,11.34,97.65,13.53,13.85,97.67,16.24,16.62,97.71,19.21,19.63,97.84,22.37,22.9,97.71,25.76,26.42,97.51,29.39,30.19,97.35,33.2,34.21,97.06,37.35,38.48,97.07,41.78,43.01,97.14,46.45,47.78,97.21,51.32,52.81,97.18,56.4,58.09,97.09,61.62,63.62,96.86
-1,11492,42,Aquino et al. 2015,Ocurrencias,-76.65522263,-8.654093571,Precise,Peru,Neotropics,Atelidae,Lagothrix,Lagothrix flavicauda,Lagothrix_flavicauda,Transects,1,1,23,NA,0,2014,151,km,NA, ,Lagothrix flavicauda,Lagothrix flavicauda,7.25,D,114.5,AR,Frugivore,NA,NA,9,NA,NA,NA,NA,NA,NA,Polygyndry,Polygyndry, ,2Tropical_and_suptropical_moist_broadleaf_forest,0.77265886,0.79,97.8,1.51,1.54,98.35,2.5,2.54,98.29,3.71,3.8,97.71,NA,5.31,NA,NA,7.07,NA,8.86,9.08,97.53,11.08,11.34,97.67,13.53,13.85,97.66,16.24,16.62,97.71,19.2,19.63,97.83,22.38,22.9,97.72,25.76,26.42,97.5,29.41,30.19,97.42,33.24,34.21,97.16,37.35,38.48,97.07,41.79,43.01,97.15,46.45,47.78,97.21,51.31,52.81,97.17,56.38,58.09,97.06,61.62,63.62,96.86
-1,11493,42,Aquino et al. 2015,Ocurrencias,-76.66153287,-8.646860057,Precise,Peru,Neotropics,Atelidae,Lagothrix,Lagothrix flavicauda,Lagothrix_flavicauda,Transects,1,1,6,NA,0,2014,151,km,NA, ,Lagothrix flavicauda,Lagothrix flavicauda,7.25,D,114.5,AR,Frugivore,NA,NA,9,NA,NA,NA,NA,NA,NA,Polygyndry,Polygyndry, ,2Tropical_and_suptropical_moist_broadleaf_forest,0.772714917,0.79,97.81,1.51,1.54,97.94,2.49,2.54,97.87,3.72,3.8,97.81,NA,5.31,NA,NA,7.07,NA,8.84,9.08,97.31,11.05,11.34,97.4,13.5,13.85,97.48,16.2,16.62,97.49,19.15,19.63,97.53,22.33,22.9,97.51,25.74,26.42,97.41,29.37,30.19,97.29,33.2,34.21,97.05,37.18,38.48,96.61,41.43,43.01,96.34,45.92,47.78,96.1,50.63,52.81,95.87,55.48,58.09,95.51,60.52,63.62,95.12
-1,11494,42,Aquino et al. 2015,Ocurrencias,-76.63293549,-8.601403692,Precise,Peru,Neotropics,Atelidae,Lagothrix,Lagothrix flavicauda,Lagothrix_flavicauda,Transects,0,1,0,NA,0,2014,116,km,NA, ,Lagothrix flavicauda,Lagothrix flavicauda,7.25,D,114.5,AR,Frugivore,NA,NA,9,NA,NA,NA,NA,NA,NA,Polygyndry,Polygyndry, ,2Tropical_and_suptropical_moist_broadleaf_forest,0.755367952,0.79,95.62,1.49,1.54,97.02,2.44,2.54,96.03,3.6,3.8,94.73,NA,5.31,NA,NA,7.07,NA,8.44,9.08,92.91,10.56,11.34,93.15,12.97,13.85,93.61,15.57,16.62,93.67,18.42,19.63,93.83,21.4,22.9,93.43,24.6,26.42,93.09,27.98,30.19,92.67,31.77,34.21,92.86,35.74,38.48,92.88,39.97,43.01,92.93,44.41,47.78,92.95,49.07,52.81,92.91,53.88,58.09,92.75,58.9,63.62,92.57
-1,11495,42,Aquino et al. 2015,Ocurrencias,-76.62666274,-8.602533356,Precise,Peru,Neotropics,Atelidae,Lagothrix,Lagothrix flavicauda,Lagothrix_flavicauda,Transects,0,1,0,NA,0,2014,116,km,NA, ,Lagothrix flavicauda,Lagothrix flavicauda,7.25,D,114.5,AR,Frugivore,NA,NA,9,NA,NA,NA,NA,NA,NA,Polygyndry,Polygyndry, ,2Tropical_and_suptropical_moist_broadleaf_forest,0.745615726,0.79,94.38,1.47,1.54,95.76,2.44,2.54,96.25,3.64,3.8,95.75,NA,5.31,NA,NA,7.07,NA,8.38,9.08,92.3,10.49,11.34,92.48,12.85,13.85,92.77,15.39,16.62,92.57,18.19,19.63,92.67,21.34,22.9,93.18,24.63,26.42,93.21,28.14,30.19,93.22,31.84,34.21,93.07,35.66,38.48,92.66,39.65,43.01,92.2,43.91,47.78,91.9,48.57,52.81,91.96,53.52,58.09,92.13,58.7,63.62,92.27
-1,11496,42,Aquino et al. 2015,Ocurrencias,-76.62501133,-8.600876646,Precise,Peru,Neotropics,Atelidae,Lagothrix,Lagothrix flavicauda,Lagothrix_flavicauda,Transects,1,1,20,NA,0,2014,116,km,NA, ,Lagothrix flavicauda,Lagothrix flavicauda,7.25,D,114.5,AR,Frugivore,NA,NA,9,NA,NA,NA,NA,NA,NA,Polygyndry,Polygyndry, ,2Tropical_and_suptropical_moist_broadleaf_forest,0.772556866,0.79,97.79,1.49,1.54,96.44,2.46,2.54,96.87,3.68,3.8,96.79,NA,5.31,NA,NA,7.07,NA,8.49,9.08,93.49,10.55,11.34,93.03,12.81,13.85,92.49,15.35,16.62,92.38,18.2,19.63,92.73,21.3,22.9,93.02,24.63,26.42,93.24,28.14,30.19,93.2,31.79,34.21,92.92,35.66,38.48,92.68,39.73,43.01,92.37,43.91,47.78,91.91,48.41,52.81,91.68,53.37,58.09,91.87,58.52,63.62,91.98
-1,11497,42,Aquino et al. 2015,Ocurrencias,-76.62417931,-8.599632391,Precise,Peru,Neotropics,Atelidae,Lagothrix,Lagothrix flavicauda,Lagothrix_flavicauda,Transects,0,1,0,NA,0,2014,116,km,NA, ,Lagothrix flavicauda,Lagothrix flavicauda,7.25,D,114.5,AR,Frugivore,NA,NA,9,NA,NA,NA,NA,NA,NA,Polygyndry,Polygyndry, ,2Tropical_and_suptropical_moist_broadleaf_forest,0.770915775,0.79,97.58,1.51,1.54,98.17,2.47,2.54,97.14,3.68,3.8,96.93,NA,5.31,NA,NA,7.07,NA,8.57,9.08,94.38,10.6,11.34,93.43,12.84,13.85,92.69,15.39,16.62,92.62,18.21,19.63,92.75,21.32,22.9,93.1,24.64,26.42,93.26,28.15,30.19,93.23,31.79,34.21,92.93,35.64,38.48,92.61,39.74,43.01,92.39,43.94,47.78,91.97,48.39,52.81,91.64,53.29,58.09,91.73,58.46,63.62,91.89
-1,11498,42,Aquino et al. 2015,Ocurrencias,-76.62415191,-8.59959634,Precise,Peru,Neotropics,Atelidae,Lagothrix,Lagothrix flavicauda,Lagothrix_flavicauda,Transects,0,1,0,NA,0,2014,116,km,NA, ,Lagothrix flavicauda,Lagothrix flavicauda,7.25,D,114.5,AR,Frugivore,NA,NA,9,NA,NA,NA,NA,NA,NA,Polygyndry,Polygyndry, ,2Tropical_and_suptropical_moist_broadleaf_forest,0.770922781,0.79,97.59,1.51,1.54,98.18,2.47,2.54,97.15,3.68,3.8,96.94,NA,5.31,NA,NA,7.07,NA,8.57,9.08,94.42,10.6,11.34,93.43,12.84,13.85,92.7,15.39,16.62,92.62,18.21,19.63,92.75,21.32,22.9,93.1,24.64,26.42,93.26,28.14,30.19,93.23,31.79,34.21,92.93,35.63,38.48,92.61,39.74,43.01,92.39,43.94,47.78,91.97,48.39,52.81,91.64,53.28,58.09,91.72,58.46,63.62,91.89
-1,11499,43,Aquino et al. 2017,Ocurrencias,-76.87361111,-8.161666667,Precise,Peru,Neotropics,Atelidae,Lagothrix,Lagothrix flavicauda,Lagothrix_flavicauda, ,1,2,0,NA,0,2016,138,km,NA, ,Lagothrix flavicauda,Lagothrix flavicauda,7.25,D,114.5,AR,Frugivore,NA,NA,9,NA,NA,NA,NA,NA,NA,Polygyndry,Polygyndry, ,2Tropical_and_suptropical_moist_broadleaf_forest,0.772671098,0.79,97.81,1.51,1.54,98.34,2.5,2.54,98.57,3.74,3.8,98.39,NA,5.31,NA,6.95,7.07,98.34,8.93,9.08,98.36,11.14,11.34,98.22,13.58,13.85,98.05,16.29,16.62,97.99,19.21,19.63,97.88,22.33,22.9,97.53,25.73,26.42,97.4,29.41,30.19,97.41,33.29,34.21,97.3,37.39,38.48,97.16,41.73,43.01,97.01,46.28,47.78,96.86,51.06,52.81,96.68,56.13,58.09,96.62,61.42,63.62,96.54
-1,11500,43,Aquino et al. 2017,Ocurrencias,-76.83166667,-8.441388889,Precise,Peru,Neotropics,Atelidae,Lagothrix,Lagothrix flavicauda,Lagothrix_flavicauda, ,1,4,0,NA,0,2016,182,km,NA, ,Lagothrix flavicauda,Lagothrix flavicauda,7.25,D,114.5,AR,Frugivore,NA,NA,9,NA,NA,NA,NA,NA,NA,Polygyndry,Polygyndry, ,2Tropical_and_suptropical_moist_broadleaf_forest,0.684124761,0.79,86.6,1.37,1.54,88.83,2.26,2.54,89.14,3.44,3.8,90.57,NA,5.31,NA,6.59,7.07,93.26,8.54,9.08,94.01,10.68,11.34,94.16,13.07,13.85,94.39,15.63,16.62,94.04,18.5,19.63,94.25,21.65,22.9,94.55,25.05,26.42,94.8,28.7,30.19,95.08,32.54,34.21,95.11,36.66,38.48,95.28,41.01,43.01,95.36,45.66,47.78,95.56,50.59,52.81,95.79,55.67,58.09,95.83,61,63.62,95.87
-1,11501,43,Aquino et al. 2017,Ocurrencias,-76.58166667,-8.476944444,Precise,Peru,Neotropics,Atelidae,Lagothrix,Lagothrix flavicauda,Lagothrix_flavicauda, ,1,2,0,NA,0,2016,106,km,NA, ,Lagothrix flavicauda,Lagothrix flavicauda,7.25,D,114.5,AR,Frugivore,NA,NA,9,NA,NA,NA,NA,NA,NA,Polygyndry,Polygyndry, ,2Tropical_and_suptropical_moist_broadleaf_forest,0.63619453,0.79,80.53,1.32,1.54,85.45,2.27,2.54,89.24,3.34,3.8,88.01,NA,5.31,NA,6.37,7.07,90.06,8.27,9.08,91.05,10.43,11.34,91.96,12.81,13.85,92.49,15.37,16.62,92.51,18.19,19.63,92.66,21.21,22.9,92.62,24.55,26.42,92.91,28.13,30.19,93.16,31.98,34.21,93.49,35.94,38.48,93.4,40.05,43.01,93.11,44.45,47.78,93.02,49.16,52.81,93.09,54.23,58.09,93.35,59.49,63.62,93.51
-1,11502,43,Aquino et al. 2017,Ocurrencias,-76.50027778,-8.615555556,Precise,Peru,Neotropics,Atelidae,Lagothrix,Lagothrix flavicauda,Lagothrix_flavicauda, ,1,1,0,NA,0,2015,129,km,NA, ,Lagothrix flavicauda,Lagothrix flavicauda,7.25,D,114.5,AR,Frugivore,NA,NA,9,NA,NA,NA,NA,NA,NA,Polygyndry,Polygyndry, ,2Tropical_and_suptropical_moist_broadleaf_forest,0.76466388,0.79,96.79,1.51,1.54,97.83,2.5,2.54,98.25,3.73,3.8,98.21,NA,5.31,NA,NA,7.07,NA,8.92,9.08,98.27,11.15,11.34,98.31,13.62,13.85,98.34,16.34,16.62,98.32,19.31,19.63,98.36,22.52,22.9,98.33,25.98,26.42,98.32,29.67,30.19,98.29,33.62,34.21,98.26,37.82,38.48,98.28,42.25,43.01,98.24,46.87,47.78,98.09,51.8,52.81,98.09,56.97,58.09,98.06,62.28,63.62,97.9
-1,11503,43,Aquino et al. 2017,Ocurrencias,-76.56083333,-9.241944444,Precise,Peru,Neotropics,Atelidae,Lagothrix,Lagothrix flavicauda,Lagothrix_flavicauda, ,0,0,0,NA,0,2016,160,km,NA, ,Lagothrix flavicauda,Lagothrix flavicauda,7.25,D,114.5,AR,Frugivore,NA,NA,9,NA,NA,NA,NA,NA,NA,Polygyndry,Polygyndry, ,2Tropical_and_suptropical_moist_broadleaf_forest,0.593022592,0.79,75.07,1.23,1.54,79.64,2.13,2.54,83.75,3.25,3.8,85.62,NA,5.31,NA,6.17,7.07,87.21,7.97,9.08,87.77,10.06,11.34,88.69,12.25,13.85,88.48,14.59,16.62,87.76,17.2,19.63,87.64,20.07,22.9,87.65,23.27,26.42,88.06,26.63,30.19,88.22,30.28,34.21,88.51,34.24,38.48,88.98,38.42,43.01,89.32,42.87,47.78,89.72,47.54,52.81,90.02,52.41,58.09,90.22,57.6,63.62,90.54
-1,11504,43,Aquino et al. 2017,Ocurrencias,-75.67138889,-9.738333333,Precise,Peru,Neotropics,Atelidae,Lagothrix,Lagothrix flavicauda,Lagothrix_flavicauda, ,1,5,0,NA,0,2016,213,km,NA, ,Lagothrix flavicauda,Lagothrix flavicauda,7.25,D,114.5,AR,Frugivore,NA,NA,9,NA,NA,NA,NA,NA,NA,Polygyndry,Polygyndry, ,2Tropical_and_suptropical_moist_broadleaf_forest,0.643790513,0.79,81.49,1.27,1.54,82.29,2.12,2.54,83.4,3.22,3.8,84.71,NA,5.31,NA,6.11,7.07,86.41,7.91,9.08,87.13,10.01,11.34,88.25,12.31,13.85,88.86,14.86,16.62,89.42,17.65,19.63,89.9,20.62,22.9,90.04,23.86,26.42,90.3,27.4,30.19,90.75,31.07,34.21,90.83,34.97,38.48,90.87,39.03,43.01,90.76,43.36,47.78,90.75,48.03,52.81,90.94,52.9,58.09,91.07,58.08,63.62,91.29
