OID,N,N_study,Source,BASE,X,Y,Precise,Country,Realm,Family,Genus,Taxon,Taxon_ITIS,Sample_met,Ocurrence,N_groups,Abundanc_1,Abundance,Density,Sample_yea,Sampling_e,Sampling_1,ID_Todo,TRAITS,Taxon_IT_1,ITIS_SPECI,BodyMass_k,DielActivi,HomeRange_,Locomotion,TrophicGui,Brain_size,Canine_Dim,MeanGroupS,Interbirth,Gestation,WeaningAge,MaxLongevi,LitterSz,AdultSexRa,Social_Sys,Mating_Sys,FOREST,BIOME,Buffer_500,Area500,FC_500,Buffer_700,Area700,FC_700,Buffer_900,Area900,FC_900,Buffer_110,Area1100,FC1100,Buffer_130,Area1300,FC_1300,Buffer_150,Area1500,FC_1500,Buffer_170,Area1700,FC_1700,Buffer_190,Area1900,FC_1900,Buffer_210,Area2100,FC_2100,Buffer_230,Area2300,FC_2300,Buffer_250,Area2500,FC_2500,Buffer_270,Area2700,FC_2700,Buffer_290,Area2900,FC_2900,Buffer_310,Area3100,FC_3100,Buffer_330,Area3300,FC_3300,Buffer_350,Area3500,FC_3500,Buffer_370,Area3700,F_Buffer_3,Buffer_390,Area_3900,FC_3900,Buffer_410,Area4100,FC_4100,Buffer_430,Area4300,FC_4300,Buffer_450,Area4500,FC_4500
-1,11924,630,Axel & Maurer 2011,Ocurrencias,44.63383056,-23.64595556,Precise,Madagascar,Madagascar,Lemuridae,Lemur,Lemur catta,Lemur_catta,"9 plots, goodnes of fit",1,17,9,Average group size,2.7,2007,120,Puntos muestreados,NA, ,Lemur catta,Lemur catta,2.21,D,15.6,BOTH,Folivore_frugivore,22.9,1.186,17,468.41,135,126.51,360,1.18,1.23,Polygyndry,Polygyndry, ,10Deserts and Xeric Shrublands,0.032936936,0.79,4.17,0.04,1.54,2.49,0.08,2.54,3.25,0.09,3.8,2.33,0.09,5.31,1.74,0.1,7.07,1.36,0.1,9.08,1.06,0.1,11.34,0.85,0.1,13.85,0.69,0.1,16.62,0.58,0.1,19.63,0.49,0.1,22.9,0.42,0.1,26.42,0.37,0.1,30.19,0.35,0.1,34.21,0.3,0.1,38.48,0.27,0.1,43.01,0.24,0.1,47.78,0.22,0.11,52.81,0.21,0.12,58.09,0.2,0.12,63.62,0.19
-1,11925,630,Axel & Maurer 2011,Ocurrencias,44.63110278,-23.65241111,Precise,Madagascar,Madagascar,Lemuridae,Lemur,Lemur catta,Lemur_catta,"9 plots, goodnes of fit",1,18,9.7,Average group size,3.6,2007,106,Puntos muestreados,NA, ,Lemur catta,Lemur catta,2.21,D,15.6,BOTH,Folivore_frugivore,22.9,1.186,17,468.41,135,126.51,360,1.18,1.23,Polygyndry,Polygyndry, ,10Deserts and Xeric Shrublands,0.052521227,0.79,6.65,0.05,1.54,3.41,0.07,2.54,2.63,0.08,3.8,2.05,0.09,5.31,1.67,0.09,7.07,1.25,0.09,9.08,0.98,0.09,11.34,0.78,0.09,13.85,0.68,0.1,16.62,0.63,0.1,19.63,0.53,0.1,22.9,0.46,0.1,26.42,0.39,0.1,30.19,0.35,0.11,34.21,0.31,0.12,38.48,0.31,0.12,43.01,0.29,0.12,47.78,0.26,0.12,52.81,0.23,0.12,58.09,0.21,0.13,63.62,0.21
-1,11926,630,Axel & Maurer 2011,Ocurrencias,44.62860278,-23.65855278,Precise,Madagascar,Madagascar,Lemuridae,Lemur,Lemur catta,Lemur_catta,"9 plots, goodnes of fit",1,9,7,Average group size,2.2,2007,62,Puntos muestreados,NA, ,Lemur catta,Lemur catta,2.21,D,15.6,BOTH,Folivore_frugivore,22.9,1.186,17,468.41,135,126.51,360,1.18,1.23,Polygyndry,Polygyndry, ,10Deserts and Xeric Shrublands,0,0.79,0,0.02,1.54,1.5,0.05,2.54,2.07,0.05,3.8,1.38,0.05,5.31,0.99,0.06,7.07,0.91,0.08,9.08,0.93,0.09,11.34,0.81,0.1,13.85,0.7,0.1,16.62,0.58,0.1,19.63,0.49,0.11,22.9,0.47,0.12,26.42,0.46,0.12,30.19,0.41,0.12,34.21,0.36,0.12,38.48,0.32,0.12,43.01,0.29,0.13,47.78,0.28,0.14,52.81,0.26,0.15,58.09,0.27,0.16,63.62,0.26
-1,11927,630,Axel & Maurer 2011,Ocurrencias,44.62655556,-23.64543611,Precise,Madagascar,Madagascar,Lemuridae,Lemur,Lemur catta,Lemur_catta,"9 plots, goodnes of fit",1,1,7,Average group size,0.2,2007,42,Puntos muestreados,NA, ,Lemur catta,Lemur catta,2.21,D,15.6,BOTH,Folivore_frugivore,22.9,1.186,17,468.41,135,126.51,360,1.18,1.23,Polygyndry,Polygyndry, ,10Deserts and Xeric Shrublands,0,0.79,0,0.01,1.54,0.64,0.04,2.54,1.4,0.07,3.8,1.79,0.09,5.31,1.67,0.09,7.07,1.25,0.09,9.08,1.02,0.1,11.34,0.85,0.1,13.85,0.69,0.1,16.62,0.58,0.1,19.63,0.49,0.1,22.9,0.42,0.1,26.42,0.39,0.1,30.19,0.35,0.1,34.21,0.3,0.1,38.48,0.27,0.1,43.01,0.24,0.1,47.78,0.22,0.12,52.81,0.22,0.13,58.09,0.22,0.13,63.62,0.21
-1,11928,630,Axel & Maurer 2011,Ocurrencias,44.62576111,-23.65095278,Precise,Madagascar,Madagascar,Lemuridae,Lemur,Lemur catta,Lemur_catta,"9 plots, goodnes of fit",1,6,8.5,Average group size,0.8,2007,54,Puntos muestreados,NA, ,Lemur catta,Lemur catta,2.21,D,15.6,BOTH,Folivore_frugivore,22.9,1.186,17,468.41,135,126.51,360,1.18,1.23,Polygyndry,Polygyndry, ,10Deserts and Xeric Shrublands,0.019817802,0.79,2.51,0.05,1.54,2.98,0.06,2.54,2.19,0.06,3.8,1.64,0.07,5.31,1.3,0.09,7.07,1.23,0.09,9.08,0.98,0.09,11.34,0.78,0.09,13.85,0.64,0.1,16.62,0.63,0.1,19.63,0.53,0.1,22.9,0.46,0.1,26.42,0.39,0.1,30.19,0.35,0.1,34.21,0.3,0.11,38.48,0.28,0.12,43.01,0.28,0.12,47.78,0.26,0.13,52.81,0.24,0.13,58.09,0.22,0.13,63.62,0.21
-1,11929,630,Axel & Maurer 2011,Ocurrencias,44.623375,-23.65834444,Precise,Madagascar,Madagascar,Lemuridae,Lemur,Lemur catta,Lemur_catta,"9 plots, goodnes of fit",1,1,11,Average group size,0.5,2007,24,Puntos muestreados,NA, ,Lemur catta,Lemur catta,2.21,D,15.6,BOTH,Folivore_frugivore,22.9,1.186,17,468.41,135,126.51,360,1.18,1.23,Polygyndry,Polygyndry, ,10Deserts and Xeric Shrublands,0,0.79,0,0,1.54,0,0.01,2.54,0.23,0.05,3.8,1.26,0.05,5.31,1,0.06,7.07,0.86,0.06,9.08,0.71,0.08,11.34,0.67,0.09,13.85,0.62,0.1,16.62,0.58,0.1,19.63,0.49,0.1,22.9,0.44,0.12,26.42,0.44,0.12,30.19,0.41,0.12,34.21,0.36,0.12,38.48,0.32,0.12,43.01,0.29,0.12,47.78,0.26,0.13,52.81,0.25,0.14,58.09,0.24,0.15,63.62,0.24
-1,11930,630,Axel & Maurer 2011,Ocurrencias,44.610875,-23.65730278,Precise,Madagascar,Madagascar,Lemuridae,Lemur,Lemur catta,Lemur_catta,"9 plots, goodnes of fit",1,8,13.3,Average group size,0.5,2007,178,Puntos muestreados,NA, ,Lemur catta,Lemur catta,2.21,D,15.6,BOTH,Folivore_frugivore,22.9,1.186,17,468.41,135,126.51,360,1.18,1.23,Polygyndry,Polygyndry, ,10Deserts and Xeric Shrublands,0,0.79,0,0,1.54,0,0,2.54,0,0,3.8,0,0,5.31,0,0,7.07,0,0,9.08,0,0,11.34,0,0.03,13.85,0.25,0.06,16.62,0.36,0.06,19.63,0.31,0.07,22.9,0.31,0.08,26.42,0.29,0.09,30.19,0.3,0.11,34.21,0.32,0.12,38.48,0.31,0.12,43.01,0.28,0.13,47.78,0.27,0.13,52.81,0.24,0.13,58.09,0.22,0.13,63.62,0.21
-1,11931,630,Axel & Maurer 2011,Ocurrencias,44.60604444,-23.66900278,Precise,Madagascar,Madagascar,Lemuridae,Lemur,Lemur catta,Lemur_catta,"9 plots, goodnes of fit",1,1,0,Average group size,0,2007,106,Puntos muestreados,NA, ,Lemur catta,Lemur catta,2.21,D,15.6,BOTH,Folivore_frugivore,22.9,1.186,17,468.41,135,126.51,360,1.18,1.23,Polygyndry,Polygyndry, ,10Deserts and Xeric Shrublands,0,0.79,0,0,1.54,0,0,2.54,0,0,3.8,0,0,5.31,0,0,7.07,0,0,9.08,0,0.01,11.34,0.07,0.01,13.85,0.06,0.01,16.62,0.07,0.01,19.63,0.07,0.01,22.9,0.06,0.03,26.42,0.1,0.05,30.19,0.16,0.08,34.21,0.23,0.08,38.48,0.22,0.08,43.01,0.2,0.1,47.78,0.21,0.11,52.81,0.2,0.12,58.09,0.21,0.14,63.62,0.22
-1,11932,630,Axel & Maurer 2011,Ocurrencias,44.59740556,-23.67805833,Precise,Madagascar,Madagascar,Lemuridae,Lemur,Lemur catta,Lemur_catta,"9 plots, goodnes of fit",0,0,0,Average group size,0,2007,116,Puntos muestreados,NA, ,Lemur catta,Lemur catta,2.21,D,15.6,BOTH,Folivore_frugivore,22.9,1.186,17,468.41,135,126.51,360,1.18,1.23,Polygyndry,Polygyndry, ,10Deserts and Xeric Shrublands,0,0.79,0,0,1.54,0,0,2.54,0,0,3.8,0,0,5.31,0,0,7.07,0,0,9.08,0,0,11.34,0,0,13.85,0,0,16.62,0,0,19.63,0,0,22.9,0.02,0.01,26.42,0.05,0.02,30.19,0.07,0.04,34.21,0.11,0.04,38.48,0.1,0.04,43.01,0.09,0.04,47.78,0.08,0.04,52.81,0.07,0.04,58.09,0.07,0.11,63.62,0.17
