OID,N,N_study,Source,BASE,X,Y,Precise,Country,Realm,Family,Genus,Taxon,Taxon_ITIS,Sample_met,Ocurrence,N_groups,Abundanc_1,Abundance,Density,Sample_yea,Sampling_e,Sampling_1,ID_Todo,TRAITS,Taxon_IT_1,ITIS_SPECI,BodyMass_k,DielActivi,HomeRange_,Locomotion,TrophicGui,Brain_size,Canine_Dim,MeanGroupS,Interbirth,Gestation,WeaningAge,MaxLongevi,LitterSz,AdultSexRa,Social_Sys,Mating_Sys,FOREST,BIOME,Buffer_500,Area500,FC_500,Buffer_700,Area700,FC_700,Buffer_900,Area900,FC_900,Buffer_110,Area1100,FC1100,Buffer_130,Area1300,FC_1300,Buffer_150,Area1500,FC_1500,Buffer_170,Area1700,FC_1700,Buffer_190,Area1900,FC_1900,Buffer_210,Area2100,FC_2100,Buffer_230,Area2300,FC_2300,Buffer_250,Area2500,FC_2500,Buffer_270,Area2700,FC_2700,Buffer_290,Area2900,FC_2900,Buffer_310,Area3100,FC_3100,Buffer_330,Area3300,FC_3300,Buffer_350,Area3500,FC_3500,Buffer_370,Area3700,F_Buffer_3,Buffer_390,Area_3900,FC_3900,Buffer_410,Area4100,FC_4100,Buffer_430,Area4300,FC_4300,Buffer_450,Area4500,FC_4500
-1,11878,273,Gould & Sauther 2016,Ocurrencias,46.84786667,-21.85214444,Precise,Madagascar,Madagascar,Lemuridae,Lemur,Lemur catta,Lemur_catta,Census,1,0,210,N individuals,6.2,2013,0, ,NA, ,Lemur catta,Lemur catta,2.21,D,15.6,BOTH,Folivore_frugivore,22.9,1.186,17,468.41,135,126.51,360,1.18,1.23,Polygyndry,Polygyndry, ,2Tropical_and_suptropical_moist_broadleaf_forest,0.176889599,0.79,22.39,0.3,1.54,19.38,0.35,2.54,13.87,0.39,3.8,10.14,NA,5.31,NA,NA,7.07,NA,0.47,9.08,5.22,0.52,11.34,4.61,0.58,13.85,4.2,0.68,16.62,4.09,0.74,19.63,3.76,0.76,22.9,3.33,0.79,26.42,3,0.82,30.19,2.72,0.84,34.21,2.44,0.84,38.48,2.17,0.84,43.01,1.96,0.86,47.78,1.81,0.9,52.81,1.7,0.9,58.09,1.55,0.9,63.62,1.42
-1,11879,273,Gould & Sauther 2016,Ocurrencias,46.86813056,-21.7859,Precise,Madagascar,Madagascar,Lemuridae,Lemur,Lemur catta,Lemur_catta,Census,1,0,30,N individuals,3.8,2013,0, ,NA, ,Lemur catta,Lemur catta,2.21,D,15.6,BOTH,Folivore_frugivore,22.9,1.186,17,468.41,135,126.51,360,1.18,1.23,Polygyndry,Polygyndry, ,2Tropical_and_suptropical_moist_broadleaf_forest,0.082335152,0.79,10.42,0.08,1.54,5.35,0.08,2.54,3.24,0.08,3.8,2.17,NA,5.31,NA,NA,7.07,NA,0.09,9.08,1.01,0.09,11.34,0.81,0.09,13.85,0.66,0.09,16.62,0.55,0.1,19.63,0.51,0.12,22.9,0.54,0.15,26.42,0.55,0.15,30.19,0.51,0.19,34.21,0.55,0.2,38.48,0.52,0.22,43.01,0.5,0.22,47.78,0.46,0.33,52.81,0.62,0.41,58.09,0.71,0.44,63.62,0.68
-1,11880,273,Gould & Sauther 2016,Ocurrencias,46.82903611,-21.79043056,Precise,Madagascar,Madagascar,Lemuridae,Lemur,Lemur catta,Lemur_catta,Census,1,0,21,N individuals,1.03,2013,0, ,NA, ,Lemur catta,Lemur catta,2.21,D,15.6,BOTH,Folivore_frugivore,22.9,1.186,17,468.41,135,126.51,360,1.18,1.23,Polygyndry,Polygyndry, ,2Tropical_and_suptropical_moist_broadleaf_forest,0.075535415,0.79,9.56,0.11,1.54,6.91,0.11,2.54,4.19,0.11,3.8,3.02,NA,5.31,NA,NA,7.07,NA,0.15,9.08,1.61,0.16,11.34,1.44,0.17,13.85,1.24,0.19,16.62,1.17,0.2,19.63,1.04,0.2,22.9,0.89,0.2,26.42,0.77,0.2,30.19,0.68,0.24,34.21,0.71,0.26,38.48,0.69,0.27,43.01,0.63,0.27,47.78,0.56,0.32,52.81,0.6,0.37,58.09,0.63,0.39,63.62,0.61
-1,11881,273,Gould & Sauther 2016,Ocurrencias,46.92681944,-21.95560278,Precise,Madagascar,Madagascar,Lemuridae,Lemur,Lemur catta,Lemur_catta,Census,1,0,30,N individuals,1.7,2013,0, ,NA, ,Lemur catta,Lemur catta,2.21,D,15.6,BOTH,Folivore_frugivore,22.9,1.186,17,468.41,135,126.51,360,1.18,1.23,Polygyndry,Polygyndry, ,2Tropical_and_suptropical_moist_broadleaf_forest,0.087575097,0.79,11.09,0.1,1.54,6.31,0.1,2.54,3.95,0.12,3.8,3.07,NA,5.31,NA,NA,7.07,NA,0.41,9.08,4.51,0.6,11.34,5.26,0.9,13.85,6.5,1.3,16.62,7.84,1.74,19.63,8.87,2.1,22.9,9.15,2.38,26.42,9.01,2.65,30.19,8.79,2.87,34.21,8.4,3.03,38.48,7.87,3.29,43.01,7.66,3.44,47.78,7.19,3.56,52.81,6.75,3.65,58.09,6.29,3.73,63.62,5.86
-1,11882,273,Gould & Sauther 2016,Ocurrencias,46.94525278,-21.96831389,Precise,Madagascar,Madagascar,Lemuridae,Lemur,Lemur catta,Lemur_catta,Census,1,0,6,N individuals,0.28,2013,0, ,NA, ,Lemur catta,Lemur catta,2.21,D,15.6,BOTH,Folivore_frugivore,22.9,1.186,17,468.41,135,126.51,360,1.18,1.23,Polygyndry,Polygyndry, ,2Tropical_and_suptropical_moist_broadleaf_forest,0.63363607,0.79,80.21,0.95,1.54,61.53,1.27,2.54,49.99,1.53,3.8,40.19,NA,5.31,NA,NA,7.07,NA,1.95,9.08,21.53,2.13,11.34,18.8,2.24,13.85,16.2,2.35,16.62,14.17,2.51,19.63,12.78,2.61,22.9,11.39,2.72,26.42,10.3,2.81,30.19,9.31,2.98,34.21,8.7,3.13,38.48,8.14,3.36,43.01,7.82,3.55,47.78,7.42,3.84,52.81,7.27,4.1,58.09,7.06,4.36,63.62,6.85
-1,11883,273,Gould & Sauther 2016,Ocurrencias,46.76876389,-22.08841111,Precise,Madagascar,Madagascar,Lemuridae,Lemur,Lemur catta,Lemur_catta,Census,1,0,78,N individuals,1.47,2013,0, ,NA, ,Lemur catta,Lemur catta,2.21,D,15.6,BOTH,Folivore_frugivore,22.9,1.186,17,468.41,135,126.51,360,1.18,1.23,Polygyndry,Polygyndry, ,2Tropical_and_suptropical_moist_broadleaf_forest,0.224803069,0.79,28.46,0.29,1.54,19.03,0.36,2.54,14.21,0.45,3.8,11.87,NA,5.31,NA,NA,7.07,NA,0.54,9.08,5.98,0.57,11.34,5.06,0.64,13.85,4.63,0.71,16.62,4.29,0.86,19.63,4.37,0.95,22.9,4.13,1.07,26.42,4.06,1.13,30.19,3.73,1.2,34.21,3.52,1.28,38.48,3.32,1.31,43.01,3.04,1.36,47.78,2.85,1.4,52.81,2.64,1.47,58.09,2.53,1.56,63.62,2.45
-1,11884,273,Gould & Sauther 2016,Ocurrencias,46.78125833,-22.09185,Precise,Madagascar,Madagascar,Lemuridae,Lemur,Lemur catta,Lemur_catta,Census,1,0,28,N individuals,3.4,2013,0, ,NA, ,Lemur catta,Lemur catta,2.21,D,15.6,BOTH,Folivore_frugivore,22.9,1.186,17,468.41,135,126.51,360,1.18,1.23,Polygyndry,Polygyndry, ,2Tropical_and_suptropical_moist_broadleaf_forest,0.043155373,0.79,5.46,0.04,1.54,2.8,0.1,2.54,3.87,0.26,3.8,6.85,NA,5.31,NA,NA,7.07,NA,0.7,9.08,7.74,0.84,11.34,7.42,0.96,13.85,6.94,1.03,16.62,6.22,1.08,19.63,5.5,1.13,22.9,4.92,1.19,26.42,4.52,1.28,30.19,4.26,1.4,34.21,4.09,1.5,38.48,3.89,1.58,43.01,3.67,1.66,47.78,3.48,1.72,52.81,3.26,1.75,58.09,3.01,1.8,63.62,2.83
-1,11885,273,Gould & Sauther 2016,Ocurrencias,46.79416944,-22.09296389,Precise,Madagascar,Madagascar,Lemuridae,Lemur,Lemur catta,Lemur_catta,Census,1,0,15,N individuals,5.3,2013,0, ,NA, ,Lemur catta,Lemur catta,2.21,D,15.6,BOTH,Folivore_frugivore,22.9,1.186,17,468.41,135,126.51,360,1.18,1.23,Polygyndry,Polygyndry, ,2Tropical_and_suptropical_moist_broadleaf_forest,0,0.79,0,0,1.54,0,0,2.54,0,0.01,3.8,0.28,NA,5.31,NA,NA,7.07,NA,0.22,9.08,2.4,0.36,11.34,3.14,0.5,13.85,3.61,0.7,16.62,4.18,0.88,19.63,4.5,1.12,22.9,4.87,1.3,26.42,4.91,1.42,30.19,4.71,1.55,34.21,4.54,1.68,38.48,4.36,1.72,43.01,4.01,1.76,47.78,3.69,1.79,52.81,3.39,1.85,58.09,3.19,1.91,63.62,3
-1,11886,273,Gould & Sauther 2016,Ocurrencias,46.86116944,-21.81121389,Precise,Madagascar,Madagascar,Lemuridae,Lemur,Lemur catta,Lemur_catta,Census,1,0,8,N individuals,4,2013,0, ,NA, ,Lemur catta,Lemur catta,2.21,D,15.6,BOTH,Folivore_frugivore,22.9,1.186,17,468.41,135,126.51,360,1.18,1.23,Polygyndry,Polygyndry, ,2Tropical_and_suptropical_moist_broadleaf_forest,0.019124871,0.79,2.42,0.02,1.54,1.24,0.02,2.54,0.75,0.02,3.8,0.5,NA,5.31,NA,NA,7.07,NA,0.09,9.08,0.98,0.09,11.34,0.79,0.1,13.85,0.75,0.12,16.62,0.72,0.16,19.63,0.84,0.23,22.9,1,0.24,26.42,0.89,0.28,30.19,0.93,0.36,34.21,1.05,0.37,38.48,0.96,0.44,43.01,1.02,0.5,47.78,1.04,0.57,52.81,1.08,0.62,58.09,1.06,0.67,63.62,1.05
-1,11887,273,Gould & Sauther 2016,Ocurrencias,46.73003333,-22.03324444,Precise,Madagascar,Madagascar,Lemuridae,Lemur,Lemur catta,Lemur_catta,Census,1,0,0,N individuals,0,2013,0, ,NA, ,Lemur catta,Lemur catta,2.21,D,15.6,BOTH,Folivore_frugivore,22.9,1.186,17,468.41,135,126.51,360,1.18,1.23,Polygyndry,Polygyndry, ,2Tropical_and_suptropical_moist_broadleaf_forest,0,0.79,0,0,1.54,0,0,2.54,0,0,3.8,0,NA,5.31,NA,NA,7.07,NA,0,9.08,0,0,11.34,0,0,13.85,0,0,16.62,0.03,0.01,19.63,0.03,0.01,22.9,0.05,0.01,26.42,0.04,0.01,30.19,0.04,0.01,34.21,0.03,0.02,38.48,0.04,0.08,43.01,0.18,0.09,47.78,0.2,0.1,52.81,0.19,0.11,58.09,0.19,0.11,63.62,0.17
-1,11888,273,Gould & Sauther 2016,Ocurrencias,46.98581389,-22.21565556,Precise,Madagascar,Madagascar,Lemuridae,Lemur,Lemur catta,Lemur_catta,Census,1,0,12,N individuals,0,2009,0, ,NA, ,Lemur catta,Lemur catta,2.21,D,15.6,BOTH,Folivore_frugivore,22.9,1.186,17,468.41,135,126.51,360,1.18,1.23,Polygyndry,Polygyndry, ,2Tropical_and_suptropical_moist_broadleaf_forest,0.772384454,0.79,97.77,1.52,1.54,98.4,2.51,2.54,98.66,3.74,3.8,98.54,5.23,5.31,98.5,NA,7.07,NA,8.94,9.08,98.43,11.14,11.34,98.22,13.6,13.85,98.17,16.31,16.62,98.16,19.28,19.63,98.24,22.5,22.9,98.27,25.96,26.42,98.27,29.66,30.19,98.26,33.59,34.21,98.2,37.51,38.48,97.47,41.4,43.01,96.25,45.46,47.78,95.14,49.68,52.81,94.08,54.08,58.09,93.09,58.66,63.62,92.2
-1,11889,273,Gould & Sauther 2016,Ocurrencias,46.29874167,-25.00315278,Precise,Madagascar,Madagascar,Lemuridae,Lemur,Lemur catta,Lemur_catta,Census,1,0,562,N individuals,2,2015,0, ,NA, ,Lemur catta,Lemur catta,2.21,D,15.6,BOTH,Folivore_frugivore,22.9,1.186,17,468.41,135,126.51,360,1.18,1.23,Polygyndry,Polygyndry, ,10Deserts and Xeric Shrublands,0.079338945,0.79,10.04,0.1,1.54,6.76,0.14,2.54,5.56,0.17,3.8,4.54,0.2,5.31,3.83,0.24,7.07,3.41,0.25,9.08,2.75,0.27,11.34,2.38,0.28,13.85,2.02,0.28,16.62,1.68,0.28,19.63,1.42,0.28,22.9,1.22,0.28,26.42,1.06,0.28,30.19,0.93,0.3,34.21,0.86,0.3,38.48,0.77,0.33,43.01,0.76,0.37,47.78,0.78,0.41,52.81,0.78,0.49,58.09,0.84,0.54,63.62,0.85
-1,11890,273,Gould & Sauther 2016,Ocurrencias,46.26738333,-24.96189167,Precise,Madagascar,Madagascar,Lemuridae,Lemur,Lemur catta,Lemur_catta,Census,1,0,163,N individuals,1.63,2015,0, ,NA, ,Lemur catta,Lemur catta,2.21,D,15.6,BOTH,Folivore_frugivore,22.9,1.186,17,468.41,135,126.51,360,1.18,1.23,Polygyndry,Polygyndry, ,10Deserts and Xeric Shrublands,0.086979055,0.79,11.01,0.12,1.54,7.75,0.13,2.54,5.05,0.13,3.8,3.4,0.13,5.31,2.43,0.13,7.07,1.83,0.13,9.08,1.42,0.13,11.34,1.15,0.15,13.85,1.07,0.15,16.62,0.89,0.15,19.63,0.76,0.15,22.9,0.65,0.15,26.42,0.56,0.15,30.19,0.49,0.15,34.21,0.43,0.15,38.48,0.39,0.15,43.01,0.35,0.15,47.78,0.31,0.15,52.81,0.28,0.15,58.09,0.26,0.15,63.62,0.23
-1,11891,273,Gould & Sauther 2016,Ocurrencias,46.24132778,-24.95638611,Precise,Madagascar,Madagascar,Lemuridae,Lemur,Lemur catta,Lemur_catta,Census,1,0,39,N individuals,0.81,2015,0, ,NA, ,Lemur catta,Lemur catta,2.21,D,15.6,BOTH,Folivore_frugivore,22.9,1.186,17,468.41,135,126.51,360,1.18,1.23,Polygyndry,Polygyndry, ,10Deserts and Xeric Shrublands,0,0.79,0,0,1.54,0,0,2.54,0,0,3.8,0,0,5.31,0,0,7.07,0,0,9.08,0,0,11.34,0,0,13.85,0,0,16.62,0,0.02,19.63,0.09,0.05,22.9,0.23,0.11,26.42,0.41,0.15,30.19,0.49,0.15,34.21,0.45,0.15,38.48,0.4,0.15,43.01,0.36,0.15,47.78,0.32,0.15,52.81,0.29,0.15,58.09,0.26,0.15,63.62,0.24
-1,11892,273,Gould & Sauther 2016,Ocurrencias,46.21706389,-24.94087778,Precise,Madagascar,Madagascar,Lemuridae,Lemur,Lemur catta,Lemur_catta,Census,1,0,21,N individuals,0.4,2015,0, ,NA, ,Lemur catta,Lemur catta,2.21,D,15.6,BOTH,Folivore_frugivore,22.9,1.186,17,468.41,135,126.51,360,1.18,1.23,Polygyndry,Polygyndry, ,10Deserts and Xeric Shrublands,0.006500444,0.79,0.82,0.01,1.54,0.42,0.01,2.54,0.26,0.01,3.8,0.17,0.01,5.31,0.12,0.01,7.07,0.09,0.01,9.08,0.07,0.01,11.34,0.06,0.01,13.85,0.05,0.01,16.62,0.04,0.01,19.63,0.03,0.01,22.9,0.03,0.01,26.42,0.02,0.01,30.19,0.02,0.01,34.21,0.02,0.01,38.48,0.02,0.01,43.01,0.02,0.04,47.78,0.08,0.05,52.81,0.09,0.06,58.09,0.1,0.06,63.62,0.09
-1,11893,273,Gould & Sauther 2016,Ocurrencias,46.20935556,-24.94956389,Precise,Madagascar,Madagascar,Lemuridae,Lemur,Lemur catta,Lemur_catta,Census,1,0,21,N individuals,0.22,2015,0, ,NA, ,Lemur catta,Lemur catta,2.21,D,15.6,BOTH,Folivore_frugivore,22.9,1.186,17,468.41,135,126.51,360,1.18,1.23,Polygyndry,Polygyndry, ,10Deserts and Xeric Shrublands,0,0.79,0,0,1.54,0,0,2.54,0,0,3.8,0,0,5.31,0,0,7.07,0,0.01,9.08,0.06,0.01,11.34,0.06,0.01,13.85,0.05,0.01,16.62,0.04,0.01,19.63,0.03,0.01,22.9,0.03,0.01,26.42,0.02,0.01,30.19,0.02,0.01,34.21,0.02,0.01,38.48,0.02,0.01,43.01,0.02,0.01,47.78,0.01,0.01,52.81,0.01,0.01,58.09,0.01,0.01,63.62,0.01
-1,11894,273,Gould & Sauther 2016,Ocurrencias,46.22075556,-24.93042222,Precise,Madagascar,Madagascar,Lemuridae,Lemur,Lemur catta,Lemur_catta,Census,1,0,70,N individuals,0.67,2015,0, ,NA, ,Lemur catta,Lemur catta,2.21,D,15.6,BOTH,Folivore_frugivore,22.9,1.186,17,468.41,135,126.51,360,1.18,1.23,Polygyndry,Polygyndry, ,10Deserts and Xeric Shrublands,0,0.79,0,0,1.54,0,0,2.54,0.15,0.01,3.8,0.17,0.01,5.31,0.12,0.01,7.07,0.09,0.01,9.08,0.07,0.01,11.34,0.06,0.01,13.85,0.05,0.01,16.62,0.04,0.01,19.63,0.03,0.02,22.9,0.1,0.05,26.42,0.17,0.06,30.19,0.18,0.06,34.21,0.17,0.06,38.48,0.15,0.06,43.01,0.13,0.06,47.78,0.12,0.06,52.81,0.11,0.06,58.09,0.1,0.06,63.62,0.1
-1,11895,273,Gould & Sauther 2016,Ocurrencias,46.30163611,-24.99195,Precise,Madagascar,Madagascar,Lemuridae,Lemur,Lemur catta,Lemur_catta,Census,1,0,65,N individuals,1.08,2015,0, ,NA, ,Lemur catta,Lemur catta,2.21,D,15.6,BOTH,Folivore_frugivore,22.9,1.186,17,468.41,135,126.51,360,1.18,1.23,Polygyndry,Polygyndry, ,10Deserts and Xeric Shrublands,0.068225987,0.79,8.64,0.07,1.54,4.43,0.07,2.54,2.79,0.1,3.8,2.69,0.15,5.31,2.75,0.15,7.07,2.14,0.18,9.08,1.99,0.23,11.34,2.01,0.26,13.85,1.89,0.27,16.62,1.63,0.28,19.63,1.42,0.28,22.9,1.22,0.28,26.42,1.06,0.3,30.19,0.98,0.3,34.21,0.87,0.31,38.48,0.8,0.33,43.01,0.77,0.37,47.78,0.77,0.4,52.81,0.76,0.46,58.09,0.8,0.53,63.62,0.83
-1,11896,273,Gould & Sauther 2016,Ocurrencias,46.78128056,-25.07799722,Precise,Madagascar,Madagascar,Lemuridae,Lemur,Lemur catta,Lemur_catta,Census,1,0,50,N individuals,1.5,2010,0, ,NA, ,Lemur catta,Lemur catta,2.21,D,15.6,BOTH,Folivore_frugivore,22.9,1.186,17,468.41,135,126.51,360,1.18,1.23,Polygyndry,Polygyndry, ,2Tropical_and_suptropical_moist_broadleaf_forest,0.488332198,0.79,61.81,0.87,1.54,56.53,1.33,2.54,52.32,1.92,3.8,50.65,2.53,5.31,47.7,NA,7.07,NA,4.29,9.08,47.27,5.04,11.34,44.44,5.76,13.85,41.59,6.41,16.62,38.55,6.98,19.63,35.58,7.55,22.9,32.96,8.41,26.42,31.85,9.08,30.19,30.06,9.8,34.21,28.65,10.63,38.48,27.62,11.47,43.01,26.67,12.35,47.78,25.85,13.26,52.81,25.11,14.06,58.09,24.2,15,63.62,23.58
-1,11897,273,Gould & Sauther 2016,Ocurrencias,46.8662,-25.05956944,Precise,Madagascar,Madagascar,Lemuridae,Lemur,Lemur catta,Lemur_catta,Census,1,0,4,N individuals,0.004,2012,0, ,NA, ,Lemur catta,Lemur catta,2.21,D,15.6,BOTH,Folivore_frugivore,22.9,1.186,17,468.41,135,126.51,360,1.18,1.23,Polygyndry,Polygyndry, ,2Tropical_and_suptropical_moist_broadleaf_forest,0.715054924,0.79,90.51,1.27,1.54,82.55,1.95,2.54,76.6,2.68,3.8,70.49,NA,5.31,NA,NA,7.07,NA,4.86,9.08,53.54,5.65,11.34,49.82,6.51,13.85,47.01,7.44,16.62,44.75,8.42,19.63,42.87,9.4,22.9,41.07,10.3,26.42,38.99,10.98,30.19,36.38,11.63,34.21,34,12.28,38.48,31.91,12.8,43.01,29.75,13.29,47.78,27.82,13.85,52.81,26.23,14.63,58.09,25.19,15.5,63.62,24.37
-1,11898,273,Gould & Sauther 2016,Ocurrencias,45.55006667,-24.60928611,Precise,Madagascar,Madagascar,Lemuridae,Lemur,Lemur catta,Lemur_catta,Census,1,1,0,NA,0,2012,0, ,NA, ,Lemur catta,Lemur catta,2.21,D,15.6,BOTH,Folivore_frugivore,22.9,1.186,17,468.41,135,126.51,360,1.18,1.23,Polygyndry,Polygyndry, ,10Deserts and Xeric Shrublands,0,0.79,0,0.06,1.54,3.95,0.18,2.54,6.98,0.21,3.8,5.44,0.22,5.31,4.12,0.22,7.07,3.18,0.22,9.08,2.48,0.22,11.34,1.98,0.22,13.85,1.62,0.22,16.62,1.35,0.22,19.63,1.15,0.22,22.9,0.98,0.22,26.42,0.85,0.22,30.19,0.74,0.22,34.21,0.66,0.22,38.48,0.58,0.22,43.01,0.52,0.22,47.78,0.47,0.22,52.81,0.43,0.22,58.09,0.39,0.22,63.62,0.35
-1,11899,273,Gould & Sauther 2016,Ocurrencias,46.08336667,-24.72454722,Precise,Madagascar,Madagascar,Lemuridae,Lemur,Lemur catta,Lemur_catta,Census,1,3,0,NA,0,2012,0, ,NA, ,Lemur catta,Lemur catta,2.21,D,15.6,BOTH,Folivore_frugivore,22.9,1.186,17,468.41,135,126.51,360,1.18,1.23,Polygyndry,Polygyndry, ,10Deserts and Xeric Shrublands,0,0.79,0,0,1.54,0,0,2.54,0,0,3.8,0,0,5.31,0,0,7.07,0,0,9.08,0,0,11.34,0,0,13.85,0,0,16.62,0,0,19.63,0,0.01,22.9,0.02,0.01,26.42,0.02,0.01,30.19,0.04,0.01,34.21,0.03,0.01,38.48,0.03,0.01,43.01,0.03,0.02,47.78,0.05,0.04,52.81,0.07,0.04,58.09,0.06,0.04,63.62,0.06
-1,11900,273,Gould & Sauther 2016,Ocurrencias,45.08153333,-25.49435278,Precise,Madagascar,Madagascar,Lemuridae,Lemur,Lemur catta,Lemur_catta,Census,1,0,0,NA,0.017,2007,0, ,NA, ,Lemur catta,Lemur catta,2.21,D,15.6,BOTH,Folivore_frugivore,22.9,1.186,17,468.41,135,126.51,360,1.18,1.23,Polygyndry,Polygyndry, ,10Deserts and Xeric Shrublands,0,0.79,0,0,1.54,0,0,2.54,0,0,3.8,0,0,5.31,0,0,7.07,0,0,9.08,0,0,11.34,0,0,13.85,0,0,16.62,0,0,19.63,0,0,22.9,0,0,26.42,0,0,30.19,0,0,34.21,0,0,38.48,0,0,43.01,0,0,47.78,0,0,52.81,0,0,58.09,0,0,63.62,0
-1,11901,273,Gould & Sauther 2016,Ocurrencias,46.77153889,-24.81244722,Precise,Madagascar,Madagascar,Lemuridae,Lemur,Lemur catta,Lemur_catta,Census,1,0,118,N individuals,0,2003,0, ,NA, ,Lemur catta,Lemur catta,2.21,D,15.6,BOTH,Folivore_frugivore,22.9,1.186,17,468.41,135,126.51,360,1.18,1.23,Polygyndry,Polygyndry, ,2Tropical_and_suptropical_moist_broadleaf_forest,0.774257051,0.79,98.01,1.52,1.54,98.55,2.51,2.54,98.77,3.75,3.8,98.62,5.23,5.31,98.53,NA,7.07,NA,8.9,9.08,98.07,11.12,11.34,98.06,13.57,13.85,97.95,16.28,16.62,97.96,19.25,19.63,98.06,22.45,22.9,98.05,25.9,26.42,98.02,29.55,30.19,97.89,33.43,34.21,97.72,37.41,38.48,97.21,41.5,43.01,96.5,45.72,47.78,95.69,50.31,52.81,95.26,55.17,58.09,94.97,60.22,63.62,94.65
-1,11902,273,Gould & Sauther 2016,Ocurrencias,44.67264722,-23.70342778,Precise,Madagascar,Madagascar,Lemuridae,Lemur,Lemur catta,Lemur_catta,Census,1,0,200,NA,0,2014,0, ,NA, ,Lemur catta,Lemur catta,2.21,D,15.6,BOTH,Folivore_frugivore,22.9,1.186,17,468.41,135,126.51,360,1.18,1.23,Polygyndry,Polygyndry, ,10Deserts and Xeric Shrublands,0,0.79,0,0,1.54,0,0,2.54,0,0,3.8,0,0,5.31,0,0.01,7.07,0.1,0.01,9.08,0.08,0.03,11.34,0.24,0.07,13.85,0.53,0.09,16.62,0.57,0.13,19.63,0.66,0.15,22.9,0.65,0.17,26.42,0.65,0.17,30.19,0.58,0.18,34.21,0.53,0.2,38.48,0.51,0.2,43.01,0.47,0.21,47.78,0.43,0.21,52.81,0.39,0.21,58.09,0.36,0.21,63.62,0.33
-1,11903,273,Gould & Sauther 2016,Ocurrencias,43.68690556,-23.35085833,Precise,Madagascar,Madagascar,Lemuridae,Lemur,Lemur catta,Lemur_catta,Census,1,0,27,NA,0.01,2016,0, ,NA, ,Lemur catta,Lemur catta,2.21,D,15.6,BOTH,Folivore_frugivore,22.9,1.186,17,468.41,135,126.51,360,1.18,1.23,Polygyndry,Polygyndry, ,10Deserts and Xeric Shrublands,0,0.79,0,0,1.54,0,0,2.54,0,0,3.8,0,0,5.31,0,0,7.07,0,0,9.08,0,0,11.34,0,0,13.85,0,0,16.62,0,0,19.63,0,0,22.9,0,0,26.42,0,0,30.19,0,0,34.21,0,0,38.48,0,0,43.01,0,0,47.78,0,0,52.81,0,0,58.09,0,0,63.62,0
-1,11904,273,Gould & Sauther 2016,Ocurrencias,44.14406667,-21.72248333,Precise,Madagascar,Madagascar,Lemuridae,Lemur,Lemur catta,Lemur_catta,Census,1,0,0,NA,0,2004,0, ,NA, ,Lemur catta,Lemur catta,2.21,D,15.6,BOTH,Folivore_frugivore,22.9,1.186,17,468.41,135,126.51,360,1.18,1.23,Polygyndry,Polygyndry, ,10Deserts and Xeric Shrublands,0,0.79,0,0,1.54,0,0,2.54,0.03,0.06,3.8,1.53,0.07,5.31,1.3,0.08,7.07,1.18,0.11,9.08,1.16,0.12,11.34,1.02,0.12,13.85,0.85,0.12,16.62,0.75,0.14,19.63,0.73,0.15,22.9,0.67,0.16,26.42,0.6,0.18,30.19,0.59,0.24,34.21,0.7,0.36,38.48,0.94,0.53,43.01,1.23,0.7,47.78,1.47,0.82,52.81,1.54,0.99,58.09,1.7,1.19,63.62,1.87
-1,11905,273,Gould & Sauther 2016,Ocurrencias,45.10836111,-21.69551667,Precise,Madagascar,Madagascar,Lemuridae,Lemur,Lemur catta,Lemur_catta,Census,0,0,0,NA,0,2012,0, ,NA, ,Lemur catta,Lemur catta,2.21,D,15.6,BOTH,Folivore_frugivore,22.9,1.186,17,468.41,135,126.51,360,1.18,1.23,Polygyndry,Polygyndry, ,10Deserts and Xeric Shrublands,0,0.79,0,0,1.54,0,0,2.54,0,0,3.8,0,0,5.31,0,0,7.07,0,0,9.08,0,0,11.34,0,0,13.85,0,0,16.62,0,0,19.63,0,0,22.9,0.01,0,26.42,0.01,0.01,30.19,0.02,0.04,34.21,0.12,0.11,38.48,0.29,0.17,43.01,0.39,0.2,47.78,0.42,0.32,52.81,0.61,0.47,58.09,0.8,0.67,63.62,1.05
-1,11906,273,Gould & Sauther 2016,Ocurrencias,44.15199167,-20.76954722,Precise,Madagascar,Madagascar,Lemuridae,Lemur,Lemur catta,Lemur_catta,Census,0,0,0,NA,0,2012,0, ,NA, ,Lemur catta,Lemur catta,2.21,D,15.6,BOTH,Folivore_frugivore,22.9,1.186,17,468.41,135,126.51,360,1.18,1.23,Polygyndry,Polygyndry, ,10Deserts and Xeric Shrublands,0.651191723,0.79,82.43,1.27,1.54,82.66,2.15,2.54,84.76,3.25,3.8,85.62,4.48,5.31,84.45,5.81,7.07,82.18,7.3,9.08,80.35,9.01,11.34,79.45,10.85,13.85,78.31,12.92,16.62,77.71,15.1,19.63,76.92,17.53,22.9,76.53,20.31,26.42,76.86,23.46,30.19,77.7,26.92,34.21,78.68,30.43,38.48,79.09,34.14,43.01,79.38,38.2,47.78,79.95,42.52,52.81,80.51,47,58.09,80.91,51.73,63.62,81.3
-1,11907,273,Gould & Sauther 2016,Ocurrencias,43.79565,-24.20021389,Precise,Madagascar,Madagascar,Lemuridae,Lemur,Lemur catta,Lemur_catta,Census,1,11,0,NA,0.18,2010,0, ,NA, ,Lemur catta,Lemur catta,2.21,D,15.6,BOTH,Folivore_frugivore,22.9,1.186,17,468.41,135,126.51,360,1.18,1.23,Polygyndry,Polygyndry, ,10Deserts and Xeric Shrublands,0,0.79,0,0,1.54,0,0,2.54,0,0,3.8,0,0,5.31,0,0,7.07,0,0,9.08,0,0,11.34,0,0,13.85,0,0,16.62,0,0,19.63,0,0,22.9,0,0,26.42,0,0,30.19,0,0,34.21,0,0,38.48,0,0,43.01,0,0,47.78,0,0,52.81,0,0,58.09,0,0,63.62,0
