OID,N,N_study,Source,BASE,X,Y,Precise,Country,Realm,Family,Genus,Taxon,Taxon_ITIS,Sample_met,Ocurrence,N_groups,Abundanc_1,Abundance,Density,Sample_yea,Sampling_e,Sampling_1,ID_Todo,TRAITS,Taxon_IT_1,ITIS_SPECI,BodyMass_k,DielActivi,HomeRange_,Locomotion,TrophicGui,Brain_size,Canine_Dim,MeanGroupS,Interbirth,Gestation,WeaningAge,MaxLongevi,LitterSz,AdultSexRa,Social_Sys,Mating_Sys,FOREST,BIOME,Buffer_500,Area500,FC_500,Buffer_700,Area700,FC_700,Buffer_900,Area900,FC_900,Buffer_110,Area1100,FC1100,Buffer_130,Area1300,FC_1300,Buffer_150,Area1500,FC_1500,Buffer_170,Area1700,FC_1700,Buffer_190,Area1900,FC_1900,Buffer_210,Area2100,FC_2100,Buffer_230,Area2300,FC_2300,Buffer_250,Area2500,FC_2500,Buffer_270,Area2700,FC_2700,Buffer_290,Area2900,FC_2900,Buffer_310,Area3100,FC_3100,Buffer_330,Area3300,FC_3300,Buffer_350,Area3500,FC_3500,Buffer_370,Area3700,F_Buffer_3,Buffer_390,Area_3900,FC_3900,Buffer_410,Area4100,FC_4100,Buffer_430,Area4300,FC_4300,Buffer_450,Area4500,FC_4500
-1,11938,25,Endo et al. 2010,Ocurrencias,-71.91914262,-11.79787247,Precise,Peru,Neotropics,Callitrichidae,Saguinus,Saguinus fuscicollis,Leontocebus_fuscicollis,line/belt transects,1,0,37?,NA,0,2006,1,site,NA, ,Leontocebus fuscicollis,Leontocebus fuscicollis,0.33,D,78.1,AR,Omnivore/ Frugivore,7.94,1.014,5.1,293.5,147,90.1,294,1.83,NA,Pair,Polyandry, ,2Tropical_and_suptropical_moist_broadleaf_forest,0.767591654,0.79,97.16,1.51,1.54,97.97,2.5,2.54,98.31,3.73,3.8,98.06,5.17,5.31,97.4,NA,7.07,NA,8.83,9.08,97.23,11.03,11.34,97.24,13.47,13.85,97.24,16.12,16.62,97.02,19.07,19.63,97.15,22.26,22.9,97.2,25.7,26.42,97.26,29.38,30.19,97.32,33.33,34.21,97.43,37.52,38.48,97.51,41.96,43.01,97.57,46.65,47.78,97.64,51.6,52.81,97.71,56.79,58.09,97.76,62.23,63.62,97.81
-1,11939,25,Endo et al. 2010,Ocurrencias,-71.6556677,-11.73174885,Precise,Peru,Neotropics,Callitrichidae,Saguinus,Saguinus fuscicollis,Leontocebus_fuscicollis,line/belt transects,0,0,0,NA,0,2006,1,site,NA, ,Leontocebus fuscicollis,Leontocebus fuscicollis,0.33,D,78.1,AR,Omnivore/ Frugivore,7.94,1.014,5.1,293.5,147,90.1,294,1.83,NA,Pair,Polyandry, ,2Tropical_and_suptropical_moist_broadleaf_forest,0.767496607,0.79,97.15,1.5,1.54,97.41,2.49,2.54,97.94,3.72,3.8,97.92,5.16,5.31,97.1,NA,7.07,NA,8.68,9.08,95.57,10.73,11.34,94.63,13.03,13.85,94.11,15.63,16.62,94.05,18.4,19.63,93.74,21.48,22.9,93.78,24.85,26.42,94.05,28.47,30.19,94.31,32.3,34.21,94.42,36.37,38.48,94.51,40.66,43.01,94.53,45.12,47.78,94.43,49.94,52.81,94.56,54.95,58.09,94.6,60.16,63.62,94.56
-1,11940,25,Endo et al. 2010,Ocurrencias,-71.50887215,-11.96408591,Precise,Peru,Neotropics,Callitrichidae,Saguinus,Saguinus fuscicollis,Leontocebus_fuscicollis,line/belt transects,0,0,0,NA,0,2006,1,site,NA, ,Leontocebus fuscicollis,Leontocebus fuscicollis,0.33,D,78.1,AR,Omnivore/ Frugivore,7.94,1.014,5.1,293.5,147,90.1,294,1.83,NA,Pair,Polyandry, ,2Tropical_and_suptropical_moist_broadleaf_forest,0.735266171,0.79,93.07,1.46,1.54,94.55,2.43,2.54,95.66,3.64,3.8,95.89,5.11,5.31,96.28,NA,7.07,NA,8.78,9.08,96.65,10.98,11.34,96.86,13.42,13.85,96.9,16.11,16.62,96.94,19.06,19.63,97.09,22.25,22.9,97.16,25.7,26.42,97.28,29.4,30.19,97.37,33.34,34.21,97.45,37.53,38.48,97.54,41.98,43.01,97.6,46.65,47.78,97.64,51.58,52.81,97.67,56.72,58.09,97.65,62.13,63.62,97.65
-1,11941,25,Endo et al. 2010,Ocurrencias,-71.34711601,-11.97735073,Precise,Peru,Neotropics,Callitrichidae,Saguinus,Saguinus fuscicollis,Leontocebus_fuscicollis,line/belt transects,0,0,0,NA,0,2006,1,site,NA, ,Leontocebus fuscicollis,Leontocebus fuscicollis,0.33,D,78.1,AR,Omnivore/ Frugivore,7.94,1.014,5.1,293.5,147,90.1,294,1.83,NA,Pair,Polyandry, ,2Tropical_and_suptropical_moist_broadleaf_forest,0.681841242,0.79,86.31,1.35,1.54,87.61,2.26,2.54,89.02,3.43,3.8,90.15,4.87,5.31,91.64,NA,7.07,NA,8.4,9.08,92.53,10.54,11.34,92.91,12.96,13.85,93.55,15.55,16.62,93.58,18.43,19.63,93.89,21.58,22.9,94.25,24.99,26.42,94.6,28.57,30.19,94.65,32.47,34.21,94.91,36.58,38.48,95.06,40.99,43.01,95.29,45.59,47.78,95.42,50.44,52.81,95.5,55.41,58.09,95.38,60.64,63.62,95.31
-1,11942,25,Endo et al. 2010,Ocurrencias,-71.28138865,-11.94233359,Precise,Peru,Neotropics,Callitrichidae,Saguinus,Saguinus fuscicollis,Leontocebus_fuscicollis,line/belt transects,0,0,0,NA,0,2006,1,site,NA, ,Leontocebus fuscicollis,Leontocebus fuscicollis,0.33,D,78.1,AR,Omnivore/ Frugivore,7.94,1.014,5.1,293.5,147,90.1,294,1.83,NA,Pair,Polyandry, ,2Tropical_and_suptropical_moist_broadleaf_forest,0.700737857,0.79,88.7,1.34,1.54,87.13,2.26,2.54,89.07,3.41,3.8,89.8,4.83,5.31,90.95,NA,7.07,NA,8.4,9.08,92.56,10.57,11.34,93.17,12.97,13.85,93.67,15.61,16.62,93.95,18.44,19.63,93.93,21.41,22.9,93.51,24.56,26.42,92.98,28.01,30.19,92.78,31.84,34.21,93.07,35.96,38.48,93.45,40.31,43.01,93.73,44.83,47.78,93.82,49.35,52.81,93.45,54.01,58.09,92.97,59.13,63.62,92.94
-1,11943,25,Endo et al. 2010,Ocurrencias,-71.62993712,-11.86402036,Precise,Peru,Neotropics,Callitrichidae,Saguinus,Saguinus fuscicollis,Leontocebus_fuscicollis,line/belt transects,1,0,43?,NA,0,2006,1,site,NA, ,Leontocebus fuscicollis,Leontocebus fuscicollis,0.33,D,78.1,AR,Omnivore/ Frugivore,7.94,1.014,5.1,293.5,147,90.1,294,1.83,NA,Pair,Polyandry, ,2Tropical_and_suptropical_moist_broadleaf_forest,0.697130177,0.79,88.24,1.42,1.54,92.5,2.34,2.54,92.17,3.55,3.8,93.33,4.98,5.31,93.79,NA,7.07,NA,8.58,9.08,94.45,10.77,11.34,94.97,13.21,13.85,95.36,15.88,16.62,95.56,18.8,19.63,95.79,21.94,22.9,95.81,25.38,26.42,96.06,29.03,30.19,96.16,32.91,34.21,96.2,37.06,38.48,96.31,41.49,43.01,96.47,46.15,47.78,96.58,51.03,52.81,96.63,56.16,58.09,96.67,61.51,63.62,96.69
-1,11944,25,Endo et al. 2010,Ocurrencias,-71.40619156,-11.88325395,Precise,Peru,Neotropics,Callitrichidae,Saguinus,Saguinus fuscicollis,Leontocebus_fuscicollis,line/belt transects,0,0,0,NA,0,2006,1,site,NA, ,Leontocebus fuscicollis,Leontocebus fuscicollis,0.33,D,78.1,AR,Omnivore/ Frugivore,7.94,1.014,5.1,293.5,147,90.1,294,1.83,NA,Pair,Polyandry, ,2Tropical_and_suptropical_moist_broadleaf_forest,0.689997799,0.79,87.34,1.38,1.54,89.52,2.27,2.54,89.41,3.4,3.8,89.58,4.79,5.31,90.29,NA,7.07,NA,8.11,9.08,89.35,10.12,11.34,89.25,12.38,13.85,89.38,14.77,16.62,88.88,17.39,19.63,88.61,20.36,22.9,88.9,23.74,26.42,89.85,27.39,30.19,90.74,31.29,34.21,91.45,35.42,38.48,92.04,39.8,43.01,92.54,44.34,47.78,92.79,49.15,52.81,93.06,54.1,58.09,93.14,59.23,63.62,93.1
