OID,N,N_study,Source,BASE,X,Y,Precise,Country,Realm,Family,Genus,Taxon,Taxon_ITIS,Sample_met,Ocurrence,N_groups,Abundanc_1,Abundance,Density,Sample_yea,Sampling_e,Sampling_1,ID_Todo,TRAITS,Taxon_IT_1,ITIS_SPECI,BodyMass_k,DielActivi,HomeRange_,Locomotion,TrophicGui,Brain_size,Canine_Dim,MeanGroupS,Interbirth,Gestation,WeaningAge,MaxLongevi,LitterSz,AdultSexRa,Social_Sys,Mating_Sys,FOREST,BIOME,Buffer_500,Area500,FC_500,Buffer_700,Area700,FC_700,Buffer_900,Area900,FC_900,Buffer_110,Area1100,FC1100,Buffer_130,Area1300,FC_1300,Buffer_150,Area1500,FC_1500,Buffer_170,Area1700,FC_1700,Buffer_190,Area1900,FC_1900,Buffer_210,Area2100,FC_2100,Buffer_230,Area2300,FC_2300,Buffer_250,Area2500,FC_2500,Buffer_270,Area2700,FC_2700,Buffer_290,Area2900,FC_2900,Buffer_310,Area3100,FC_3100,Buffer_330,Area3300,FC_3300,Buffer_350,Area3500,FC_3500,Buffer_370,Area3700,F_Buffer_3,Buffer_390,Area_3900,FC_3900,Buffer_410,Area4100,FC_4100,Buffer_430,Area4300,FC_4300,Buffer_450,Area4500,FC_4500
-1,12054,21,Cassano et al. 2014,Richness,-51.35851574,-15.1856894,Precise,Brazil,Neotropics,Callitrichidae,Leontopithecus,Leontopithecus chrysomelas,Leontopithecus_chrysomelas ,camera traps,0, , , ,0,2008,1,site,NA, ,Leontopithecus chrysomelas ,Leontopithecus chrysomelas,0.58,D,62.03333333,AR,Omnivore,11.84,NA,6.5,NA,NA,NA,255.6,2.04,NA,Pair,Monogamy, ,8Tropical and Subtropical Grasslands Savannas and Shrublands,0,0.79,0,0.01,1.54,0.4,0.07,2.54,2.77,0.2,3.8,5.31,0.39,5.31,7.36,0.79,7.07,11.15,1.34,9.08,14.75,2.08,11.34,18.36,2.94,13.85,21.24,3.94,16.62,23.73,5.05,19.63,25.74,6.31,22.9,27.54,7.54,26.42,28.55,8.75,30.19,29,9.94,34.21,29.04,11.16,38.48,29,12.37,43.01,28.76,13.38,47.78,28,14.31,52.81,27.1,15.19,58.09,26.15,16.06,63.62,25.24
-1,12055,21,Cassano et al. 2014,Richness,-51.17833849,-15.2106133,Precise,Brazil,Neotropics,Callitrichidae,Leontopithecus,Leontopithecus chrysomelas,Leontopithecus_chrysomelas ,camera traps,1, , , ,0,2008,1,site,NA, ,Leontopithecus chrysomelas ,Leontopithecus chrysomelas,0.58,D,62.03333333,AR,Omnivore,11.84,NA,6.5,NA,NA,NA,255.6,2.04,NA,Pair,Monogamy, ,8Tropical and Subtropical Grasslands Savannas and Shrublands,0.092397032,0.79,11.7,0.27,1.54,17.49,0.47,2.54,18.41,0.7,3.8,18.47,0.92,5.31,17.28,1.28,7.07,18.13,1.58,9.08,17.39,1.94,11.34,17.1,2.56,13.85,18.51,3.4,16.62,20.44,4.32,19.63,22.02,5.33,22.9,23.27,6.15,26.42,23.29,6.89,30.19,22.82,7.62,34.21,22.26,8.4,38.48,21.82,8.97,43.01,20.84,9.46,47.78,19.81,9.81,52.81,18.58,10.14,58.09,17.45,10.67,63.62,16.78
-1,12056,21,Cassano et al. 2014,Richness,-51.19848879,-15.07253009,Precise,Brazil,Neotropics,Callitrichidae,Leontopithecus,Leontopithecus chrysomelas,Leontopithecus_chrysomelas ,camera traps,1, , , ,0,2008,1,site,NA, ,Leontopithecus chrysomelas ,Leontopithecus chrysomelas,0.58,D,62.03333333,AR,Omnivore,11.84,NA,6.5,NA,NA,NA,255.6,2.04,NA,Pair,Monogamy, ,8Tropical and Subtropical Grasslands Savannas and Shrublands,0,0.79,0,0,1.54,0.22,0.06,2.54,2.31,0.17,3.8,4.52,0.32,5.31,6.07,0.45,7.07,6.43,0.68,9.08,7.5,0.94,11.34,8.28,1.23,13.85,8.89,1.55,16.62,9.32,2.02,19.63,10.3,2.65,22.9,11.55,3.22,26.42,12.2,3.86,30.19,12.77,4.66,34.21,13.61,5.44,38.48,14.15,6.71,43.01,15.6,8.09,47.78,16.92,9.54,52.81,18.07,11.09,58.09,19.09,12.85,63.62,20.21
-1,12057,21,Cassano et al. 2014,Richness,-51.09392271,-15.07559918,Precise,Brazil,Neotropics,Callitrichidae,Leontopithecus,Leontopithecus chrysomelas,Leontopithecus_chrysomelas ,camera traps,1, , , ,0,2008,1,site,NA, ,Leontopithecus chrysomelas ,Leontopithecus chrysomelas,0.58,D,62.03333333,AR,Omnivore,11.84,NA,6.5,NA,NA,NA,255.6,2.04,NA,Pair,Monogamy, ,8Tropical and Subtropical Grasslands Savannas and Shrublands,0,0.79,0,0,1.54,0,0,2.54,0,0.02,3.8,0.59,0.07,5.31,1.25,0.18,7.07,2.53,0.48,9.08,5.3,0.94,11.34,8.3,1.38,13.85,9.96,1.91,16.62,11.47,2.56,19.63,13.04,3.32,22.9,14.5,4.22,26.42,15.97,5.39,30.19,17.85,6.9,34.21,20.16,8.33,38.48,21.65,9.94,43.01,23.11,11.66,47.78,24.41,13.47,52.81,25.52,15.57,58.09,26.8,17.87,63.62,28.09
-1,12058,21,Cassano et al. 2014,Richness,-51.16730159,-15.07569252,Precise,Brazil,Neotropics,Callitrichidae,Leontopithecus,Leontopithecus chrysomelas,Leontopithecus_chrysomelas ,camera traps,1, , , ,0,2008,1,site,NA, ,Leontopithecus chrysomelas ,Leontopithecus chrysomelas,0.58,D,62.03333333,AR,Omnivore,11.84,NA,6.5,NA,NA,NA,255.6,2.04,NA,Pair,Monogamy, ,8Tropical and Subtropical Grasslands Savannas and Shrublands,0,0.79,0,0,1.54,0,0,2.54,0,0,3.8,0,0.01,5.31,0.1,0.01,7.07,0.07,0.01,9.08,0.1,0.07,11.34,0.57,0.18,13.85,1.29,0.37,16.62,2.23,0.7,19.63,3.58,0.98,22.9,4.3,1.27,26.42,4.81,1.55,30.19,5.14,1.86,34.21,5.45,2.17,38.48,5.64,2.5,43.01,5.82,2.87,47.78,6.01,3.34,52.81,6.33,3.84,58.09,6.6,4.51,63.62,7.09
-1,12059,21,Cassano et al. 2014,Richness,-51.1232675,-15.08647972,Precise,Brazil,Neotropics,Callitrichidae,Leontopithecus,Leontopithecus chrysomelas,Leontopithecus_chrysomelas ,camera traps,1, , , ,0,2008,1,site,NA, ,Leontopithecus chrysomelas ,Leontopithecus chrysomelas,0.58,D,62.03333333,AR,Omnivore,11.84,NA,6.5,NA,NA,NA,255.6,2.04,NA,Pair,Monogamy, ,8Tropical and Subtropical Grasslands Savannas and Shrublands,0.343613968,0.79,43.5,0.63,1.54,41.18,1,2.54,39.46,1.39,3.8,36.58,1.88,5.31,35.38,2.59,7.07,36.63,3.45,9.08,38.04,4.44,11.34,39.11,5.59,13.85,40.34,6.8,16.62,40.94,8,19.63,40.76,9.39,22.9,41.01,10.73,26.42,40.6,11.75,30.19,38.94,12.59,34.21,36.8,13.38,38.48,34.78,13.98,43.01,32.51,14.77,47.78,30.92,15.58,52.81,29.49,16.51,58.09,28.41,17.39,63.62,27.33
-1,12060,21,Cassano et al. 2014,Richness,-51.10990955,-15.09550062,Precise,Brazil,Neotropics,Callitrichidae,Leontopithecus,Leontopithecus chrysomelas,Leontopithecus_chrysomelas ,camera traps,1, , , ,0,2008,1,site,NA, ,Leontopithecus chrysomelas ,Leontopithecus chrysomelas,0.58,D,62.03333333,AR,Omnivore,11.84,NA,6.5,NA,NA,NA,255.6,2.04,NA,Pair,Monogamy, ,8Tropical and Subtropical Grasslands Savannas and Shrublands,0.023193191,0.79,2.94,0.15,1.54,9.85,0.38,2.54,15.15,0.77,3.8,20.28,1.25,5.31,23.62,1.97,7.07,27.92,2.67,9.08,29.41,3.43,11.34,30.29,4.19,13.85,30.25,4.85,16.62,29.19,5.29,19.63,26.94,5.72,22.9,24.99,6.33,26.42,23.94,7.29,30.19,24.14,8.4,34.21,24.57,9.33,38.48,24.24,10.29,43.01,23.92,11.54,47.78,24.16,13.01,52.81,24.64,14.59,58.09,25.12,16.28,63.62,25.59
-1,12061,21,Cassano et al. 2014,Richness,-51.19477804,-15.10522601,Precise,Brazil,Neotropics,Callitrichidae,Leontopithecus,Leontopithecus chrysomelas,Leontopithecus_chrysomelas ,camera traps,1, , , ,0,2008,1,site,NA, ,Leontopithecus chrysomelas ,Leontopithecus chrysomelas,0.58,D,62.03333333,AR,Omnivore,11.84,NA,6.5,NA,NA,NA,255.6,2.04,NA,Pair,Monogamy, ,8Tropical and Subtropical Grasslands Savannas and Shrublands,0,0.79,0,0,1.54,0,0,2.54,0.01,0,3.8,0.07,0.01,5.31,0.12,0.05,7.07,0.67,0.12,9.08,1.31,0.2,11.34,1.75,0.32,13.85,2.33,0.54,16.62,3.26,0.82,19.63,4.16,1.18,22.9,5.14,1.64,26.42,6.22,2.23,30.19,7.4,2.82,34.21,8.23,3.43,38.48,8.9,4.31,43.01,10.03,5.08,47.78,10.64,5.84,52.81,11.05,6.45,58.09,11.1,6.93,63.62,10.89
-1,12062,21,Cassano et al. 2014,Richness,-51.16488649,-15.10524976,Precise,Brazil,Neotropics,Callitrichidae,Leontopithecus,Leontopithecus chrysomelas,Leontopithecus_chrysomelas ,camera traps,1, , , ,0,2008,1,site,NA, ,Leontopithecus chrysomelas ,Leontopithecus chrysomelas,0.58,D,62.03333333,AR,Omnivore,11.84,NA,6.5,NA,NA,NA,255.6,2.04,NA,Pair,Monogamy, ,8Tropical and Subtropical Grasslands Savannas and Shrublands,0.024188393,0.79,3.06,0.07,1.54,4.5,0.14,2.54,5.43,0.21,3.8,5.46,0.26,5.31,4.89,0.36,7.07,5.14,0.54,9.08,5.96,0.82,11.34,7.27,1.19,13.85,8.61,1.59,16.62,9.56,2.04,19.63,10.38,2.45,22.9,10.68,2.93,26.42,11.1,3.49,30.19,11.57,4.11,34.21,12.03,4.8,38.48,12.48,5.47,43.01,12.72,6.21,47.78,12.99,7.12,52.81,13.48,8.36,58.09,14.39,9.75,63.62,15.33
-1,12063,21,Cassano et al. 2014,Richness,-51.27521299,-15.10643536,Precise,Brazil,Neotropics,Callitrichidae,Leontopithecus,Leontopithecus chrysomelas,Leontopithecus_chrysomelas ,camera traps,1, , , ,0,2008,1,site,NA, ,Leontopithecus chrysomelas ,Leontopithecus chrysomelas,0.58,D,62.03333333,AR,Omnivore,11.84,NA,6.5,NA,NA,NA,255.6,2.04,NA,Pair,Monogamy, ,8Tropical and Subtropical Grasslands Savannas and Shrublands,0,0.79,0,0,1.54,0,0,2.54,0,0.01,3.8,0.39,0.19,5.31,3.6,0.41,7.07,5.83,0.61,9.08,6.68,0.87,11.34,7.67,1.19,13.85,8.58,1.45,16.62,8.72,1.9,19.63,9.67,2.48,22.9,10.84,3.03,26.42,11.47,3.45,30.19,11.43,3.96,34.21,11.56,4.48,38.48,11.64,5.07,43.01,11.78,5.71,47.78,11.96,6.56,52.81,12.41,7.51,58.09,12.92,8.79,63.62,13.81
-1,12064,21,Cassano et al. 2014,Richness,-51.1274589,-15.10871861,Precise,Brazil,Neotropics,Callitrichidae,Leontopithecus,Leontopithecus chrysomelas,Leontopithecus_chrysomelas ,camera traps,0, , , ,0,2008,1,site,NA, ,Leontopithecus chrysomelas ,Leontopithecus chrysomelas,0.58,D,62.03333333,AR,Omnivore,11.84,NA,6.5,NA,NA,NA,255.6,2.04,NA,Pair,Monogamy, ,8Tropical and Subtropical Grasslands Savannas and Shrublands,0.260908804,0.79,33.03,0.57,1.54,36.69,0.99,2.54,39.13,1.6,3.8,42.07,2.25,5.31,42.32,2.91,7.07,41.11,3.73,9.08,41.04,4.55,11.34,40.15,5.16,13.85,37.26,5.77,16.62,34.73,6.2,19.63,31.61,6.72,22.9,29.35,7.36,26.42,27.86,8.02,30.19,26.58,8.6,34.21,25.13,9.22,38.48,23.97,10.21,43.01,23.74,12.08,47.78,25.27,13.59,52.81,25.73,15.01,58.09,25.84,16.23,63.62,25.51
-1,12065,21,Cassano et al. 2014,Richness,-51.17329101,-15.11795529,Precise,Brazil,Neotropics,Callitrichidae,Leontopithecus,Leontopithecus chrysomelas,Leontopithecus_chrysomelas ,camera traps,1, , , ,0,2008,1,site,NA, ,Leontopithecus chrysomelas ,Leontopithecus chrysomelas,0.58,D,62.03333333,AR,Omnivore,11.84,NA,6.5,NA,NA,NA,255.6,2.04,NA,Pair,Monogamy, ,8Tropical and Subtropical Grasslands Savannas and Shrublands,0.020907958,0.79,2.65,0.05,1.54,3.1,0.1,2.54,4.06,0.34,3.8,9.02,0.67,5.31,12.54,0.98,7.07,13.9,1.19,9.08,13.15,1.41,11.34,12.48,1.62,13.85,11.71,1.82,16.62,10.97,2.34,19.63,11.94,2.81,22.9,12.28,3.48,26.42,13.18,4.23,30.19,14,5.05,34.21,14.76,5.94,38.48,15.43,6.8,43.01,15.82,7.63,47.78,15.98,8.56,52.81,16.2,9.68,58.09,16.66,10.92,63.62,17.17
-1,12066,21,Cassano et al. 2014,Richness,-51.12935769,-15.12455759,Precise,Brazil,Neotropics,Callitrichidae,Leontopithecus,Leontopithecus chrysomelas,Leontopithecus_chrysomelas ,camera traps,1, , , ,0,2008,1,site,NA, ,Leontopithecus chrysomelas ,Leontopithecus chrysomelas,0.58,D,62.03333333,AR,Omnivore,11.84,NA,6.5,NA,NA,NA,255.6,2.04,NA,Pair,Monogamy, ,8Tropical and Subtropical Grasslands Savannas and Shrublands,0.26767294,0.79,33.88,0.58,1.54,37.53,0.95,2.54,37.22,1.31,3.8,34.36,1.73,5.31,32.62,2.17,7.07,30.72,2.69,9.08,29.6,3.46,11.34,30.51,4.47,13.85,32.3,5.51,16.62,33.13,6.49,19.63,33.04,7.4,22.9,32.3,8.12,26.42,30.73,8.77,30.19,29.04,9.51,34.21,27.78,10.27,38.48,26.69,11.04,43.01,25.67,11.99,47.78,25.09,12.9,52.81,24.42,13.55,58.09,23.33,14.26,63.62,22.42
-1,12067,21,Cassano et al. 2014,Richness,-51.26261032,-15.12746177,Precise,Brazil,Neotropics,Callitrichidae,Leontopithecus,Leontopithecus chrysomelas,Leontopithecus_chrysomelas ,camera traps,0, , , ,0,2008,1,site,NA, ,Leontopithecus chrysomelas ,Leontopithecus chrysomelas,0.58,D,62.03333333,AR,Omnivore,11.84,NA,6.5,NA,NA,NA,255.6,2.04,NA,Pair,Monogamy, ,8Tropical and Subtropical Grasslands Savannas and Shrublands,0.003546543,0.79,0.45,0.03,1.54,1.69,0.1,2.54,3.99,0.2,3.8,5.17,0.23,5.31,4.39,0.26,7.07,3.68,0.28,9.08,3.09,0.3,11.34,2.68,0.36,13.85,2.6,0.5,16.62,3.01,0.73,19.63,3.71,1.1,22.9,4.79,1.6,26.42,6.05,2.13,30.19,7.05,2.73,34.21,7.99,3.37,38.48,8.77,3.94,43.01,9.16,4.45,47.78,9.3,4.95,52.81,9.38,5.52,58.09,9.5,6.38,63.62,10.03
-1,12068,21,Cassano et al. 2014,Richness,-51.21486846,-15.14052231,Precise,Brazil,Neotropics,Callitrichidae,Leontopithecus,Leontopithecus chrysomelas,Leontopithecus_chrysomelas ,camera traps,0, , , ,0,2008,1,site,NA, ,Leontopithecus chrysomelas ,Leontopithecus chrysomelas,0.58,D,62.03333333,AR,Omnivore,11.84,NA,6.5,NA,NA,NA,255.6,2.04,NA,Pair,Monogamy, ,8Tropical and Subtropical Grasslands Savannas and Shrublands,0,0.79,0,0,1.54,0,0,2.54,0,0,3.8,0,0,5.31,0,0,7.07,0,0.01,9.08,0.08,0.01,11.34,0.06,0.01,13.85,0.09,0.02,16.62,0.14,0.03,19.63,0.15,0.12,22.9,0.53,0.36,26.42,1.35,0.6,30.19,1.99,0.8,34.21,2.33,0.97,38.48,2.53,1.17,43.01,2.72,1.44,47.78,3.01,1.86,52.81,3.53,2.38,58.09,4.1,2.98,63.62,4.69
-1,12070,21,Cassano et al. 2014,Richness,-51.24406082,-15.15965063,Precise,Brazil,Neotropics,Callitrichidae,Leontopithecus,Leontopithecus chrysomelas,Leontopithecus_chrysomelas ,camera traps,0, , , ,0,2008,1,site,NA, ,Leontopithecus chrysomelas ,Leontopithecus chrysomelas,0.58,D,62.03333333,AR,Omnivore,11.84,NA,6.5,NA,NA,NA,255.6,2.04,NA,Pair,Monogamy, ,8Tropical and Subtropical Grasslands Savannas and Shrublands,0.098711274,0.79,12.5,0.11,1.54,7.27,0.15,2.54,5.81,0.18,3.8,4.72,0.21,5.31,3.95,0.28,7.07,3.95,0.4,9.08,4.36,0.43,11.34,3.76,0.47,13.85,3.38,0.51,16.62,3.07,0.55,19.63,2.8,0.6,22.9,2.63,0.66,26.42,2.5,0.77,30.19,2.56,0.94,34.21,2.74,1.05,38.48,2.72,1.13,43.01,2.62,1.24,47.78,2.6,1.36,52.81,2.58,1.66,58.09,2.86,2.07,63.62,3.26
-1,12071,21,Cassano et al. 2014,Richness,-51.2800911,-15.16436435,Precise,Brazil,Neotropics,Callitrichidae,Leontopithecus,Leontopithecus chrysomelas,Leontopithecus_chrysomelas ,camera traps,0, , , ,0,2008,1,site,NA, ,Leontopithecus chrysomelas ,Leontopithecus chrysomelas,0.58,D,62.03333333,AR,Omnivore,11.84,NA,6.5,NA,NA,NA,255.6,2.04,NA,Pair,Monogamy, ,8Tropical and Subtropical Grasslands Savannas and Shrublands,0.039306998,0.79,4.98,0.1,1.54,6.53,0.19,2.54,7.47,0.24,3.8,6.3,0.25,5.31,4.78,0.25,7.07,3.59,0.26,9.08,2.9,0.28,11.34,2.43,0.29,13.85,2.07,0.34,16.62,2.07,0.63,19.63,3.2,0.86,22.9,3.77,1.13,26.42,4.26,1.43,30.19,4.75,1.72,34.21,5.04,2.02,38.48,5.26,2.62,43.01,6.09,3.35,47.78,7,4.25,52.81,8.06,5.25,58.09,9.04,6.25,63.62,9.82
-1,12072,21,Cassano et al. 2014,Richness,-51.18414318,-15.17232883,Precise,Brazil,Neotropics,Callitrichidae,Leontopithecus,Leontopithecus chrysomelas,Leontopithecus_chrysomelas ,camera traps,1, , , ,0,2008,1,site,NA, ,Leontopithecus chrysomelas ,Leontopithecus chrysomelas,0.58,D,62.03333333,AR,Omnivore,11.84,NA,6.5,NA,NA,NA,255.6,2.04,NA,Pair,Monogamy, ,8Tropical and Subtropical Grasslands Savannas and Shrublands,0.06983057,0.79,8.84,0.08,1.54,5.05,0.08,2.54,3.06,0.11,3.8,2.87,0.17,5.31,3.26,0.3,7.07,4.2,0.41,9.08,4.51,0.7,11.34,6.22,1.05,13.85,7.59,1.52,16.62,9.14,2.22,19.63,11.29,3.06,22.9,13.38,4,26.42,15.15,4.98,30.19,16.5,5.87,34.21,17.17,6.77,38.48,17.58,7.56,43.01,17.57,8.21,47.78,17.19,9,52.81,17.04,9.75,58.09,16.78,10.46,63.62,16.44
-1,12073,21,Cassano et al. 2014,Richness,-51.23758262,-15.17681744,Precise,Brazil,Neotropics,Callitrichidae,Leontopithecus,Leontopithecus chrysomelas,Leontopithecus_chrysomelas ,camera traps,1, , , ,0,2008,1,site,NA, ,Leontopithecus chrysomelas ,Leontopithecus chrysomelas,0.58,D,62.03333333,AR,Omnivore,11.84,NA,6.5,NA,NA,NA,255.6,2.04,NA,Pair,Monogamy, ,8Tropical and Subtropical Grasslands Savannas and Shrublands,0.013587051,0.79,1.72,0.03,1.54,2.08,0.04,2.54,1.43,0.04,3.8,0.95,0.04,5.31,0.68,0.06,7.07,0.84,0.11,9.08,1.21,0.3,11.34,2.63,0.42,13.85,3.02,0.66,16.62,3.97,1.05,19.63,5.33,1.41,22.9,6.16,1.74,26.42,6.59,2.01,30.19,6.67,2.19,34.21,6.41,2.27,38.48,5.9,2.3,43.01,5.36,2.34,47.78,4.89,2.38,52.81,4.5,2.42,58.09,4.16,2.46,63.62,3.87
-1,12074,21,Cassano et al. 2014,Richness,-51.34864156,-15.18204331,Precise,Brazil,Neotropics,Callitrichidae,Leontopithecus,Leontopithecus chrysomelas,Leontopithecus_chrysomelas ,camera traps,1, , , ,0,2008,1,site,NA, ,Leontopithecus chrysomelas ,Leontopithecus chrysomelas,0.58,D,62.03333333,AR,Omnivore,11.84,NA,6.5,NA,NA,NA,255.6,2.04,NA,Pair,Monogamy, ,8Tropical and Subtropical Grasslands Savannas and Shrublands,0.02048889,0.79,2.59,0.19,1.54,12.47,0.48,2.54,18.73,0.82,3.8,21.56,1.22,5.31,22.96,1.69,7.07,23.83,2.28,9.08,25.08,3.02,11.34,26.67,3.88,13.85,28.01,4.76,16.62,28.65,5.65,19.63,28.79,6.64,22.9,29.01,7.75,26.42,29.32,8.89,30.19,29.44,10.03,34.21,29.31,11.32,38.48,29.42,12.69,43.01,29.5,13.93,47.78,29.16,15.12,52.81,28.62,16.24,58.09,27.95,17.24,63.62,27.1
-1,12075,21,Cassano et al. 2014,Richness,-51.20222514,-15.18591107,Precise,Brazil,Neotropics,Callitrichidae,Leontopithecus,Leontopithecus chrysomelas,Leontopithecus_chrysomelas ,camera traps,1, , , ,0,2008,1,site,NA, ,Leontopithecus chrysomelas ,Leontopithecus chrysomelas,0.58,D,62.03333333,AR,Omnivore,11.84,NA,6.5,NA,NA,NA,255.6,2.04,NA,Pair,Monogamy, ,8Tropical and Subtropical Grasslands Savannas and Shrublands,0,0.79,0,0,1.54,0,0,2.54,0,0.01,3.8,0.26,0.06,5.31,1.22,0.12,7.07,1.68,0.24,9.08,2.62,0.37,11.34,3.29,0.5,13.85,3.59,0.64,16.62,3.87,0.77,19.63,3.9,0.88,22.9,3.84,0.99,26.42,3.76,1.28,30.19,4.23,1.67,34.21,4.87,2.22,38.48,5.78,2.92,43.01,6.8,3.72,47.78,7.78,4.51,52.81,8.55,5.27,58.09,9.08,5.8,63.62,9.12
-1,12076,21,Cassano et al. 2014,Richness,-51.26917522,-15.18900536,Precise,Brazil,Neotropics,Callitrichidae,Leontopithecus,Leontopithecus chrysomelas,Leontopithecus_chrysomelas ,camera traps,1, , , ,0,2008,1,site,NA, ,Leontopithecus chrysomelas ,Leontopithecus chrysomelas,0.58,D,62.03333333,AR,Omnivore,11.84,NA,6.5,NA,NA,NA,255.6,2.04,NA,Pair,Monogamy, ,8Tropical and Subtropical Grasslands Savannas and Shrublands,0.033126247,0.79,4.19,0.05,1.54,3.21,0.07,2.54,2.84,0.13,3.8,3.4,0.16,5.31,3.1,0.18,7.07,2.58,0.21,9.08,2.27,0.3,11.34,2.63,0.36,13.85,2.63,0.48,16.62,2.91,0.55,19.63,2.83,0.67,22.9,2.95,0.87,26.42,3.28,1,30.19,3.31,1.19,34.21,3.47,1.55,38.48,4.04,2.04,43.01,4.75,2.61,47.78,5.47,3.13,52.81,5.93,3.59,58.09,6.18,3.98,63.62,6.25
-1,12077,21,Cassano et al. 2014,Richness,-51.25198189,-15.19848215,Precise,Brazil,Neotropics,Callitrichidae,Leontopithecus,Leontopithecus chrysomelas,Leontopithecus_chrysomelas ,camera traps,1, , , ,0,2008,1,site,NA, ,Leontopithecus chrysomelas ,Leontopithecus chrysomelas,0.58,D,62.03333333,AR,Omnivore,11.84,NA,6.5,NA,NA,NA,255.6,2.04,NA,Pair,Monogamy, ,8Tropical and Subtropical Grasslands Savannas and Shrublands,0.082697253,0.79,10.47,0.18,1.54,11.97,0.24,2.54,9.42,0.25,3.8,6.68,0.32,5.31,6.11,0.45,7.07,6.33,0.65,9.08,7.13,0.89,11.34,7.87,1.14,13.85,8.26,1.41,16.62,8.48,1.9,19.63,9.67,2.28,22.9,9.94,2.47,26.42,9.35,2.7,30.19,8.94,3.02,34.21,8.82,3.32,38.48,8.64,3.64,43.01,8.47,3.73,47.78,7.81,3.76,52.81,7.11,3.77,58.09,6.5,3.88,63.62,6.09
-1,12078,21,Cassano et al. 2014,Richness,-51.38310318,-15.20159708,Precise,Brazil,Neotropics,Callitrichidae,Leontopithecus,Leontopithecus chrysomelas,Leontopithecus_chrysomelas ,camera traps,0, , , ,0,2008,1,site,NA, ,Leontopithecus chrysomelas ,Leontopithecus chrysomelas,0.58,D,62.03333333,AR,Omnivore,11.84,NA,6.5,NA,NA,NA,255.6,2.04,NA,Pair,Monogamy, ,8Tropical and Subtropical Grasslands Savannas and Shrublands,0.546647758,0.79,69.2,0.98,1.54,63.89,1.34,2.54,52.9,1.64,3.8,43.07,1.94,5.31,36.58,2.24,7.07,31.69,2.49,9.08,27.44,2.82,11.34,24.9,3.33,13.85,24.01,3.91,16.62,23.52,4.56,19.63,23.2,5.29,22.9,23.1,6.16,26.42,23.33,7.01,30.19,23.23,7.57,34.21,22.14,7.95,38.48,20.66,8.24,43.01,19.17,8.63,47.78,18.06,9.18,52.81,17.39,9.9,58.09,17.04,10.92,63.62,17.17
-1,12079,21,Cassano et al. 2014,Richness,-51.29254301,-15.20261906,Precise,Brazil,Neotropics,Callitrichidae,Leontopithecus,Leontopithecus chrysomelas,Leontopithecus_chrysomelas ,camera traps,1, , , ,0,2008,1,site,NA, ,Leontopithecus chrysomelas ,Leontopithecus chrysomelas,0.58,D,62.03333333,AR,Omnivore,11.84,NA,6.5,NA,NA,NA,255.6,2.04,NA,Pair,Monogamy, ,8Tropical and Subtropical Grasslands Savannas and Shrublands,0,0.79,0,0,1.54,0,0,2.54,0,0.01,3.8,0.14,0.02,5.31,0.45,0.04,7.07,0.57,0.06,9.08,0.63,0.08,11.34,0.71,0.11,13.85,0.79,0.14,16.62,0.82,0.15,19.63,0.76,0.24,22.9,1.03,0.37,26.42,1.4,0.56,30.19,1.87,0.73,34.21,2.14,0.9,38.48,2.34,1.11,43.01,2.57,1.52,47.78,3.17,2,52.81,3.78,2.71,58.09,4.67,3.52,63.62,5.53
-1,12080,21,Cassano et al. 2014,Richness,-51.35074125,-15.20764399,Precise,Brazil,Neotropics,Callitrichidae,Leontopithecus,Leontopithecus chrysomelas,Leontopithecus_chrysomelas ,camera traps,0, , , ,0,2008,1,site,NA, ,Leontopithecus chrysomelas ,Leontopithecus chrysomelas,0.58,D,62.03333333,AR,Omnivore,11.84,NA,6.5,NA,NA,NA,255.6,2.04,NA,Pair,Monogamy, ,8Tropical and Subtropical Grasslands Savannas and Shrublands,0.011560375,0.79,1.46,0.02,1.54,1.01,0.02,2.54,0.61,0.02,3.8,0.41,0.02,5.31,0.42,0.04,7.07,0.54,0.06,9.08,0.66,0.08,11.34,0.73,0.1,13.85,0.74,0.12,16.62,0.72,0.37,19.63,1.88,0.87,22.9,3.79,1.34,26.42,5.08,1.88,30.19,6.24,2.59,34.21,7.57,3.51,38.48,9.13,4.87,43.01,11.33,6.63,47.78,13.87,8.82,52.81,16.7,10.86,58.09,18.69,12.83,63.62,20.17
-1,12082,21,Cassano et al. 2014,Richness,-51.29656035,-15.21253174,Precise,Brazil,Neotropics,Callitrichidae,Leontopithecus,Leontopithecus chrysomelas,Leontopithecus_chrysomelas ,camera traps,1, , , ,0,2008,1,site,NA, ,Leontopithecus chrysomelas ,Leontopithecus chrysomelas,0.58,D,62.03333333,AR,Omnivore,11.84,NA,6.5,NA,NA,NA,255.6,2.04,NA,Pair,Monogamy, ,8Tropical and Subtropical Grasslands Savannas and Shrublands,0.031659397,0.79,4.01,0.03,1.54,2.19,0.03,2.54,1.33,0.03,3.8,0.89,0.03,5.31,0.63,0.03,7.07,0.48,0.03,9.08,0.37,0.03,11.34,0.3,0.05,13.85,0.34,0.08,16.62,0.49,0.16,19.63,0.83,0.36,22.9,1.59,0.62,26.42,2.33,0.99,30.19,3.28,1.45,34.21,4.24,2.28,38.48,5.93,3.23,43.01,7.52,4.33,47.78,9.06,5.52,52.81,10.45,6.67,58.09,11.48,7.78,63.62,12.22
-1,12083,21,Cassano et al. 2014,Richness,-51.31530044,-15.21702672,Precise,Brazil,Neotropics,Callitrichidae,Leontopithecus,Leontopithecus chrysomelas,Leontopithecus_chrysomelas ,camera traps,0, , , ,0,2008,1,site,NA, ,Leontopithecus chrysomelas ,Leontopithecus chrysomelas,0.58,D,62.03333333,AR,Omnivore,11.84,NA,6.5,NA,NA,NA,255.6,2.04,NA,Pair,Monogamy, ,8Tropical and Subtropical Grasslands Savannas and Shrublands,0,0.79,0,0,1.54,0,0,2.54,0,0,3.8,0,0.04,5.31,0.78,0.27,7.07,3.84,0.67,9.08,7.34,1.22,11.34,10.75,1.83,13.85,13.22,2.48,16.62,14.9,3.17,19.63,16.16,3.94,22.9,17.22,4.68,26.42,17.73,5.46,30.19,18.07,6.22,34.21,18.2,7.06,38.48,18.36,8.07,43.01,18.76,9.03,47.78,18.91,9.99,52.81,18.91,10.76,58.09,18.53,11.58,63.62,18.21
-1,12084,21,Cassano et al. 2014,Richness,-51.18080087,-15.22658683,Precise,Brazil,Neotropics,Callitrichidae,Leontopithecus,Leontopithecus chrysomelas,Leontopithecus_chrysomelas ,camera traps,1, , , ,0,2008,1,site,NA, ,Leontopithecus chrysomelas ,Leontopithecus chrysomelas,0.58,D,62.03333333,AR,Omnivore,11.84,NA,6.5,NA,NA,NA,255.6,2.04,NA,Pair,Monogamy, ,8Tropical and Subtropical Grasslands Savannas and Shrublands,0.012385442,0.79,1.57,0.05,1.54,3.48,0.17,2.54,6.71,0.27,3.8,7.08,0.34,5.31,6.41,0.36,7.07,5.03,0.4,9.08,4.4,0.55,11.34,4.87,0.82,13.85,5.9,1.17,16.62,7.06,1.56,19.63,7.93,2.04,22.9,8.89,2.62,26.42,9.92,3.21,30.19,10.65,3.9,34.21,11.39,4.79,38.48,12.45,5.64,43.01,13.11,6.52,47.78,13.65,7.63,52.81,14.45,8.57,58.09,14.75,9.38,63.62,14.74
-1,12085,21,Cassano et al. 2014,Richness,-51.31399297,-15.22694647,Precise,Brazil,Neotropics,Callitrichidae,Leontopithecus,Leontopithecus chrysomelas,Leontopithecus_chrysomelas ,camera traps,1, , , ,0,2008,1,site,NA, ,Leontopithecus chrysomelas ,Leontopithecus chrysomelas,0.58,D,62.03333333,AR,Omnivore,11.84,NA,6.5,NA,NA,NA,255.6,2.04,NA,Pair,Monogamy, ,8Tropical and Subtropical Grasslands Savannas and Shrublands,0.013769933,0.79,1.74,0.11,1.54,7.14,0.28,2.54,10.88,0.52,3.8,13.73,0.98,5.31,18.39,1.58,7.07,22.35,2.35,9.08,25.86,3.22,11.34,28.43,4.21,13.85,30.42,5.16,16.62,31.02,6.1,19.63,31.09,7.06,22.9,30.82,8.11,26.42,30.7,9.12,30.19,30.21,10.1,34.21,29.51,11.07,38.48,28.77,11.8,43.01,27.44,12.38,47.78,25.91,13.04,52.81,24.7,13.64,58.09,23.48,14.2,63.62,22.32
-1,12086,21,Cassano et al. 2014,Richness,-51.35126665,-15.23253281,Precise,Brazil,Neotropics,Callitrichidae,Leontopithecus,Leontopithecus chrysomelas,Leontopithecus_chrysomelas ,camera traps,0, , , ,0,2008,1,site,NA, ,Leontopithecus chrysomelas ,Leontopithecus chrysomelas,0.58,D,62.03333333,AR,Omnivore,11.84,NA,6.5,NA,NA,NA,255.6,2.04,NA,Pair,Monogamy, ,8Tropical and Subtropical Grasslands Savannas and Shrublands,0.006013123,0.79,0.76,0.05,1.54,3.06,0.09,2.54,3.46,0.23,3.8,6,0.51,5.31,9.67,0.9,7.07,12.76,1.38,9.08,15.23,1.96,11.34,17.32,2.64,13.85,19.07,3.41,16.62,20.54,4.2,19.63,21.39,5,22.9,21.85,5.87,26.42,22.21,6.77,30.19,22.42,7.8,34.21,22.79,9.06,38.48,23.53,10.58,43.01,24.59,12.07,47.78,25.26,13.56,52.81,25.68,14.87,58.09,25.6,16.23,63.62,25.51
