OID,N,N_study,Source,BASE,X,Y,Precise,Country,Realm,Family,Genus,Taxon,Taxon_ITIS,Sample_met,Ocurrence,N_groups,Abundanc_1,Abundance,Density,Sample_yea,Sampling_e,Sampling_1,ID_Todo,TRAITS,Taxon_IT_1,ITIS_SPECI,BodyMass_k,DielActivi,HomeRange_,Locomotion,TrophicGui,Brain_size,Canine_Dim,MeanGroupS,Interbirth,Gestation,WeaningAge,MaxLongevi,LitterSz,AdultSexRa,Social_Sys,Mating_Sys,FOREST,BIOME,Buffer_500,Area500,FC_500,Buffer_700,Area700,FC_700,Buffer_900,Area900,FC_900,Buffer_110,Area1100,FC1100,Buffer_130,Area1300,FC_1300,Buffer_150,Area1500,FC_1500,Buffer_170,Area1700,FC_1700,Buffer_190,Area1900,FC_1900,Buffer_210,Area2100,FC_2100,Buffer_230,Area2300,FC_2300,Buffer_250,Area2500,FC_2500,Buffer_270,Area2700,FC_2700,Buffer_290,Area2900,FC_2900,Buffer_310,Area3100,FC_3100,Buffer_330,Area3300,FC_3300,Buffer_350,Area3500,FC_3500,Buffer_370,Area3700,F_Buffer_3,Buffer_390,Area_3900,FC_3900,Buffer_410,Area4100,FC_4100,Buffer_430,Area4300,FC_4300,Buffer_450,Area4500,FC_4500
-1,12298,36,Lehman & Ratsimbazafy 2001,Richness,47.63444444,-20.39027778,Precise,Madagascar,Madagascar,Lepilemuridae,Lepilemur,Lepilemur mustelinus,Lepilemur_mustelinus,Transect lines,0, , , ,0,2000,0,NR,NA, ,Lepilemur mustelinus,Lepilemur mustelinus,0.98,N,0.9,AR,Folivore,9.9,1.332,1,365,135.54,76.21,144,1,NA,Solitary,Spatial Polygyny, ,2Tropical_and_suptropical_moist_broadleaf_forest,0.772842207,0.79,97.83,1.52,1.54,98.42,2.5,2.54,98.53,3.72,3.8,97.99,5.18,5.31,97.57,NA,7.07,NA,8.89,9.08,97.87,11.1,11.34,97.86,13.56,13.85,97.93,16.28,16.62,97.93,19.23,19.63,97.96,22.42,22.9,97.91,25.87,26.42,97.91,29.55,30.19,97.87,33.49,34.21,97.89,37.67,38.48,97.89,42.1,43.01,97.87,46.76,47.78,97.86,51.66,52.81,97.82,56.81,58.09,97.79,61.9,63.62,97.29
-1,12299,36,Lehman & Ratsimbazafy 2001,Richness,47.65305556,-20.39361111,Precise,Madagascar,Madagascar,Lepilemuridae,Lepilemur,Lepilemur mustelinus,Lepilemur_mustelinus,Transect lines,0, , , ,0,2000,0,NR,NA, ,Lepilemur mustelinus,Lepilemur mustelinus,0.98,N,0.9,AR,Folivore,9.9,1.332,1,365,135.54,76.21,144,1,NA,Solitary,Spatial Polygyny, ,2Tropical_and_suptropical_moist_broadleaf_forest,0.773661894,0.79,97.93,1.52,1.54,98.48,2.51,2.54,98.63,3.74,3.8,98.43,5.22,5.31,98.31,NA,7.07,NA,8.92,9.08,98.22,11.12,11.34,98.08,13.59,13.85,98.09,16.28,16.62,97.93,19.23,19.63,97.96,22.42,22.9,97.89,25.86,26.42,97.89,29.57,30.19,97.95,33.53,34.21,98.01,37.74,38.48,98.06,42.18,43.01,98.08,46.87,47.78,98.1,51.81,52.81,98.11,57,58.09,98.12,62.19,63.62,97.75
-1,12300,36,Lehman & Ratsimbazafy 2001,Richness,47.66583333,-20.38277778,Precise,Madagascar,Madagascar,Lepilemuridae,Lepilemur,Lepilemur mustelinus,Lepilemur_mustelinus,Transect lines,0, , , ,0,2000,0,NR,NA, ,Lepilemur mustelinus,Lepilemur mustelinus,0.98,N,0.9,AR,Folivore,9.9,1.332,1,365,135.54,76.21,144,1,NA,Solitary,Spatial Polygyny, ,2Tropical_and_suptropical_moist_broadleaf_forest,0.773718265,0.79,97.94,1.52,1.54,98.41,2.5,2.54,98.6,3.74,3.8,98.49,5.23,5.31,98.43,NA,7.07,NA,8.93,9.08,98.35,11.15,11.34,98.37,13.63,13.85,98.41,16.35,16.62,98.39,19.32,19.63,98.44,22.54,22.9,98.42,26,26.42,98.42,29.69,30.19,98.36,33.63,34.21,98.3,37.74,38.48,98.07,42.06,43.01,97.78,46.61,47.78,97.56,51.37,52.81,97.27,56.38,58.09,97.06,61.31,63.62,96.37
-1,12301,36,Lehman & Ratsimbazafy 2001,Richness,47.67166667,-20.06361111,Precise,Madagascar,Madagascar,Lepilemuridae,Lepilemur,Lepilemur mustelinus,Lepilemur_mustelinus,Transect lines,1, , , ,0,2000,0,NR,NA, ,Lepilemur mustelinus,Lepilemur mustelinus,0.98,N,0.9,AR,Folivore,9.9,1.332,1,365,135.54,76.21,144,1,NA,Solitary,Spatial Polygyny, ,2Tropical_and_suptropical_moist_broadleaf_forest,0.761849593,0.79,96.44,1.49,1.54,96.82,2.48,2.54,97.47,3.7,3.8,97.46,5.16,5.31,97.22,NA,7.07,NA,8.77,9.08,96.53,10.89,11.34,95.99,13.3,13.85,96,15.87,16.62,95.52,18.6,19.63,94.76,21.55,22.9,94.11,24.55,26.42,92.94,27.65,30.19,91.6,30.9,34.21,90.34,34.24,38.48,88.97,37.67,43.01,87.6,41.05,47.78,85.91,44.43,52.81,84.13,48.06,58.09,82.73,51.68,63.62,81.23
-1,12302,36,Lehman & Ratsimbazafy 2001,Richness,47.69083333,-20.07638889,Precise,Madagascar,Madagascar,Lepilemuridae,Lepilemur,Lepilemur mustelinus,Lepilemur_mustelinus,Transect lines,0, , , ,0,2000,0,NR,NA, ,Lepilemur mustelinus,Lepilemur mustelinus,0.98,N,0.9,AR,Folivore,9.9,1.332,1,365,135.54,76.21,144,1,NA,Solitary,Spatial Polygyny, ,2Tropical_and_suptropical_moist_broadleaf_forest,0.773651805,0.79,97.93,1.52,1.54,98.47,2.51,2.54,98.69,3.74,3.8,98.55,5.23,5.31,98.48,NA,7.07,NA,8.93,9.08,98.38,11.16,11.34,98.37,13.62,13.85,98.34,16.31,16.62,98.11,19.21,19.63,97.86,22.35,22.9,97.58,25.69,26.42,97.22,29.29,30.19,97.01,33.06,34.21,96.65,36.98,38.48,96.11,41.05,43.01,95.43,45.31,47.78,94.82,49.68,52.81,94.07,54.21,58.09,93.31,58.95,63.62,92.66
-1,12303,110,"Lehman, 2006",Richness,47.4375,-20.69222222,Precise,Madagascar,Madagascar,Lepilemuridae,Lepilemur,Lepilemur mustelinus,Lepilemur_mustelinus,Trails and transects,1, , , ,0,2004,7,months,NA, ,Lepilemur mustelinus,Lepilemur mustelinus,0.98,N,0.9,AR,Folivore,9.9,1.332,1,365,135.54,76.21,144,1,NA,Solitary,Spatial Polygyny, ,2Tropical_and_suptropical_moist_broadleaf_forest,0.773771231,0.79,97.95,1.52,1.54,98.47,2.51,2.54,98.67,3.72,3.8,97.96,5.18,5.31,97.53,NA,7.07,NA,8.78,9.08,96.66,10.96,11.34,96.65,13.35,13.85,96.37,15.97,16.62,96.07,18.83,19.63,95.92,21.93,22.9,95.77,25.25,26.42,95.57,28.71,30.19,95.1,32.36,34.21,94.59,36.26,38.48,94.22,40.46,43.01,94.07,44.94,47.78,94.06,49.55,52.81,93.82,54.43,58.09,93.7,59.48,63.62,93.49
