OID,N,N_study,Source,BASE,X,Y,Precise,Country,Realm,Family,Genus,Taxon,Taxon_ITIS,Sample_met,Ocurrence,N_groups,Abundanc_1,Abundance,Density,Sample_yea,Sampling_e,Sampling_1,ID_Todo,TRAITS,Taxon_IT_1,ITIS_SPECI,BodyMass_k,DielActivi,HomeRange_,Locomotion,TrophicGui,Brain_size,Canine_Dim,MeanGroupS,Interbirth,Gestation,WeaningAge,MaxLongevi,LitterSz,AdultSexRa,Social_Sys,Mating_Sys,FOREST,BIOME,Buffer_500,Area500,FC_500,Buffer_700,Area700,FC_700,Buffer_900,Area900,FC_900,Buffer_110,Area1100,FC1100,Buffer_130,Area1300,FC_1300,Buffer_150,Area1500,FC_1500,Buffer_170,Area1700,FC_1700,Buffer_190,Area1900,FC_1900,Buffer_210,Area2100,FC_2100,Buffer_230,Area2300,FC_2300,Buffer_250,Area2500,FC_2500,Buffer_270,Area2700,FC_2700,Buffer_290,Area2900,FC_2900,Buffer_310,Area3100,FC_3100,Buffer_330,Area3300,FC_3300,Buffer_350,Area3500,FC_3500,Buffer_370,Area3700,F_Buffer_3,Buffer_390,Area_3900,FC_3900,Buffer_410,Area4100,FC_4100,Buffer_430,Area4300,FC_4300,Buffer_450,Area4500,FC_4500
-1,12339,229,Nekaris & Stengel 2013,Ocurrencias,80.59166667,6.03505,Precise,Sri Lanka,Asia,Lorisidae,Loris,Loris tardigradus,Loris_tardigradus ,Line transects,1,0,1.1,Encounter rate,28,2004,72,days,NA, ,Loris tardigradus ,Loris tardigradus,0.19,N,3.7,AR,Insectivore,5.87,0.985,2.5,182.5,166,167.49,196.8,1.44,1,Solitary,Spatial Polygyny, ,9Tropical and Subtropical Dry Broadleaf Forest,0.766288628,0.79,97,1.47,1.54,95.72,2.43,2.54,95.51,3.58,3.8,94.13,4.76,5.31,89.73,5.95,7.07,84.22,7.34,9.08,80.88,8.76,11.34,77.25,10.35,13.85,74.76,12.18,16.62,73.27,14.36,19.63,73.17,16.51,22.9,72.11,18.79,26.42,71.13,21.14,30.19,70.03,23.37,34.21,68.31,25.37,38.48,65.93,27.63,43.01,64.25,30.24,47.78,63.29,33.07,52.81,62.62,36.19,58.09,62.3,39.57,63.62,62.2
-1,12340,229,Nekaris & Stengel 2013,Ocurrencias,80.64188889,6.013055556,Precise,Sri Lanka,Asia,Lorisidae,Loris,Loris tardigradus,Loris_tardigradus ,Line transects,1,0,0.8,Encounter rate,21.7,2004,72,days,NA, ,Loris tardigradus ,Loris tardigradus,0.19,N,3.7,AR,Insectivore,5.87,0.985,2.5,182.5,166,167.49,196.8,1.44,1,Solitary,Spatial Polygyny, ,9Tropical and Subtropical Dry Broadleaf Forest,0.721507435,0.79,91.33,1.42,1.54,92.01,2.35,2.54,92.37,3.54,3.8,93.13,4.89,5.31,92.13,6.45,7.07,91.29,8.24,9.08,90.72,10.22,11.34,90.11,12.45,13.85,89.91,14.88,16.62,89.51,17.6,19.63,89.67,20.47,22.9,89.4,23.54,26.42,89.08,26.77,30.19,88.68,30.18,34.21,88.23,33.88,38.48,88.04,37.71,43.01,87.68,41.64,47.78,87.16,45.48,52.81,86.13,49.2,58.09,84.7,53.03,63.62,83.35
-1,12341,229,Nekaris & Stengel 2013,Ocurrencias,80.34016667,6.060694444,Precise,Sri Lanka,Asia,Lorisidae,Loris,Loris tardigradus,Loris_tardigradus ,Line transects,1,0,0.7,Encounter rate,20.8,2004,72,days,NA, ,Loris tardigradus ,Loris tardigradus,0.19,N,3.7,AR,Insectivore,5.87,0.985,2.5,182.5,166,167.49,196.8,1.44,1,Solitary,Spatial Polygyny, ,2Tropical_and_suptropical_moist_broadleaf_forest,0.646794909,0.79,81.87,1.29,1.54,83.63,2.19,2.54,86.2,3.27,3.8,86.11,4.64,5.31,87.39,NA,7.07,NA,8.14,9.08,89.67,10.14,11.34,89.38,12.38,13.85,89.4,14.92,16.62,89.79,17.57,19.63,89.48,20.23,22.9,88.36,23.23,26.42,87.91,26.42,30.19,87.52,29.85,34.21,87.25,33.61,38.48,87.34,37.51,43.01,87.21,41.67,47.78,87.21,45.78,52.81,86.7,50.27,58.09,86.54,55.02,63.62,86.48
-1,12342,229,Nekaris & Stengel 2013,Ocurrencias,80.59927778,5.97325,Precise,Sri Lanka,Asia,Lorisidae,Loris,Loris tardigradus,Loris_tardigradus ,Line transects,1,0,0.5,Encounter rate,14.7,2004,72,days,NA, ,Loris tardigradus ,Loris tardigradus,0.19,N,3.7,AR,Insectivore,5.87,0.985,2.5,182.5,166,167.49,196.8,1.44,1,Solitary,Spatial Polygyny, ,9Tropical and Subtropical Dry Broadleaf Forest,0.651607687,0.79,82.48,1.2,1.54,77.6,1.91,2.54,75.36,2.71,3.8,71.38,3.69,5.31,69.51,4.96,7.07,70.11,6.55,9.08,72.18,8.47,11.34,74.73,10.57,13.85,76.33,12.7,16.62,76.4,15,19.63,76.44,17.39,22.9,75.93,19.72,26.42,74.64,22.24,30.19,73.67,24.91,34.21,72.81,27.9,38.48,72.51,30.8,43.01,71.61,33.51,47.78,70.13,36.37,52.81,68.87,39.34,58.09,67.72,42.29,63.62,66.48
-1,12343,229,Nekaris & Stengel 2013,Ocurrencias,80.5305,6.072861111,Precise,Sri Lanka,Asia,Lorisidae,Loris,Loris tardigradus,Loris_tardigradus ,Line transects,1,0,0.2,Encounter rate,4.3,2004,72,days,NA, ,Loris tardigradus ,Loris tardigradus,0.19,N,3.7,AR,Insectivore,5.87,0.985,2.5,182.5,166,167.49,196.8,1.44,1,Solitary,Spatial Polygyny, ,2Tropical_and_suptropical_moist_broadleaf_forest,0.636198463,0.79,80.53,1.25,1.54,81.45,2.13,2.54,84.04,3.23,3.8,84.89,4.53,5.31,85.22,NA,7.07,NA,7.59,9.08,83.63,9.43,11.34,83.15,11.39,13.85,82.27,12.99,16.62,78.19,14.81,19.63,75.47,16.74,22.9,73.1,19.09,26.42,72.24,21.79,30.19,72.19,24.86,34.21,72.66,27.95,38.48,72.63,30.97,43.01,72.01,34.45,47.78,72.11,38.14,52.81,72.22,42.04,58.09,72.36,46.19,63.62,72.6
-1,12344,229,Nekaris & Stengel 2013,Ocurrencias,80.46861111,6.029083333,Precise,Sri Lanka,Asia,Lorisidae,Loris,Loris tardigradus,Loris_tardigradus ,Line transects,1,0,0.1,Encounter rate,4.1,2004,72,days,NA, ,Loris tardigradus ,Loris tardigradus,0.19,N,3.7,AR,Insectivore,5.87,0.985,2.5,182.5,166,167.49,196.8,1.44,1,Solitary,Spatial Polygyny, ,2Tropical_and_suptropical_moist_broadleaf_forest,0.571005908,0.79,72.28,1.15,1.54,74.75,1.96,2.54,77.28,3.02,3.8,79.45,4.32,5.31,81.28,NA,7.07,NA,7.45,9.08,82.06,9.17,11.34,80.86,11.05,13.85,79.81,13.32,16.62,80.15,15.61,19.63,79.5,18.1,22.9,79.06,20.91,26.42,79.15,23.64,30.19,78.31,26.56,34.21,77.64,29.7,38.48,77.18,33.14,43.01,77.04,36.51,47.78,76.42,39.68,52.81,75.14,43.2,58.09,74.37,47.01,63.62,73.9
-1,12345,229,Nekaris & Stengel 2013,Ocurrencias,80.29055556,6.287972222,Precise,Sri Lanka,Asia,Lorisidae,Loris,Loris tardigradus,Loris_tardigradus ,Line transects,0,0,0,Encounter rate,0,2004,72,days,NA, ,Loris tardigradus ,Loris tardigradus,0.19,N,3.7,AR,Insectivore,5.87,0.985,2.5,182.5,166,167.49,196.8,1.44,1,Solitary,Spatial Polygyny, ,2Tropical_and_suptropical_moist_broadleaf_forest,0.768982838,0.79,97.34,1.51,1.54,98.1,2.5,2.54,98.3,3.73,3.8,98.07,5.2,5.31,97.9,NA,7.07,NA,8.85,9.08,97.51,10.98,11.34,96.87,13.38,13.85,96.63,15.94,16.62,95.89,18.64,19.63,94.93,21.57,22.9,94.19,24.73,26.42,93.59,28.14,30.19,93.2,31.85,34.21,93.11,35.8,38.48,93.04,39.96,43.01,92.92,44.26,47.78,92.63,48.8,52.81,92.41,53.61,58.09,92.29,58.56,63.62,92.04
-1,12346,229,Nekaris & Stengel 2013,Ocurrencias,80.51355556,6.109277778,Precise,Sri Lanka,Asia,Lorisidae,Loris,Loris tardigradus,Loris_tardigradus ,Line transects,0,0,0,Encounter rate,0,2004,72,days,NA, ,Loris tardigradus ,Loris tardigradus,0.19,N,3.7,AR,Insectivore,5.87,0.985,2.5,182.5,166,167.49,196.8,1.44,1,Solitary,Spatial Polygyny, ,2Tropical_and_suptropical_moist_broadleaf_forest,0.687786756,0.79,87.06,1.34,1.54,87.03,2.23,2.54,87.62,3.37,3.8,88.56,4.75,5.31,89.51,NA,7.07,NA,8.18,9.08,90.08,10.17,11.34,89.68,12.25,13.85,88.47,14.61,16.62,87.91,17.01,19.63,86.65,19.56,22.9,85.42,22.29,26.42,84.37,25.16,30.19,83.34,28.18,34.21,82.38,31.37,38.48,81.52,34.9,43.01,81.14,38.66,47.78,80.91,42.64,52.81,80.74,46.87,58.09,80.68,51.19,63.62,80.46
