OID,N,N_study,Source,BASE,X,Y,Precise,Country,Realm,Family,Genus,Taxon,Taxon_ITIS,Sample_met,Ocurrence,N_groups,Abundanc_1,Abundance,Density,Sample_yea,Sampling_e,Sampling_1,ID_Todo,TRAITS,Taxon_IT_1,ITIS_SPECI,BodyMass_k,DielActivi,HomeRange_,Locomotion,TrophicGui,Brain_size,Canine_Dim,MeanGroupS,Interbirth,Gestation,WeaningAge,MaxLongevi,LitterSz,AdultSexRa,Social_Sys,Mating_Sys,FOREST,BIOME,Buffer_500,Area500,FC_500,Buffer_700,Area700,FC_700,Buffer_900,Area900,FC_900,Buffer_110,Area1100,FC1100,Buffer_130,Area1300,FC_1300,Buffer_150,Area1500,FC_1500,Buffer_170,Area1700,FC_1700,Buffer_190,Area1900,FC_1900,Buffer_210,Area2100,FC_2100,Buffer_230,Area2300,FC_2300,Buffer_250,Area2500,FC_2500,Buffer_270,Area2700,FC_2700,Buffer_290,Area2900,FC_2900,Buffer_310,Area3100,FC_3100,Buffer_330,Area3300,FC_3300,Buffer_350,Area3500,FC_3500,Buffer_370,Area3700,F_Buffer_3,Buffer_390,Area_3900,FC_3900,Buffer_410,Area4100,FC_4100,Buffer_430,Area4300,FC_4300,Buffer_450,Area4500,FC_4500
-1,14051,562,M??Â«nard et al. 2014,Ocurrencias,-5.214602778,33.55261667,Precise,Morocco,Africa,Cercopithecidae,Macaca,Macaca Sylvanus,Macaca_sylvanus ,Complete counts,1,0,0,NA,5.2,2007,234,km (total distance),NA, ,Macaca sylvanus ,Macaca sylvanus,13.5,D,537.5,BOTH - T,Omnivore,93.2,2.02,18.2,431.71,164,210.25,264,1.02,1.49,Polygyndry,Polygyndry, ,1Mediterranean,0.702684062,0.79,88.95,1.37,1.54,89.07,2.28,2.54,89.64,3.35,3.8,88.1,4.56,5.31,85.82,NA,7.07,NA,7.3,9.08,80.37,9.05,11.34,79.82,10.89,13.85,78.62,12.82,16.62,77.12,15.11,19.63,76.97,17.48,22.9,76.33,19.88,26.42,75.24,22.44,30.19,74.34,25.23,34.21,73.76,28.09,38.48,73,30.84,43.01,71.7,33.66,47.78,70.44,36.59,52.81,69.29,39.7,58.09,68.33,42.62,63.62,67
-1,14052,562,M??Â«nard et al. 2014,Ocurrencias,-5.004619444,33.50326389,Precise,Morocco,Africa,Cercopithecidae,Macaca,Macaca Sylvanus,Macaca_sylvanus ,Complete counts,1,0,0,NA,0.5,2007,234,km (total distance),NA, ,Macaca sylvanus ,Macaca sylvanus,13.5,D,537.5,BOTH - T,Omnivore,93.2,2.02,18.2,431.71,164,210.25,264,1.02,1.49,Polygyndry,Polygyndry, ,4Temperate Conifer Forests,0.638030474,0.79,80.76,1.08,1.54,70.09,1.52,2.54,60.02,2.02,3.8,53.03,2.64,5.31,49.77,NA,7.07,NA,4.37,9.08,48.14,5.26,11.34,46.39,6.23,13.85,44.98,7.21,16.62,43.39,8.3,19.63,42.26,9.32,22.9,40.69,10.41,26.42,39.42,11.48,30.19,38.04,12.58,34.21,36.78,13.69,38.48,35.57,14.78,43.01,34.36,15.83,47.78,33.14,16.84,52.81,31.88,17.94,58.09,30.88,19.09,63.62,30.01
-1,14053,562,M??Â«nard et al. 2014,Ocurrencias,-5.025322222,33.48405833,Precise,Morocco,Africa,Cercopithecidae,Macaca,Macaca Sylvanus,Macaca_sylvanus ,Complete counts,1,0,0,NA,0.5,2007,234,km (total distance),NA, ,Macaca sylvanus ,Macaca sylvanus,13.5,D,537.5,BOTH - T,Omnivore,93.2,2.02,18.2,431.71,164,210.25,264,1.02,1.49,Polygyndry,Polygyndry, ,4Temperate Conifer Forests,0.68984896,0.79,87.32,1.27,1.54,82.7,2,2.54,78.93,2.88,3.8,75.83,3.7,5.31,69.64,NA,7.07,NA,5.26,9.08,57.95,6.04,11.34,53.25,6.8,13.85,49.09,7.6,16.62,45.75,8.54,19.63,43.48,9.25,22.9,40.41,9.83,26.42,37.19,10.33,30.19,34.21,10.9,34.21,31.86,11.62,38.48,30.19,12.45,43.01,28.95,13.36,47.78,27.96,14.25,52.81,26.98,15.37,58.09,26.46,16.48,63.62,25.91
-1,14054,562,M??Â«nard et al. 2014,Ocurrencias,-5.153516667,33.41988056,Precise,Morocco,Africa,Cercopithecidae,Macaca,Macaca Sylvanus,Macaca_sylvanus ,Complete counts,1,0,0,NA,7.1,2007,234,km (total distance),NA, ,Macaca sylvanus ,Macaca sylvanus,13.5,D,537.5,BOTH - T,Omnivore,93.2,2.02,18.2,431.71,164,210.25,264,1.02,1.49,Polygyndry,Polygyndry, ,4Temperate Conifer Forests,0.66880692,0.79,84.66,1.29,1.54,83.73,2.18,2.54,85.9,3.24,3.8,85.38,4.38,5.31,82.55,NA,7.07,NA,7.34,9.08,80.79,9.04,11.34,79.7,10.87,13.85,78.49,12.62,16.62,75.96,14.18,19.63,72.21,15.46,22.9,67.51,16.72,26.42,63.28,17.97,30.19,59.53,19.32,34.21,56.48,20.63,38.48,53.61,21.89,43.01,50.91,22.89,47.78,47.91,23.77,52.81,45.01,24.86,58.09,42.8,26,63.62,40.87
-1,14055,562,M??Â«nard et al. 2014,Ocurrencias,-5.193608333,33.42105278,Precise,Morocco,Africa,Cercopithecidae,Macaca,Macaca Sylvanus,Macaca_sylvanus ,Complete counts,1,0,0,NA,7.1,2007,234,km (total distance),NA, ,Macaca sylvanus ,Macaca sylvanus,13.5,D,537.5,BOTH - T,Omnivore,93.2,2.02,18.2,431.71,164,210.25,264,1.02,1.49,Polygyndry,Polygyndry, ,4Temperate Conifer Forests,0.715072027,0.79,90.52,1.27,1.54,82.73,2.05,2.54,80.81,3,3.8,78.96,4.09,5.31,77.03,NA,7.07,NA,5.94,9.08,65.45,7.06,11.34,62.27,8.41,13.85,60.76,9.83,16.62,59.16,11.25,19.63,57.32,12.76,22.9,55.71,14.19,26.42,53.72,15.62,30.19,51.73,16.98,34.21,49.64,18.33,38.48,47.63,19.69,43.01,45.77,21.01,47.78,43.97,22.29,52.81,42.2,23.53,58.09,40.5,24.89,63.62,39.12
-1,14056,562,M??Â«nard et al. 2014,Ocurrencias,-5.244063889,33.344325,Precise,Morocco,Africa,Cercopithecidae,Macaca,Macaca Sylvanus,Macaca_sylvanus ,Complete counts,1,0,0,NA,11.2,2007,234,km (total distance),NA, ,Macaca sylvanus ,Macaca sylvanus,13.5,D,537.5,BOTH - T,Omnivore,93.2,2.02,18.2,431.71,164,210.25,264,1.02,1.49,Polygyndry,Polygyndry, ,4Temperate Conifer Forests,0.698664463,0.79,88.44,1.42,1.54,92.14,2.37,2.54,93.16,3.44,3.8,90.54,4.68,5.31,88.07,NA,7.07,NA,7.58,9.08,83.45,9.11,11.34,80.32,10.64,13.85,76.81,12.35,16.62,74.3,14.18,19.63,72.25,16.18,22.9,70.66,18.02,26.42,68.19,19.51,30.19,64.63,20.76,34.21,60.67,21.82,38.48,56.71,22.73,43.01,52.86,23.56,47.78,49.31,24.42,52.81,46.24,25.33,58.09,43.61,26.18,63.62,41.15
-1,14057,562,M??Â«nard et al. 2014,Ocurrencias,-5.253744444,33.32408889,Precise,Morocco,Africa,Cercopithecidae,Macaca,Macaca Sylvanus,Macaca_sylvanus ,Complete counts,1,0,0,NA,11.2,2007,234,km (total distance),NA, ,Macaca sylvanus ,Macaca sylvanus,13.5,D,537.5,BOTH - T,Omnivore,93.2,2.02,18.2,431.71,164,210.25,264,1.02,1.49,Polygyndry,Polygyndry, ,4Temperate Conifer Forests,0.698145499,0.79,88.37,1.18,1.54,76.91,1.78,2.54,70.2,2.55,3.8,67.19,3.49,5.31,65.69,NA,7.07,NA,5.66,9.08,62.32,6.87,11.34,60.6,8.18,13.85,59.1,9.62,16.62,57.89,11.25,19.63,57.31,12.87,22.9,56.2,14.29,26.42,54.1,15.64,30.19,51.81,16.96,34.21,49.59,18.29,38.48,47.53,19.72,43.01,45.84,21.16,47.78,44.29,22.61,52.81,42.8,24.07,58.09,41.43,25.44,63.62,39.99
-1,14058,562,M??Â«nard et al. 2014,Ocurrencias,-5.207744444,33.2522,Precise,Morocco,Africa,Cercopithecidae,Macaca,Macaca Sylvanus,Macaca_sylvanus ,Complete counts,1,0,0,NA,23.4,2007,234,km (total distance),NA, ,Macaca sylvanus ,Macaca sylvanus,13.5,D,537.5,BOTH - T,Omnivore,93.2,2.02,18.2,431.71,164,210.25,264,1.02,1.49,Polygyndry,Polygyndry, ,4Temperate Conifer Forests,0.736344604,0.79,93.21,1.44,1.54,93.79,2.33,2.54,91.75,3.29,3.8,86.66,4.34,5.31,81.65,NA,7.07,NA,6.93,9.08,76.28,8.5,11.34,74.98,10.12,13.85,73.1,11.82,16.62,71.11,13.79,19.63,70.23,15.85,22.9,69.23,17.79,26.42,67.32,19.45,30.19,64.44,20.84,34.21,60.93,22.09,38.48,57.41,23.11,43.01,53.73,24.01,47.78,50.25,24.89,52.81,47.14,26.06,58.09,44.86,27.14,63.62,42.67
-1,14059,562,M??Â«nard et al. 2014,Ocurrencias,-5.231930556,33.24208611,Precise,Morocco,Africa,Cercopithecidae,Macaca,Macaca Sylvanus,Macaca_sylvanus ,Complete counts,1,0,0,NA,23.4,2007,234,km (total distance),NA, ,Macaca sylvanus ,Macaca sylvanus,13.5,D,537.5,BOTH - T,Omnivore,93.2,2.02,18.2,431.71,164,210.25,264,1.02,1.49,Polygyndry,Polygyndry, ,4Temperate Conifer Forests,0.595812942,0.79,75.42,1.14,1.54,73.89,1.92,2.54,75.46,2.86,3.8,75.18,3.83,5.31,72.12,NA,7.07,NA,5.93,9.08,65.34,7.2,11.34,63.47,8.56,13.85,61.79,9.91,16.62,59.6,11.75,19.63,59.85,13.71,22.9,59.87,15.94,26.42,60.32,18.27,30.19,60.53,20.74,34.21,60.64,23.16,38.48,60.2,25.7,43.01,59.75,27.88,47.78,58.36,29.81,52.81,56.45,31.69,58.09,54.56,33.45,63.62,52.59
-1,14060,562,M??Â«nard et al. 2014,Ocurrencias,-5.201708333,33.22691111,Precise,Morocco,Africa,Cercopithecidae,Macaca,Macaca Sylvanus,Macaca_sylvanus ,Complete counts,1,0,0,NA,23.4,2007,234,km (total distance),NA, ,Macaca sylvanus ,Macaca sylvanus,13.5,D,537.5,BOTH - T,Omnivore,93.2,2.02,18.2,431.71,164,210.25,264,1.02,1.49,Polygyndry,Polygyndry, ,4Temperate Conifer Forests,0.676312412,0.79,85.61,1.15,1.54,74.57,1.63,2.54,64.14,2.16,3.8,56.83,2.69,5.31,50.61,NA,7.07,NA,3.86,9.08,42.52,4.72,11.34,41.66,5.57,13.85,40.23,6.48,16.62,39.01,7.62,19.63,38.83,8.9,22.9,38.87,10.31,26.42,39.01,11.92,30.19,39.49,13.76,34.21,40.22,15.74,38.48,40.9,17.79,43.01,41.35,19.94,47.78,41.73,22.17,52.81,41.99,24.43,58.09,42.06,26.54,63.62,41.72
-1,14061,562,M??Â«nard et al. 2014,Ocurrencias,-5.225888889,33.20971111,Precise,Morocco,Africa,Cercopithecidae,Macaca,Macaca Sylvanus,Macaca_sylvanus ,Complete counts,1,0,0,NA,23.4,2007,234,km (total distance),NA, ,Macaca sylvanus ,Macaca sylvanus,13.5,D,537.5,BOTH - T,Omnivore,93.2,2.02,18.2,431.71,164,210.25,264,1.02,1.49,Polygyndry,Polygyndry, ,4Temperate Conifer Forests,0.635658254,0.79,80.46,1.22,1.54,79.49,1.97,2.54,77.52,2.67,3.8,70.39,3.34,5.31,62.84,NA,7.07,NA,4.8,9.08,52.85,5.68,11.34,50.13,6.43,13.85,46.45,7.3,16.62,43.94,8.33,19.63,42.42,9.32,22.9,40.71,10.38,26.42,39.29,11.43,30.19,37.86,12.58,34.21,36.77,13.85,38.48,35.99,15.31,43.01,35.6,16.69,47.78,34.93,18.23,52.81,34.52,20.07,58.09,34.54,22.03,63.62,34.63
-1,14062,562,M??Â«nard et al. 2014,Ocurrencias,-5.467438889,33.14952222,Precise,Morocco,Africa,Cercopithecidae,Macaca,Macaca Sylvanus,Macaca_sylvanus ,Complete counts,1,0,0,NA,0.2,2007,234,km (total distance),NA, ,Macaca sylvanus ,Macaca sylvanus,13.5,D,537.5,BOTH - T,Omnivore,93.2,2.02,18.2,431.71,164,210.25,264,1.02,1.49,Polygyndry,Polygyndry, ,1Mediterranean,0.432378333,0.79,54.73,0.89,1.54,57.74,1.35,2.54,53.25,1.84,3.8,48.31,2.48,5.31,46.78,NA,7.07,NA,4.04,9.08,44.48,4.94,11.34,43.52,5.5,13.85,39.72,5.85,16.62,35.21,6.15,19.63,31.33,6.48,22.9,28.3,6.8,26.42,25.74,7.32,30.19,24.24,7.97,34.21,23.29,8.54,38.48,22.18,9.12,43.01,21.21,9.78,47.78,20.48,10.41,52.81,19.72,10.98,58.09,18.9,11.58,63.62,18.2
-1,14063,562,M??Â«nard et al. 2014,Ocurrencias,-5.478983333,33.13069444,Precise,Morocco,Africa,Cercopithecidae,Macaca,Macaca Sylvanus,Macaca_sylvanus ,Complete counts,1,0,0,NA,0.2,2007,234,km (total distance),NA, ,Macaca sylvanus ,Macaca sylvanus,13.5,D,537.5,BOTH - T,Omnivore,93.2,2.02,18.2,431.71,164,210.25,264,1.02,1.49,Polygyndry,Polygyndry, ,1Mediterranean,0.156393938,0.79,19.8,0.36,1.54,23.32,0.66,2.54,25.92,0.92,3.8,24.33,1.23,5.31,23.11,NA,7.07,NA,1.8,9.08,19.78,2.07,11.34,18.27,2.41,13.85,17.4,2.72,16.62,16.36,3.1,19.63,15.82,3.61,22.9,15.77,4.02,26.42,15.23,4.56,30.19,15.09,5.09,34.21,14.87,5.74,38.48,14.92,6.32,43.01,14.69,6.83,47.78,14.29,7.43,52.81,14.06,8.09,58.09,13.93,8.68,63.62,13.64
-1,14064,562,M??Â«nard et al. 2014,Ocurrencias,-5.203,33.0994,Precise,Morocco,Africa,Cercopithecidae,Macaca,Macaca Sylvanus,Macaca_sylvanus ,Complete counts,1,0,0,NA,5.2,2007,234,km (total distance),NA, ,Macaca sylvanus ,Macaca sylvanus,13.5,D,537.5,BOTH - T,Omnivore,93.2,2.02,18.2,431.71,164,210.25,264,1.02,1.49,Polygyndry,Polygyndry, ,4Temperate Conifer Forests,0.235682077,0.79,29.83,0.45,1.54,29.14,0.67,2.54,26.54,0.92,3.8,24.09,1.12,5.31,21.08,NA,7.07,NA,1.69,9.08,18.6,1.89,11.34,16.68,1.98,13.85,14.32,2.06,16.62,12.38,2.08,19.63,10.58,2.1,22.9,9.16,2.11,26.42,7.98,2.11,30.19,6.99,2.11,34.21,6.18,2.13,38.48,5.54,2.2,43.01,5.11,2.34,47.78,4.91,2.52,52.81,4.77,2.75,58.09,4.73,2.98,63.62,4.69
-1,14065,562,M??Â«nard et al. 2014,Ocurrencias,-5.224730556,33.101225,Precise,Morocco,Africa,Cercopithecidae,Macaca,Macaca Sylvanus,Macaca_sylvanus ,Complete counts,1,0,0,NA,5.2,2007,234,km (total distance),NA, ,Macaca sylvanus ,Macaca sylvanus,13.5,D,537.5,BOTH - T,Omnivore,93.2,2.02,18.2,431.71,164,210.25,264,1.02,1.49,Polygyndry,Polygyndry, ,4Temperate Conifer Forests,0.157259365,0.79,19.91,0.34,1.54,21.94,0.49,2.54,19.38,0.58,3.8,15.31,0.65,5.31,12.19,NA,7.07,NA,0.79,9.08,8.68,0.91,11.34,8,1.02,13.85,7.4,1.15,16.62,6.94,1.29,19.63,6.57,1.58,22.9,6.92,1.93,26.42,7.3,2.24,30.19,7.41,2.47,34.21,7.23,2.74,38.48,7.13,2.98,43.01,6.92,3.23,47.78,6.77,3.35,52.81,6.35,3.52,58.09,6.05,3.78,63.62,5.94
-1,14066,562,M??Â«nard et al. 2014,Ocurrencias,-5.173311111,33.03384444,Precise,Morocco,Africa,Cercopithecidae,Macaca,Macaca Sylvanus,Macaca_sylvanus ,Complete counts,1,0,0,NA,5.2,2007,234,km (total distance),NA, ,Macaca sylvanus ,Macaca sylvanus,13.5,D,537.5,BOTH - T,Omnivore,93.2,2.02,18.2,431.71,164,210.25,264,1.02,1.49,Polygyndry,Polygyndry, ,4Temperate Conifer Forests,0.27229181,0.79,34.47,0.58,1.54,37.76,0.89,2.54,35.05,1.3,3.8,34.27,1.8,5.31,33.97,NA,7.07,NA,2.91,9.08,32.04,3.47,11.34,30.6,4.04,13.85,29.18,4.73,16.62,28.46,5.38,19.63,27.39,6.06,22.9,26.47,6.74,26.42,25.52,7.37,30.19,24.42,7.76,34.21,22.68,8.15,38.48,21.17,8.75,43.01,20.34,9.4,47.78,19.68,10.06,52.81,19.04,10.72,58.09,18.46,11.09,63.62,17.44
-1,14067,562,M??Â«nard et al. 2014,Ocurrencias,-5.143616667,33.03017222,Precise,Morocco,Africa,Cercopithecidae,Macaca,Macaca Sylvanus,Macaca_sylvanus ,Complete counts,1,0,0,NA,5.2,2007,234,km (total distance),NA, ,Macaca sylvanus ,Macaca sylvanus,13.5,D,537.5,BOTH - T,Omnivore,93.2,2.02,18.2,431.71,164,210.25,264,1.02,1.49,Polygyndry,Polygyndry, ,4Temperate Conifer Forests,0.111259437,0.79,14.08,0.3,1.54,19.64,0.51,2.54,20.09,0.91,3.8,23.97,1.26,5.31,23.78,NA,7.07,NA,1.99,9.08,21.96,2.25,11.34,19.88,2.46,13.85,17.76,2.67,16.62,16.07,2.98,19.63,15.19,3.21,22.9,14.04,3.49,26.42,13.19,3.71,30.19,12.29,4.16,34.21,12.17,4.61,38.48,11.98,4.92,43.01,11.43,5.29,47.78,11.07,5.77,52.81,10.92,6.33,58.09,10.89,6.75,63.62,10.6
-1,14068,562,M??Â«nard et al. 2014,Ocurrencias,-5.181275,33.01624444,Precise,Morocco,Africa,Cercopithecidae,Macaca,Macaca Sylvanus,Macaca_sylvanus ,Complete counts,1,0,0,NA,5.2,2007,234,km (total distance),NA, ,Macaca sylvanus ,Macaca sylvanus,13.5,D,537.5,BOTH - T,Omnivore,93.2,2.02,18.2,431.71,164,210.25,264,1.02,1.49,Polygyndry,Polygyndry, ,4Temperate Conifer Forests,0.15015766,0.79,19.01,0.23,1.54,15.04,0.33,2.54,13.17,0.44,3.8,11.64,0.62,5.31,11.62,NA,7.07,NA,1.17,9.08,12.85,1.61,11.34,14.16,2.1,13.85,15.18,2.79,16.62,16.77,3.6,19.63,18.33,4.44,22.9,19.41,5.41,26.42,20.48,6.31,30.19,20.9,7.24,34.21,21.16,8.27,38.48,21.5,9.14,43.01,21.26,9.85,47.78,20.61,10.38,52.81,19.65,10.88,58.09,18.72,11.28,63.62,17.72
-1,14069,562,M??Â«nard et al. 2014,Ocurrencias,-5.191405556,32.99985833,Precise,Morocco,Africa,Cercopithecidae,Macaca,Macaca Sylvanus,Macaca_sylvanus ,Complete counts,1,0,0,NA,5.2,2007,234,km (total distance),NA, ,Macaca sylvanus ,Macaca sylvanus,13.5,D,537.5,BOTH - T,Omnivore,93.2,2.02,18.2,431.71,164,210.25,264,1.02,1.49,Polygyndry,Polygyndry, ,4Temperate Conifer Forests,0.068531208,0.79,8.67,0.24,1.54,15.55,0.5,2.54,19.68,0.74,3.8,19.5,1.01,5.31,19,NA,7.07,NA,1.96,9.08,21.55,2.34,11.34,20.66,2.63,13.85,18.98,2.83,16.62,17,2.89,19.63,14.74,2.97,22.9,12.95,3.11,26.42,11.78,3.35,30.19,11.11,3.62,34.21,10.58,4.12,38.48,10.71,4.65,43.01,10.82,5.25,47.78,11,5.97,52.81,11.3,6.69,58.09,11.51,7.36,63.62,11.57
-1,14070,562,M??Â«nard et al. 2014,Ocurrencias,-5.019708333,33.54785278,Precise,Morocco,Africa,Cercopithecidae,Macaca,Macaca Sylvanus,Macaca_sylvanus ,Complete counts,1,0,0,NA,0.5,2007,0, ,NA, ,Macaca sylvanus ,Macaca sylvanus,13.5,D,537.5,BOTH - T,Omnivore,93.2,2.02,18.2,431.71,164,210.25,264,1.02,1.49,Polygyndry,Polygyndry, ,1Mediterranean,0.545905561,0.79,69.1,1.13,1.54,73.54,1.9,2.54,74.65,2.74,3.8,72.18,3.79,5.31,71.29,NA,7.07,NA,5.89,9.08,64.85,6.87,11.34,60.55,7.76,13.85,56.05,8.76,16.62,52.72,9.91,19.63,50.49,11.09,22.9,48.44,12.18,26.42,46.1,13.12,30.19,43.47,13.99,34.21,40.9,14.83,38.48,38.53,16.07,43.01,37.35,17.27,47.78,36.15,18.57,52.81,35.16,20.11,58.09,34.62,21.49,63.62,33.78
-1,14071,562,M??Â«nard et al. 2014,Ocurrencias,-4.967480556,33.52293889,Precise,Morocco,Africa,Cercopithecidae,Macaca,Macaca Sylvanus,Macaca_sylvanus ,Complete counts,1,0,0,NA,0.5,2007,0, ,NA, ,Macaca sylvanus ,Macaca sylvanus,13.5,D,537.5,BOTH - T,Omnivore,93.2,2.02,18.2,431.71,164,210.25,264,1.02,1.49,Polygyndry,Polygyndry, ,4Temperate Conifer Forests,0.560533044,0.79,70.95,1.15,1.54,74.4,1.87,2.54,73.43,2.63,3.8,69.09,3.19,5.31,60.06,NA,7.07,NA,3.99,9.08,43.96,4.21,11.34,37.13,4.53,13.85,32.73,4.84,16.62,29.14,5.15,19.63,26.23,5.55,22.9,24.23,5.87,26.42,22.21,6.15,30.19,20.37,6.5,34.21,19.01,6.81,38.48,17.7,7.25,43.01,16.85,7.88,47.78,16.49,8.62,52.81,16.33,9.39,58.09,16.17,10.19,63.62,16.01
-1,14072,562,M??Â«nard et al. 2014,Ocurrencias,-5.002180556,33.50629722,Precise,Morocco,Africa,Cercopithecidae,Macaca,Macaca Sylvanus,Macaca_sylvanus ,Complete counts,1,0,0,NA,0.5,2007,0, ,NA, ,Macaca sylvanus ,Macaca sylvanus,13.5,D,537.5,BOTH - T,Omnivore,93.2,2.02,18.2,431.71,164,210.25,264,1.02,1.49,Polygyndry,Polygyndry, ,4Temperate Conifer Forests,0.608103786,0.79,76.98,1.1,1.54,71.36,1.58,2.54,62.28,2.14,3.8,56.28,2.85,5.31,53.71,NA,7.07,NA,4.32,9.08,47.56,5.21,11.34,45.97,6.16,13.85,44.5,7.1,16.62,42.74,8.12,19.63,41.39,9.13,22.9,39.89,10.28,26.42,38.92,11.41,30.19,37.79,12.71,34.21,37.15,14.05,38.48,36.51,15.17,43.01,35.28,16.2,47.78,33.9,17.2,52.81,32.56,18.19,58.09,31.31,19.15,63.62,30.11
-1,14073,562,M??Â«nard et al. 2014,Ocurrencias,-5.032636111,33.47191944,Precise,Morocco,Africa,Cercopithecidae,Macaca,Macaca Sylvanus,Macaca_sylvanus ,Complete counts,1,0,0,NA,0.5,2007,0, ,NA, ,Macaca sylvanus ,Macaca sylvanus,13.5,D,537.5,BOTH - T,Omnivore,93.2,2.02,18.2,431.71,164,210.25,264,1.02,1.49,Polygyndry,Polygyndry, ,4Temperate Conifer Forests,0.712898776,0.79,90.24,1.32,1.54,85.62,2.01,2.54,79.28,2.91,3.8,76.59,3.83,5.31,72.19,NA,7.07,NA,5.22,9.08,57.51,5.74,11.34,50.6,6.36,13.85,45.93,6.97,16.62,41.95,7.6,19.63,38.71,8.29,22.9,36.19,8.93,26.42,33.79,9.58,30.19,31.72,10.33,34.21,30.19,11.21,38.48,29.14,12.16,43.01,28.27,13,47.78,27.22,14,52.81,26.5,15.03,58.09,25.87,16.06,63.62,25.25
-1,14074,562,M??Â«nard et al. 2014,Ocurrencias,-5.150619444,33.43534722,Precise,Morocco,Africa,Cercopithecidae,Macaca,Macaca Sylvanus,Macaca_sylvanus ,Complete counts,1,0,0,NA,7.1,2007,0, ,NA, ,Macaca sylvanus ,Macaca sylvanus,13.5,D,537.5,BOTH - T,Omnivore,93.2,2.02,18.2,431.71,164,210.25,264,1.02,1.49,Polygyndry,Polygyndry, ,4Temperate Conifer Forests,0.690957821,0.79,87.46,1.33,1.54,86.64,1.91,2.54,75.07,2.41,3.8,63.3,2.96,5.31,55.81,NA,7.07,NA,4.67,9.08,51.42,5.9,11.34,52,7.19,13.85,51.9,8.44,16.62,50.79,9.71,19.63,49.48,11.09,22.9,48.42,12.42,26.42,47,13.9,30.19,46.05,15.61,34.21,45.62,17.5,38.48,45.48,19.46,43.01,45.25,21.45,47.78,44.9,23.5,52.81,44.5,25.49,58.09,43.88,27.47,63.62,43.19
-1,14075,562,M??Â«nard et al. 2014,Ocurrencias,-5.154891667,33.40548333,Precise,Morocco,Africa,Cercopithecidae,Macaca,Macaca Sylvanus,Macaca_sylvanus ,Complete counts,1,0,0,NA,7.1,2007,0, ,NA, ,Macaca sylvanus ,Macaca sylvanus,13.5,D,537.5,BOTH - T,Omnivore,93.2,2.02,18.2,431.71,164,210.25,264,1.02,1.49,Polygyndry,Polygyndry, ,4Temperate Conifer Forests,0.761701037,0.79,96.42,1.46,1.54,94.84,2.31,2.54,90.75,2.84,3.8,74.82,3.48,5.31,65.52,NA,7.07,NA,5.25,9.08,57.78,6.2,11.34,54.68,7.31,13.85,52.81,8.44,16.62,50.79,9.51,19.63,48.45,10.69,22.9,46.69,12.03,26.42,45.52,13.45,30.19,44.56,14.93,34.21,43.64,16.59,38.48,43.12,18.38,43.01,42.74,20.07,47.78,41.99,21.7,52.81,41.09,23.29,58.09,40.09,25.09,63.62,39.43
-1,14076,562,M??Â«nard et al. 2014,Ocurrencias,-5.2028,33.394875,Precise,Morocco,Africa,Cercopithecidae,Macaca,Macaca Sylvanus,Macaca_sylvanus ,Complete counts,1,0,0,NA,7.1,2007,0, ,NA, ,Macaca sylvanus ,Macaca sylvanus,13.5,D,537.5,BOTH - T,Omnivore,93.2,2.02,18.2,431.71,164,210.25,264,1.02,1.49,Polygyndry,Polygyndry, ,4Temperate Conifer Forests,0.591516479,0.79,74.88,1.04,1.54,67.77,1.41,2.54,55.55,1.78,3.8,46.88,2.04,5.31,38.36,NA,7.07,NA,2.88,9.08,31.75,3.36,11.34,29.62,3.98,13.85,28.73,4.83,16.62,29.08,5.87,19.63,29.91,7.04,22.9,30.75,8.26,26.42,31.27,9.45,30.19,31.31,10.9,34.21,31.87,12.5,38.48,32.49,14.16,43.01,32.93,16.06,47.78,33.6,17.87,52.81,33.84,19.77,58.09,34.04,21.7,63.62,34.11
-1,14077,562,M??Â«nard et al. 2014,Ocurrencias,-5.233113889,33.3245,Precise,Morocco,Africa,Cercopithecidae,Macaca,Macaca Sylvanus,Macaca_sylvanus ,Complete counts,1,0,0,NA,11.2,2007,0, ,NA, ,Macaca sylvanus ,Macaca sylvanus,13.5,D,537.5,BOTH - T,Omnivore,93.2,2.02,18.2,431.71,164,210.25,264,1.02,1.49,Polygyndry,Polygyndry, ,4Temperate Conifer Forests,0.775609,0.79,98.18,1.48,1.54,95.82,2.35,2.54,92.46,3.27,3.8,85.96,4.33,5.31,81.52,NA,7.07,NA,6.3,9.08,69.41,7.29,11.34,64.27,8.45,13.85,61.04,9.61,16.62,57.82,10.82,19.63,55.14,12.06,22.9,52.67,13.34,26.42,50.49,14.6,30.19,48.36,15.71,34.21,45.93,16.95,38.48,44.05,18.29,43.01,42.53,19.36,47.78,40.52,20.3,52.81,38.44,21.13,58.09,36.38,21.89,63.62,34.4
-1,14078,562,M??Â«nard et al. 2014,Ocurrencias,-5.259172222,33.34019444,Precise,Morocco,Africa,Cercopithecidae,Macaca,Macaca Sylvanus,Macaca_sylvanus ,Complete counts,1,0,0,NA,11.2,2007,0, ,NA, ,Macaca sylvanus ,Macaca sylvanus,13.5,D,537.5,BOTH - T,Omnivore,93.2,2.02,18.2,431.71,164,210.25,264,1.02,1.49,Polygyndry,Polygyndry, ,4Temperate Conifer Forests,0.718683199,0.79,90.97,1.26,1.54,81.96,1.83,2.54,72.03,2.47,3.8,65.05,3.28,5.31,61.68,NA,7.07,NA,5.44,9.08,59.93,6.65,11.34,58.64,8.07,13.85,58.28,9.55,16.62,57.47,11.03,19.63,56.21,12.56,22.9,54.86,14.32,26.42,54.18,16.1,30.19,53.32,17.98,34.21,52.56,19.91,38.48,51.73,21.67,43.01,50.38,23.25,47.78,48.66,24.76,52.81,46.88,26.04,58.09,44.83,27.53,63.62,43.27
-1,14079,562,M??Â«nard et al. 2014,Ocurrencias,-5.24705,33.32348611,Precise,Morocco,Africa,Cercopithecidae,Macaca,Macaca Sylvanus,Macaca_sylvanus ,Complete counts,1,0,0,NA,11.2,2007,0, ,NA, ,Macaca sylvanus ,Macaca sylvanus,13.5,D,537.5,BOTH - T,Omnivore,93.2,2.02,18.2,431.71,164,210.25,264,1.02,1.49,Polygyndry,Polygyndry, ,4Temperate Conifer Forests,0.72122085,0.79,91.29,1.32,1.54,85.77,2.14,2.54,84.21,3.1,3.8,81.52,4.21,5.31,79.35,NA,7.07,NA,6.57,9.08,72.35,7.93,11.34,69.9,9.11,13.85,65.79,10.29,16.62,61.94,11.79,19.63,60.04,13.36,22.9,58.33,14.87,26.42,56.3,16.28,30.19,53.92,17.51,34.21,51.17,18.68,38.48,48.54,19.75,43.01,45.92,20.71,47.78,43.35,21.66,52.81,41.01,22.74,58.09,39.15,23.98,63.62,37.7
-1,14080,562,M??Â«nard et al. 2014,Ocurrencias,-5.2171,33.25901389,Precise,Morocco,Africa,Cercopithecidae,Macaca,Macaca Sylvanus,Macaca_sylvanus ,Complete counts,1,0,0,NA,23.4,2007,0, ,NA, ,Macaca sylvanus ,Macaca sylvanus,13.5,D,537.5,BOTH - T,Omnivore,93.2,2.02,18.2,431.71,164,210.25,264,1.02,1.49,Polygyndry,Polygyndry, ,4Temperate Conifer Forests,0.690695896,0.79,87.43,1.41,1.54,91.62,2.29,2.54,90.11,3.2,3.8,84.18,4.37,5.31,82.3,NA,7.07,NA,7.36,9.08,81.08,8.8,11.34,77.64,10.12,13.85,73.05,11.23,16.62,67.59,12.27,19.63,62.5,13.37,22.9,58.37,14.67,26.42,55.53,16.11,30.19,53.35,17.84,34.21,52.14,19.65,38.48,51.08,21.35,43.01,49.65,22.88,47.78,47.89,24.28,52.81,45.98,25.58,58.09,44.04,26.77,63.62,42.08
-1,14081,562,M??Â«nard et al. 2014,Ocurrencias,-5.19455,33.22643056,Precise,Morocco,Africa,Cercopithecidae,Macaca,Macaca Sylvanus,Macaca_sylvanus ,Complete counts,1,0,0,NA,23.4,2007,0, ,NA, ,Macaca sylvanus ,Macaca sylvanus,13.5,D,537.5,BOTH - T,Omnivore,93.2,2.02,18.2,431.71,164,210.25,264,1.02,1.49,Polygyndry,Polygyndry, ,4Temperate Conifer Forests,0.213394712,0.79,27.01,0.52,1.54,33.69,0.9,2.54,35.32,1.39,3.8,36.52,2.09,5.31,39.44,NA,7.07,NA,3.6,9.08,39.66,4.24,11.34,37.43,4.9,13.85,35.37,5.7,16.62,34.3,6.6,19.63,33.61,7.48,22.9,32.64,8.47,26.42,32.05,9.71,30.19,32.15,11.19,34.21,32.7,12.76,38.48,33.16,14.56,43.01,33.86,16.41,47.78,34.35,18.35,52.81,34.75,20.34,58.09,35.02,22.51,63.62,35.38
-1,14082,562,M??Â«nard et al. 2014,Ocurrencias,-5.214372222,33.20642778,Precise,Morocco,Africa,Cercopithecidae,Macaca,Macaca Sylvanus,Macaca_sylvanus ,Complete counts,1,0,0,NA,23.4,2007,0, ,NA, ,Macaca sylvanus ,Macaca sylvanus,13.5,D,537.5,BOTH - T,Omnivore,93.2,2.02,18.2,431.71,164,210.25,264,1.02,1.49,Polygyndry,Polygyndry, ,4Temperate Conifer Forests,0.187194216,0.79,23.7,0.44,1.54,28.47,0.88,2.54,34.58,1.45,3.8,38.04,2.08,5.31,39.18,NA,7.07,NA,3.45,9.08,38,4.1,11.34,36.14,4.76,13.85,34.34,5.46,16.62,32.87,6.45,19.63,32.88,7.48,22.9,32.66,8.39,26.42,31.76,9.26,30.19,30.69,10.13,34.21,29.62,11.16,38.48,29.01,12.16,43.01,28.27,13.17,47.78,27.56,14.35,52.81,27.17,15.77,58.09,27.14,17.53,63.62,27.55
-1,14083,562,M??Â«nard et al. 2014,Ocurrencias,-5.36265,33.22234722,Precise,Morocco,Africa,Cercopithecidae,Macaca,Macaca Sylvanus,Macaca_sylvanus ,Complete counts,1,0,0,NA,0.2,2007,0, ,NA, ,Macaca sylvanus ,Macaca sylvanus,13.5,D,537.5,BOTH - T,Omnivore,93.2,2.02,18.2,431.71,164,210.25,264,1.02,1.49,Polygyndry,Polygyndry, ,4Temperate Conifer Forests,0.532585426,0.79,67.42,1.02,1.54,66.11,1.72,2.54,67.68,2.41,3.8,63.45,3.11,5.31,58.57,NA,7.07,NA,5.39,9.08,59.38,6.54,11.34,57.69,7.59,13.85,54.78,8.51,16.62,51.17,9.42,19.63,47.98,10.33,22.9,45.12,11,26.42,41.64,11.64,30.19,38.55,12.46,34.21,36.41,13.61,38.48,35.38,15.07,43.01,35.04,16.81,47.78,35.19,18.85,52.81,35.69,21.07,58.09,36.27,23.44,63.62,36.84
-1,14084,562,M??Â«nard et al. 2014,Ocurrencias,-5.398163889,33.21601667,Precise,Morocco,Africa,Cercopithecidae,Macaca,Macaca Sylvanus,Macaca_sylvanus ,Complete counts,1,0,0,NA,0.2,2007,0, ,NA, ,Macaca sylvanus ,Macaca sylvanus,13.5,D,537.5,BOTH - T,Omnivore,93.2,2.02,18.2,431.71,164,210.25,264,1.02,1.49,Polygyndry,Polygyndry, ,4Temperate Conifer Forests,0.587930013,0.79,74.42,1.08,1.54,70.11,1.64,2.54,64.42,2.38,3.8,62.62,3.36,5.31,63.3,NA,7.07,NA,5.09,9.08,56.07,6.1,11.34,53.81,7.24,13.85,52.25,8.31,16.62,50.01,9.56,19.63,48.72,10.9,22.9,47.6,12.22,26.42,46.26,13.36,30.19,44.24,14.42,34.21,42.14,15.55,38.48,40.4,16.75,43.01,38.95,17.81,47.78,37.27,18.98,52.81,35.93,20.13,58.09,34.66,21.22,63.62,33.35
-1,14085,562,M??Â«nard et al. 2014,Ocurrencias,-5.437019444,33.18052222,Precise,Morocco,Africa,Cercopithecidae,Macaca,Macaca Sylvanus,Macaca_sylvanus ,Complete counts,1,0,0,NA,0.2,2007,0, ,NA, ,Macaca sylvanus ,Macaca sylvanus,13.5,D,537.5,BOTH - T,Omnivore,93.2,2.02,18.2,431.71,164,210.25,264,1.02,1.49,Polygyndry,Polygyndry, ,1Mediterranean,0.293628053,0.79,37.17,0.67,1.54,43.5,1.25,2.54,49.22,1.8,3.8,47.41,2.36,5.31,44.37,NA,7.07,NA,3.45,9.08,37.97,4.12,11.34,36.29,4.56,13.85,32.92,5.04,16.62,30.3,5.51,19.63,28.06,5.92,22.9,25.86,6.48,26.42,24.54,7.53,30.19,24.94,8.62,34.21,25.19,9.82,38.48,25.52,11.18,43.01,26,12.46,47.78,26.08,13.87,52.81,26.26,15.39,58.09,26.49,16.93,63.62,26.62
-1,14086,562,M??Â«nard et al. 2014,Ocurrencias,-5.469705556,33.14445,Precise,Morocco,Africa,Cercopithecidae,Macaca,Macaca Sylvanus,Macaca_sylvanus ,Complete counts,1,0,0,NA,0.2,2007,0, ,NA, ,Macaca sylvanus ,Macaca sylvanus,13.5,D,537.5,BOTH - T,Omnivore,93.2,2.02,18.2,431.71,164,210.25,264,1.02,1.49,Polygyndry,Polygyndry, ,1Mediterranean,0.35363898,0.79,44.76,0.73,1.54,47.23,1.02,2.54,40.18,1.51,3.8,39.66,2.06,5.31,38.81,NA,7.07,NA,3.48,9.08,38.36,4.29,11.34,37.8,4.97,13.85,35.86,5.49,16.62,33.06,5.9,19.63,30.07,6.25,22.9,27.29,6.7,26.42,25.38,7.22,30.19,23.92,7.77,34.21,22.73,8.25,38.48,21.44,8.75,43.01,20.34,9.28,47.78,19.43,9.78,52.81,18.51,10.36,58.09,17.83,11.08,63.62,17.41
-1,14087,562,M??Â«nard et al. 2014,Ocurrencias,-5.327169444,33.27954722,Precise,Morocco,Africa,Cercopithecidae,Macaca,Macaca Sylvanus,Macaca_sylvanus ,Complete counts,1,0,0,NA,8.2,2007,0, ,NA, ,Macaca sylvanus ,Macaca sylvanus,13.5,D,537.5,BOTH - T,Omnivore,93.2,2.02,18.2,431.71,164,210.25,264,1.02,1.49,Polygyndry,Polygyndry, ,4Temperate Conifer Forests,0.570274181,0.79,72.19,1.1,1.54,71.19,1.56,2.54,61.36,2.03,3.8,53.42,2.48,5.31,46.7,NA,7.07,NA,3.8,9.08,41.81,4.64,11.34,40.95,5.5,13.85,39.71,6.3,16.62,37.9,7.09,19.63,36.09,7.95,22.9,34.73,8.95,26.42,33.88,10.19,30.19,33.74,11.56,34.21,33.79,13.23,38.48,34.37,14.78,43.01,34.36,15.84,47.78,33.15,16.71,52.81,31.63,17.39,58.09,29.94,18.05,63.62,28.36
-1,14088,562,M??Â«nard et al. 2014,Ocurrencias,-5.328502778,33.25039722,Precise,Morocco,Africa,Cercopithecidae,Macaca,Macaca Sylvanus,Macaca_sylvanus ,Complete counts,1,0,0,NA,8.2,2007,0, ,NA, ,Macaca sylvanus ,Macaca sylvanus,13.5,D,537.5,BOTH - T,Omnivore,93.2,2.02,18.2,431.71,164,210.25,264,1.02,1.49,Polygyndry,Polygyndry, ,4Temperate Conifer Forests,0.767836731,0.79,97.19,1.43,1.54,93.1,2.18,2.54,85.74,2.91,3.8,76.47,3.72,5.31,70.03,NA,7.07,NA,5.07,9.08,55.82,5.75,11.34,50.7,6.31,13.85,45.56,6.8,16.62,40.93,7.44,19.63,37.89,8.22,22.9,35.91,9.56,26.42,36.18,11.33,30.19,37.55,12.94,34.21,37.82,14.44,38.48,37.52,16.18,43.01,37.62,17.96,47.78,37.6,19.83,52.81,37.55,21.57,58.09,37.13,23.36,63.62,36.72
-1,14089,562,M??Â«nard et al. 2014,Ocurrencias,-5.199977778,33.18468611,Precise,Morocco,Africa,Cercopithecidae,Macaca,Macaca Sylvanus,Macaca_sylvanus ,Complete counts,1,0,0,NA,0.4,2007,0, ,NA, ,Macaca sylvanus ,Macaca sylvanus,13.5,D,537.5,BOTH - T,Omnivore,93.2,2.02,18.2,431.71,164,210.25,264,1.02,1.49,Polygyndry,Polygyndry, ,4Temperate Conifer Forests,0.103057094,0.79,13.05,0.18,1.54,11.38,0.27,2.54,10.52,0.38,3.8,9.98,0.4,5.31,7.49,NA,7.07,NA,0.57,9.08,6.25,0.7,11.34,6.14,0.89,13.85,6.44,0.98,16.62,5.87,1.17,19.63,5.97,1.35,22.9,5.88,1.55,26.42,5.85,1.89,30.19,6.27,2.33,34.21,6.81,2.93,38.48,7.61,3.71,43.01,8.64,4.62,47.78,9.66,5.38,52.81,10.19,6.21,58.09,10.69,6.95,63.62,10.93
-1,14090,562,M??Â«nard et al. 2014,Ocurrencias,-5.2321,33.15153333,Precise,Morocco,Africa,Cercopithecidae,Macaca,Macaca Sylvanus,Macaca_sylvanus ,Complete counts,1,0,0,NA,0.4,2007,0, ,NA, ,Macaca sylvanus ,Macaca sylvanus,13.5,D,537.5,BOTH - T,Omnivore,93.2,2.02,18.2,431.71,164,210.25,264,1.02,1.49,Polygyndry,Polygyndry, ,4Temperate Conifer Forests,0.240712704,0.79,30.47,0.54,1.54,34.79,0.9,2.54,35.47,1.34,3.8,35.26,1.93,5.31,36.38,NA,7.07,NA,3.13,9.08,34.45,3.6,11.34,31.73,4.02,13.85,29.01,4.36,16.62,26.24,4.72,19.63,24.05,4.97,22.9,21.7,5.34,26.42,20.22,5.75,30.19,19.04,6.12,34.21,17.9,6.56,38.48,17.05,7.11,43.01,16.54,7.75,47.78,16.22,8.29,52.81,15.7,8.79,58.09,15.13,9.58,63.62,15.06
-1,14091,562,M??Â«nard et al. 2014,Ocurrencias,-5.264875,33.12980556,Precise,Morocco,Africa,Cercopithecidae,Macaca,Macaca Sylvanus,Macaca_sylvanus ,Complete counts,1,0,0,NA,0.4,2007,0, ,NA, ,Macaca sylvanus ,Macaca sylvanus,13.5,D,537.5,BOTH - T,Omnivore,93.2,2.02,18.2,431.71,164,210.25,264,1.02,1.49,Polygyndry,Polygyndry, ,4Temperate Conifer Forests,0.413954883,0.79,52.4,0.75,1.54,48.44,1.15,2.54,45.47,1.64,3.8,43.03,2.02,5.31,38.04,NA,7.07,NA,3.13,9.08,34.46,3.81,11.34,33.64,4.59,13.85,33.13,5.65,16.62,34,6.7,19.63,34.15,7.7,22.9,33.6,8.55,26.42,32.37,9.26,30.19,30.67,10.13,34.21,29.6,11.28,38.48,29.32,12.43,43.01,28.9,13.64,47.78,28.54,14.89,52.81,28.2,16.15,58.09,27.81,17.29,63.62,27.17
-1,14092,562,M??Â«nard et al. 2014,Ocurrencias,-4.955941667,33.24210278,Precise,Morocco,Africa,Cercopithecidae,Macaca,Macaca Sylvanus,Macaca_sylvanus ,Complete counts,1,0,0,NA,2,2007,0, ,NA, ,Macaca sylvanus ,Macaca sylvanus,13.5,D,537.5,BOTH - T,Omnivore,93.2,2.02,18.2,431.71,164,210.25,264,1.02,1.49,Polygyndry,Polygyndry, ,4Temperate Conifer Forests,0.186320819,0.79,23.58,0.38,1.54,24.86,0.54,2.54,21.28,0.59,3.8,15.63,0.66,5.31,12.42,NA,7.07,NA,1.06,9.08,11.67,1.35,11.34,11.87,1.74,13.85,12.58,2.17,16.62,13.06,2.52,19.63,12.82,2.82,22.9,12.31,3.11,26.42,11.76,3.32,30.19,10.98,3.49,34.21,10.2,3.6,38.48,9.35,3.69,43.01,8.58,3.8,47.78,7.95,3.88,52.81,7.35,3.93,58.09,6.76,4,63.62,6.29
-1,14093,562,M??Â«nard et al. 2014,Ocurrencias,-4.935863889,33.22647778,Precise,Morocco,Africa,Cercopithecidae,Macaca,Macaca Sylvanus,Macaca_sylvanus ,Complete counts,0,0,0,NA,0,2007,0, ,NA, ,Macaca sylvanus ,Macaca sylvanus,13.5,D,537.5,BOTH - T,Omnivore,93.2,2.02,18.2,431.71,164,210.25,264,1.02,1.49,Polygyndry,Polygyndry, ,4Temperate Conifer Forests,0.183063789,0.79,23.17,0.39,1.54,25.3,0.69,2.54,27.09,1,3.8,26.4,1.32,5.31,24.78,NA,7.07,NA,1.59,9.08,17.51,1.63,11.34,14.4,1.69,13.85,12.2,1.71,16.62,10.29,1.78,19.63,9.08,1.96,22.9,8.56,2.17,26.42,8.2,2.27,30.19,7.51,2.42,34.21,7.08,2.61,38.48,6.77,2.76,43.01,6.42,2.91,47.78,6.09,3.18,52.81,6.03,3.43,58.09,5.91,3.67,63.62,5.77
-1,14094,562,M??Â«nard et al. 2014,Ocurrencias,-4.9628,33.19536667,Precise,Morocco,Africa,Cercopithecidae,Macaca,Macaca Sylvanus,Macaca_sylvanus ,Complete counts,1,0,0,NA,4,2007,0, ,NA, ,Macaca sylvanus ,Macaca sylvanus,13.5,D,537.5,BOTH - T,Omnivore,93.2,2.02,18.2,431.71,164,210.25,264,1.02,1.49,Polygyndry,Polygyndry, ,4Temperate Conifer Forests,0.014270669,0.79,1.81,0.02,1.54,1.5,0.04,2.54,1.54,0.08,3.8,2.07,0.09,5.31,1.64,NA,7.07,NA,0.1,9.08,1.07,0.11,11.34,0.96,0.14,13.85,1.04,0.14,16.62,0.87,0.17,19.63,0.86,0.26,22.9,1.13,0.45,26.42,1.72,0.62,30.19,2.05,0.83,34.21,2.43,1.09,38.48,2.83,1.26,43.01,2.92,1.37,47.78,2.86,1.52,52.81,2.88,1.76,58.09,3.03,2.02,63.62,3.18
-1,14095,562,M??Â«nard et al. 2014,Ocurrencias,-5.294872222,33.26943889,Precise,Morocco,Africa,Cercopithecidae,Macaca,Macaca Sylvanus,Macaca_sylvanus ,Complete counts,1,0,0,NA,12,2007,0, ,NA, ,Macaca sylvanus ,Macaca sylvanus,13.5,D,537.5,BOTH - T,Omnivore,93.2,2.02,18.2,431.71,164,210.25,264,1.02,1.49,Polygyndry,Polygyndry, ,4Temperate Conifer Forests,0.479799692,0.79,60.73,0.85,1.54,55.33,1.2,2.54,47.35,1.59,3.8,41.77,1.93,5.31,36.29,NA,7.07,NA,2.6,9.08,28.65,2.88,11.34,25.37,3.17,13.85,22.91,3.64,16.62,21.88,4.08,19.63,20.78,4.59,22.9,20.04,5.28,26.42,20,6.39,30.19,21.18,7.86,34.21,22.98,9.83,38.48,25.55,12.22,43.01,28.42,14.86,47.78,31.09,17.38,52.81,32.92,19.89,58.09,34.24,22.04,63.62,34.64
