OID,N,N_study,Source,BASE,X,Y,Precise,Country,Realm,Family,Genus,Taxon,Taxon_ITIS,Sample_met,Ocurrence,N_groups,Abundanc_1,Abundance,Density,Sample_yea,Sampling_e,Sampling_1,ID_Todo,TRAITS,Taxon_IT_1,ITIS_SPECI,BodyMass_k,DielActivi,HomeRange_,Locomotion,TrophicGui,Brain_size,Canine_Dim,MeanGroupS,Interbirth,Gestation,WeaningAge,MaxLongevi,LitterSz,AdultSexRa,Social_Sys,Mating_Sys,FOREST,BIOME,Buffer_500,Area500,FC_500,Buffer_700,Area700,FC_700,Buffer_900,Area900,FC_900,Buffer_110,Area1100,FC1100,Buffer_130,Area1300,FC_1300,Buffer_150,Area1500,FC_1500,Buffer_170,Area1700,FC_1700,Buffer_190,Area1900,FC_1900,Buffer_210,Area2100,FC_2100,Buffer_230,Area2300,FC_2300,Buffer_250,Area2500,FC_2500,Buffer_270,Area2700,FC_2700,Buffer_290,Area2900,FC_2900,Buffer_310,Area3100,FC_3100,Buffer_330,Area3300,FC_3300,Buffer_350,Area3500,FC_3500,Buffer_370,Area3700,F_Buffer_3,Buffer_390,Area_3900,FC_3900,Buffer_410,Area4100,FC_4100,Buffer_430,Area4300,FC_4300,Buffer_450,Area4500,FC_4500
-1,13975,12,Sridhar et al. 2008,Ocurrencias,76.83094,10.4215,Precise,India,Asia,Cercopithecidae,Macaca,Macaca silenus,Macaca_silenus ,line transect distance sampling,1,0,4,NA,0,2005,10.85,kilometer,NA, ,Macaca silenus ,Macaca silenus,7.5,D,312.5,AR,Frugivore,85,2.437,19.6,510.39,176,362.93,480,1.01,2.29,Polygyndry,NA, ,2Tropical_and_suptropical_moist_broadleaf_forest,0.766494881,0.79,97.02,1.47,1.54,95.72,2.42,2.54,95.33,3.63,3.8,95.47,5.08,5.31,95.61,NA,7.07,NA,8.67,9.08,95.51,10.73,11.34,94.66,13.11,13.85,94.69,15.75,16.62,94.75,18.54,19.63,94.47,21.61,22.9,94.35,24.93,26.42,94.38,28.49,30.19,94.38,32.24,34.21,94.24,36.21,38.48,94.09,40.15,43.01,93.34,44.09,47.78,92.28,48.1,52.81,91.08,52.18,58.09,89.83,56.35,63.62,88.57
-1,13976,12,Sridhar et al. 2008,Ocurrencias,76.99461,10.39073,Precise,India,Asia,Cercopithecidae,Macaca,Macaca silenus,Macaca_silenus ,line transect distance sampling,1,0,3,NA,0,2005,10.4,kilometer,NA, ,Macaca silenus ,Macaca silenus,7.5,D,312.5,AR,Frugivore,85,2.437,19.6,510.39,176,362.93,480,1.01,2.29,Polygyndry,NA, ,2Tropical_and_suptropical_moist_broadleaf_forest,0.741919885,0.79,93.91,1.4,1.54,90.71,2.27,2.54,89.5,3.43,3.8,90.22,4.81,5.31,90.53,NA,7.07,NA,8.18,9.08,90.09,10.27,11.34,90.59,12.62,13.85,91.11,15.17,16.62,91.3,18.01,19.63,91.76,20.99,22.9,91.64,24.32,26.42,92.06,27.89,30.19,92.38,31.5,34.21,92.08,35.32,38.48,91.78,39.3,43.01,91.37,43.58,47.78,91.21,48.06,52.81,91.01,52.72,58.09,90.76,57.67,63.62,90.65
-1,13977,12,Sridhar et al. 2008,Ocurrencias,76.87875,10.40329,Precise,India,Asia,Cercopithecidae,Macaca,Macaca silenus,Macaca_silenus ,line transect distance sampling,1,0,1,NA,0,2005,28.6,kilometer,NA, ,Macaca silenus ,Macaca silenus,7.5,D,312.5,AR,Frugivore,85,2.437,19.6,510.39,176,362.93,480,1.01,2.29,Polygyndry,NA, ,2Tropical_and_suptropical_moist_broadleaf_forest,0.770998837,0.79,97.59,1.51,1.54,98.13,2.48,2.54,97.75,3.72,3.8,97.86,5.2,5.31,97.97,NA,7.07,NA,8.86,9.08,97.6,11.05,11.34,97.47,13.47,13.85,97.25,16.11,16.62,96.94,19.02,19.63,96.91,22.17,22.9,96.82,25.55,26.42,96.7,29.11,30.19,96.43,32.93,34.21,96.27,36.93,38.48,95.96,41.1,43.01,95.57,45.51,47.78,95.26,49.96,52.81,94.6,54.67,58.09,94.11,59.59,63.62,93.66
-1,13978,12,Sridhar et al. 2008,Ocurrencias,76.83686,10.46424,Precise,India,Asia,Cercopithecidae,Macaca,Macaca silenus,Macaca_silenus ,line transect distance sampling,0,0,0,NA,0,2005,28.52,kilometer,NA, ,Macaca silenus ,Macaca silenus,7.5,D,312.5,AR,Frugivore,85,2.437,19.6,510.39,176,362.93,480,1.01,2.29,Polygyndry,NA, ,2Tropical_and_suptropical_moist_broadleaf_forest,0.772810754,0.79,97.82,1.5,1.54,97.68,2.49,2.54,97.87,3.67,3.8,96.56,5.11,5.31,96.33,NA,7.07,NA,8.76,9.08,96.43,10.95,11.34,96.53,13.38,13.85,96.59,16.06,16.62,96.64,18.98,19.63,96.7,22.15,22.9,96.72,25.57,26.42,96.77,29.27,30.19,96.95,33.22,34.21,97.09,37.35,38.48,97.06,41.47,43.01,96.41,45.86,47.78,95.97,50.52,52.81,95.67,55.37,58.09,95.32,60.42,63.62,94.97
-1,13979,12,Sridhar et al. 2008,Ocurrencias,76.86811,10.42007,Precise,India,Asia,Cercopithecidae,Macaca,Macaca silenus,Macaca_silenus ,line transect distance sampling,1,0,5,NA,0,2005,39.15,kilometer,NA, ,Macaca silenus ,Macaca silenus,7.5,D,312.5,AR,Frugivore,85,2.437,19.6,510.39,176,362.93,480,1.01,2.29,Polygyndry,NA, ,2Tropical_and_suptropical_moist_broadleaf_forest,0.758688592,0.79,96.04,1.5,1.54,97.44,2.49,2.54,98.03,3.72,3.8,97.95,5.16,5.31,97.17,NA,7.07,NA,8.71,9.08,95.89,10.82,11.34,95.42,13.18,13.85,95.13,15.82,16.62,95.2,18.65,19.63,95.03,21.68,22.9,94.68,24.96,26.42,94.49,28.44,30.19,94.2,32.19,34.21,94.09,36.08,38.48,93.76,40.24,43.01,93.56,44.72,47.78,93.59,49.52,52.81,93.78,54.56,58.09,93.93,59.84,63.62,94.06
-1,13980,12,Sridhar et al. 2008,Ocurrencias,76.91214,10.31412,Precise,India,Asia,Cercopithecidae,Macaca,Macaca silenus,Macaca_silenus ,line transect distance sampling,1,0,1,NA,0,2005,9.17,kilometer,NA, ,Macaca silenus ,Macaca silenus,7.5,D,312.5,AR,Frugivore,85,2.437,19.6,510.39,176,362.93,480,1.01,2.29,Polygyndry,NA, ,2Tropical_and_suptropical_moist_broadleaf_forest,0.70402552,0.79,89.12,1.44,1.54,93.18,2.39,2.54,94.28,3.54,3.8,93.26,4.76,5.31,89.64,NA,7.07,NA,7.31,9.08,80.5,8.9,11.34,78.48,10.79,13.85,77.88,13.06,16.62,78.58,15.47,19.63,78.79,17.96,22.9,78.45,20.78,26.42,78.66,23.81,30.19,78.86,27.06,34.21,79.11,30.52,38.48,79.3,34.44,43.01,80.07,38.68,47.78,80.96,43.18,52.81,81.76,47.84,58.09,82.35,52.69,63.62,82.82
-1,13981,12,Sridhar et al. 2008,Ocurrencias,76.892704,10.292773,Precise,India,Asia,Cercopithecidae,Macaca,Macaca silenus,Macaca_silenus ,line transect distance sampling,1,0,1,NA,0,2005,6,kilometer,NA, ,Macaca silenus ,Macaca silenus,7.5,D,312.5,AR,Frugivore,85,2.437,19.6,510.39,176,362.93,480,1.01,2.29,Polygyndry,NA, ,2Tropical_and_suptropical_moist_broadleaf_forest,0.685544309,0.79,86.78,1.31,1.54,85.29,2.12,2.54,83.43,3.13,3.8,82.45,4.25,5.31,80.1,NA,7.07,NA,6.9,9.08,75.99,8.6,11.34,75.87,10.58,13.85,76.39,12.9,16.62,77.61,15.54,19.63,79.16,18.43,22.9,80.46,21.45,26.42,81.18,24.8,30.19,82.14,28.28,34.21,82.68,32.08,38.48,83.37,36.06,43.01,83.83,40.12,47.78,83.97,44.36,52.81,84,48.93,58.09,84.23,53.61,63.62,84.26
-1,13982,12,Sridhar et al. 2008,Ocurrencias,76.96735,10.33383,Precise,India,Asia,Cercopithecidae,Macaca,Macaca silenus,Macaca_silenus ,line transect distance sampling,1,0,7,NA,0,2005,12.3,kilometer,NA, ,Macaca silenus ,Macaca silenus,7.5,D,312.5,AR,Frugivore,85,2.437,19.6,510.39,176,362.93,480,1.01,2.29,Polygyndry,NA, ,2Tropical_and_suptropical_moist_broadleaf_forest,0.702201725,0.79,88.89,1.4,1.54,90.78,2.29,2.54,90.34,3.37,3.8,88.77,4.65,5.31,87.53,NA,7.07,NA,7.79,9.08,85.77,9.7,11.34,85.54,11.89,13.85,85.84,14.4,16.62,86.61,17.18,19.63,87.53,20.12,22.9,87.87,23.17,26.42,87.69,26.25,30.19,86.94,29.29,34.21,85.63,32.87,38.48,85.41,36.9,43.01,85.8,41.33,47.78,86.5,45.97,52.81,87.05,50.81,58.09,87.47,55.94,63.62,87.94
-1,13983,12,Sridhar et al. 2008,Ocurrencias,76.93381667,10.34755,Precise,India,Asia,Cercopithecidae,Macaca,Macaca silenus,Macaca_silenus ,line transect distance sampling,1,0,3,NA,0,2005,5.75,kilometer,NA, ,Macaca silenus ,Macaca silenus,7.5,D,312.5,AR,Frugivore,85,2.437,19.6,510.39,176,362.93,480,1.01,2.29,Polygyndry,NA, ,2Tropical_and_suptropical_moist_broadleaf_forest,0.751673145,0.79,95.15,1.45,1.54,94.12,2.35,2.54,92.48,3.44,3.8,90.58,4.76,5.31,89.64,NA,7.07,NA,7.99,9.08,87.97,9.94,11.34,87.67,12.05,13.85,87.03,14.36,16.62,86.42,16.9,19.63,86.09,19.64,22.9,85.78,22.74,26.42,86.06,26.02,30.19,86.19,29.43,34.21,86.03,32.91,38.48,85.52,36.62,43.01,85.14,40.85,47.78,85.5,45.37,52.81,85.92,50.02,58.09,86.11,54.8,63.62,86.13
