OID,N,N_study,Source,BASE,X,Y,Precise,Country,Realm,Family,Genus,Taxon,Taxon_ITIS,Sample_met,Ocurrence,N_groups,Abundanc_1,Abundance,Density,Sample_yea,Sampling_e,Sampling_1,ID_Todo,TRAITS,Taxon_IT_1,ITIS_SPECI,BodyMass_k,DielActivi,HomeRange_,Locomotion,TrophicGui,Brain_size,Canine_Dim,MeanGroupS,Interbirth,Gestation,WeaningAge,MaxLongevi,LitterSz,AdultSexRa,Social_Sys,Mating_Sys,FOREST,BIOME,Buffer_500,Area500,FC_500,Buffer_700,Area700,FC_700,Buffer_900,Area900,FC_900,Buffer_110,Area1100,FC1100,Buffer_130,Area1300,FC_1300,Buffer_150,Area1500,FC_1500,Buffer_170,Area1700,FC_1700,Buffer_190,Area1900,FC_1900,Buffer_210,Area2100,FC_2100,Buffer_230,Area2300,FC_2300,Buffer_250,Area2500,FC_2500,Buffer_270,Area2700,FC_2700,Buffer_290,Area2900,FC_2900,Buffer_310,Area3100,FC_3100,Buffer_330,Area3300,FC_3300,Buffer_350,Area3500,FC_3500,Buffer_370,Area3700,F_Buffer_3,Buffer_390,Area_3900,FC_3900,Buffer_410,Area4100,FC_4100,Buffer_430,Area4300,FC_4300,Buffer_450,Area4500,FC_4500
-1,14037,479,Menard et al. 2013,Ocurrencias,-4.999571016,33.5146057,Precise,Morocco,Africa,Cercopithecidae,Macaca,Macaca sylvanus,Macaca_sylvanus ,Linear transect,1,2,25,Abundance,0.5,2007,526,km2,NA, ,Macaca sylvanus ,Macaca sylvanus,13.5,D,537.5,BOTH - T,Omnivore,93.2,2.02,18.2,431.71,164,210.25,264,1.02,1.49,Polygyndry,Polygyndry, ,4Temperate Conifer Forests,0.755217311,0.79,95.6,1.34,1.54,86.95,1.92,2.54,75.59,2.59,3.8,68.09,3.3,5.31,62.18,NA,7.07,NA,4.7,9.08,51.72,5.36,11.34,47.29,6.14,13.85,44.3,7.04,16.62,42.37,8.23,19.63,41.9,9.47,22.9,41.37,10.64,26.42,40.27,11.8,30.19,39.09,12.86,34.21,37.6,13.9,38.48,36.12,14.98,43.01,34.82,16.07,47.78,33.63,17.27,52.81,32.71,18.52,58.09,31.88,19.85,63.62,31.2
-1,14038,479,Menard et al. 2013,Ocurrencias,-5.104600705,33.51638918,Precise,Morocco,Africa,Cercopithecidae,Macaca,Macaca sylvanus,Macaca_sylvanus ,Linear transect,1,0,543,Abundance,5.2,2007,526,km2,NA, ,Macaca sylvanus ,Macaca sylvanus,13.5,D,537.5,BOTH - T,Omnivore,93.2,2.02,18.2,431.71,164,210.25,264,1.02,1.49,Polygyndry,Polygyndry, ,1Mediterranean,0.766168709,0.79,96.98,1.48,1.54,96.37,2.34,2.54,92.05,2.98,3.8,78.51,3.43,5.31,64.68,NA,7.07,NA,4.39,9.08,48.3,5.08,11.34,44.77,5.83,13.85,42.13,6.74,16.62,40.54,7.84,19.63,39.96,9.03,22.9,39.44,10.3,26.42,38.99,11.74,30.19,38.89,13.19,34.21,38.56,14.55,38.48,37.8,15.87,43.01,36.89,17.23,47.78,36.05,18.77,52.81,35.54,20.36,58.09,35.04,21.87,63.62,34.37
-1,14039,479,Menard et al. 2013,Ocurrencias,-5.173000251,33.42382274,Precise,Morocco,Africa,Cercopithecidae,Macaca,Macaca sylvanus,Macaca_sylvanus ,Linear transect,1,34,591,Abundance,7.1,2007,526,km2,NA, ,Macaca sylvanus ,Macaca sylvanus,13.5,D,537.5,BOTH - T,Omnivore,93.2,2.02,18.2,431.71,164,210.25,264,1.02,1.49,Polygyndry,Polygyndry, ,4Temperate Conifer Forests,0.643760718,0.79,81.49,1.22,1.54,79.02,2.05,2.54,80.89,3.15,3.8,82.91,4.47,5.31,84.11,NA,7.07,NA,7.74,9.08,85.28,9.19,11.34,81.04,10.59,13.85,76.49,12.08,16.62,72.69,13.44,19.63,68.47,14.74,22.9,64.35,16.19,26.42,61.3,17.67,30.19,58.55,18.93,34.21,55.35,19.92,38.48,51.76,21.15,43.01,49.18,22.61,47.78,47.32,23.93,52.81,45.32,25.13,58.09,43.26,26.51,63.62,41.67
-1,14040,479,Menard et al. 2013,Ocurrencias,-5.24262244,33.35266584,Precise,Morocco,Africa,Cercopithecidae,Macaca,Macaca sylvanus,Macaca_sylvanus ,Linear transect,1,10,218,Abundance,11.2,2007,526,km2,NA, ,Macaca sylvanus ,Macaca sylvanus,13.5,D,537.5,BOTH - T,Omnivore,93.2,2.02,18.2,431.71,164,210.25,264,1.02,1.49,Polygyndry,Polygyndry, ,4Temperate Conifer Forests,0.76133183,0.79,96.37,1.46,1.54,95,2.41,2.54,94.95,3.5,3.8,92.06,4.6,5.31,86.64,NA,7.07,NA,6.77,9.08,74.57,8.04,11.34,70.88,9.34,13.85,67.43,10.83,16.62,65.17,12.39,19.63,63.14,13.95,22.9,60.92,15.46,26.42,58.5,17.09,30.19,56.61,19.17,34.21,56.02,21.05,38.48,54.71,22.74,43.01,52.86,24.19,47.78,50.62,25.41,52.81,48.12,26.67,58.09,45.91,27.8,63.62,43.69
-1,14041,479,Menard et al. 2013,Ocurrencias,-5.200822713,33.25048642,Precise,Morocco,Africa,Cercopithecidae,Macaca,Macaca sylvanus,Macaca_sylvanus ,Linear transect,1,100,3329,Abundance,23.4,2007,526,km2,NA, ,Macaca sylvanus ,Macaca sylvanus,13.5,D,537.5,BOTH - T,Omnivore,93.2,2.02,18.2,431.71,164,210.25,264,1.02,1.49,Polygyndry,Polygyndry, ,4Temperate Conifer Forests,0.73922657,0.79,93.57,1.46,1.54,94.88,2.32,2.54,91.38,3.32,3.8,87.48,4.5,5.31,84.79,NA,7.07,NA,7.33,9.08,80.75,8.86,11.34,78.09,10.3,13.85,74.39,11.74,16.62,70.65,13.23,19.63,67.39,14.54,22.9,63.5,15.83,26.42,59.91,17.37,30.19,57.53,18.98,34.21,55.47,20.4,38.48,53.02,21.84,43.01,50.78,23.1,47.78,48.36,24.02,52.81,45.48,24.9,58.09,42.86,25.85,63.62,40.63
-1,14042,479,Menard et al. 2013,Ocurrencias,-5.212525538,33.17359681,Precise,Morocco,Africa,Cercopithecidae,Macaca,Macaca sylvanus,Macaca_sylvanus ,Linear transect,1,1,11,Abundance,0.4,2007,526,km2,NA, ,Macaca sylvanus ,Macaca sylvanus,13.5,D,537.5,BOTH - T,Omnivore,93.2,2.02,18.2,431.71,164,210.25,264,1.02,1.49,Polygyndry,Polygyndry, ,4Temperate Conifer Forests,0.143908819,0.79,18.22,0.28,1.54,18.37,0.48,2.54,18.73,0.64,3.8,16.86,0.68,5.31,12.82,NA,7.07,NA,0.73,9.08,8,0.87,11.34,7.71,1.04,13.85,7.53,1.18,16.62,7.11,1.36,19.63,6.93,1.46,22.9,6.37,1.6,26.42,6.05,1.89,30.19,6.27,2.34,34.21,6.83,3.01,38.48,7.84,3.81,43.01,8.86,4.66,47.78,9.75,5.59,52.81,10.58,6.61,58.09,11.37,7.57,63.62,11.9
-1,14043,479,Menard et al. 2013,Ocurrencias,-5.205627784,33.10200324,Precise,Morocco,Africa,Cercopithecidae,Macaca,Macaca sylvanus,Macaca_sylvanus ,Linear transect,1,0,543,Abundance,5.2,2007,526,km2,NA, ,Macaca sylvanus ,Macaca sylvanus,13.5,D,537.5,BOTH - T,Omnivore,93.2,2.02,18.2,431.71,164,210.25,264,1.02,1.49,Polygyndry,Polygyndry, ,4Temperate Conifer Forests,0.199336235,0.79,25.23,0.37,1.54,23.87,0.54,2.54,21.11,0.8,3.8,21.14,1.06,5.31,20.05,NA,7.07,NA,1.56,9.08,17.21,1.87,11.34,16.51,2.05,13.85,14.8,2.08,16.62,12.49,2.1,19.63,10.71,2.11,22.9,9.21,2.11,26.42,7.98,2.12,30.19,7.01,2.13,34.21,6.24,2.16,38.48,5.61,2.16,43.01,5.03,2.19,47.78,4.59,2.35,52.81,4.45,2.6,58.09,4.47,2.95,63.62,4.64
-1,14044,479,Menard et al. 2013,Ocurrencias,-5.194587514,33.03591275,Precise,Morocco,Africa,Cercopithecidae,Macaca,Macaca sylvanus,Macaca_sylvanus ,Linear transect,1,0,543,Abundance,5.2,2007,526,km2,NA, ,Macaca sylvanus ,Macaca sylvanus,13.5,D,537.5,BOTH - T,Omnivore,93.2,2.02,18.2,431.71,164,210.25,264,1.02,1.49,Polygyndry,Polygyndry, ,4Temperate Conifer Forests,0.615076075,0.79,77.86,1.18,1.54,76.64,1.82,2.54,71.54,2.48,3.8,65.22,2.98,5.31,56.08,NA,7.07,NA,4.27,9.08,46.99,4.96,11.34,43.75,5.53,13.85,39.89,6.12,16.62,36.81,6.67,19.63,34,7.14,22.9,31.17,7.48,26.42,28.31,7.79,30.19,25.81,8.27,34.21,24.16,8.79,38.48,22.84,9.18,43.01,21.34,9.56,47.78,20,9.92,52.81,18.78,10.3,58.09,17.74,10.72,63.62,16.85
-1,14045,479,Menard et al. 2013,Ocurrencias,-5.326240586,33.25560519,Precise,Morocco,Africa,Cercopithecidae,Macaca,Macaca sylvanus,Macaca_sylvanus ,Linear transect,1,3,105,Abundance,8.2,2007,526,km2,NA, ,Macaca sylvanus ,Macaca sylvanus,13.5,D,537.5,BOTH - T,Omnivore,93.2,2.02,18.2,431.71,164,210.25,264,1.02,1.49,Polygyndry,Polygyndry, ,4Temperate Conifer Forests,0.720398793,0.79,91.19,1.44,1.54,93.44,2.3,2.54,90.57,3.26,3.8,85.72,4.21,5.31,79.21,NA,7.07,NA,5.67,9.08,62.49,6.27,11.34,55.29,6.87,13.85,49.61,7.66,16.62,46.09,8.56,19.63,43.62,9.51,22.9,41.52,10.56,26.42,39.96,11.44,30.19,37.91,12.68,34.21,37.06,14.1,38.48,36.63,15.41,43.01,35.83,16.64,47.78,34.82,18,52.81,34.09,19.66,58.09,33.85,21.35,63.62,33.55
-1,14046,479,Menard et al. 2013,Ocurrencias,-5.279823703,33.2927073,Precise,Morocco,Africa,Cercopithecidae,Macaca,Macaca sylvanus,Macaca_sylvanus ,Linear transect,1,2,70,Abundance,12,2007,526,km2,NA, ,Macaca sylvanus ,Macaca sylvanus,13.5,D,537.5,BOTH - T,Omnivore,93.2,2.02,18.2,431.71,164,210.25,264,1.02,1.49,Polygyndry,Polygyndry, ,4Temperate Conifer Forests,0.734370772,0.79,92.96,1.22,1.54,79.29,1.73,2.54,68.26,2.22,3.8,58.29,2.71,5.31,50.95,NA,7.07,NA,3.73,9.08,41.05,4.29,11.34,37.84,4.78,13.85,34.49,5.38,16.62,32.38,5.96,19.63,30.35,6.61,22.9,28.85,7.3,26.42,27.63,7.83,30.19,25.92,8.29,34.21,24.24,8.99,38.48,23.35,9.76,43.01,22.69,10.62,47.78,22.23,11.6,52.81,21.97,12.86,58.09,22.14,14.42,63.62,22.67
-1,14047,479,Menard et al. 2013,Ocurrencias,-5.455301925,33.14546453,Precise,Morocco,Africa,Cercopithecidae,Macaca,Macaca sylvanus,Macaca_sylvanus ,Linear transect,1,2,30,Abundance,0.2,2007,526,km2,NA, ,Macaca sylvanus ,Macaca sylvanus,13.5,D,537.5,BOTH - T,Omnivore,93.2,2.02,18.2,431.71,164,210.25,264,1.02,1.49,Polygyndry,Polygyndry, ,1Mediterranean,0.559538796,0.79,70.83,1.02,1.54,66.39,1.6,2.54,63.12,1.95,3.8,51.44,2.3,5.31,43.39,NA,7.07,NA,3.32,9.08,36.57,4.09,11.34,36.07,4.85,13.85,35.02,5.66,16.62,34.03,6.57,19.63,33.48,7.43,22.9,32.46,8.26,26.42,31.27,9.05,30.19,29.99,9.74,34.21,28.47,10.42,38.48,27.09,11.23,43.01,26.12,12.1,47.78,25.32,13.06,52.81,24.74,13.82,58.09,23.8,14.48,63.62,22.75
-1,14048,479,Menard et al. 2013,Ocurrencias,-4.932263047,33.23083317,Precise,Morocco,Africa,Cercopithecidae,Macaca,Macaca sylvanus,Macaca_sylvanus ,Linear transect,0,0,0,Abundance,0,2007,526,km2,NA, ,Macaca sylvanus ,Macaca sylvanus,13.5,D,537.5,BOTH - T,Omnivore,93.2,2.02,18.2,431.71,164,210.25,264,1.02,1.49,Polygyndry,Polygyndry, ,4Temperate Conifer Forests,0.311734204,0.79,39.46,0.59,1.54,38.22,0.82,2.54,32.09,1.06,3.8,27.86,1.31,5.31,24.6,NA,7.07,NA,1.49,9.08,16.43,1.62,11.34,14.25,1.69,13.85,12.2,1.75,16.62,10.54,1.82,19.63,9.26,1.94,22.9,8.45,2.19,26.42,8.3,2.3,30.19,7.62,2.38,34.21,6.95,2.41,38.48,6.27,2.52,43.01,5.86,2.65,47.78,5.54,2.77,52.81,5.24,3.06,58.09,5.27,3.45,63.62,5.43
-1,14049,479,Menard et al. 2013,Ocurrencias,-4.956517426,33.24382496,Precise,Morocco,Africa,Cercopithecidae,Macaca,Macaca sylvanus,Macaca_sylvanus ,Linear transect,1,2,30,Abundance,2,2007,526,km2,NA, ,Macaca sylvanus ,Macaca sylvanus,13.5,D,537.5,BOTH - T,Omnivore,93.2,2.02,18.2,431.71,164,210.25,264,1.02,1.49,Polygyndry,Polygyndry, ,4Temperate Conifer Forests,0.203160338,0.79,25.72,0.42,1.54,27.17,0.5,2.54,19.68,0.59,3.8,15.53,0.66,5.31,12.36,NA,7.07,NA,0.85,9.08,9.38,1.16,11.34,10.26,1.55,13.85,11.21,2.02,16.62,12.17,2.38,19.63,12.13,2.69,22.9,11.73,2.96,26.42,11.21,3.2,30.19,10.61,3.41,34.21,9.96,3.53,38.48,9.18,3.63,43.01,8.44,3.74,47.78,7.84,3.84,52.81,7.28,3.9,58.09,6.72,3.96,63.62,6.23
-1,14050,479,Menard et al. 2013,Ocurrencias,-4.963199535,33.20141485,Precise,Morocco,Africa,Cercopithecidae,Macaca,Macaca sylvanus,Macaca_sylvanus ,Linear transect,1,1,20,Abundance,4,2007,526,km2,NA, ,Macaca sylvanus ,Macaca sylvanus,13.5,D,537.5,BOTH - T,Omnivore,93.2,2.02,18.2,431.71,164,210.25,264,1.02,1.49,Polygyndry,Polygyndry, ,4Temperate Conifer Forests,0.067769388,0.79,8.58,0.08,1.54,4.93,0.09,2.54,3.42,0.09,3.8,2.42,0.1,5.31,1.82,NA,7.07,NA,0.13,9.08,1.43,0.16,11.34,1.45,0.23,13.85,1.69,0.38,16.62,2.28,0.52,19.63,2.66,0.76,22.9,3.31,1.04,26.42,3.94,1.24,30.19,4.12,1.36,34.21,3.97,1.52,38.48,3.95,1.74,43.01,4.05,2.02,47.78,4.23,2.37,52.81,4.48,2.71,58.09,4.66,3,63.62,4.72
