OID,N,N_study,Source,BASE,X,Y,Precise,Country,Realm,Family,Genus,Taxon,Taxon_ITIS,Sample_met,Ocurrence,N_groups,Abundanc_1,Abundance,Density,Sample_yea,Sampling_e,Sampling_1,ID_Todo,TRAITS,Taxon_IT_1,ITIS_SPECI,BodyMass_k,DielActivi,HomeRange_,Locomotion,TrophicGui,Brain_size,Canine_Dim,MeanGroupS,Interbirth,Gestation,WeaningAge,MaxLongevi,LitterSz,AdultSexRa,Social_Sys,Mating_Sys,FOREST,BIOME,Buffer_500,Area500,FC_500,Buffer_700,Area700,FC_700,Buffer_900,Area900,FC_900,Buffer_110,Area1100,FC1100,Buffer_130,Area1300,FC_1300,Buffer_150,Area1500,FC_1500,Buffer_170,Area1700,FC_1700,Buffer_190,Area1900,FC_1900,Buffer_210,Area2100,FC_2100,Buffer_230,Area2300,FC_2300,Buffer_250,Area2500,FC_2500,Buffer_270,Area2700,FC_2700,Buffer_290,Area2900,FC_2900,Buffer_310,Area3100,FC_3100,Buffer_330,Area3300,FC_3300,Buffer_350,Area3500,FC_3500,Buffer_370,Area3700,F_Buffer_3,Buffer_390,Area_3900,FC_3900,Buffer_410,Area4100,FC_4100,Buffer_430,Area4300,FC_4300,Buffer_450,Area4500,FC_4500
-1,12709,549,Bernard et al. 2016,Ocurrencias,117.5377167,4.667827778,Precise,Malaysia,Asia,Cercopithecidae,Macaca,Macaca  fascicularis,Macaca_fascicularis ,Pre-existing trails,1,0,1,NA,0,2011,16.8,km in total,NA, ,Macaca fascicularis ,Macaca fascicularis,4.03,D,157,AR - BOTH,Frugivore,63.98,2.258,27.5,398.45,165,283.53,456,1,2.26,Polygyndry,Polygyndry, ,2Tropical_and_suptropical_moist_broadleaf_forest,0.772528705,0.79,97.79,1.51,1.54,98.32,2.5,2.54,98.48,3.73,3.8,98.24,NA,5.31,NA,NA,7.07,NA,8.89,9.08,97.88,11.05,11.34,97.41,13.27,13.85,95.85,15.53,16.62,93.43,17.94,19.63,91.37,20.42,22.9,89.16,22.89,26.42,86.63,25.59,30.19,84.76,28.28,34.21,82.66,31.22,38.48,81.13,34.25,43.01,79.64,37.32,47.78,78.11,40.36,52.81,76.42,43.72,58.09,75.27,47.19,63.62,74.17
-1,12710,549,Bernard et al. 2016,Ocurrencias,117.65,4.74520278,Precise,Malaysia,Asia,Cercopithecidae,Macaca,Macaca  fascicularis,Macaca_fascicularis ,Pre-existing trails,0,0,0,NA,0,2011,59.4,km in total,NA, ,Macaca fascicularis ,Macaca fascicularis,4.03,D,157,AR - BOTH,Frugivore,63.98,2.258,27.5,398.45,165,283.53,456,1,2.26,Polygyndry,Polygyndry, ,2Tropical_and_suptropical_moist_broadleaf_forest,0.767176038,0.79,97.11,1.49,1.54,96.6,2.46,2.54,96.84,3.67,3.8,96.51,NA,5.31,NA,NA,7.07,NA,8.75,9.08,96.38,10.94,11.34,96.46,13.37,13.85,96.56,16.02,16.62,96.4,18.82,19.63,95.88,21.7,22.9,94.75,24.58,26.42,93.03,27.69,30.19,91.72,31.02,34.21,90.68,34.45,38.48,89.52,37.99,43.01,88.32,41.84,47.78,87.58,45.84,52.81,86.8,50.02,58.09,86.1,54.34,63.62,85.41
-1,12711,549,Bernard et al. 2016,Ocurrencias,117.6511111,4.70281389,Precise,Malaysia,Asia,Cercopithecidae,Macaca,Macaca  fascicularis,Macaca_fascicularis ,Pre-existing trails,0,0,0,NA,0,2011,55,km in total,NA, ,Macaca fascicularis ,Macaca fascicularis,4.03,D,157,AR - BOTH,Frugivore,63.98,2.258,27.5,398.45,165,283.53,456,1,2.26,Polygyndry,Polygyndry, ,2Tropical_and_suptropical_moist_broadleaf_forest,0.726303423,0.79,91.94,1.41,1.54,91.86,2.2,2.54,86.74,3.14,3.8,82.54,NA,5.31,NA,NA,7.07,NA,6.54,9.08,72.04,7.79,11.34,68.68,9.17,13.85,66.21,10.88,16.62,65.44,12.57,19.63,64.02,14.43,22.9,63.02,16.54,26.42,62.61,18.53,30.19,61.39,20.64,34.21,60.33,22.83,38.48,59.33,25.02,43.01,58.17,27.35,47.78,57.25,29.63,52.81,56.1,32.2,58.09,55.43,34.81,63.62,54.71
-1,12712,549,Bernard et al. 2016,Ocurrencias,117.6116667,4.72309722,Precise,Malaysia,Asia,Cercopithecidae,Macaca,Macaca  fascicularis,Macaca_fascicularis ,Pre-existing trails,1,0,1,NA,0,2011,85.8,km in total,NA, ,Macaca fascicularis ,Macaca fascicularis,4.03,D,157,AR - BOTH,Frugivore,63.98,2.258,27.5,398.45,165,283.53,456,1,2.26,Polygyndry,Polygyndry, ,2Tropical_and_suptropical_moist_broadleaf_forest,0.734312569,0.79,92.95,1.44,1.54,93.32,2.35,2.54,92.56,3.48,3.8,91.61,NA,5.31,NA,NA,7.07,NA,8.21,9.08,90.45,10.28,11.34,90.63,12.51,13.85,90.31,14.78,16.62,88.95,17.24,19.63,87.81,19.77,22.9,86.32,22.47,26.42,85.06,25.4,30.19,84.14,28.58,34.21,83.55,31.97,38.48,83.09,35.59,43.01,82.75,39.26,47.78,82.17,43.25,52.81,81.9,47.31,58.09,81.44,51.49,63.62,80.93
-1,12713,549,Bernard et al. 2016,Ocurrencias,117.6247222,4.70283056,Precise,Malaysia,Asia,Cercopithecidae,Macaca,Macaca  fascicularis,Macaca_fascicularis ,Pre-existing trails,0,0,0,NA,0,2011,55,km in total,NA, ,Macaca fascicularis ,Macaca fascicularis,4.03,D,157,AR - BOTH,Frugivore,63.98,2.258,27.5,398.45,165,283.53,456,1,2.26,Polygyndry,Polygyndry, ,2Tropical_and_suptropical_moist_broadleaf_forest,0.659953924,0.79,83.54,1.17,1.54,76.03,1.78,2.54,70.26,2.47,3.8,64.99,NA,5.31,NA,NA,7.07,NA,5.23,9.08,57.59,6.56,11.34,57.87,7.83,13.85,56.55,9.32,16.62,56.05,10.98,19.63,55.91,12.85,22.9,56.09,14.79,26.42,55.99,17,30.19,56.3,19.45,34.21,56.85,22.16,38.48,57.59,25.08,43.01,58.31,28.21,47.78,59.05,31.65,52.81,59.94,35.43,58.09,60.99,39.34,63.62,61.84
-1,12714,549,Bernard et al. 2016,Ocurrencias,117.5811111,4.70230833,Precise,Malaysia,Asia,Cercopithecidae,Macaca,Macaca  fascicularis,Macaca_fascicularis ,Pre-existing trails,1,0,1,NA,0,2011,45.6,km in total,NA, ,Macaca fascicularis ,Macaca fascicularis,4.03,D,157,AR - BOTH,Frugivore,63.98,2.258,27.5,398.45,165,283.53,456,1,2.26,Polygyndry,Polygyndry, ,2Tropical_and_suptropical_moist_broadleaf_forest,0.701620214,0.79,88.81,1.36,1.54,88.43,2.25,2.54,88.48,3.29,3.8,86.56,NA,5.31,NA,NA,7.07,NA,8.02,9.08,88.29,10.06,11.34,88.69,12.18,13.85,87.92,14.63,16.62,88.03,17.27,19.63,88,19.98,22.9,87.26,22.76,26.42,86.14,25.77,30.19,85.36,28.91,34.21,84.52,32.21,38.48,83.7,35.6,43.01,82.77,39.18,47.78,82.01,42.99,52.81,81.4,47.02,58.09,80.94,51.25,63.62,80.56
-1,12715,549,Bernard et al. 2016,Ocurrencias,117.5772222,4.68967778,Precise,Malaysia,Asia,Cercopithecidae,Macaca,Macaca  fascicularis,Macaca_fascicularis ,Pre-existing trails,0,0,0,NA,0,2011,67.2,km in total,NA, ,Macaca fascicularis ,Macaca fascicularis,4.03,D,157,AR - BOTH,Frugivore,63.98,2.258,27.5,398.45,165,283.53,456,1,2.26,Polygyndry,Polygyndry, ,2Tropical_and_suptropical_moist_broadleaf_forest,0.757402648,0.79,95.87,1.49,1.54,96.86,2.43,2.54,95.63,3.55,3.8,93.44,NA,5.31,NA,NA,7.07,NA,8.18,9.08,90.05,10.17,11.34,89.67,12.34,13.85,89.13,14.64,16.62,88.06,17.08,19.63,87,19.71,22.9,86.05,22.46,26.42,85.03,25.3,30.19,83.79,28.3,34.21,82.71,31.42,38.48,81.65,34.72,43.01,80.72,38.16,47.78,79.87,41.78,52.81,79.1,45.64,58.09,78.56,49.5,63.62,77.81
-1,12716,549,Bernard et al. 2016,Ocurrencias,117.5383333,4.69393611,Precise,Malaysia,Asia,Cercopithecidae,Macaca,Macaca  fascicularis,Macaca_fascicularis ,Pre-existing trails,1,0,1,NA,0,2011,61.6,km in total,NA, ,Macaca fascicularis ,Macaca fascicularis,4.03,D,157,AR - BOTH,Frugivore,63.98,2.258,27.5,398.45,165,283.53,456,1,2.26,Polygyndry,Polygyndry, ,2Tropical_and_suptropical_moist_broadleaf_forest,0.729219829,0.79,92.31,1.41,1.54,91.8,2.33,2.54,91.86,3.43,3.8,90.35,NA,5.31,NA,NA,7.07,NA,8,9.08,88.1,9.74,11.34,85.91,11.73,13.85,84.72,13.77,16.62,82.86,16.03,19.63,81.68,18.39,22.9,80.3,20.89,26.42,79.06,23.74,30.19,78.62,26.85,34.21,78.49,29.98,38.48,77.92,33.29,43.01,77.4,36.83,47.78,77.07,40.51,52.81,76.71,44.33,58.09,76.31,48.35,63.62,75.99
