OID,N,N_study,Source,BASE,X,Y,Precise,Country,Realm,Family,Genus,Taxon,Taxon_ITIS,Sample_met,Ocurrence,N_groups,Abundanc_1,Abundance,Density,Sample_yea,Sampling_e,Sampling_1,ID_Todo,TRAITS,Taxon_IT_1,ITIS_SPECI,BodyMass_k,DielActivi,HomeRange_,Locomotion,TrophicGui,Brain_size,Canine_Dim,MeanGroupS,Interbirth,Gestation,WeaningAge,MaxLongevi,LitterSz,AdultSexRa,Social_Sys,Mating_Sys,FOREST,BIOME,Buffer_500,Area500,FC_500,Buffer_700,Area700,FC_700,Buffer_900,Area900,FC_900,Buffer_110,Area1100,FC1100,Buffer_130,Area1300,FC_1300,Buffer_150,Area1500,FC_1500,Buffer_170,Area1700,FC_1700,Buffer_190,Area1900,FC_1900,Buffer_210,Area2100,FC_2100,Buffer_230,Area2300,FC_2300,Buffer_250,Area2500,FC_2500,Buffer_270,Area2700,FC_2700,Buffer_290,Area2900,FC_2900,Buffer_310,Area3100,FC_3100,Buffer_330,Area3300,FC_3300,Buffer_350,Area3500,FC_3500,Buffer_370,Area3700,F_Buffer_3,Buffer_390,Area_3900,FC_3900,Buffer_410,Area4100,FC_4100,Buffer_430,Area4300,FC_4300,Buffer_450,Area4500,FC_4500
-1,14369,297,Andriatsitohaina et al. 2019,Ocurrencias,46.70127778,-15.49586944,Precise,Madagascar,Madagascar,Cheirogaleidae,Microcebus,Microcebus murinus,Microcebus_murinus ,Line transects and Sherman live traps,1,0,1.5,N individuals captured / 100 traps,0,2017,11567,trap nights,NA, ,Microcebus murinus ,Microcebus murinus,0.06,N,1.916666667,AR,Omnivore/ Gummivore,1.63,0.995,1,365,61,40.45,186,2,NA,Solitary,Spatial Polygyny, ,9Tropical and Subtropical Dry Broadleaf Forest,0.672640448,0.79,85.14,1.13,1.54,73.09,1.65,2.54,64.79,2.21,3.8,58.03,2.76,5.31,52.06,3.36,7.07,47.5,4.04,9.08,44.49,4.59,11.34,40.5,5.14,13.85,37.08,5.78,16.62,34.8,6.56,19.63,33.41,7.33,22.9,32.03,7.89,26.42,29.88,8.44,30.19,27.94,9.16,34.21,26.78,10.17,38.48,26.44,11.2,43.01,26.05,12.44,47.78,26.04,13.45,52.81,25.47,14.46,58.09,24.89,15.56,63.62,24.47
-1,14370,297,Andriatsitohaina et al. 2019,Ocurrencias,46.63436389,-15.4722,Precise,Madagascar,Madagascar,Cheirogaleidae,Microcebus,Microcebus murinus,Microcebus_murinus ,Line transects and Sherman live traps,1,0,0.6,N individuals captured / 100 traps,0,2017,11567,trap nights,NA, ,Microcebus murinus ,Microcebus murinus,0.06,N,1.916666667,AR,Omnivore/ Gummivore,1.63,0.995,1,365,61,40.45,186,2,NA,Solitary,Spatial Polygyny, ,9Tropical and Subtropical Dry Broadleaf Forest,0.025871956,0.79,3.27,0.04,1.54,2.53,0.09,2.54,3.4,0.19,3.8,5.13,0.4,5.31,7.48,0.68,7.07,9.58,0.93,9.08,10.2,1.18,11.34,10.44,1.47,13.85,10.61,1.72,16.62,10.36,1.94,19.63,9.89,2.16,22.9,9.45,2.35,26.42,8.9,2.49,30.19,8.23,2.57,34.21,7.51,2.67,38.48,6.93,2.88,43.01,6.7,3.36,47.78,7.03,3.99,52.81,7.56,4.55,58.09,7.83,5.35,63.62,8.41
-1,14371,297,Andriatsitohaina et al. 2019,Ocurrencias,46.63683056,-15.47929444,Precise,Madagascar,Madagascar,Cheirogaleidae,Microcebus,Microcebus murinus,Microcebus_murinus ,Line transects and Sherman live traps,0,0,0,N individuals captured / 100 traps,0,2017,11567,trap nights,NA, ,Microcebus murinus ,Microcebus murinus,0.06,N,1.916666667,AR,Omnivore/ Gummivore,1.63,0.995,1,365,61,40.45,186,2,NA,Solitary,Spatial Polygyny, ,9Tropical and Subtropical Dry Broadleaf Forest,0.075898409,0.79,9.61,0.11,1.54,7.19,0.22,2.54,8.59,0.39,3.8,10.23,0.6,5.31,11.27,0.81,7.07,11.45,0.99,9.08,10.95,1.23,11.34,10.81,1.41,13.85,10.16,1.57,16.62,9.44,1.84,19.63,9.39,2.09,22.9,9.15,2.4,26.42,9.09,2.72,30.19,9.01,3.1,34.21,9.07,3.41,38.48,8.86,3.78,43.01,8.79,4.24,47.78,8.87,4.77,52.81,9.02,5.31,58.09,9.14,5.91,63.62,9.29
-1,14372,297,Andriatsitohaina et al. 2019,Ocurrencias,46.72579167,-15.50678056,Precise,Madagascar,Madagascar,Cheirogaleidae,Microcebus,Microcebus murinus,Microcebus_murinus ,Line transects and Sherman live traps,0,0,0,N individuals captured / 100 traps,0,2017,11567,trap nights,NA, ,Microcebus murinus ,Microcebus murinus,0.06,N,1.916666667,AR,Omnivore/ Gummivore,1.63,0.995,1,365,61,40.45,186,2,NA,Solitary,Spatial Polygyny, ,9Tropical and Subtropical Dry Broadleaf Forest,0.273743102,0.79,34.65,0.52,1.54,33.71,0.76,2.54,29.97,1.06,3.8,27.81,1.4,5.31,26.35,1.81,7.07,25.67,2.21,9.08,24.32,2.6,11.34,22.9,3.01,13.85,21.72,3.45,16.62,20.73,3.92,19.63,19.98,4.47,22.9,19.51,5.15,26.42,19.51,5.77,30.19,19.1,6.4,34.21,18.71,6.92,38.48,17.98,7.48,43.01,17.38,8.16,47.78,17.07,8.78,52.81,16.63,9.39,58.09,16.17,9.93,63.62,15.6
-1,14373,297,Andriatsitohaina et al. 2019,Ocurrencias,46.69491944,-16.30785278,Precise,Madagascar,Madagascar,Cheirogaleidae,Microcebus,Microcebus murinus,Microcebus_murinus ,Line transects and Sherman live traps,1,0,2.5,N individuals captured / 100 traps,0,2017,11567,trap nights,NA, ,Microcebus murinus ,Microcebus murinus,0.06,N,1.916666667,AR,Omnivore/ Gummivore,1.63,0.995,1,365,61,40.45,186,2,NA,Solitary,Spatial Polygyny, ,9Tropical and Subtropical Dry Broadleaf Forest,0,0.79,0,0,1.54,0,0.02,2.54,0.7,0.07,3.8,1.74,0.09,5.31,1.68,0.09,7.07,1.34,0.1,9.08,1.06,0.11,11.34,1,0.13,13.85,0.91,0.13,16.62,0.78,0.13,19.63,0.66,0.13,22.9,0.57,0.14,26.42,0.52,0.18,30.19,0.61,0.34,34.21,1,0.59,38.48,1.53,0.87,43.01,2.02,1.06,47.78,2.21,1.36,52.81,2.57,1.81,58.09,3.11,2.41,63.62,3.78
-1,14374,297,Andriatsitohaina et al. 2019,Ocurrencias,46.71077222,-16.34092778,Precise,Madagascar,Madagascar,Cheirogaleidae,Microcebus,Microcebus murinus,Microcebus_murinus ,Line transects and Sherman live traps,1,0,6.3,N individuals captured / 100 traps,0,2017,11567,trap nights,NA, ,Microcebus murinus ,Microcebus murinus,0.06,N,1.916666667,AR,Omnivore/ Gummivore,1.63,0.995,1,365,61,40.45,186,2,NA,Solitary,Spatial Polygyny, ,9Tropical and Subtropical Dry Broadleaf Forest,0.041984921,0.79,5.31,0.16,1.54,10.42,0.27,2.54,10.65,0.55,3.8,14.41,0.89,5.31,16.83,1.36,7.07,19.17,1.75,9.08,19.24,2.17,11.34,19.12,2.84,13.85,20.51,3.57,16.62,21.5,4.28,19.63,21.79,5.18,22.9,22.61,6.1,26.42,23.09,7.16,30.19,23.72,8.57,34.21,25.06,10.02,38.48,26.03,11.46,43.01,26.66,12.85,47.78,26.9,14.35,52.81,27.17,15.79,58.09,27.19,17.11,63.62,26.9
-1,14375,297,Andriatsitohaina et al. 2019,Ocurrencias,46.71455,-16.29099722,Precise,Madagascar,Madagascar,Cheirogaleidae,Microcebus,Microcebus murinus,Microcebus_murinus ,Line transects and Sherman live traps,1,0,2.4,N individuals captured / 100 traps,0,2017,11567,trap nights,NA, ,Microcebus murinus ,Microcebus murinus,0.06,N,1.916666667,AR,Omnivore/ Gummivore,1.63,0.995,1,365,61,40.45,186,2,NA,Solitary,Spatial Polygyny, ,9Tropical and Subtropical Dry Broadleaf Forest,0,0.79,0,0,1.54,0,0.01,2.54,0.32,0.05,3.8,1.28,0.13,5.31,2.44,0.25,7.07,3.51,0.36,9.08,3.94,0.57,11.34,5.05,0.68,13.85,4.89,1.02,16.62,6.13,1.35,19.63,6.88,1.8,22.9,7.85,2.27,26.42,8.58,2.74,30.19,9.06,3.32,34.21,9.71,4.01,38.48,10.41,4.56,43.01,10.61,5.19,47.78,10.86,6.09,52.81,11.53,7.19,58.09,12.38,8.42,63.62,13.24
-1,14376,297,Andriatsitohaina et al. 2019,Ocurrencias,46.72188611,-16.30270278,Precise,Madagascar,Madagascar,Cheirogaleidae,Microcebus,Microcebus murinus,Microcebus_murinus ,Line transects and Sherman live traps,1,0,4.3,N individuals captured / 100 traps,0,2017,11567,trap nights,NA, ,Microcebus murinus ,Microcebus murinus,0.06,N,1.916666667,AR,Omnivore/ Gummivore,1.63,0.995,1,365,61,40.45,186,2,NA,Solitary,Spatial Polygyny, ,9Tropical and Subtropical Dry Broadleaf Forest,0,0.79,0,0,1.54,0,0,2.54,0,0.01,3.8,0.25,0.05,5.31,1,0.14,7.07,2,0.24,9.08,2.67,0.46,11.34,4.07,0.89,13.85,6.43,1.39,16.62,8.37,1.87,19.63,9.51,2.33,22.9,10.19,2.93,26.42,11.09,3.66,30.19,12.14,4.59,34.21,13.43,5.56,38.48,14.46,6.91,43.01,16.06,8.26,47.78,17.28,9.73,52.81,18.43,11.24,58.09,19.35,12.78,63.62,20.09
-1,14377,297,Andriatsitohaina et al. 2019,Ocurrencias,46.71663889,-16.30559167,Precise,Madagascar,Madagascar,Cheirogaleidae,Microcebus,Microcebus murinus,Microcebus_murinus ,Line transects and Sherman live traps,1,0,3.1,N individuals captured / 100 traps,0,2017,11567,trap nights,NA, ,Microcebus murinus ,Microcebus murinus,0.06,N,1.916666667,AR,Omnivore/ Gummivore,1.63,0.995,1,365,61,40.45,186,2,NA,Solitary,Spatial Polygyny, ,9Tropical and Subtropical Dry Broadleaf Forest,0,0.79,0,0,1.54,0,0,2.54,0,0,3.8,0,0,5.31,0,0.02,7.07,0.29,0.07,9.08,0.79,0.22,11.34,1.91,0.33,13.85,2.4,0.59,16.62,3.54,1.06,19.63,5.39,1.61,22.9,7.03,2.22,26.42,8.41,2.81,30.19,9.31,3.51,34.21,10.27,4.4,38.48,11.45,5.54,43.01,12.89,6.74,47.78,14.12,8.06,52.81,15.27,9.24,58.09,15.9,10.42,63.62,16.38
-1,14378,297,Andriatsitohaina et al. 2019,Ocurrencias,46.73092222,-16.29963889,Precise,Madagascar,Madagascar,Cheirogaleidae,Microcebus,Microcebus murinus,Microcebus_murinus ,Line transects and Sherman live traps,1,0,5.2,N individuals captured / 100 traps,0,2017,11567,trap nights,NA, ,Microcebus murinus ,Microcebus murinus,0.06,N,1.916666667,AR,Omnivore/ Gummivore,1.63,0.995,1,365,61,40.45,186,2,NA,Solitary,Spatial Polygyny, ,9Tropical and Subtropical Dry Broadleaf Forest,0.000266102,0.79,0.03,0.1,1.54,6.75,0.28,2.54,10.9,0.42,3.8,10.97,0.58,5.31,10.99,0.86,7.07,12.1,1.24,9.08,13.69,1.71,11.34,15.07,2.26,13.85,16.35,2.76,16.62,16.59,3.37,19.63,17.14,4.02,22.9,17.55,4.77,26.42,18.07,5.64,30.19,18.67,6.54,34.21,19.13,7.69,38.48,19.98,9.25,43.01,21.5,10.99,47.78,23,12.86,52.81,24.35,14.47,58.09,24.91,15.83,63.62,24.89
-1,14379,297,Andriatsitohaina et al. 2019,Ocurrencias,46.69714722,-16.31044167,Precise,Madagascar,Madagascar,Cheirogaleidae,Microcebus,Microcebus murinus,Microcebus_murinus ,Line transects and Sherman live traps,0,0,0,N individuals captured / 100 traps,0,2017,11567,trap nights,NA, ,Microcebus murinus ,Microcebus murinus,0.06,N,1.916666667,AR,Omnivore/ Gummivore,1.63,0.995,1,365,61,40.45,186,2,NA,Solitary,Spatial Polygyny, ,9Tropical and Subtropical Dry Broadleaf Forest,0.004786182,0.79,0.61,0.03,1.54,1.64,0.07,2.54,2.88,0.09,3.8,2.26,0.09,5.31,1.62,0.09,7.07,1.26,0.11,9.08,1.26,0.13,11.34,1.14,0.13,13.85,0.94,0.13,16.62,0.78,0.13,19.63,0.66,0.13,22.9,0.59,0.24,26.42,0.9,0.41,30.19,1.37,0.67,34.21,1.97,0.85,38.48,2.22,1.06,43.01,2.46,1.33,47.78,2.78,1.78,52.81,3.38,2.5,58.09,4.3,3.27,63.62,5.13
-1,14380,297,Andriatsitohaina et al. 2019,Ocurrencias,46.70364444,-16.32639722,Precise,Madagascar,Madagascar,Cheirogaleidae,Microcebus,Microcebus murinus,Microcebus_murinus ,Line transects and Sherman live traps,0,0,0,N individuals captured / 100 traps,0,2017,11567,trap nights,NA, ,Microcebus murinus ,Microcebus murinus,0.06,N,1.916666667,AR,Omnivore/ Gummivore,1.63,0.995,1,365,61,40.45,186,2,NA,Solitary,Spatial Polygyny, ,9Tropical and Subtropical Dry Broadleaf Forest,0,0.79,0,0,1.54,0,0,2.54,0,0,3.8,0.01,0.05,5.31,0.87,0.14,7.07,1.92,0.28,9.08,3.13,0.5,11.34,4.43,0.79,13.85,5.69,1.16,16.62,6.97,1.4,19.63,7.14,1.64,22.9,7.18,2.06,26.42,7.78,2.51,30.19,8.31,3.06,34.21,8.95,3.69,38.48,9.6,4.5,43.01,10.47,5.58,47.78,11.69,6.96,52.81,13.18,8.35,58.09,14.38,9.79,63.62,15.38
-1,14381,297,Andriatsitohaina et al. 2019,Ocurrencias,46.71146667,-16.303575,Precise,Madagascar,Madagascar,Cheirogaleidae,Microcebus,Microcebus murinus,Microcebus_murinus ,Line transects and Sherman live traps,1,0,1.4,N individuals captured / 100 traps,0,2017,11567,trap nights,NA, ,Microcebus murinus ,Microcebus murinus,0.06,N,1.916666667,AR,Omnivore/ Gummivore,1.63,0.995,1,365,61,40.45,186,2,NA,Solitary,Spatial Polygyny, ,9Tropical and Subtropical Dry Broadleaf Forest,0,0.79,0,0,1.54,0,0,2.54,0,0,3.8,0,0,5.31,0,0,7.07,0,0,9.08,0,0,11.34,0,0.06,13.85,0.44,0.2,16.62,1.18,0.43,19.63,2.2,0.77,22.9,3.37,1.27,26.42,4.82,1.8,30.19,5.96,2.35,34.21,6.86,3.09,38.48,8.03,3.79,43.01,8.8,4.58,47.78,9.59,5.74,52.81,10.87,7.11,58.09,12.23,8.4,63.62,13.2
-1,14382,297,Andriatsitohaina et al. 2019,Ocurrencias,46.71815278,-16.31708889,Precise,Madagascar,Madagascar,Cheirogaleidae,Microcebus,Microcebus murinus,Microcebus_murinus ,Line transects and Sherman live traps,1,0,7,N individuals captured / 100 traps,0,2017,11567,trap nights,NA, ,Microcebus murinus ,Microcebus murinus,0.06,N,1.916666667,AR,Omnivore/ Gummivore,1.63,0.995,1,365,61,40.45,186,2,NA,Solitary,Spatial Polygyny, ,9Tropical and Subtropical Dry Broadleaf Forest,0.038547897,0.79,4.88,0.11,1.54,7.03,0.19,2.54,7.51,0.31,3.8,8.11,0.44,5.31,8.25,0.56,7.07,7.92,0.71,9.08,7.84,0.98,11.34,8.61,1.26,13.85,9.07,1.72,16.62,10.35,2.45,19.63,12.47,3.31,22.9,14.43,4.12,26.42,15.6,4.77,30.19,15.79,5.43,34.21,15.87,6.28,38.48,16.31,7.23,43.01,16.82,8.22,47.78,17.2,9.15,52.81,17.32,10.31,58.09,17.75,11.86,63.62,18.65
-1,14383,297,Andriatsitohaina et al. 2019,Ocurrencias,46.69445556,-16.32094444,Precise,Madagascar,Madagascar,Cheirogaleidae,Microcebus,Microcebus murinus,Microcebus_murinus ,Line transects and Sherman live traps,1,0,1.4,N individuals captured / 100 traps,0,2017,11567,trap nights,NA, ,Microcebus murinus ,Microcebus murinus,0.06,N,1.916666667,AR,Omnivore/ Gummivore,1.63,0.995,1,365,61,40.45,186,2,NA,Solitary,Spatial Polygyny, ,9Tropical and Subtropical Dry Broadleaf Forest,0.062077321,0.79,7.86,0.11,1.54,7.3,0.12,2.54,4.77,0.12,3.8,3.19,0.12,5.31,2.28,0.12,7.07,1.71,0.12,9.08,1.33,0.12,11.34,1.07,0.12,13.85,0.87,0.13,16.62,0.76,0.13,19.63,0.67,0.23,22.9,1,0.46,26.42,1.76,0.72,30.19,2.38,1.12,34.21,3.26,1.59,38.48,4.13,1.9,43.01,4.42,2.51,47.78,5.25,3.47,52.81,6.56,4.52,58.09,7.78,5.69,63.62,8.95
-1,14384,297,Andriatsitohaina et al. 2019,Ocurrencias,46.69006111,-16.29810833,Precise,Madagascar,Madagascar,Cheirogaleidae,Microcebus,Microcebus murinus,Microcebus_murinus ,Line transects and Sherman live traps,0,0,0,N individuals captured / 100 traps,0,2017,11567,trap nights,NA, ,Microcebus murinus ,Microcebus murinus,0.06,N,1.916666667,AR,Omnivore/ Gummivore,1.63,0.995,1,365,61,40.45,186,2,NA,Solitary,Spatial Polygyny, ,9Tropical and Subtropical Dry Broadleaf Forest,0.008589591,0.79,1.09,0.01,1.54,0.56,0.01,2.54,0.34,0.01,3.8,0.23,0.01,5.31,0.16,0.01,7.07,0.12,0.01,9.08,0.09,0.01,11.34,0.08,0.05,13.85,0.36,0.12,16.62,0.73,0.14,19.63,0.73,0.21,22.9,0.93,0.26,26.42,0.99,0.3,30.19,0.99,0.34,34.21,1,0.42,38.48,1.1,0.52,43.01,1.21,0.76,47.78,1.6,1.11,52.81,2.11,1.59,58.09,2.74,2.08,63.62,3.27
-1,14385,297,Andriatsitohaina et al. 2019,Ocurrencias,46.69104722,-16.29328889,Precise,Madagascar,Madagascar,Cheirogaleidae,Microcebus,Microcebus murinus,Microcebus_murinus ,Line transects and Sherman live traps,1,0,1,N individuals captured / 100 traps,0,2017,11567,trap nights,NA, ,Microcebus murinus ,Microcebus murinus,0.06,N,1.916666667,AR,Omnivore/ Gummivore,1.63,0.995,1,365,61,40.45,186,2,NA,Solitary,Spatial Polygyny, ,9Tropical and Subtropical Dry Broadleaf Forest,0.006804305,0.79,0.86,0.01,1.54,0.56,0.01,2.54,0.34,0.01,3.8,0.23,0.01,5.31,0.16,0.01,7.07,0.17,0.03,9.08,0.34,0.05,11.34,0.41,0.08,13.85,0.55,0.14,16.62,0.86,0.19,19.63,0.96,0.24,22.9,1.04,0.34,26.42,1.27,0.41,30.19,1.37,0.52,34.21,1.53,0.79,38.48,2.05,1.15,43.01,2.68,1.53,47.78,3.19,1.91,52.81,3.62,2.21,58.09,3.81,2.57,63.62,4.04
-1,14386,297,Andriatsitohaina et al. 2019,Ocurrencias,46.69153333,-16.29085833,Precise,Madagascar,Madagascar,Cheirogaleidae,Microcebus,Microcebus murinus,Microcebus_murinus ,Line transects and Sherman live traps,1,0,2.6,N individuals captured / 100 traps,0,2017,11567,trap nights,NA, ,Microcebus murinus ,Microcebus murinus,0.06,N,1.916666667,AR,Omnivore/ Gummivore,1.63,0.995,1,365,61,40.45,186,2,NA,Solitary,Spatial Polygyny, ,9Tropical and Subtropical Dry Broadleaf Forest,0,0.79,0,0,1.54,0,0.01,2.54,0.34,0.01,3.8,0.23,0.02,5.31,0.28,0.04,7.07,0.5,0.05,9.08,0.53,0.09,11.34,0.8,0.15,13.85,1.08,0.18,16.62,1.08,0.19,19.63,0.96,0.26,22.9,1.15,0.38,26.42,1.43,0.56,30.19,1.86,0.79,34.21,2.3,1.13,38.48,2.94,1.53,43.01,3.55,1.92,47.78,4.02,2.24,52.81,4.23,2.49,58.09,4.29,2.81,63.62,4.42
-1,14387,297,Andriatsitohaina et al. 2019,Ocurrencias,46.698475,-16.28835556,Precise,Madagascar,Madagascar,Cheirogaleidae,Microcebus,Microcebus murinus,Microcebus_murinus ,Line transects and Sherman live traps,0,0,0,N individuals captured / 100 traps,0,2017,11567,trap nights,NA, ,Microcebus murinus ,Microcebus murinus,0.06,N,1.916666667,AR,Omnivore/ Gummivore,1.63,0.995,1,365,61,40.45,186,2,NA,Solitary,Spatial Polygyny, ,9Tropical and Subtropical Dry Broadleaf Forest,0,0.79,0,0.01,1.54,0.53,0.03,2.54,1.22,0.05,3.8,1.33,0.12,5.31,2.26,0.17,7.07,2.37,0.19,9.08,2.04,0.22,11.34,1.93,0.3,13.85,2.17,0.37,16.62,2.25,0.53,19.63,2.69,0.85,22.9,3.73,1.21,26.42,4.58,1.56,30.19,5.17,1.82,34.21,5.32,2.08,38.48,5.41,2.32,43.01,5.4,2.63,47.78,5.51,3.05,52.81,5.77,3.42,58.09,5.9,3.82,63.62,6.01
-1,14388,297,Andriatsitohaina et al. 2019,Ocurrencias,46.70276667,-16.29821389,Precise,Madagascar,Madagascar,Cheirogaleidae,Microcebus,Microcebus murinus,Microcebus_murinus ,Line transects and Sherman live traps,1,0,2.1,N individuals captured / 100 traps,0,2017,11567,trap nights,NA, ,Microcebus murinus ,Microcebus murinus,0.06,N,1.916666667,AR,Omnivore/ Gummivore,1.63,0.995,1,365,61,40.45,186,2,NA,Solitary,Spatial Polygyny, ,9Tropical and Subtropical Dry Broadleaf Forest,0,0.79,0,0,1.54,0,0,2.54,0,0,3.8,0,0,5.31,0,0.01,7.07,0.12,0.01,9.08,0.09,0.04,11.34,0.35,0.1,13.85,0.74,0.21,16.62,1.26,0.29,19.63,1.5,0.39,22.9,1.72,0.57,26.42,2.17,0.75,30.19,2.48,1.07,34.21,3.11,1.56,38.48,4.06,2.1,43.01,4.88,2.69,47.78,5.62,3.31,52.81,6.27,4.08,58.09,7.02,4.89,63.62,7.68
-1,14389,297,Andriatsitohaina et al. 2019,Ocurrencias,46.71034444,-16.29753056,Precise,Madagascar,Madagascar,Cheirogaleidae,Microcebus,Microcebus murinus,Microcebus_murinus ,Line transects and Sherman live traps,0,0,0,N individuals captured / 100 traps,0,2017,11567,trap nights,NA, ,Microcebus murinus ,Microcebus murinus,0.06,N,1.916666667,AR,Omnivore/ Gummivore,1.63,0.995,1,365,61,40.45,186,2,NA,Solitary,Spatial Polygyny, ,9Tropical and Subtropical Dry Broadleaf Forest,0,0.79,0,0,1.54,0,0,2.54,0,0,3.8,0,0,5.31,0,0,7.07,0,0.01,9.08,0.06,0.04,11.34,0.33,0.2,13.85,1.48,0.39,16.62,2.33,0.52,19.63,2.63,0.8,22.9,3.49,1.12,26.42,4.25,1.64,30.19,5.43,2.27,34.21,6.64,2.97,38.48,7.73,3.72,43.01,8.66,4.46,47.78,9.34,5.21,52.81,9.87,6.07,58.09,10.45,6.99,63.62,10.99
-1,14390,297,Andriatsitohaina et al. 2019,Ocurrencias,46.70334167,-16.29346389,Precise,Madagascar,Madagascar,Cheirogaleidae,Microcebus,Microcebus murinus,Microcebus_murinus ,Line transects and Sherman live traps,0,0,0,N individuals captured / 100 traps,0,2017,11567,trap nights,NA, ,Microcebus murinus ,Microcebus murinus,0.06,N,1.916666667,AR,Omnivore/ Gummivore,1.63,0.995,1,365,61,40.45,186,2,NA,Solitary,Spatial Polygyny, ,9Tropical and Subtropical Dry Broadleaf Forest,0,0.79,0,0,1.54,0,0,2.54,0,0,3.8,0,0.01,5.31,0.19,0.06,7.07,0.87,0.13,9.08,1.44,0.18,11.34,1.56,0.2,13.85,1.47,0.33,16.62,1.96,0.5,19.63,2.53,0.69,22.9,3,1.02,26.42,3.84,1.38,30.19,4.57,1.65,34.21,4.83,2,38.48,5.19,2.45,43.01,5.7,3.06,47.78,6.4,3.65,52.81,6.92,4.36,58.09,7.5,5.01,63.62,7.87
-1,14391,297,Andriatsitohaina et al. 2019,Ocurrencias,46.71095,-16.28842778,Precise,Madagascar,Madagascar,Cheirogaleidae,Microcebus,Microcebus murinus,Microcebus_murinus ,Line transects and Sherman live traps,1,0,2,N individuals captured / 100 traps,0,2017,11567,trap nights,NA, ,Microcebus murinus ,Microcebus murinus,0.06,N,1.916666667,AR,Omnivore/ Gummivore,1.63,0.995,1,365,61,40.45,186,2,NA,Solitary,Spatial Polygyny, ,9Tropical and Subtropical Dry Broadleaf Forest,0,0.79,0,0,1.54,0,0,2.54,0,0.03,3.8,0.71,0.15,5.31,2.85,0.34,7.07,4.85,0.49,9.08,5.4,0.64,11.34,5.68,0.92,13.85,6.64,1.22,16.62,7.31,1.54,19.63,7.87,1.78,22.9,7.79,2.14,26.42,8.1,2.6,30.19,8.62,3.06,34.21,8.93,3.53,38.48,9.19,4,43.01,9.29,4.55,47.78,9.53,5.31,52.81,10.06,6.24,58.09,10.74,7.26,63.62,11.42
-1,14392,297,Andriatsitohaina et al. 2019,Ocurrencias,46.70472778,-16.31420833,Precise,Madagascar,Madagascar,Cheirogaleidae,Microcebus,Microcebus murinus,Microcebus_murinus ,Line transects and Sherman live traps,1,0,1.7,N individuals captured / 100 traps,0,2017,11567,trap nights,NA, ,Microcebus murinus ,Microcebus murinus,0.06,N,1.916666667,AR,Omnivore/ Gummivore,1.63,0.995,1,365,61,40.45,186,2,NA,Solitary,Spatial Polygyny, ,9Tropical and Subtropical Dry Broadleaf Forest,0,0.79,0,0,1.54,0,0.01,2.54,0.27,0.05,3.8,1.35,0.07,5.31,1.29,0.08,7.07,1.14,0.1,9.08,1.07,0.16,11.34,1.44,0.29,13.85,2.13,0.49,16.62,2.97,0.69,19.63,3.54,0.82,22.9,3.59,0.95,26.42,3.61,1.17,30.19,3.88,1.48,34.21,4.34,2,38.48,5.2,2.73,43.01,6.35,3.47,47.78,7.26,4.5,52.81,8.53,5.51,58.09,9.49,6.42,63.62,10.09
-1,14393,297,Andriatsitohaina et al. 2019,Ocurrencias,46.7159,-16.28418333,Precise,Madagascar,Madagascar,Cheirogaleidae,Microcebus,Microcebus murinus,Microcebus_murinus ,Line transects and Sherman live traps,1,0,1,N individuals captured / 100 traps,0,2017,11567,trap nights,NA, ,Microcebus murinus ,Microcebus murinus,0.06,N,1.916666667,AR,Omnivore/ Gummivore,1.63,0.995,1,365,61,40.45,186,2,NA,Solitary,Spatial Polygyny, ,9Tropical and Subtropical Dry Broadleaf Forest,0.001468733,0.79,0.19,0.07,1.54,4.64,0.19,2.54,7.54,0.27,3.8,7.1,0.38,5.31,7.16,0.69,7.07,9.81,1.08,9.08,11.91,1.37,11.34,12.05,1.7,13.85,12.29,2.05,16.62,12.31,2.4,19.63,12.21,2.76,22.9,12.07,3.01,26.42,11.41,3.41,30.19,11.3,3.91,34.21,11.44,4.65,38.48,12.08,5.45,43.01,12.67,6.2,47.78,12.98,7.07,52.81,13.39,8.01,58.09,13.78,8.87,63.62,13.94
-1,14394,297,Andriatsitohaina et al. 2019,Ocurrencias,46.71183333,-16.28655278,Precise,Madagascar,Madagascar,Cheirogaleidae,Microcebus,Microcebus murinus,Microcebus_murinus ,Line transects and Sherman live traps,1,0,2.1,N individuals captured / 100 traps,0,2017,11567,trap nights,NA, ,Microcebus murinus ,Microcebus murinus,0.06,N,1.916666667,AR,Omnivore/ Gummivore,1.63,0.995,1,365,61,40.45,186,2,NA,Solitary,Spatial Polygyny, ,9Tropical and Subtropical Dry Broadleaf Forest,0,0.79,0,0,1.54,0,0.01,2.54,0.53,0.09,3.8,2.45,0.29,5.31,5.44,0.47,7.07,6.61,0.65,9.08,7.13,0.9,11.34,7.98,1.23,13.85,8.86,1.53,16.62,9.23,1.75,19.63,8.92,2.13,22.9,9.29,2.52,26.42,9.55,2.86,30.19,9.46,3.33,34.21,9.74,3.69,38.48,9.6,4.03,43.01,9.37,4.87,47.78,10.19,5.82,52.81,11.02,6.57,58.09,11.31,7.66,63.62,12.05
-1,14395,297,Andriatsitohaina et al. 2019,Ocurrencias,46.68875556,-16.32355,Precise,Madagascar,Madagascar,Cheirogaleidae,Microcebus,Microcebus murinus,Microcebus_murinus ,Line transects and Sherman live traps,1,0,2.2,N individuals captured / 100 traps,0,2017,11567,trap nights,NA, ,Microcebus murinus ,Microcebus murinus,0.06,N,1.916666667,AR,Omnivore/ Gummivore,1.63,0.995,1,365,61,40.45,186,2,NA,Solitary,Spatial Polygyny, ,9Tropical and Subtropical Dry Broadleaf Forest,0.026529837,0.79,3.36,0.04,1.54,2.38,0.06,2.54,2.23,0.1,3.8,2.58,0.12,5.31,2.19,0.12,7.07,1.71,0.13,9.08,1.4,0.13,11.34,1.12,0.14,13.85,1,0.14,16.62,0.84,0.14,19.63,0.73,0.18,22.9,0.78,0.31,26.42,1.18,0.52,30.19,1.71,0.86,34.21,2.53,1.5,38.48,3.91,2.49,43.01,5.78,3.56,47.78,7.45,4.49,52.81,8.5,5.43,58.09,9.35,6.75,63.62,10.6
-1,14396,297,Andriatsitohaina et al. 2019,Ocurrencias,46.71509444,-16.32199167,Precise,Madagascar,Madagascar,Cheirogaleidae,Microcebus,Microcebus murinus,Microcebus_murinus ,Line transects and Sherman live traps,1,0,2.3,N individuals captured / 100 traps,0,2017,11567,trap nights,NA, ,Microcebus murinus ,Microcebus murinus,0.06,N,1.916666667,AR,Omnivore/ Gummivore,1.63,0.995,1,365,61,40.45,186,2,NA,Solitary,Spatial Polygyny, ,9Tropical and Subtropical Dry Broadleaf Forest,0.011835217,0.79,1.5,0.12,1.54,7.71,0.29,2.54,11.57,0.51,3.8,13.31,0.64,5.31,12.05,0.77,7.07,10.84,0.92,9.08,10.13,1.14,11.34,10.06,1.45,13.85,10.44,1.99,16.62,11.98,2.53,19.63,12.9,3.16,22.9,13.81,3.93,26.42,14.89,4.57,30.19,15.15,5.3,34.21,15.51,5.93,38.48,15.42,6.67,43.01,15.5,7.56,47.78,15.83,8.76,52.81,16.58,10.14,58.09,17.45,11.79,63.62,18.54
-1,14397,297,Andriatsitohaina et al. 2019,Ocurrencias,46.695625,-16.32965556,Precise,Madagascar,Madagascar,Cheirogaleidae,Microcebus,Microcebus murinus,Microcebus_murinus ,Line transects and Sherman live traps,1,0,1,N individuals captured / 100 traps,0,2017,11567,trap nights,NA, ,Microcebus murinus ,Microcebus murinus,0.06,N,1.916666667,AR,Omnivore/ Gummivore,1.63,0.995,1,365,61,40.45,186,2,NA,Solitary,Spatial Polygyny, ,9Tropical and Subtropical Dry Broadleaf Forest,0.003822652,0.79,0.48,0.02,1.54,1.51,0.04,2.54,1.39,0.04,3.8,0.93,0.04,5.31,0.74,0.09,7.07,1.3,0.12,9.08,1.31,0.12,11.34,1.07,0.14,13.85,1,0.2,16.62,1.19,0.4,19.63,2.03,0.89,22.9,3.89,1.45,26.42,5.5,2.08,30.19,6.87,2.8,34.21,8.17,3.69,38.48,9.6,4.68,43.01,10.88,5.9,47.78,12.35,7.22,52.81,13.66,8.67,58.09,14.93,10.42,63.62,16.37
-1,14398,297,Andriatsitohaina et al. 2019,Ocurrencias,46.69911389,-16.32876111,Precise,Madagascar,Madagascar,Cheirogaleidae,Microcebus,Microcebus murinus,Microcebus_murinus ,Line transects and Sherman live traps,1,0,2.6,N individuals captured / 100 traps,0,2017,11567,trap nights,NA, ,Microcebus murinus ,Microcebus murinus,0.06,N,1.916666667,AR,Omnivore/ Gummivore,1.63,0.995,1,365,61,40.45,186,2,NA,Solitary,Spatial Polygyny, ,9Tropical and Subtropical Dry Broadleaf Forest,0,0.79,0,0,1.54,0,0.02,2.54,0.97,0.04,3.8,0.93,0.05,5.31,0.88,0.09,7.07,1.25,0.12,9.08,1.36,0.16,11.34,1.45,0.25,13.85,1.78,0.53,16.62,3.22,0.95,19.63,4.84,1.28,22.9,5.59,1.69,26.42,6.4,2.26,30.19,7.47,2.87,34.21,8.39,3.5,38.48,9.1,4.38,43.01,10.18,5.51,47.78,11.54,6.66,52.81,12.61,8.02,58.09,13.8,9.67,63.62,15.2
-1,14399,297,Andriatsitohaina et al. 2019,Ocurrencias,46.713925,-16.32708611,Precise,Madagascar,Madagascar,Cheirogaleidae,Microcebus,Microcebus murinus,Microcebus_murinus ,Line transects and Sherman live traps,1,0,3.8,N individuals captured / 100 traps,0,2017,11567,trap nights,NA, ,Microcebus murinus ,Microcebus murinus,0.06,N,1.916666667,AR,Omnivore/ Gummivore,1.63,0.995,1,365,61,40.45,186,2,NA,Solitary,Spatial Polygyny, ,9Tropical and Subtropical Dry Broadleaf Forest,0.030045367,0.79,3.8,0.19,1.54,12.4,0.4,2.54,15.6,0.6,3.8,15.71,0.81,5.31,15.24,1,7.07,14.1,1.26,9.08,13.83,1.68,11.34,14.82,1.95,13.85,14.09,2.43,16.62,14.62,2.97,19.63,15.12,3.58,22.9,15.63,4.17,26.42,15.76,4.82,30.19,15.98,5.55,34.21,16.22,6.34,38.48,16.48,7.31,43.01,16.99,8.53,47.78,17.85,9.91,52.81,18.76,11.5,58.09,19.8,13.22,63.62,20.77
-1,14400,297,Andriatsitohaina et al. 2019,Ocurrencias,46.68770556,-15.48759167,Precise,Madagascar,Madagascar,Cheirogaleidae,Microcebus,Microcebus murinus,Microcebus_murinus ,Line transects and Sherman live traps,0,0,0,N individuals captured / 100 traps,0,2017,11567,trap nights,NA, ,Microcebus murinus ,Microcebus murinus,0.06,N,1.916666667,AR,Omnivore/ Gummivore,1.63,0.995,1,365,61,40.45,186,2,NA,Solitary,Spatial Polygyny, ,9Tropical and Subtropical Dry Broadleaf Forest,0.001136259,0.79,0.14,0.05,1.54,3.49,0.2,2.54,7.99,0.49,3.8,12.93,0.97,5.31,18.18,1.54,7.07,21.85,2.24,9.08,24.71,3.02,11.34,26.63,3.93,13.85,28.4,4.87,16.62,29.31,5.83,19.63,29.72,6.82,22.9,29.8,7.65,26.42,28.97,8.58,30.19,28.41,9.69,34.21,28.31,10.84,38.48,28.16,11.93,43.01,27.74,13.23,47.78,27.68,14.69,52.81,27.82,16.23,58.09,27.94,17.89,63.62,28.12
-1,14401,297,Andriatsitohaina et al. 2019,Ocurrencias,46.7818,-15.37611667,Precise,Madagascar,Madagascar,Cheirogaleidae,Microcebus,Microcebus murinus,Microcebus_murinus ,Line transects and Sherman live traps,0,0,0,N individuals captured / 100 traps,0,2017,11567,trap nights,NA, ,Microcebus murinus ,Microcebus murinus,0.06,N,1.916666667,AR,Omnivore/ Gummivore,1.63,0.995,1,365,61,40.45,186,2,NA,Solitary,Spatial Polygyny, ,9Tropical and Subtropical Dry Broadleaf Forest,0.019140171,0.79,2.42,0.23,1.54,14.78,0.59,2.54,23.11,1.11,3.8,29.23,1.83,5.31,34.49,2.49,7.07,35.27,3.38,9.08,37.24,4.4,11.34,38.76,5.37,13.85,38.8,6.4,16.62,38.5,7.29,19.63,37.15,8.08,22.9,35.3,8.83,26.42,33.43,9.68,30.19,32.07,10.51,34.21,30.71,11.15,38.48,28.99,11.81,43.01,27.45,12.7,47.78,26.58,13.64,52.81,25.83,14.52,58.09,24.99,15.26,63.62,23.99
-1,14402,297,Andriatsitohaina et al. 2019,Ocurrencias,46.78127778,-15.37287222,Precise,Madagascar,Madagascar,Cheirogaleidae,Microcebus,Microcebus murinus,Microcebus_murinus ,Line transects and Sherman live traps,0,0,0,N individuals captured / 100 traps,0,2017,11567,trap nights,NA, ,Microcebus murinus ,Microcebus murinus,0.06,N,1.916666667,AR,Omnivore/ Gummivore,1.63,0.995,1,365,61,40.45,186,2,NA,Solitary,Spatial Polygyny, ,9Tropical and Subtropical Dry Broadleaf Forest,0.003874154,0.79,0.49,0.08,1.54,5.49,0.28,2.54,10.85,0.66,3.8,17.32,1.2,5.31,22.65,1.88,7.07,26.64,2.6,9.08,28.68,3.54,11.34,31.18,4.48,13.85,32.36,5.41,16.62,32.56,6.34,19.63,32.29,7.18,22.9,31.34,8,26.42,30.29,8.76,30.19,29.01,9.64,34.21,28.17,10.51,38.48,27.3,11.3,43.01,26.27,12.02,47.78,25.16,12.91,52.81,24.44,13.84,58.09,23.82,14.56,63.62,22.89
-1,14403,297,Andriatsitohaina et al. 2019,Ocurrencias,46.74043333,-15.37634444,Precise,Madagascar,Madagascar,Cheirogaleidae,Microcebus,Microcebus murinus,Microcebus_murinus ,Line transects and Sherman live traps,1,0,1.8,N individuals captured / 100 traps,0,2017,11567,trap nights,NA, ,Microcebus murinus ,Microcebus murinus,0.06,N,1.916666667,AR,Omnivore/ Gummivore,1.63,0.995,1,365,61,40.45,186,2,NA,Solitary,Spatial Polygyny, ,9Tropical and Subtropical Dry Broadleaf Forest,0,0.79,0,0,1.54,0,0.02,2.54,0.62,0.04,3.8,1.03,0.1,5.31,1.81,0.21,7.07,3,0.39,9.08,4.29,0.5,11.34,4.39,0.6,13.85,4.33,0.75,16.62,4.51,0.92,19.63,4.68,1.25,22.9,5.44,1.69,26.42,6.41,2.03,30.19,6.72,2.34,34.21,6.84,2.61,38.48,6.78,2.86,43.01,6.64,3.18,47.78,6.65,3.48,52.81,6.58,3.73,58.09,6.42,3.92,63.62,6.16
-1,14404,297,Andriatsitohaina et al. 2019,Ocurrencias,46.74509444,-15.36364444,Precise,Madagascar,Madagascar,Cheirogaleidae,Microcebus,Microcebus murinus,Microcebus_murinus ,Line transects and Sherman live traps,1,0,2.1,N individuals captured / 100 traps,0,2017,11567,trap nights,NA, ,Microcebus murinus ,Microcebus murinus,0.06,N,1.916666667,AR,Omnivore/ Gummivore,1.63,0.995,1,365,61,40.45,186,2,NA,Solitary,Spatial Polygyny, ,9Tropical and Subtropical Dry Broadleaf Forest,0,0.79,0,0,1.54,0,0,2.54,0,0,3.8,0,0.01,5.31,0.11,0.02,7.07,0.33,0.05,9.08,0.61,0.11,11.34,0.96,0.21,13.85,1.48,0.32,16.62,1.9,0.45,19.63,2.31,0.61,22.9,2.67,0.87,26.42,3.28,1.17,30.19,3.87,1.42,34.21,4.15,1.74,38.48,4.53,2.03,43.01,4.73,2.35,47.78,4.92,2.63,52.81,4.99,2.94,58.09,5.05,3.33,63.62,5.23
-1,14405,297,Andriatsitohaina et al. 2019,Ocurrencias,46.62943056,-15.46538056,Precise,Madagascar,Madagascar,Cheirogaleidae,Microcebus,Microcebus murinus,Microcebus_murinus ,Line transects and Sherman live traps,1,0,1,N individuals captured / 100 traps,0,2017,11567,trap nights,NA, ,Microcebus murinus ,Microcebus murinus,0.06,N,1.916666667,AR,Omnivore/ Gummivore,1.63,0.995,1,365,61,40.45,186,2,NA,Solitary,Spatial Polygyny, ,9Tropical and Subtropical Dry Broadleaf Forest,0,0.79,0,0,1.54,0,0,2.54,0,0.03,3.8,0.79,0.13,5.31,2.39,0.33,7.07,4.69,0.63,9.08,6.99,0.89,11.34,7.89,1.04,13.85,7.5,1.17,16.62,7.03,1.26,19.63,6.42,1.45,22.9,6.33,1.71,26.42,6.49,2,30.19,6.64,2.25,34.21,6.58,2.4,38.48,6.23,2.51,43.01,5.83,2.61,47.78,5.47,2.85,52.81,5.39,3.4,58.09,5.84,4.15,63.62,6.52
-1,14406,297,Andriatsitohaina et al. 2019,Ocurrencias,46.633825,-15.48147222,Precise,Madagascar,Madagascar,Cheirogaleidae,Microcebus,Microcebus murinus,Microcebus_murinus ,Line transects and Sherman live traps,1,0,3.1,N individuals captured / 100 traps,0,2017,11567,trap nights,NA, ,Microcebus murinus ,Microcebus murinus,0.06,N,1.916666667,AR,Omnivore/ Gummivore,1.63,0.995,1,365,61,40.45,186,2,NA,Solitary,Spatial Polygyny, ,9Tropical and Subtropical Dry Broadleaf Forest,0.011964918,0.79,1.51,0.06,1.54,4.06,0.18,2.54,7.06,0.35,3.8,9.12,0.52,5.31,9.79,0.69,7.07,9.73,0.85,9.08,9.32,0.97,11.34,8.51,1.14,13.85,8.25,1.35,16.62,8.14,1.55,19.63,7.89,1.76,22.9,7.69,2.11,26.42,7.98,2.52,30.19,8.34,2.94,34.21,8.59,3.26,38.48,8.47,3.65,43.01,8.48,4.05,47.78,8.47,4.4,52.81,8.33,4.88,58.09,8.41,5.48,63.62,8.62
-1,14407,297,Andriatsitohaina et al. 2019,Ocurrencias,46.72771667,-15.53108611,Precise,Madagascar,Madagascar,Cheirogaleidae,Microcebus,Microcebus murinus,Microcebus_murinus ,Line transects and Sherman live traps,1,0,6.1,N individuals captured / 100 traps,0,2017,11567,trap nights,NA, ,Microcebus murinus ,Microcebus murinus,0.06,N,1.916666667,AR,Omnivore/ Gummivore,1.63,0.995,1,365,61,40.45,186,2,NA,Solitary,Spatial Polygyny, ,9Tropical and Subtropical Dry Broadleaf Forest,0,0.79,0,0,1.54,0,0,2.54,0,0,3.8,0,0,5.31,0,0,7.07,0,0,9.08,0,0,11.34,0,0,13.85,0,0,16.62,0,0.02,19.63,0.13,0.14,22.9,0.62,0.28,26.42,1.06,0.54,30.19,1.78,0.87,34.21,2.53,1.13,38.48,2.94,1.47,43.01,3.43,1.94,47.78,4.05,2.49,52.81,4.72,3,58.09,5.16,3.45,63.62,5.43
-1,14408,297,Andriatsitohaina et al. 2019,Ocurrencias,46.73006944,-15.53219167,Precise,Madagascar,Madagascar,Cheirogaleidae,Microcebus,Microcebus murinus,Microcebus_murinus ,Line transects and Sherman live traps,1,0,10.6,N individuals captured / 100 traps,0,2017,11567,trap nights,NA, ,Microcebus murinus ,Microcebus murinus,0.06,N,1.916666667,AR,Omnivore/ Gummivore,1.63,0.995,1,365,61,40.45,186,2,NA,Solitary,Spatial Polygyny, ,9Tropical and Subtropical Dry Broadleaf Forest,0,0.79,0,0,1.54,0,0,2.54,0,0,3.8,0,0,5.31,0,0,7.07,0,0,9.08,0,0,11.34,0,0,13.85,0,0,16.62,0,0,19.63,0.01,0.05,22.9,0.21,0.15,26.42,0.56,0.32,30.19,1.08,0.57,34.21,1.66,0.9,38.48,2.34,1.21,43.01,2.82,1.61,47.78,3.37,2.03,52.81,3.85,2.56,58.09,4.41,3.05,63.62,4.8
-1,14409,297,Andriatsitohaina et al. 2019,Ocurrencias,46.72861111,-15.52390833,Precise,Madagascar,Madagascar,Cheirogaleidae,Microcebus,Microcebus murinus,Microcebus_murinus ,Line transects and Sherman live traps,1,0,7.3,N individuals captured / 100 traps,0,2017,11567,trap nights,NA, ,Microcebus murinus ,Microcebus murinus,0.06,N,1.916666667,AR,Omnivore/ Gummivore,1.63,0.995,1,365,61,40.45,186,2,NA,Solitary,Spatial Polygyny, ,9Tropical and Subtropical Dry Broadleaf Forest,0,0.79,0,0,1.54,0,0,2.54,0,0,3.8,0,0,5.31,0,0,7.07,0,0.01,9.08,0.14,0.1,11.34,0.87,0.22,13.85,1.57,0.45,16.62,2.68,0.71,19.63,3.63,1.02,22.9,4.44,1.38,26.42,5.21,1.77,30.19,5.87,2.2,34.21,6.42,2.72,38.48,7.06,3.18,43.01,7.4,3.61,47.78,7.56,4,52.81,7.57,4.51,58.09,7.77,4.96,63.62,7.79
