OID,N,N_study,Source,BASE,X,Y,Precise,Country,Realm,Family,Genus,Taxon,Taxon_ITIS,Sample_met,Ocurrence,N_groups,Abundanc_1,Abundance,Density,Sample_yea,Sampling_e,Sampling_1,ID_Todo,TRAITS,Taxon_IT_1,ITIS_SPECI,BodyMass_k,DielActivi,HomeRange_,Locomotion,TrophicGui,Brain_size,Canine_Dim,MeanGroupS,Interbirth,Gestation,WeaningAge,MaxLongevi,LitterSz,AdultSexRa,Social_Sys,Mating_Sys,FOREST,BIOME,Buffer_500,Area500,FC_500,Buffer_700,Area700,FC_700,Buffer_900,Area900,FC_900,Buffer_110,Area1100,FC1100,Buffer_130,Area1300,FC_1300,Buffer_150,Area1500,FC_1500,Buffer_170,Area1700,FC_1700,Buffer_190,Area1900,FC_1900,Buffer_210,Area2100,FC_2100,Buffer_230,Area2300,FC_2300,Buffer_250,Area2500,FC_2500,Buffer_270,Area2700,FC_2700,Buffer_290,Area2900,FC_2900,Buffer_310,Area3100,FC_3100,Buffer_330,Area3300,FC_3300,Buffer_350,Area3500,FC_3500,Buffer_370,Area3700,F_Buffer_3,Buffer_390,Area_3900,FC_3900,Buffer_410,Area4100,FC_4100,Buffer_430,Area4300,FC_4300,Buffer_450,Area4500,FC_4500
-1,14257,317,Steffens et al. 2017,Ocurrencias,43.7534,-24.022,Precise,Madagascar,Madagascar,Cheirogaleidae,Microcebus,Microcebus griseorufus,Microcebus_griseorufus,Sherman live traps and nocturnal visual surveys,1,0,0,NA,0,2007,20,trapping points,NA, ,Microcebus griseorufus,Microcebus griseorufus,0.05,N,0.48,AR,Omnivore,NA,NA,1,218.85,52,NA,218.4,3,NA,Solitary,NA, ,10Deserts and Xeric Shrublands,0,0.79,0,0,1.54,0,0,2.54,0,0,3.8,0,0,5.31,0,0,7.07,0,0,9.08,0,0,11.34,0,0,13.85,0,0,16.62,0,0,19.63,0,0,22.9,0,0,26.42,0,0,30.19,0,0,34.21,0,0,38.48,0,0,43.01,0,0,47.78,0,0,52.81,0,0,58.09,0,0,63.62,0
-1,14258,317,Steffens et al. 2017,Ocurrencias,43.745,-24.0244,Precise,Madagascar,Madagascar,Cheirogaleidae,Microcebus,Microcebus griseorufus,Microcebus_griseorufus,Sherman live traps and nocturnal visual surveys,1,0,0,NA,0,2007,20,trapping points,NA, ,Microcebus griseorufus,Microcebus griseorufus,0.05,N,0.48,AR,Omnivore,NA,NA,1,218.85,52,NA,218.4,3,NA,Solitary,NA, ,10Deserts and Xeric Shrublands,0,0.79,0,0,1.54,0,0,2.54,0,0,3.8,0,0,5.31,0,0,7.07,0,0,9.08,0,0,11.34,0,0,13.85,0,0,16.62,0,0,19.63,0,0,22.9,0,0,26.42,0,0,30.19,0,0,34.21,0,0,38.48,0,0,43.01,0,0,47.78,0,0,52.81,0,0,58.09,0,0,63.62,0
-1,14259,317,Steffens et al. 2017,Ocurrencias,43.7403,-24.0244,Precise,Madagascar,Madagascar,Cheirogaleidae,Microcebus,Microcebus griseorufus,Microcebus_griseorufus,Sherman live traps and nocturnal visual surveys,1,0,0,NA,0,2007,20,trapping points,NA, ,Microcebus griseorufus,Microcebus griseorufus,0.05,N,0.48,AR,Omnivore,NA,NA,1,218.85,52,NA,218.4,3,NA,Solitary,NA, ,10Deserts and Xeric Shrublands,0,0.79,0,0,1.54,0,0,2.54,0,0,3.8,0,0,5.31,0,0,7.07,0,0,9.08,0,0,11.34,0,0,13.85,0,0,16.62,0,0,19.63,0,0,22.9,0,0,26.42,0,0,30.19,0,0,34.21,0,0,38.48,0,0,43.01,0,0,47.78,0,0,52.81,0,0,58.09,0,0,63.62,0
-1,14260,317,Steffens et al. 2017,Ocurrencias,43.7285,-24.0158,Precise,Madagascar,Madagascar,Cheirogaleidae,Microcebus,Microcebus griseorufus,Microcebus_griseorufus,Sherman live traps and nocturnal visual surveys,1,0,0,NA,0,2015,20,trapping points,NA, ,Microcebus griseorufus,Microcebus griseorufus,0.05,N,0.48,AR,Omnivore,NA,NA,1,218.85,52,NA,218.4,3,NA,Solitary,NA, ,10Deserts and Xeric Shrublands,0,0.79,0,0,1.54,0,0,2.54,0,0,3.8,0,0,5.31,0,0,7.07,0,0,9.08,0,0,11.34,0,0,13.85,0,0,16.62,0,0,19.63,0,0,22.9,0,0,26.42,0,0,30.19,0,0,34.21,0,0,38.48,0,0,43.01,0,0,47.78,0,0,52.81,0,0,58.09,0,0,63.62,0
-1,14261,317,Steffens et al. 2017,Ocurrencias,43.7281,-24.0206,Precise,Madagascar,Madagascar,Cheirogaleidae,Microcebus,Microcebus griseorufus,Microcebus_griseorufus,Sherman live traps and nocturnal visual surveys,1,0,0,NA,0,2015,20,trapping points,NA, ,Microcebus griseorufus,Microcebus griseorufus,0.05,N,0.48,AR,Omnivore,NA,NA,1,218.85,52,NA,218.4,3,NA,Solitary,NA, ,10Deserts and Xeric Shrublands,0,0.79,0,0,1.54,0,0,2.54,0,0,3.8,0,0,5.31,0,0,7.07,0,0,9.08,0,0,11.34,0,0,13.85,0,0,16.62,0,0,19.63,0,0,22.9,0,0,26.42,0,0,30.19,0,0,34.21,0,0,38.48,0,0,43.01,0,0,47.78,0,0,52.81,0,0,58.09,0,0,63.62,0
-1,14262,317,Steffens et al. 2017,Ocurrencias,43.7253,-24.0299,Precise,Madagascar,Madagascar,Cheirogaleidae,Microcebus,Microcebus griseorufus,Microcebus_griseorufus,Sherman live traps and nocturnal visual surveys,1,0,0,NA,0,2015,20,trapping points,NA, ,Microcebus griseorufus,Microcebus griseorufus,0.05,N,0.48,AR,Omnivore,NA,NA,1,218.85,52,NA,218.4,3,NA,Solitary,NA, ,10Deserts and Xeric Shrublands,0,0.79,0,0,1.54,0,0,2.54,0,0,3.8,0,0,5.31,0,0,7.07,0,0,9.08,0,0,11.34,0,0,13.85,0,0,16.62,0,0,19.63,0,0,22.9,0,0,26.42,0,0,30.19,0,0,34.21,0,0,38.48,0,0,43.01,0,0,47.78,0,0,52.81,0,0,58.09,0,0,63.62,0
-1,14263,317,Steffens et al. 2017,Ocurrencias,43.7256,-24.033,Precise,Madagascar,Madagascar,Cheirogaleidae,Microcebus,Microcebus griseorufus,Microcebus_griseorufus,Sherman live traps and nocturnal visual surveys,1,0,0,NA,0,2015,20,trapping points,NA, ,Microcebus griseorufus,Microcebus griseorufus,0.05,N,0.48,AR,Omnivore,NA,NA,1,218.85,52,NA,218.4,3,NA,Solitary,NA, ,10Deserts and Xeric Shrublands,0,0.79,0,0,1.54,0,0,2.54,0,0,3.8,0,0,5.31,0,0,7.07,0,0,9.08,0,0,11.34,0,0,13.85,0,0,16.62,0,0,19.63,0,0,22.9,0,0,26.42,0,0,30.19,0,0,34.21,0,0,38.48,0,0,43.01,0,0,47.78,0,0,52.81,0,0,58.09,0,0,63.62,0
-1,14264,317,Steffens et al. 2017,Ocurrencias,43.7137,-24.0396,Precise,Madagascar,Madagascar,Cheirogaleidae,Microcebus,Microcebus griseorufus,Microcebus_griseorufus,Sherman live traps and nocturnal visual surveys,0,0,0,NA,0,2015,20,trapping points,NA, ,Microcebus griseorufus,Microcebus griseorufus,0.05,N,0.48,AR,Omnivore,NA,NA,1,218.85,52,NA,218.4,3,NA,Solitary,NA, ,10Deserts and Xeric Shrublands,0,0.79,0,0,1.54,0,0,2.54,0,0,3.8,0,0,5.31,0,0,7.07,0,0,9.08,0,0,11.34,0,0,13.85,0,0,16.62,0,0,19.63,0,0,22.9,0,0,26.42,0,0,30.19,0,0,34.21,0,0,38.48,0,0,43.01,0,0,47.78,0,0,52.81,0,0,58.09,0,0,63.62,0
-1,14265,317,Steffens et al. 2017,Ocurrencias,43.6999,-24.0491,Precise,Madagascar,Madagascar,Cheirogaleidae,Microcebus,Microcebus griseorufus,Microcebus_griseorufus,Sherman live traps and nocturnal visual surveys,0,0,0,NA,0,2015,20,trapping points,NA, ,Microcebus griseorufus,Microcebus griseorufus,0.05,N,0.48,AR,Omnivore,NA,NA,1,218.85,52,NA,218.4,3,NA,Solitary,NA, ,10Deserts and Xeric Shrublands,0,0.79,0,0,1.54,0,0,2.54,0,0,3.8,0,0,5.31,0,0,7.07,0,0,9.08,0,0,11.34,0,0,13.85,0,0,16.62,0,0,19.63,0,0,22.9,0,0,26.42,0,0,30.19,0,0,34.21,0,0,38.48,0,0,43.01,0,0,47.78,0,0,52.81,0,0,58.09,0,0,63.62,0
-1,14266,317,Steffens et al. 2017,Ocurrencias,43.6792,-24.0511,Precise,Madagascar,Madagascar,Cheirogaleidae,Microcebus,Microcebus griseorufus,Microcebus_griseorufus,Sherman live traps and nocturnal visual surveys,1,0,0,NA,0,2015,20,trapping points,NA, ,Microcebus griseorufus,Microcebus griseorufus,0.05,N,0.48,AR,Omnivore,NA,NA,1,218.85,52,NA,218.4,3,NA,Solitary,NA, ,10Deserts and Xeric Shrublands,0,0.79,0,0,1.54,0,0,2.54,0,0,3.8,0,0,5.31,0,0,7.07,0,0,9.08,0,0,11.34,0,0,13.85,0,0,16.62,0,0,19.63,0,0,22.9,0,0,26.42,0,0,30.19,0,0,34.21,0,0,38.48,0,0,43.01,0,0,47.78,0,0,52.81,0,0,58.09,0,0,63.62,0
-1,14267,317,Steffens et al. 2017,Ocurrencias,43.6827,-24.0595,Precise,Madagascar,Madagascar,Cheirogaleidae,Microcebus,Microcebus griseorufus,Microcebus_griseorufus,Sherman live traps and nocturnal visual surveys,0,0,0,NA,0,2015,20,trapping points,NA, ,Microcebus griseorufus,Microcebus griseorufus,0.05,N,0.48,AR,Omnivore,NA,NA,1,218.85,52,NA,218.4,3,NA,Solitary,NA, ,10Deserts and Xeric Shrublands,0,0.79,0,0,1.54,0,0,2.54,0,0,3.8,0,0,5.31,0,0,7.07,0,0,9.08,0,0,11.34,0,0,13.85,0,0,16.62,0,0,19.63,0,0,22.9,0,0,26.42,0,0,30.19,0,0,34.21,0,0,38.48,0,0,43.01,0,0,47.78,0,0,52.81,0,0,58.09,0,0,63.62,0
-1,14268,317,Steffens et al. 2017,Ocurrencias,43.678,-24.0635,Precise,Madagascar,Madagascar,Cheirogaleidae,Microcebus,Microcebus griseorufus,Microcebus_griseorufus,Sherman live traps and nocturnal visual surveys,0,0,0,NA,0,2015,20,trapping points,NA, ,Microcebus griseorufus,Microcebus griseorufus,0.05,N,0.48,AR,Omnivore,NA,NA,1,218.85,52,NA,218.4,3,NA,Solitary,NA, ,10Deserts and Xeric Shrublands,0,0.79,0,0,1.54,0,0,2.54,0,0,3.8,0,0,5.31,0,0,7.07,0,0,9.08,0,0,11.34,0,0,13.85,0,0,16.62,0,0,19.63,0,0,22.9,0,0,26.42,0,0,30.19,0,0,34.21,0,0,38.48,0,0,43.01,0,0,47.78,0,0,52.81,0,0,58.09,0,0,63.62,0
-1,14269,317,Steffens et al. 2017,Ocurrencias,43.6827,-24.0629,Precise,Madagascar,Madagascar,Cheirogaleidae,Microcebus,Microcebus griseorufus,Microcebus_griseorufus,Sherman live traps and nocturnal visual surveys,1,0,0,NA,0,2015,20,trapping points,NA, ,Microcebus griseorufus,Microcebus griseorufus,0.05,N,0.48,AR,Omnivore,NA,NA,1,218.85,52,NA,218.4,3,NA,Solitary,NA, ,10Deserts and Xeric Shrublands,0,0.79,0,0,1.54,0,0,2.54,0,0,3.8,0,0,5.31,0,0,7.07,0,0,9.08,0,0,11.34,0,0,13.85,0,0,16.62,0,0,19.63,0,0,22.9,0,0,26.42,0,0,30.19,0,0,34.21,0,0,38.48,0,0,43.01,0,0,47.78,0,0,52.81,0,0,58.09,0,0,63.62,0
-1,14270,317,Steffens et al. 2017,Ocurrencias,43.6827,-24.0679,Precise,Madagascar,Madagascar,Cheirogaleidae,Microcebus,Microcebus griseorufus,Microcebus_griseorufus,Sherman live traps and nocturnal visual surveys,0,0,0,NA,0,2015,20,trapping points,NA, ,Microcebus griseorufus,Microcebus griseorufus,0.05,N,0.48,AR,Omnivore,NA,NA,1,218.85,52,NA,218.4,3,NA,Solitary,NA, ,10Deserts and Xeric Shrublands,0,0.79,0,0,1.54,0,0,2.54,0,0,3.8,0,0,5.31,0,0,7.07,0,0,9.08,0,0,11.34,0,0,13.85,0,0,16.62,0,0,19.63,0,0,22.9,0,0,26.42,0,0,30.19,0,0,34.21,0,0,38.48,0,0,43.01,0,0,47.78,0,0,52.81,0,0,58.09,0,0,63.62,0
-1,14271,317,Steffens et al. 2017,Ocurrencias,43.672,-24.091,Precise,Madagascar,Madagascar,Cheirogaleidae,Microcebus,Microcebus griseorufus,Microcebus_griseorufus,Sherman live traps and nocturnal visual surveys,1,0,0,NA,0,2015,20,trapping points,NA, ,Microcebus griseorufus,Microcebus griseorufus,0.05,N,0.48,AR,Omnivore,NA,NA,1,218.85,52,NA,218.4,3,NA,Solitary,NA, ,10Deserts and Xeric Shrublands,0,0.79,0,0,1.54,0,0,2.54,0,0,3.8,0,0,5.31,0,0,7.07,0,0,9.08,0,0,11.34,0,0,13.85,0,0,16.62,0,0,19.63,0,0,22.9,0,0,26.42,0,0,30.19,0,0,34.21,0,0,38.48,0,0,43.01,0,0,47.78,0,0,52.81,0,0,58.09,0,0,63.62,0
