OID,N,N_study,Source,BASE,X,Y,Precise,Country,Realm,Family,Genus,Taxon,Taxon_ITIS,Sample_met,Ocurrence,N_groups,Abundanc_1,Abundance,Density,Sample_yea,Sampling_e,Sampling_1,ID_Todo,TRAITS,Taxon_IT_1,ITIS_SPECI,BodyMass_k,DielActivi,HomeRange_,Locomotion,TrophicGui,Brain_size,Canine_Dim,MeanGroupS,Interbirth,Gestation,WeaningAge,MaxLongevi,LitterSz,AdultSexRa,Social_Sys,Mating_Sys,FOREST,BIOME,Buffer_500,Area500,FC_500,Buffer_700,Area700,FC_700,Buffer_900,Area900,FC_900,Buffer_110,Area1100,FC1100,Buffer_130,Area1300,FC_1300,Buffer_150,Area1500,FC_1500,Buffer_170,Area1700,FC_1700,Buffer_190,Area1900,FC_1900,Buffer_210,Area2100,FC_2100,Buffer_230,Area2300,FC_2300,Buffer_250,Area2500,FC_2500,Buffer_270,Area2700,FC_2700,Buffer_290,Area2900,FC_2900,Buffer_310,Area3100,FC_3100,Buffer_330,Area3300,FC_3300,Buffer_350,Area3500,FC_3500,Buffer_370,Area3700,F_Buffer_3,Buffer_390,Area_3900,FC_3900,Buffer_410,Area4100,FC_4100,Buffer_430,Area4300,FC_4300,Buffer_450,Area4500,FC_4500
-1,14316,509,Randrianambinina et al. 2010,Ocurrencias,47.27733333,-15.02766667,Precise,Madagascar,Africa,Cheirogaleidae,Microcebus,Microcebus mittermeieri,Microcebus_mittermeieri,Linear transect,0,0,0,NA,0,2008,0, ,NA, ,Microcebus mittermeieri,Microcebus mittermeieri,0.04,N,NA,AR,Omnivore,NA,NA,NA,NA,NA,NA,NA,NA,NA,NA,NA, ,9Tropical and Subtropical Dry Broadleaf Forest,0.053938286,0.79,6.83,0.09,1.54,5.86,0.23,2.54,9.03,0.4,3.8,10.51,0.53,5.31,9.91,0.67,7.07,9.53,0.85,9.08,9.4,1.14,11.34,10.05,1.47,13.85,10.65,2,16.62,12.06,2.56,19.63,13.06,3.17,22.9,13.84,3.91,26.42,14.8,4.76,30.19,15.77,5.85,34.21,17.1,6.94,38.48,18.03,7.95,43.01,18.49,9,47.78,18.83,10.06,52.81,19.05,11.05,58.09,19.02,12.02,63.62,18.89
-1,14317,509,Randrianambinina et al. 2010,Ocurrencias,47.37836111,-15.10405556,Precise,Madagascar,Africa,Cheirogaleidae,Microcebus,Microcebus mittermeieri,Microcebus_mittermeieri,Linear transect,0,0,0,NA,0,2008,0, ,NA, ,Microcebus mittermeieri,Microcebus mittermeieri,0.04,N,NA,AR,Omnivore,NA,NA,NA,NA,NA,NA,NA,NA,NA,NA,NA, ,9Tropical and Subtropical Dry Broadleaf Forest,0.007520726,0.79,0.95,0.01,1.54,0.79,0.03,2.54,1.01,0.12,3.8,3.07,0.18,5.31,3.3,0.19,7.07,2.69,0.2,9.08,2.23,0.22,11.34,1.91,0.24,13.85,1.73,0.3,16.62,1.79,0.33,19.63,1.67,0.36,22.9,1.55,0.38,26.42,1.44,0.39,30.19,1.3,0.43,34.21,1.25,0.48,38.48,1.24,0.62,43.01,1.44,0.73,47.78,1.53,0.81,52.81,1.54,0.89,58.09,1.52,0.89,63.62,1.41
-1,14318,509,Randrianambinina et al. 2010,Ocurrencias,48.87808333,-14.51063889,Precise,Madagascar,Africa,Cheirogaleidae,Microcebus,Microcebus mittermeieri,Microcebus_mittermeieri,Linear transect,1,0,0,NA,2.2,2008,0, ,NA, ,Microcebus mittermeieri,Microcebus mittermeieri,0.04,N,NA,AR,Omnivore,NA,NA,NA,NA,NA,NA,NA,NA,NA,NA,NA, ,2Tropical_and_suptropical_moist_broadleaf_forest,0.733238804,0.79,92.82,1.46,1.54,94.77,2.4,2.54,94.52,3.58,3.8,94.24,4.97,5.31,93.56,NA,7.07,NA,8.12,9.08,89.42,9.57,11.34,84.36,11.13,13.85,80.36,12.73,16.62,76.62,14.36,19.63,73.14,16.21,22.9,70.77,18.07,26.42,68.41,20.01,30.19,66.27,22.19,34.21,64.86,24.55,38.48,63.8,26.99,43.01,62.74,29.45,47.78,61.63,31.88,52.81,60.37,34.26,58.09,58.97,36.56,63.62,57.46
-1,14319,509,Randrianambinina et al. 2010,Ocurrencias,48.23216667,-15.01383333,Precise,Madagascar,Africa,Cheirogaleidae,Microcebus,Microcebus mittermeieri,Microcebus_mittermeieri,Linear transect,0,0,0,NA,0,2008,0, ,NA, ,Microcebus mittermeieri,Microcebus mittermeieri,0.04,N,NA,AR,Omnivore,NA,NA,NA,NA,NA,NA,NA,NA,NA,NA,NA, ,9Tropical and Subtropical Dry Broadleaf Forest,0.633697836,0.79,80.21,1.26,1.54,81.51,2.03,2.54,79.78,2.91,3.8,76.68,3.96,5.31,74.54,5.15,7.07,72.79,6.72,9.08,74.05,8.46,11.34,74.61,10.47,13.85,75.62,12.52,16.62,75.36,14.84,19.63,75.59,17.24,22.9,75.3,19.66,26.42,74.41,22.38,30.19,74.14,25.2,34.21,73.65,28.13,38.48,73.11,30.99,43.01,72.06,33.85,47.78,70.85,36.88,52.81,69.83,39.78,58.09,68.48,42.79,63.62,67.26
-1,14320,509,Randrianambinina et al. 2010,Ocurrencias,48.179,-15.47936111,Precise,Madagascar,Africa,Cheirogaleidae,Microcebus,Microcebus mittermeieri,Microcebus_mittermeieri,Linear transect,0,0,0,NA,0,2008,0, ,NA, ,Microcebus mittermeieri,Microcebus mittermeieri,0.04,N,NA,AR,Omnivore,NA,NA,NA,NA,NA,NA,NA,NA,NA,NA,NA, ,9Tropical and Subtropical Dry Broadleaf Forest,0.202338945,0.79,25.61,0.44,1.54,28.33,0.64,2.54,25.09,0.81,3.8,21.2,0.95,5.31,17.88,1.19,7.07,16.81,1.55,9.08,17.06,1.95,11.34,17.22,2.39,13.85,17.25,2.79,16.62,16.77,3.07,19.63,15.65,3.35,22.9,14.65,3.63,26.42,13.74,3.92,30.19,12.98,4.31,34.21,12.6,4.62,38.48,12.01,4.96,43.01,11.53,5.47,47.78,11.46,6.12,52.81,11.58,6.68,58.09,11.51,7.14,63.62,11.22
-1,14321,509,Randrianambinina et al. 2010,Ocurrencias,48.34588889,-15.33147222,Precise,Madagascar,Africa,Cheirogaleidae,Microcebus,Microcebus mittermeieri,Microcebus_mittermeieri,Linear transect,0,0,0,NA,0,2008,0, ,NA, ,Microcebus mittermeieri,Microcebus mittermeieri,0.04,N,NA,AR,Omnivore,NA,NA,NA,NA,NA,NA,NA,NA,NA,NA,NA, ,9Tropical and Subtropical Dry Broadleaf Forest,0.375165985,0.79,47.49,0.61,1.54,39.74,0.9,2.54,35.41,1.18,3.8,31.1,1.48,5.31,27.83,1.79,7.07,25.25,2.4,9.08,26.38,3.03,11.34,26.71,3.71,13.85,26.77,4.59,16.62,27.64,5.61,19.63,28.58,6.72,22.9,29.35,7.76,26.42,29.37,8.86,30.19,29.34,10.04,34.21,29.35,11.3,38.48,29.37,12.45,43.01,28.95,13.69,47.78,28.66,14.93,52.81,28.27,16.39,58.09,28.21,17.7,63.62,27.83
-1,14322,509,Randrianambinina et al. 2010,Ocurrencias,47.72161111,-14.88913889,Precise,Madagascar,Africa,Cheirogaleidae,Microcebus,Microcebus mittermeieri,Microcebus_mittermeieri,Linear transect,0,0,0,NA,0,2008,0, ,NA, ,Microcebus mittermeieri,Microcebus mittermeieri,0.04,N,NA,AR,Omnivore,NA,NA,NA,NA,NA,NA,NA,NA,NA,NA,NA, ,9Tropical and Subtropical Dry Broadleaf Forest,0.126466732,0.79,16.01,0.31,1.54,20.37,0.52,2.54,20.35,0.71,3.8,18.8,0.87,5.31,16.44,1.09,7.07,15.43,1.27,9.08,14.01,1.36,11.34,11.99,1.39,13.85,10.01,1.39,16.62,8.35,1.45,19.63,7.37,1.59,22.9,6.92,1.66,26.42,6.28,1.7,30.19,5.62,1.74,34.21,5.1,1.77,38.48,4.61,1.84,43.01,4.27,1.89,47.78,3.95,1.93,52.81,3.65,1.96,58.09,3.38,2.01,63.62,3.16
-1,14323,509,Randrianambinina et al. 2010,Ocurrencias,47.74386111,-14.87783333,Precise,Madagascar,Africa,Cheirogaleidae,Microcebus,Microcebus mittermeieri,Microcebus_mittermeieri,Linear transect,0,0,0,NA,0,2008,0, ,NA, ,Microcebus mittermeieri,Microcebus mittermeieri,0.04,N,NA,AR,Omnivore,NA,NA,NA,NA,NA,NA,NA,NA,NA,NA,NA, ,9Tropical and Subtropical Dry Broadleaf Forest,0.061965372,0.79,7.84,0.09,1.54,6.17,0.1,2.54,3.75,0.11,3.8,2.95,0.15,5.31,2.82,0.18,7.07,2.59,0.19,9.08,2.13,0.21,11.34,1.89,0.35,13.85,2.52,0.5,16.62,2.99,0.67,19.63,3.41,0.82,22.9,3.59,0.95,26.42,3.6,1.1,30.19,3.66,1.26,34.21,3.67,1.41,38.48,3.68,1.57,43.01,3.66,1.67,47.78,3.48,1.68,52.81,3.17,1.7,58.09,2.92,1.74,63.62,2.73
-1,14324,509,Randrianambinina et al. 2010,Ocurrencias,47.79786111,-14.78069444,Precise,Madagascar,Africa,Cheirogaleidae,Microcebus,Microcebus mittermeieri,Microcebus_mittermeieri,Linear transect,0,0,0,NA,0,2008,0, ,NA, ,Microcebus mittermeieri,Microcebus mittermeieri,0.04,N,NA,AR,Omnivore,NA,NA,NA,NA,NA,NA,NA,NA,NA,NA,NA, ,9Tropical and Subtropical Dry Broadleaf Forest,0.073018869,0.79,9.24,0.08,1.54,5.11,0.08,2.54,3.1,0.11,3.8,2.88,0.13,5.31,2.54,0.15,7.07,2.12,0.17,9.08,1.86,0.19,11.34,1.66,0.24,13.85,1.72,0.28,16.62,1.67,0.37,19.63,1.88,0.45,22.9,1.98,0.5,26.42,1.88,0.57,30.19,1.9,0.62,34.21,1.8,0.66,38.48,1.72,0.69,43.01,1.61,0.74,47.78,1.55,0.78,52.81,1.47,0.79,58.09,1.36,0.82,63.62,1.3
-1,14325,509,Randrianambinina et al. 2010,Ocurrencias,48.56977778,-15.06813889,Precise,Madagascar,Africa,Cheirogaleidae,Microcebus,Microcebus mittermeieri,Microcebus_mittermeieri,Linear transect,0,0,0,NA,0,2008,0, ,NA, ,Microcebus mittermeieri,Microcebus mittermeieri,0.04,N,NA,AR,Omnivore,NA,NA,NA,NA,NA,NA,NA,NA,NA,NA,NA, ,2Tropical_and_suptropical_moist_broadleaf_forest,0.448974169,0.79,56.83,0.82,1.54,53.17,1.28,2.54,50.47,1.91,3.8,50.17,2.65,5.31,49.9,NA,7.07,NA,4.12,9.08,45.34,4.91,11.34,43.28,5.87,13.85,42.4,6.87,16.62,41.36,7.78,19.63,39.64,8.77,22.9,38.31,9.88,26.42,37.38,11.23,30.19,37.2,12.63,34.21,36.91,14.35,38.48,37.29,16,43.01,37.19,17.85,47.78,37.37,19.54,52.81,37.01,21.22,58.09,36.54,23.15,63.62,36.38
-1,14326,509,Randrianambinina et al. 2010,Ocurrencias,48.55938889,-15.04011111,Precise,Madagascar,Africa,Cheirogaleidae,Microcebus,Microcebus mittermeieri,Microcebus_mittermeieri,Linear transect,0,0,0,NA,0,2008,0, ,NA, ,Microcebus mittermeieri,Microcebus mittermeieri,0.04,N,NA,AR,Omnivore,NA,NA,NA,NA,NA,NA,NA,NA,NA,NA,NA, ,9Tropical and Subtropical Dry Broadleaf Forest,0.078434858,0.79,9.93,0.16,1.54,10.31,0.3,2.54,11.86,0.44,3.8,11.68,0.6,5.31,11.22,0.72,7.07,10.24,0.84,9.08,9.26,1.07,11.34,9.43,1.25,13.85,9.03,1.46,16.62,8.76,1.69,19.63,8.61,2.02,22.9,8.82,2.39,26.42,9.03,2.82,30.19,9.33,3.32,34.21,9.69,3.89,38.48,10.1,4.76,43.01,11.08,5.92,47.78,12.39,7.37,52.81,13.95,8.69,58.09,14.95,10.03,63.62,15.76
