OID,N,N_study,Source,BASE,X,Y,Precise,Country,Realm,Family,Genus,Taxon,Taxon_ITIS,Sample_met,Ocurrence,N_groups,Abundanc_1,Abundance,Density,Sample_yea,Sampling_e,Sampling_1,ID_Todo,TRAITS,Taxon_IT_1,ITIS_SPECI,BodyMass_k,DielActivi,HomeRange_,Locomotion,TrophicGui,Brain_size,Canine_Dim,MeanGroupS,Interbirth,Gestation,WeaningAge,MaxLongevi,LitterSz,AdultSexRa,Social_Sys,Mating_Sys,FOREST,BIOME,Buffer_500,Area500,FC_500,Buffer_700,Area700,FC_700,Buffer_900,Area900,FC_900,Buffer_110,Area1100,FC1100,Buffer_130,Area1300,FC_1300,Buffer_150,Area1500,FC_1500,Buffer_170,Area1700,FC_1700,Buffer_190,Area1900,FC_1900,Buffer_210,Area2100,FC_2100,Buffer_230,Area2300,FC_2300,Buffer_250,Area2500,FC_2500,Buffer_270,Area2700,FC_2700,Buffer_290,Area2900,FC_2900,Buffer_310,Area3100,FC_3100,Buffer_330,Area3300,FC_3300,Buffer_350,Area3500,FC_3500,Buffer_370,Area3700,F_Buffer_3,Buffer_390,Area_3900,FC_3900,Buffer_410,Area4100,FC_4100,Buffer_430,Area4300,FC_4300,Buffer_450,Area4500,FC_4500
-1,14601,346,Rakotondranary et al. 2011,Ocurrencias,46.52715,-24.83860833,Precise,Madagascar,Madagascar,Cheirogaleidae,Microcebus,Microcebus rufus,Microcebus_rufus ,night traps,0,0,0,N individuals captured,0,2007,7040,trap-nights,NA, ,Microcebus rufus ,Microcebus rufus,0.04,N,1,AR,Omnivore,1.72,0.939,NA,219,61,40,144,2.52,NA,Solitary,Spatial Polygyny, ,10Deserts and Xeric Shrublands,0,0.79,0,0,1.54,0,0,2.54,0,0.01,3.8,0.24,0.02,5.31,0.32,0.04,7.07,0.55,0.09,9.08,0.96,0.13,11.34,1.12,0.19,13.85,1.38,0.3,16.62,1.82,0.45,19.63,2.31,0.55,22.9,2.4,0.68,26.42,2.56,0.83,30.19,2.76,1.13,34.21,3.31,1.37,38.48,3.55,1.5,43.01,3.49,1.67,47.78,3.5,1.9,52.81,3.6,2.16,58.09,3.72,2.4,63.62,3.78
-1,14602,346,Rakotondranary et al. 2011,Ocurrencias,46.54613056,-24.82988056,Precise,Madagascar,Madagascar,Cheirogaleidae,Microcebus,Microcebus rufus,Microcebus_rufus ,night traps,0,0,0,N individuals captured,0,2007,7040,trap-nights,NA, ,Microcebus rufus ,Microcebus rufus,0.04,N,1,AR,Omnivore,1.72,0.939,NA,219,61,40,144,2.52,NA,Solitary,Spatial Polygyny, ,10Deserts and Xeric Shrublands,0,0.79,0,0,1.54,0,0,2.54,0,0,3.8,0.05,0.06,5.31,1.04,0.12,7.07,1.66,0.13,9.08,1.49,0.21,11.34,1.82,0.25,13.85,1.79,0.26,16.62,1.55,0.27,19.63,1.38,0.33,22.9,1.44,0.41,26.42,1.53,0.52,30.19,1.74,0.78,34.21,2.28,1.03,38.48,2.69,1.3,43.01,3.03,1.55,47.78,3.25,1.75,52.81,3.31,2.14,58.09,3.68,2.6,63.62,4.09
-1,14603,346,Rakotondranary et al. 2011,Ocurrencias,46.53797222,-24.83120556,Precise,Madagascar,Madagascar,Cheirogaleidae,Microcebus,Microcebus rufus,Microcebus_rufus ,night traps,0,0,0,N individuals captured,0,2007,7040,trap-nights,NA, ,Microcebus rufus ,Microcebus rufus,0.04,N,1,AR,Omnivore,1.72,0.939,NA,219,61,40,144,2.52,NA,Solitary,Spatial Polygyny, ,10Deserts and Xeric Shrublands,0,0.79,0,0,1.54,0,0,2.54,0,0,3.8,0,0,5.31,0,0,7.07,0,0,9.08,0,0,11.34,0.01,0.07,13.85,0.54,0.14,16.62,0.84,0.18,19.63,0.93,0.31,22.9,1.34,0.47,26.42,1.76,0.59,30.19,1.95,0.69,34.21,2.02,0.89,38.48,2.31,1.18,43.01,2.75,1.56,47.78,3.27,1.93,52.81,3.65,2.23,58.09,3.84,2.53,63.62,3.97
-1,14604,346,Rakotondranary et al. 2011,Ocurrencias,46.66816111,-24.82061111,Precise,Madagascar,Madagascar,Cheirogaleidae,Microcebus,Microcebus rufus,Microcebus_rufus ,night traps,0,0,0,N individuals captured,0,2007,7040,trap-nights,NA, ,Microcebus rufus ,Microcebus rufus,0.04,N,1,AR,Omnivore,1.72,0.939,NA,219,61,40,144,2.52,NA,Solitary,Spatial Polygyny, ,10Deserts and Xeric Shrublands,0.0248716,0.79,3.15,0.09,1.54,5.79,0.15,2.54,5.91,0.22,3.8,5.66,0.26,5.31,4.99,0.3,7.07,4.26,0.32,9.08,3.51,0.35,11.34,3.11,0.35,13.85,2.56,0.42,16.62,2.52,0.55,19.63,2.82,0.68,22.9,2.97,0.97,26.42,3.66,1.22,30.19,4.04,1.31,34.21,3.84,1.47,38.48,3.82,1.68,43.01,3.9,2.03,47.78,4.24,2.32,52.81,4.4,2.55,58.09,4.4,2.91,63.62,4.57
-1,14605,346,Rakotondranary et al. 2011,Ocurrencias,46.66879444,-24.81946667,Precise,Madagascar,Madagascar,Cheirogaleidae,Microcebus,Microcebus rufus,Microcebus_rufus ,night traps,0,0,0,N individuals captured,0,2007,7040,trap-nights,NA, ,Microcebus rufus ,Microcebus rufus,0.04,N,1,AR,Omnivore,1.72,0.939,NA,219,61,40,144,2.52,NA,Solitary,Spatial Polygyny, ,10Deserts and Xeric Shrublands,0.034995493,0.79,4.43,0.07,1.54,4.85,0.12,2.54,4.67,0.2,3.8,5.38,0.25,5.31,4.74,0.3,7.07,4.23,0.32,9.08,3.55,0.35,11.34,3.11,0.37,13.85,2.68,0.47,16.62,2.8,0.6,19.63,3.05,0.79,22.9,3.47,1.09,26.42,4.12,1.25,30.19,4.15,1.33,34.21,3.88,1.52,38.48,3.94,1.74,43.01,4.06,2.07,47.78,4.34,2.35,52.81,4.45,2.64,58.09,4.54,3.08,63.62,4.84
-1,14606,346,Rakotondranary et al. 2011,Ocurrencias,46.67123611,-24.81754722,Precise,Madagascar,Madagascar,Cheirogaleidae,Microcebus,Microcebus rufus,Microcebus_rufus ,night traps,0,0,0,N individuals captured,0,2007,7040,trap-nights,NA, ,Microcebus rufus ,Microcebus rufus,0.04,N,1,AR,Omnivore,1.72,0.939,NA,219,61,40,144,2.52,NA,Solitary,Spatial Polygyny, ,10Deserts and Xeric Shrublands,0.041196099,0.79,5.21,0.08,1.54,4.99,0.08,2.54,3.3,0.12,3.8,3.12,0.16,5.31,3.1,0.24,7.07,3.38,0.33,9.08,3.66,0.38,11.34,3.36,0.48,13.85,3.5,0.62,16.62,3.76,0.91,19.63,4.65,1.13,22.9,4.94,1.24,26.42,4.7,1.32,30.19,4.38,1.5,34.21,4.4,1.71,38.48,4.45,1.94,43.01,4.52,2.23,47.78,4.66,2.62,52.81,4.97,3.05,58.09,5.25,3.5,63.62,5.5
-1,14607,346,Rakotondranary et al. 2011,Ocurrencias,46.68965556,-24.79981389,Precise,Madagascar,Madagascar,Cheirogaleidae,Microcebus,Microcebus rufus,Microcebus_rufus ,night traps,0,0,0,N individuals captured,0,2007,7040,trap-nights,NA, ,Microcebus rufus ,Microcebus rufus,0.04,N,1,AR,Omnivore,1.72,0.939,NA,219,61,40,144,2.52,NA,Solitary,Spatial Polygyny, ,2Tropical_and_suptropical_moist_broadleaf_forest,0.300033127,0.79,37.98,0.78,1.54,50.5,1.42,2.54,56.01,2.22,3.8,58.37,3.17,5.31,59.79,NA,7.07,NA,5.78,9.08,63.67,7.44,11.34,65.59,9.07,13.85,65.49,10.71,16.62,64.47,12.29,19.63,62.61,14.11,22.9,61.61,16.03,26.42,60.68,18.14,30.19,60.08,20.56,34.21,60.1,23.39,38.48,60.79,26.28,43.01,61.09,29.4,47.78,61.53,32.83,52.81,62.17,36.64,58.09,63.08,40.47,63.62,63.61
-1,14608,346,Rakotondranary et al. 2011,Ocurrencias,46.68498889,-24.79585278,Precise,Madagascar,Madagascar,Cheirogaleidae,Microcebus,Microcebus rufus,Microcebus_rufus ,night traps,0,0,0,N individuals captured,0,2007,7040,trap-nights,NA, ,Microcebus rufus ,Microcebus rufus,0.04,N,1,AR,Omnivore,1.72,0.939,NA,219,61,40,144,2.52,NA,Solitary,Spatial Polygyny, ,10Deserts and Xeric Shrublands,0.071701267,0.79,9.08,0.15,1.54,10.06,0.33,2.54,12.83,0.4,3.8,10.58,0.55,5.31,10.3,0.77,7.07,10.93,1.01,9.08,11.09,1.27,11.34,11.19,1.65,13.85,11.93,2.06,16.62,12.39,2.44,19.63,12.41,2.87,22.9,12.53,3.33,26.42,12.61,3.86,30.19,12.78,4.52,34.21,13.21,5.24,38.48,13.62,6.17,43.01,14.35,7.45,47.78,15.58,8.75,52.81,16.57,9.92,58.09,17.08,11.28,63.62,17.74
-1,14609,346,Rakotondranary et al. 2011,Ocurrencias,46.68825556,-24.79518611,Precise,Madagascar,Madagascar,Cheirogaleidae,Microcebus,Microcebus rufus,Microcebus_rufus ,night traps,0,0,0,N individuals captured,0,2007,7040,trap-nights,NA, ,Microcebus rufus ,Microcebus rufus,0.04,N,1,AR,Omnivore,1.72,0.939,NA,219,61,40,144,2.52,NA,Solitary,Spatial Polygyny, ,10Deserts and Xeric Shrublands,0.090128121,0.79,11.41,0.19,1.54,12.54,0.26,2.54,10.18,0.39,3.8,10.14,0.67,5.31,12.54,0.93,7.07,13.19,1.26,9.08,13.85,1.72,11.34,15.19,2.2,13.85,15.92,2.58,16.62,15.55,2.94,19.63,14.97,3.27,22.9,14.29,3.78,26.42,14.31,4.5,30.19,14.91,5.17,34.21,15.12,6.08,38.48,15.81,7.26,43.01,16.89,8.5,47.78,17.79,9.69,52.81,18.34,11.14,58.09,19.17,12.59,63.62,19.79
-1,14610,346,Rakotondranary et al. 2011,Ocurrencias,46.72421944,-24.72510556,Precise,Madagascar,Madagascar,Cheirogaleidae,Microcebus,Microcebus rufus,Microcebus_rufus ,night traps,0,0,0,N individuals captured,0,2007,7040,trap-nights,NA, ,Microcebus rufus ,Microcebus rufus,0.04,N,1,AR,Omnivore,1.72,0.939,NA,219,61,40,144,2.52,NA,Solitary,Spatial Polygyny, ,2Tropical_and_suptropical_moist_broadleaf_forest,0.774282295,0.79,98.01,1.52,1.54,98.54,2.51,2.54,98.77,3.75,3.8,98.62,5.23,5.31,98.58,NA,7.07,NA,8.83,9.08,97.26,10.8,11.34,95.23,12.91,13.85,93.23,15.17,16.62,91.28,17.54,19.63,89.37,19.97,22.9,87.19,22.61,26.42,85.56,25.44,30.19,84.26,28.59,34.21,83.58,31.98,38.48,83.1,35.67,43.01,82.93,39.6,47.78,82.88,43.77,52.81,82.89,48.06,58.09,82.73,52.48,63.62,82.5
-1,14611,346,Rakotondranary et al. 2011,Ocurrencias,46.722175,-24.73632222,Precise,Madagascar,Madagascar,Cheirogaleidae,Microcebus,Microcebus rufus,Microcebus_rufus ,night traps,1,0,6,N individuals captured,0,2007,7040,trap-nights,NA, ,Microcebus rufus ,Microcebus rufus,0.04,N,1,AR,Omnivore,1.72,0.939,NA,219,61,40,144,2.52,NA,Solitary,Spatial Polygyny, ,2Tropical_and_suptropical_moist_broadleaf_forest,0.709617272,0.79,89.82,1.34,1.54,86.83,2.13,2.54,83.87,3.14,3.8,82.55,4.34,5.31,81.66,NA,7.07,NA,7,9.08,77.05,8.63,11.34,76.13,10.57,13.85,76.31,12.62,16.62,75.95,14.79,19.63,75.32,17.23,22.9,75.25,19.97,26.42,75.58,22.88,30.19,75.79,26.38,34.21,77.11,30.12,38.48,78.27,34.06,43.01,79.19,38.27,47.78,80.09,42.4,52.81,80.3,46.63,58.09,80.27,50.99,63.62,80.14
-1,14612,346,Rakotondranary et al. 2011,Ocurrencias,46.72312222,-24.73679444,Precise,Madagascar,Madagascar,Cheirogaleidae,Microcebus,Microcebus rufus,Microcebus_rufus ,night traps,1,0,12,N individuals captured,0,2007,7040,trap-nights,NA, ,Microcebus rufus ,Microcebus rufus,0.04,N,1,AR,Omnivore,1.72,0.939,NA,219,61,40,144,2.52,NA,Solitary,Spatial Polygyny, ,2Tropical_and_suptropical_moist_broadleaf_forest,0.716875181,0.79,90.74,1.36,1.54,88.21,2.14,2.54,84.26,3.16,3.8,83.24,4.33,5.31,81.52,NA,7.07,NA,7.09,9.08,78.05,8.71,11.34,76.78,10.68,13.85,77.15,12.78,16.62,76.92,14.99,19.63,76.37,17.46,22.9,76.24,20.09,26.42,76.03,23.07,30.19,76.41,26.49,34.21,77.44,30.25,38.48,78.61,34.2,43.01,79.53,38.49,47.78,80.56,42.74,52.81,80.93,46.99,58.09,80.89,51.42,63.62,80.83
-1,14613,346,Rakotondranary et al. 2011,Ocurrencias,46.55431667,-24.96706667,Precise,Madagascar,Madagascar,Cheirogaleidae,Microcebus,Microcebus rufus,Microcebus_rufus ,night traps,0,0,0,N individuals captured,0,2007,7040,trap-nights,NA, ,Microcebus rufus ,Microcebus rufus,0.04,N,1,AR,Omnivore,1.72,0.939,NA,219,61,40,144,2.52,NA,Solitary,Spatial Polygyny, ,10Deserts and Xeric Shrublands,0,0.79,0,0,1.54,0,0.01,2.54,0.28,0.06,3.8,1.6,0.17,5.31,3.26,0.31,7.07,4.4,0.52,9.08,5.73,0.72,11.34,6.39,1.01,13.85,7.27,1.3,16.62,7.84,1.59,19.63,8.1,1.84,22.9,8.04,2.16,26.42,8.18,2.59,30.19,8.58,3.1,34.21,9.07,3.6,38.48,9.36,4.21,43.01,9.8,5.01,47.78,10.49,6.05,52.81,11.45,6.89,58.09,11.87,7.65,63.62,12.02
-1,14614,346,Rakotondranary et al. 2011,Ocurrencias,46.55543333,-24.96766667,Precise,Madagascar,Madagascar,Cheirogaleidae,Microcebus,Microcebus rufus,Microcebus_rufus ,night traps,0,0,0,N individuals captured,0,2007,7040,trap-nights,NA, ,Microcebus rufus ,Microcebus rufus,0.04,N,1,AR,Omnivore,1.72,0.939,NA,219,61,40,144,2.52,NA,Solitary,Spatial Polygyny, ,10Deserts and Xeric Shrublands,0,0.79,0,0,1.54,0,0,2.54,0.04,0.07,3.8,1.86,0.18,5.31,3.42,0.31,7.07,4.4,0.53,9.08,5.83,0.75,11.34,6.61,1.05,13.85,7.58,1.35,16.62,8.14,1.59,19.63,8.11,1.87,22.9,8.18,2.22,26.42,8.4,2.66,30.19,8.81,3.19,34.21,9.32,3.68,38.48,9.55,4.26,43.01,9.91,5.07,47.78,10.61,6.06,52.81,11.47,6.84,58.09,11.78,7.57,63.62,11.9
-1,14615,346,Rakotondranary et al. 2011,Ocurrencias,46.55428889,-24.96688611,Precise,Madagascar,Madagascar,Cheirogaleidae,Microcebus,Microcebus rufus,Microcebus_rufus ,night traps,0,0,0,N individuals captured,0,2007,7040,trap-nights,NA, ,Microcebus rufus ,Microcebus rufus,0.04,N,1,AR,Omnivore,1.72,0.939,NA,219,61,40,144,2.52,NA,Solitary,Spatial Polygyny, ,10Deserts and Xeric Shrublands,0,0.79,0,0,1.54,0,0.01,2.54,0.43,0.06,3.8,1.58,0.17,5.31,3.21,0.31,7.07,4.45,0.53,9.08,5.8,0.73,11.34,6.47,1.02,13.85,7.33,1.32,16.62,7.92,1.61,19.63,8.19,1.85,22.9,8.08,2.18,26.42,8.24,2.61,30.19,8.66,3.12,34.21,9.11,3.63,38.48,9.43,4.25,43.01,9.88,5.06,47.78,10.59,6.12,52.81,11.59,6.95,58.09,11.96,7.71,63.62,12.12
-1,14616,346,Rakotondranary et al. 2011,Ocurrencias,46.55804444,-24.96385833,Precise,Madagascar,Madagascar,Cheirogaleidae,Microcebus,Microcebus rufus,Microcebus_rufus ,night traps,0,0,0,N individuals captured,0,2007,7040,trap-nights,NA, ,Microcebus rufus ,Microcebus rufus,0.04,N,1,AR,Omnivore,1.72,0.939,NA,219,61,40,144,2.52,NA,Solitary,Spatial Polygyny, ,10Deserts and Xeric Shrublands,0.009003474,0.79,1.14,0.04,1.54,2.28,0.08,2.54,3.26,0.16,3.8,4.17,0.3,5.31,5.59,0.54,7.07,7.61,0.88,9.08,9.68,1.18,11.34,10.37,1.48,13.85,10.67,1.73,16.62,10.38,2.08,19.63,10.59,2.55,22.9,11.14,3,26.42,11.34,3.53,30.19,11.69,4.14,34.21,12.11,4.92,38.48,12.79,5.93,43.01,13.79,6.71,47.78,14.04,7.55,52.81,14.29,8.18,58.09,14.09,8.9,63.62,13.99
-1,14617,346,Rakotondranary et al. 2011,Ocurrencias,46.56263889,-24.96840278,Precise,Madagascar,Madagascar,Cheirogaleidae,Microcebus,Microcebus rufus,Microcebus_rufus ,night traps,0,0,0,N individuals captured,0,2007,7040,trap-nights,NA, ,Microcebus rufus ,Microcebus rufus,0.04,N,1,AR,Omnivore,1.72,0.939,NA,219,61,40,144,2.52,NA,Solitary,Spatial Polygyny, ,10Deserts and Xeric Shrublands,0,0.79,0,0,1.54,0.2,0.03,2.54,1.15,0.09,3.8,2.41,0.2,5.31,3.72,0.43,7.07,6.02,0.67,9.08,7.36,0.98,11.34,8.66,1.35,13.85,9.74,1.61,16.62,9.71,2.01,19.63,10.24,2.48,22.9,10.83,2.93,26.42,11.11,3.48,30.19,11.52,4.05,34.21,11.83,4.8,38.48,12.48,5.48,43.01,12.74,5.92,47.78,12.39,6.5,52.81,12.31,7.07,58.09,12.17,7.93,63.62,12.46
-1,14618,346,Rakotondranary et al. 2011,Ocurrencias,46.55346389,-24.96669167,Precise,Madagascar,Madagascar,Cheirogaleidae,Microcebus,Microcebus rufus,Microcebus_rufus ,night traps,0,0,0,N individuals captured,0,2007,7040,trap-nights,NA, ,Microcebus rufus ,Microcebus rufus,0.04,N,1,AR,Omnivore,1.72,0.939,NA,219,61,40,144,2.52,NA,Solitary,Spatial Polygyny, ,10Deserts and Xeric Shrublands,0,0.79,0,0,1.54,0,0.01,2.54,0.38,0.05,3.8,1.44,0.16,5.31,2.99,0.3,7.07,4.26,0.5,9.08,5.52,0.71,11.34,6.25,0.96,13.85,6.95,1.27,16.62,7.65,1.57,19.63,7.98,1.83,22.9,7.97,2.11,26.42,7.99,2.52,30.19,8.35,3.02,34.21,8.84,3.53,38.48,9.17,4.16,43.01,9.68,4.95,47.78,10.35,5.98,52.81,11.32,6.89,58.09,11.86,7.64,63.62,12.01
-1,14619,346,Rakotondranary et al. 2011,Ocurrencias,46.55335833,-24.96218056,Precise,Madagascar,Madagascar,Cheirogaleidae,Microcebus,Microcebus rufus,Microcebus_rufus ,night traps,0,0,0,N individuals captured,0,2007,7040,trap-nights,NA, ,Microcebus rufus ,Microcebus rufus,0.04,N,1,AR,Omnivore,1.72,0.939,NA,219,61,40,144,2.52,NA,Solitary,Spatial Polygyny, ,10Deserts and Xeric Shrublands,0.022814792,0.79,2.89,0.06,1.54,3.93,0.12,2.54,4.84,0.2,3.8,5.34,0.3,5.31,5.57,0.42,7.07,5.94,0.63,9.08,6.96,0.9,11.34,7.95,1.28,13.85,9.22,1.58,16.62,9.49,1.88,19.63,9.58,2.25,22.9,9.83,2.62,26.42,9.92,3.08,30.19,10.19,3.72,34.21,10.89,4.51,38.48,11.71,5.44,43.01,12.66,6.45,47.78,13.5,7.33,52.81,13.89,8.11,58.09,13.96,8.9,63.62,14
-1,14620,346,Rakotondranary et al. 2011,Ocurrencias,46.5544,-24.96370278,Precise,Madagascar,Madagascar,Cheirogaleidae,Microcebus,Microcebus rufus,Microcebus_rufus ,night traps,0,0,0,N individuals captured,0,2007,7040,trap-nights,NA, ,Microcebus rufus ,Microcebus rufus,0.04,N,1,AR,Omnivore,1.72,0.939,NA,219,61,40,144,2.52,NA,Solitary,Spatial Polygyny, ,10Deserts and Xeric Shrublands,0.002567884,0.79,0.33,0.04,1.54,2.55,0.08,2.54,3.25,0.14,3.8,3.76,0.22,5.31,4.22,0.4,7.07,5.71,0.66,9.08,7.27,0.9,11.34,7.92,1.24,13.85,8.95,1.57,16.62,9.43,1.84,19.63,9.36,2.16,22.9,9.45,2.56,26.42,9.68,3,30.19,9.94,3.56,34.21,10.4,4.28,38.48,11.12,5.18,43.01,12.04,6.19,47.78,12.96,7.1,52.81,13.45,7.91,58.09,13.61,8.57,63.62,13.48
-1,14621,346,Rakotondranary et al. 2011,Ocurrencias,46.61920556,-24.95541111,Precise,Madagascar,Madagascar,Cheirogaleidae,Microcebus,Microcebus rufus,Microcebus_rufus ,night traps,0,0,0,N individuals captured,0,2007,7040,trap-nights,NA, ,Microcebus rufus ,Microcebus rufus,0.04,N,1,AR,Omnivore,1.72,0.939,NA,219,61,40,144,2.52,NA,Solitary,Spatial Polygyny, ,10Deserts and Xeric Shrublands,0.064333182,0.79,8.14,0.08,1.54,5.46,0.11,2.54,4.52,0.15,3.8,3.89,0.23,5.31,4.29,0.34,7.07,4.82,0.45,9.08,4.96,0.69,11.34,6.05,0.95,13.85,6.86,1.23,16.62,7.38,1.53,19.63,7.77,1.86,22.9,8.13,2.14,26.42,8.09,2.44,30.19,8.09,2.92,34.21,8.52,3.48,38.48,9.04,3.9,43.01,9.07,4.59,47.78,9.61,5.21,52.81,9.87,5.88,58.09,10.12,6.71,63.62,10.55
-1,14622,346,Rakotondranary et al. 2011,Ocurrencias,46.62126944,-24.94796389,Precise,Madagascar,Madagascar,Cheirogaleidae,Microcebus,Microcebus rufus,Microcebus_rufus ,night traps,0,0,0,N individuals captured,0,2007,7040,trap-nights,NA, ,Microcebus rufus ,Microcebus rufus,0.04,N,1,AR,Omnivore,1.72,0.939,NA,219,61,40,144,2.52,NA,Solitary,Spatial Polygyny, ,10Deserts and Xeric Shrublands,0.007742418,0.79,0.98,0.03,1.54,1.88,0.05,2.54,2.01,0.08,3.8,2.18,0.12,5.31,2.26,0.21,7.07,3.03,0.32,9.08,3.5,0.45,11.34,3.96,0.68,13.85,4.88,1.04,16.62,6.24,1.48,19.63,7.54,1.91,22.9,8.32,2.31,26.42,8.76,3,30.19,9.92,3.71,34.21,10.84,4.24,38.48,11.01,4.87,43.01,11.32,5.67,47.78,11.87,6.64,52.81,12.57,7.41,58.09,12.76,8.06,63.62,12.67
-1,14623,346,Rakotondranary et al. 2011,Ocurrencias,46.61791944,-24.95106944,Precise,Madagascar,Madagascar,Cheirogaleidae,Microcebus,Microcebus rufus,Microcebus_rufus ,night traps,0,0,0,N individuals captured,0,2007,7040,trap-nights,NA, ,Microcebus rufus ,Microcebus rufus,0.04,N,1,AR,Omnivore,1.72,0.939,NA,219,61,40,144,2.52,NA,Solitary,Spatial Polygyny, ,10Deserts and Xeric Shrublands,0.030051493,0.79,3.8,0.06,1.54,3.84,0.07,2.54,2.65,0.08,3.8,2.22,0.12,5.31,2.22,0.2,7.07,2.81,0.42,9.08,4.6,0.69,11.34,6.09,0.88,13.85,6.36,1.24,16.62,7.46,1.56,19.63,7.95,1.92,22.9,8.37,2.35,26.42,8.88,2.68,30.19,8.87,3.15,34.21,9.22,3.62,38.48,9.42,4.31,43.01,10.01,5.04,47.78,10.55,5.78,52.81,10.94,6.63,58.09,11.42,7.66,63.62,12.04
-1,14624,346,Rakotondranary et al. 2011,Ocurrencias,46.61514444,-24.95495833,Precise,Madagascar,Madagascar,Cheirogaleidae,Microcebus,Microcebus rufus,Microcebus_rufus ,night traps,0,0,0,N individuals captured,0,2007,7040,trap-nights,NA, ,Microcebus rufus ,Microcebus rufus,0.04,N,1,AR,Omnivore,1.72,0.939,NA,219,61,40,144,2.52,NA,Solitary,Spatial Polygyny, ,10Deserts and Xeric Shrublands,0.046535546,0.79,5.89,0.06,1.54,4.15,0.1,2.54,3.96,0.12,3.8,3.27,0.15,5.31,2.84,0.25,7.07,3.56,0.44,9.08,4.87,0.7,11.34,6.15,1.01,13.85,7.32,1.35,16.62,8.11,1.67,19.63,8.52,2.03,22.9,8.86,2.34,26.42,8.84,2.68,30.19,8.86,3.03,34.21,8.87,3.43,38.48,8.9,3.95,43.01,9.18,4.45,47.78,9.31,5.07,52.81,9.61,6.03,58.09,10.37,6.86,63.62,10.79
-1,14625,346,Rakotondranary et al. 2011,Ocurrencias,46.62096111,-24.95435,Precise,Madagascar,Madagascar,Cheirogaleidae,Microcebus,Microcebus rufus,Microcebus_rufus ,night traps,0,0,0,N individuals captured,0,2007,7040,trap-nights,NA, ,Microcebus rufus ,Microcebus rufus,0.04,N,1,AR,Omnivore,1.72,0.939,NA,219,61,40,144,2.52,NA,Solitary,Spatial Polygyny, ,10Deserts and Xeric Shrublands,0.058416984,0.79,7.39,0.07,1.54,4.39,0.1,2.54,3.84,0.16,3.8,4.27,0.28,5.31,5.24,0.38,7.07,5.36,0.45,9.08,5.01,0.65,11.34,5.7,0.9,13.85,6.49,1.19,16.62,7.18,1.47,19.63,7.51,1.82,22.9,7.95,2.1,26.42,7.96,2.58,30.19,8.55,3.08,34.21,8.99,3.48,38.48,9.03,4.16,43.01,9.66,4.75,47.78,9.93,5.47,52.81,10.36,6.21,58.09,10.69,7.03,63.62,11.05
-1,14626,346,Rakotondranary et al. 2011,Ocurrencias,46.61341944,-24.95573611,Precise,Madagascar,Madagascar,Cheirogaleidae,Microcebus,Microcebus rufus,Microcebus_rufus ,night traps,0,0,0,N individuals captured,0,2007,7040,trap-nights,NA, ,Microcebus rufus ,Microcebus rufus,0.04,N,1,AR,Omnivore,1.72,0.939,NA,219,61,40,144,2.52,NA,Solitary,Spatial Polygyny, ,10Deserts and Xeric Shrublands,0.020954411,0.79,2.65,0.06,1.54,3.94,0.08,2.54,3.29,0.13,3.8,3.33,0.2,5.31,3.72,0.31,7.07,4.32,0.44,9.08,4.84,0.68,11.34,5.96,1.03,13.85,7.43,1.38,16.62,8.28,1.77,19.63,9.03,2.07,22.9,9.05,2.44,26.42,9.24,2.81,30.19,9.31,3.13,34.21,9.13,3.48,38.48,9.05,3.83,43.01,8.89,4.38,47.78,9.17,5.12,52.81,9.69,5.85,58.09,10.07,6.75,63.62,10.61
-1,14627,346,Rakotondranary et al. 2011,Ocurrencias,46.66321944,-24.94236944,Precise,Madagascar,Madagascar,Cheirogaleidae,Microcebus,Microcebus rufus,Microcebus_rufus ,night traps,0,0,0,N individuals captured,0,2007,7040,trap-nights,NA, ,Microcebus rufus ,Microcebus rufus,0.04,N,1,AR,Omnivore,1.72,0.939,NA,219,61,40,144,2.52,NA,Solitary,Spatial Polygyny, ,10Deserts and Xeric Shrublands,0.325699871,0.79,41.23,0.77,1.54,49.79,1.29,2.54,50.88,1.99,3.8,52.45,2.87,5.31,54.02,3.87,7.07,54.74,4.99,9.08,55,5.99,11.34,52.82,7.04,13.85,50.83,8.19,16.62,49.29,9.44,19.63,48.09,10.83,22.9,47.28,12.37,26.42,46.82,13.95,30.19,46.22,15.7,34.21,45.89,17.45,38.48,45.35,19.15,43.01,44.53,21.09,47.78,44.15,23.12,52.81,43.78,25.3,58.09,43.55,27.34,63.62,42.98
-1,14628,346,Rakotondranary et al. 2011,Ocurrencias,46.6601,-24.94256944,Precise,Madagascar,Madagascar,Cheirogaleidae,Microcebus,Microcebus rufus,Microcebus_rufus ,night traps,0,0,0,N individuals captured,0,2007,7040,trap-nights,NA, ,Microcebus rufus ,Microcebus rufus,0.04,N,1,AR,Omnivore,1.72,0.939,NA,219,61,40,144,2.52,NA,Solitary,Spatial Polygyny, ,10Deserts and Xeric Shrublands,0.341669309,0.79,43.25,0.72,1.54,46.92,1.21,2.54,47.75,1.86,3.8,48.88,2.58,5.31,48.67,3.45,7.07,48.76,4.29,9.08,47.25,5.17,11.34,45.56,6.13,13.85,44.28,7.27,16.62,43.73,8.49,19.63,43.23,9.76,22.9,42.6,11.18,26.42,42.3,12.59,30.19,41.71,14.18,34.21,41.44,15.86,38.48,41.23,17.54,43.01,40.79,19.3,47.78,40.39,21.32,52.81,40.37,23.32,58.09,40.15,25.41,63.62,39.93
-1,14629,346,Rakotondranary et al. 2011,Ocurrencias,46.67146667,-24.94408333,Precise,Madagascar,Madagascar,Cheirogaleidae,Microcebus,Microcebus rufus,Microcebus_rufus ,night traps,0,0,0,N individuals captured,0,2007,7040,trap-nights,NA, ,Microcebus rufus ,Microcebus rufus,0.04,N,1,AR,Omnivore,1.72,0.939,NA,219,61,40,144,2.52,NA,Solitary,Spatial Polygyny, ,10Deserts and Xeric Shrublands,0.533122878,0.79,67.48,1.06,1.54,68.61,1.76,2.54,69.31,2.66,3.8,69.97,3.71,5.31,69.89,4.77,7.07,67.47,6,9.08,66.13,7.32,11.34,64.59,8.66,13.85,62.54,10.28,16.62,61.82,11.98,19.63,61.04,13.69,22.9,59.79,15.48,26.42,58.61,17.32,30.19,57.36,19.29,34.21,56.37,21.3,38.48,55.37,23.56,43.01,54.78,25.98,47.78,54.37,28.41,52.81,53.79,30.81,58.09,53.03,33.45,63.62,52.58
-1,14630,346,Rakotondranary et al. 2011,Ocurrencias,46.67118889,-24.94466667,Precise,Madagascar,Madagascar,Cheirogaleidae,Microcebus,Microcebus rufus,Microcebus_rufus ,night traps,0,0,0,N individuals captured,0,2007,7040,trap-nights,NA, ,Microcebus rufus ,Microcebus rufus,0.04,N,1,AR,Omnivore,1.72,0.939,NA,219,61,40,144,2.52,NA,Solitary,Spatial Polygyny, ,10Deserts and Xeric Shrublands,0.49441269,0.79,62.58,1.02,1.54,66.05,1.71,2.54,67.22,2.59,3.8,68.1,3.64,5.31,68.61,4.73,7.07,66.91,5.91,9.08,65.06,7.2,11.34,63.46,8.59,13.85,62.06,10.1,16.62,60.79,11.75,19.63,59.85,13.48,22.9,58.87,15.24,26.42,57.67,17.02,30.19,56.37,19.04,34.21,55.65,21.05,38.48,54.7,23.33,43.01,54.25,25.81,47.78,54.03,28.24,52.81,53.48,30.65,58.09,52.76,33.28,63.62,52.31
