OID,N,N_study,Source,BASE,X,Y,Precise,Country,Realm,Family,Genus,Taxon,Taxon_ITIS,Sample_met,Ocurrence,N_groups,Abundanc_1,Abundance,Density,Sample_yea,Sampling_e,Sampling_1,ID_Todo,TRAITS,Taxon_IT_1,ITIS_SPECI,BodyMass_k,DielActivi,HomeRange_,Locomotion,TrophicGui,Brain_size,Canine_Dim,MeanGroupS,Interbirth,Gestation,WeaningAge,MaxLongevi,LitterSz,AdultSexRa,Social_Sys,Mating_Sys,FOREST,BIOME,Buffer_500,Area500,FC_500,Buffer_700,Area700,FC_700,Buffer_900,Area900,FC_900,Buffer_110,Area1100,FC1100,Buffer_130,Area1300,FC_1300,Buffer_150,Area1500,FC_1500,Buffer_170,Area1700,FC_1700,Buffer_190,Area1900,FC_1900,Buffer_210,Area2100,FC_2100,Buffer_230,Area2300,FC_2300,Buffer_250,Area2500,FC_2500,Buffer_270,Area2700,FC_2700,Buffer_290,Area2900,FC_2900,Buffer_310,Area3100,FC_3100,Buffer_330,Area3300,FC_3300,Buffer_350,Area3500,FC_3500,Buffer_370,Area3700,F_Buffer_3,Buffer_390,Area_3900,FC_3900,Buffer_410,Area4100,FC_4100,Buffer_430,Area4300,FC_4300,Buffer_450,Area4500,FC_4500
-1,14567,336,Rakotondravony & Radespiel 2009,Ocurrencias,46.81152778,-16.13447222,Precise,Madagascar,Madagascar,Cheirogaleidae,Microcebus,Microcebus ravelobensis,Microcebus_ravelobensis,Sherman live traps and transects,1,0,33,N captures,5.11,2003,0,Sherman live traps per night,NA, ,Microcebus ravelobensis,Microcebus ravelobensis,0.055,N,0.57,AR,Omnivore,NA,NA,NA,NA,60,NA,NA,2,NA,Solitary,NA, ,9Tropical and Subtropical Dry Broadleaf Forest,0,0.79,0,0,1.54,0,0,2.54,0,0,3.8,0,0,5.31,0,0,7.07,0,0,9.08,0,0,11.34,0,0,13.85,0,0,16.62,0,0,19.63,0,0,22.9,0,0,26.42,0,0,30.19,0,0,34.21,0,0,38.48,0,0,43.01,0,0,47.78,0,0,52.81,0,0,58.09,0,0,63.62,0
-1,14568,336,Rakotondravony & Radespiel 2009,Ocurrencias,47.05447222,-16.26763889,Precise,Madagascar,Madagascar,Cheirogaleidae,Microcebus,Microcebus ravelobensis,Microcebus_ravelobensis,Sherman live traps and transects,1,0,30,N captures,8.33,2003,0,Sherman live traps per night,NA, ,Microcebus ravelobensis,Microcebus ravelobensis,0.055,N,0.57,AR,Omnivore,NA,NA,NA,NA,60,NA,NA,2,NA,Solitary,NA, ,9Tropical and Subtropical Dry Broadleaf Forest,0.431516917,0.79,54.62,0.8,1.54,52.06,1.03,2.54,40.49,1.33,3.8,34.88,1.94,5.31,36.58,2.84,7.07,40.16,4,9.08,44.1,5.42,11.34,47.78,6.78,13.85,48.92,8.25,16.62,49.66,9.94,19.63,50.63,11.6,22.9,50.67,13.24,26.42,50.13,14.87,30.19,49.27,16.47,34.21,48.15,18.29,38.48,47.53,20.37,43.01,47.36,22.8,47.78,47.72,25.32,52.81,47.95,27.74,58.09,47.76,30.35,63.62,47.7
-1,14569,336,Rakotondravony & Radespiel 2009,Ocurrencias,47.04852778,-16.26719444,Precise,Madagascar,Madagascar,Cheirogaleidae,Microcebus,Microcebus ravelobensis,Microcebus_ravelobensis,Sherman live traps and transects,1,0,10,N captures,4.41,2003,0,Sherman live traps per night,NA, ,Microcebus ravelobensis,Microcebus ravelobensis,0.055,N,0.57,AR,Omnivore,NA,NA,NA,NA,60,NA,NA,2,NA,Solitary,NA, ,9Tropical and Subtropical Dry Broadleaf Forest,0.267923337,0.79,33.91,0.51,1.54,33.42,0.91,2.54,35.85,1.54,3.8,40.53,2.4,5.31,45.26,3.25,7.07,46.01,4.13,9.08,45.49,5.41,11.34,47.67,6.9,13.85,49.81,8.4,16.62,50.52,9.88,19.63,50.35,11.21,22.9,48.95,12.72,26.42,48.13,14.33,30.19,47.46,16.32,34.21,47.7,18.35,38.48,47.68,20.56,43.01,47.8,22.78,47.78,47.68,25.22,52.81,47.76,27.63,58.09,47.56,30.03,63.62,47.21
-1,14570,336,Rakotondravony & Radespiel 2009,Ocurrencias,47.04652778,-16.25588889,Precise,Madagascar,Madagascar,Cheirogaleidae,Microcebus,Microcebus ravelobensis,Microcebus_ravelobensis,Sherman live traps and transects,1,0,5,N captures,0.27,2003,0,Sherman live traps per night,NA, ,Microcebus ravelobensis,Microcebus ravelobensis,0.055,N,0.57,AR,Omnivore,NA,NA,NA,NA,60,NA,NA,2,NA,Solitary,NA, ,9Tropical and Subtropical Dry Broadleaf Forest,0.524950771,0.79,66.45,0.94,1.54,61.09,1.5,2.54,58.93,2.25,3.8,59.27,3.29,5.31,62.04,4.32,7.07,61.12,5.43,9.08,59.82,6.73,11.34,59.37,8.21,13.85,59.28,9.83,16.62,59.14,11.39,19.63,58.02,12.99,22.9,56.74,14.76,26.42,55.88,16.64,30.19,55.13,18.45,34.21,53.93,20.28,38.48,52.69,22.13,43.01,51.45,24.21,47.78,50.68,26.34,52.81,49.88,28.54,58.09,49.14,30.65,63.62,48.18
-1,14571,336,Rakotondravony & Radespiel 2009,Ocurrencias,47.15141667,-16.23544444,Precise,Madagascar,Madagascar,Cheirogaleidae,Microcebus,Microcebus ravelobensis,Microcebus_ravelobensis,Sherman live traps and transects,1,0,22,N captures,2.58,2003,0,Sherman live traps per night,NA, ,Microcebus ravelobensis,Microcebus ravelobensis,0.055,N,0.57,AR,Omnivore,NA,NA,NA,NA,60,NA,NA,2,NA,Solitary,NA, ,9Tropical and Subtropical Dry Broadleaf Forest,0.57585068,0.79,72.89,0.98,1.54,63.78,1.58,2.54,62.35,2.3,3.8,60.46,3.12,5.31,58.82,3.89,7.07,54.98,4.41,9.08,48.61,5.17,11.34,45.59,5.97,13.85,43.13,6.96,16.62,41.85,7.9,19.63,40.25,8.99,22.9,39.25,10.19,26.42,38.58,11.45,30.19,37.93,12.83,34.21,37.49,14.33,38.48,37.23,16.21,43.01,37.69,18.25,47.78,38.2,20.54,52.81,38.9,23.01,58.09,39.62,25.49,63.62,40.07
-1,14572,336,Rakotondravony & Radespiel 2009,Ocurrencias,47.13947222,-16.233,Precise,Madagascar,Madagascar,Cheirogaleidae,Microcebus,Microcebus ravelobensis,Microcebus_ravelobensis,Sherman live traps and transects,1,0,2,N captures,0.38,2003,0,Sherman live traps per night,NA, ,Microcebus ravelobensis,Microcebus ravelobensis,0.055,N,0.57,AR,Omnivore,NA,NA,NA,NA,60,NA,NA,2,NA,Solitary,NA, ,9Tropical and Subtropical Dry Broadleaf Forest,0.169048651,0.79,21.4,0.25,1.54,15.98,0.59,2.54,23.25,1.17,3.8,30.82,1.87,5.31,35.16,2.54,7.07,35.98,3.3,9.08,36.31,4.11,11.34,36.28,4.89,13.85,35.29,5.79,16.62,34.84,6.87,19.63,35,8.15,22.9,35.57,9.64,26.42,36.49,11.41,30.19,37.78,13.27,34.21,38.79,15.24,38.48,39.59,17.39,43.01,40.44,19.76,47.78,41.36,22.26,52.81,42.16,24.67,58.09,42.47,27.26,63.62,42.84
-1,14573,336,Rakotondravony & Radespiel 2009,Ocurrencias,46.65827778,-16.34980556,Precise,Madagascar,Madagascar,Cheirogaleidae,Microcebus,Microcebus ravelobensis,Microcebus_ravelobensis,Sherman live traps and transects,1,0,4,N captures,0,2003,0,Sherman live traps per night,NA, ,Microcebus ravelobensis,Microcebus ravelobensis,0.055,N,0.57,AR,Omnivore,NA,NA,NA,NA,60,NA,NA,2,NA,Solitary,NA, ,9Tropical and Subtropical Dry Broadleaf Forest,0.392716525,0.79,49.71,0.57,1.54,36.98,0.84,2.54,33.22,1.26,3.8,33.11,1.74,5.31,32.74,2.4,7.07,33.93,3.26,9.08,35.88,4.14,11.34,36.53,5.04,13.85,36.4,5.91,16.62,35.56,6.74,19.63,34.32,7.44,22.9,32.48,8.12,26.42,30.75,8.77,30.19,29.04,9.38,34.21,27.42,10.17,38.48,26.42,10.93,43.01,25.41,11.86,47.78,24.81,12.91,52.81,24.45,14.03,58.09,24.15,15.11,63.62,23.75
-1,14574,336,Rakotondravony & Radespiel 2009,Ocurrencias,46.654,-16.34958333,Precise,Madagascar,Madagascar,Cheirogaleidae,Microcebus,Microcebus ravelobensis,Microcebus_ravelobensis,Sherman live traps and transects,1,0,3,N captures,0,2003,0,Sherman live traps per night,NA, ,Microcebus ravelobensis,Microcebus ravelobensis,0.055,N,0.57,AR,Omnivore,NA,NA,NA,NA,60,NA,NA,2,NA,Solitary,NA, ,9Tropical and Subtropical Dry Broadleaf Forest,0.091149958,0.79,11.54,0.35,1.54,22.41,0.7,2.54,27.65,1.11,3.8,29.28,1.58,5.31,29.74,2.18,7.07,30.86,2.98,9.08,32.86,3.92,11.34,34.56,4.8,13.85,34.68,5.68,16.62,34.15,6.44,19.63,32.81,7.28,22.9,31.81,8,26.42,30.27,8.69,30.19,28.8,9.54,34.21,27.87,10.46,38.48,27.18,11.51,43.01,26.76,12.58,47.78,26.32,13.63,52.81,25.81,14.77,58.09,25.42,15.82,63.62,24.87
-1,14575,336,Rakotondravony & Radespiel 2009,Ocurrencias,47.1565,-15.99544444,Precise,Madagascar,Madagascar,Cheirogaleidae,Microcebus,Microcebus ravelobensis,Microcebus_ravelobensis,Sherman live traps and transects,1,0,12,N captures,9.38,2003,0,Sherman live traps per night,NA, ,Microcebus ravelobensis,Microcebus ravelobensis,0.055,N,0.57,AR,Omnivore,NA,NA,NA,NA,60,NA,NA,2,NA,Solitary,NA, ,9Tropical and Subtropical Dry Broadleaf Forest,0.597224748,0.79,75.6,0.82,1.54,53.56,1.06,2.54,41.77,1.39,3.8,36.63,1.69,5.31,31.86,1.98,7.07,27.97,2.24,9.08,24.71,2.6,11.34,22.92,2.88,13.85,20.77,3.16,16.62,18.99,3.39,19.63,17.29,3.64,22.9,15.88,3.94,26.42,14.91,4.32,30.19,14.31,4.81,34.21,14.06,5.16,38.48,13.42,5.57,43.01,12.95,6.01,47.78,12.57,6.48,52.81,12.28,7.06,58.09,12.15,7.48,63.62,11.75
-1,14576,336,Rakotondravony & Radespiel 2009,Ocurrencias,47.15241667,-15.99530556,Precise,Madagascar,Madagascar,Cheirogaleidae,Microcebus,Microcebus ravelobensis,Microcebus_ravelobensis,Sherman live traps and transects,1,0,9,N captures,4.02,2003,0,Sherman live traps per night,NA, ,Microcebus ravelobensis,Microcebus ravelobensis,0.055,N,0.57,AR,Omnivore,NA,NA,NA,NA,60,NA,NA,2,NA,Solitary,NA, ,9Tropical and Subtropical Dry Broadleaf Forest,0.597867553,0.79,75.68,1.03,1.54,66.66,1.31,2.54,51.71,1.59,3.8,41.75,1.84,5.31,34.65,2.1,7.07,29.68,2.38,9.08,26.16,2.78,11.34,24.5,3.05,13.85,22.01,3.23,16.62,19.46,3.39,19.63,17.26,3.63,22.9,15.86,4.03,26.42,15.27,4.41,30.19,14.59,4.83,34.21,14.11,5.19,38.48,13.49,5.59,43.01,13,6.11,47.78,12.79,6.68,52.81,12.65,7.08,58.09,12.18,7.6,63.62,11.95
-1,14577,336,Rakotondravony & Radespiel 2009,Ocurrencias,47.13811111,-16.03622222,Precise,Madagascar,Madagascar,Cheirogaleidae,Microcebus,Microcebus ravelobensis,Microcebus_ravelobensis,Sherman live traps and transects,1,0,6,N captures,1.46,2003,0,Sherman live traps per night,NA, ,Microcebus ravelobensis,Microcebus ravelobensis,0.055,N,0.57,AR,Omnivore,NA,NA,NA,NA,60,NA,NA,2,NA,Solitary,NA, ,9Tropical and Subtropical Dry Broadleaf Forest,0.35007757,0.79,44.31,0.66,1.54,42.74,0.97,2.54,38.24,1.34,3.8,35.34,1.78,5.31,33.57,2.27,7.07,32.05,2.89,9.08,31.83,3.81,11.34,33.58,4.79,13.85,34.62,5.68,16.62,34.19,6.54,19.63,33.34,7.4,22.9,32.31,8.33,26.42,31.54,9.32,30.19,30.87,10.46,34.21,30.57,11.28,38.48,29.3,12.11,43.01,28.16,13.15,47.78,27.52,14.23,52.81,26.94,15.15,58.09,26.08,15.91,63.62,25.01
-1,14578,336,Rakotondravony & Radespiel 2009,Ocurrencias,47.13561111,-16.043,Precise,Madagascar,Madagascar,Cheirogaleidae,Microcebus,Microcebus ravelobensis,Microcebus_ravelobensis,Sherman live traps and transects,1,0,2,N captures,0.37,2003,0,Sherman live traps per night,NA, ,Microcebus ravelobensis,Microcebus ravelobensis,0.055,N,0.57,AR,Omnivore,NA,NA,NA,NA,60,NA,NA,2,NA,Solitary,NA, ,9Tropical and Subtropical Dry Broadleaf Forest,0.531242919,0.79,67.25,0.78,1.54,50.4,1.01,2.54,39.58,1.33,3.8,35.12,1.83,5.31,34.44,2.36,7.07,33.44,2.85,9.08,31.42,3.53,11.34,31.16,4.33,13.85,31.26,5.15,16.62,31,5.89,19.63,30,6.73,22.9,29.39,7.57,26.42,28.64,8.66,30.19,28.69,9.77,34.21,28.55,10.91,38.48,28.36,12.05,43.01,28.01,13.17,47.78,27.56,14.21,52.81,26.9,15.28,58.09,26.3,16.17,63.62,25.42
-1,14579,336,Rakotondravony & Radespiel 2009,Ocurrencias,47.14980556,-16.28422222,Precise,Madagascar,Madagascar,Cheirogaleidae,Microcebus,Microcebus ravelobensis,Microcebus_ravelobensis,Sherman live traps and transects,1,0,22,N captures,6.67,2003,0,Sherman live traps per night,NA, ,Microcebus ravelobensis,Microcebus ravelobensis,0.055,N,0.57,AR,Omnivore,NA,NA,NA,NA,60,NA,NA,2,NA,Solitary,NA, ,9Tropical and Subtropical Dry Broadleaf Forest,0.105075784,0.79,13.3,0.26,1.54,16.56,0.43,2.54,17.03,0.67,3.8,17.55,0.81,5.31,15.35,1,7.07,14.11,1.32,9.08,14.53,1.75,11.34,15.45,2.19,13.85,15.81,2.74,16.62,16.47,3.39,19.63,17.28,4.08,22.9,17.83,4.73,26.42,17.9,5.27,30.19,17.46,5.73,34.21,16.74,6.14,38.48,15.96,6.72,43.01,15.63,7.35,47.78,15.38,8.15,52.81,15.42,9.2,58.09,15.84,10.15,63.62,15.96
-1,14580,336,Rakotondravony & Radespiel 2009,Ocurrencias,47.00627778,-16.28566667,Precise,Madagascar,Madagascar,Cheirogaleidae,Microcebus,Microcebus ravelobensis,Microcebus_ravelobensis,Sherman live traps and transects,1,0,12,N captures,3.46,2003,0,Sherman live traps per night,NA, ,Microcebus ravelobensis,Microcebus ravelobensis,0.055,N,0.57,AR,Omnivore,NA,NA,NA,NA,60,NA,NA,2,NA,Solitary,NA, ,9Tropical and Subtropical Dry Broadleaf Forest,0.425648216,0.79,53.88,0.75,1.54,48.71,1.19,2.54,46.72,1.69,3.8,44.36,2.2,5.31,41.36,2.94,7.07,41.57,3.85,9.08,42.43,4.83,11.34,42.59,5.72,13.85,41.33,6.66,16.62,40.1,7.76,19.63,39.52,8.92,22.9,38.97,10.31,26.42,39.03,11.79,30.19,39.05,13.34,34.21,38.99,14.78,38.48,38.41,16.13,43.01,37.51,17.59,47.78,36.81,19.03,52.81,36.04,20.47,58.09,35.23,22.02,63.62,34.61
-1,14581,336,Rakotondravony & Radespiel 2009,Ocurrencias,47.00147222,-16.28308333,Precise,Madagascar,Madagascar,Cheirogaleidae,Microcebus,Microcebus ravelobensis,Microcebus_ravelobensis,Sherman live traps and transects,0,0,0,N captures,0,2003,0,Sherman live traps per night,NA, ,Microcebus ravelobensis,Microcebus ravelobensis,0.055,N,0.57,AR,Omnivore,NA,NA,NA,NA,60,NA,NA,2,NA,Solitary,NA, ,9Tropical and Subtropical Dry Broadleaf Forest,0.035532687,0.79,4.5,0.17,1.54,10.91,0.43,2.54,17.04,0.9,3.8,23.7,1.51,5.31,28.39,2.4,7.07,33.89,3.34,9.08,36.8,4.25,11.34,37.46,5.09,13.85,36.77,6.24,16.62,37.56,7.61,19.63,38.78,9.15,22.9,39.96,10.83,26.42,41.01,12.49,30.19,41.36,13.96,34.21,40.81,15.48,38.48,40.23,16.98,43.01,39.47,18.48,47.78,38.69,19.9,52.81,37.69,21.44,58.09,36.91,23.35,63.62,36.7
-1,14582,336,Rakotondravony & Radespiel 2009,Ocurrencias,46.89466667,-16.19286111,Precise,Madagascar,Madagascar,Cheirogaleidae,Microcebus,Microcebus ravelobensis,Microcebus_ravelobensis,Sherman live traps and transects,1,0,6,N captures,2.44,2003,0,Sherman live traps per night,NA, ,Microcebus ravelobensis,Microcebus ravelobensis,0.055,N,0.57,AR,Omnivore,NA,NA,NA,NA,60,NA,NA,2,NA,Solitary,NA, ,9Tropical and Subtropical Dry Broadleaf Forest,0.15392754,0.79,19.48,0.26,1.54,16.66,0.42,2.54,16.63,0.73,3.8,19.18,1.02,5.31,19.14,1.44,7.07,20.42,1.95,9.08,21.5,2.37,11.34,20.9,2.86,13.85,20.63,3.36,16.62,20.19,3.98,19.63,20.29,4.58,22.9,20.01,5.3,26.42,20.08,6.01,30.19,19.91,6.7,34.21,19.59,7.47,38.48,19.42,8.21,43.01,19.08,8.87,47.78,18.57,9.57,52.81,18.12,10.31,58.09,17.75,10.78,63.62,16.95
-1,14583,336,Rakotondravony & Radespiel 2009,Ocurrencias,46.90380556,-16.19358333,Precise,Madagascar,Madagascar,Cheirogaleidae,Microcebus,Microcebus ravelobensis,Microcebus_ravelobensis,Sherman live traps and transects,1,0,15,N captures,0,2003,0,Sherman live traps per night,NA, ,Microcebus ravelobensis,Microcebus ravelobensis,0.055,N,0.57,AR,Omnivore,NA,NA,NA,NA,60,NA,NA,2,NA,Solitary,NA, ,9Tropical and Subtropical Dry Broadleaf Forest,0.234320463,0.79,29.66,0.43,1.54,27.99,0.74,2.54,29.3,1.02,3.8,26.95,1.26,5.31,23.66,1.42,7.07,20.12,1.67,9.08,18.39,2.02,11.34,17.77,2.38,13.85,17.21,2.74,16.62,16.47,3.18,19.63,16.21,3.8,22.9,16.58,4.39,26.42,16.6,4.97,30.19,16.46,5.61,34.21,16.4,6.29,38.48,16.35,6.94,43.01,16.14,7.68,47.78,16.08,8.44,52.81,15.98,9.12,58.09,15.7,9.76,63.62,15.34
-1,14584,336,Rakotondravony & Radespiel 2009,Ocurrencias,46.88755556,-16.18494444,Precise,Madagascar,Madagascar,Cheirogaleidae,Microcebus,Microcebus ravelobensis,Microcebus_ravelobensis,Sherman live traps and transects,1,0,6,N captures,0.64,2003,0,Sherman live traps per night,NA, ,Microcebus ravelobensis,Microcebus ravelobensis,0.055,N,0.57,AR,Omnivore,NA,NA,NA,NA,60,NA,NA,2,NA,Solitary,NA, ,9Tropical and Subtropical Dry Broadleaf Forest,0.330910798,0.79,41.89,0.54,1.54,34.75,0.72,2.54,28.47,1.03,3.8,27.2,1.41,5.31,26.5,1.67,7.07,23.67,2.11,9.08,23.27,2.58,11.34,22.74,3.08,13.85,22.23,3.62,16.62,21.8,4.28,19.63,21.78,4.97,22.9,21.7,5.69,26.42,21.52,6.54,30.19,21.67,7.24,34.21,21.17,7.84,38.48,20.38,8.25,43.01,19.18,8.69,47.78,18.18,9.11,52.81,17.25,9.59,58.09,16.5,10.2,63.62,16.04
-1,14585,336,Rakotondravony & Radespiel 2009,Ocurrencias,46.91794444,-16.31897222,Precise,Madagascar,Madagascar,Cheirogaleidae,Microcebus,Microcebus ravelobensis,Microcebus_ravelobensis,Sherman live traps and transects,1,0,1,N captures,0.08,2003,0,Sherman live traps per night,NA, ,Microcebus ravelobensis,Microcebus ravelobensis,0.055,N,0.57,AR,Omnivore,NA,NA,NA,NA,60,NA,NA,2,NA,Solitary,NA, ,9Tropical and Subtropical Dry Broadleaf Forest,0.028288459,0.79,3.58,0.13,1.54,8.25,0.37,2.54,14.75,0.72,3.8,18.89,1.07,5.31,20.08,1.43,7.07,20.23,1.93,9.08,21.26,2.53,11.34,22.31,3.32,13.85,23.95,4.37,16.62,26.3,5.44,19.63,27.7,6.51,22.9,28.45,7.69,26.42,29.1,8.78,30.19,29.08,9.84,34.21,28.76,10.58,38.48,27.49,11.56,43.01,26.87,12.52,47.78,26.2,13.69,52.81,25.93,15.07,58.09,25.95,16.69,63.62,26.24
-1,14586,336,Rakotondravony & Radespiel 2009,Ocurrencias,46.9175,-16.32480556,Precise,Madagascar,Madagascar,Cheirogaleidae,Microcebus,Microcebus ravelobensis,Microcebus_ravelobensis,Sherman live traps and transects,0,0,0,N captures,0,2003,0,Sherman live traps per night,NA, ,Microcebus ravelobensis,Microcebus ravelobensis,0.055,N,0.57,AR,Omnivore,NA,NA,NA,NA,60,NA,NA,2,NA,Solitary,NA, ,9Tropical and Subtropical Dry Broadleaf Forest,0.296221769,0.79,37.5,0.38,1.54,24.78,0.56,2.54,22.07,0.93,3.8,24.57,1.29,5.31,24.3,1.65,7.07,23.34,2.11,9.08,23.26,2.66,11.34,23.43,3.34,13.85,24.11,4.2,16.62,25.29,5.09,19.63,25.94,5.94,22.9,25.95,6.66,26.42,25.2,7.34,30.19,24.32,8.11,34.21,23.72,8.92,38.48,23.19,10.07,43.01,23.41,11.13,47.78,23.29,11.98,52.81,22.68,12.86,58.09,22.13,13.88,63.62,21.82
-1,14587,336,Rakotondravony & Radespiel 2009,Ocurrencias,46.92230556,-16.32625,Precise,Madagascar,Madagascar,Cheirogaleidae,Microcebus,Microcebus ravelobensis,Microcebus_ravelobensis,Sherman live traps and transects,1,0,1,N captures,2.39,2003,0,Sherman live traps per night,NA, ,Microcebus ravelobensis,Microcebus ravelobensis,0.055,N,0.57,AR,Omnivore,NA,NA,NA,NA,60,NA,NA,2,NA,Solitary,NA, ,9Tropical and Subtropical Dry Broadleaf Forest,0.405465948,0.79,51.32,0.65,1.54,42.07,0.83,2.54,32.65,1,3.8,26.28,1.44,5.31,27.08,2.02,7.07,28.58,2.69,9.08,29.6,3.5,11.34,30.87,4.28,13.85,30.9,4.84,16.62,29.1,5.53,19.63,28.16,6.34,22.9,27.67,6.96,26.42,26.36,7.85,30.19,26.01,8.51,34.21,24.88,9.09,38.48,23.63,9.76,43.01,22.7,10.56,47.78,22.09,11.43,52.81,21.64,12.08,58.09,20.8,12.96,63.62,20.37
-1,14588,336,Rakotondravony & Radespiel 2009,Ocurrencias,46.82811111,-16.31236111,Precise,Madagascar,Madagascar,Cheirogaleidae,Microcebus,Microcebus ravelobensis,Microcebus_ravelobensis,Sherman live traps and transects,0,0,0,N captures,0,2003,0,Sherman live traps per night,NA, ,Microcebus ravelobensis,Microcebus ravelobensis,0.055,N,0.57,AR,Omnivore,NA,NA,NA,NA,60,NA,NA,2,NA,Solitary,NA, ,9Tropical and Subtropical Dry Broadleaf Forest,0.283045804,0.79,35.83,0.72,1.54,46.83,1.18,2.54,46.31,1.61,3.8,42.41,2.25,5.31,42.34,3.09,7.07,43.77,4.13,9.08,45.44,5.24,11.34,46.24,6.52,13.85,47.1,8.16,16.62,49.07,10.03,19.63,51.08,12.02,22.9,52.49,13.99,26.42,52.95,15.73,30.19,52.12,17.25,34.21,50.42,18.77,38.48,48.79,20.6,43.01,47.88,22.07,47.78,46.19,23.33,52.81,44.18,24.44,58.09,42.07,25.42,63.62,39.96
