OID,N,N_study,Source,BASE,X,Y,Precise,Country,Realm,Family,Genus,Taxon,Taxon_ITIS,Sample_met,Ocurrence,N_groups,Abundanc_1,Abundance,Density,Sample_yea,Sampling_e,Sampling_1,ID_Todo,TRAITS,Taxon_IT_1,ITIS_SPECI,BodyMass_k,DielActivi,HomeRange_,Locomotion,TrophicGui,Brain_size,Canine_Dim,MeanGroupS,Interbirth,Gestation,WeaningAge,MaxLongevi,LitterSz,AdultSexRa,Social_Sys,Mating_Sys,FOREST,BIOME,Buffer_500,Area500,FC_500,Buffer_700,Area700,FC_700,Buffer_900,Area900,FC_900,Buffer_110,Area1100,FC1100,Buffer_130,Area1300,FC_1300,Buffer_150,Area1500,FC_1500,Buffer_170,Area1700,FC_1700,Buffer_190,Area1900,FC_1900,Buffer_210,Area2100,FC_2100,Buffer_230,Area2300,FC_2300,Buffer_250,Area2500,FC_2500,Buffer_270,Area2700,FC_2700,Buffer_290,Area2900,FC_2900,Buffer_310,Area3100,FC_3100,Buffer_330,Area3300,FC_3300,Buffer_350,Area3500,FC_3500,Buffer_370,Area3700,F_Buffer_3,Buffer_390,Area_3900,FC_3900,Buffer_410,Area4100,FC_4100,Buffer_430,Area4300,FC_4300,Buffer_450,Area4500,FC_4500
-1,15351,23,Henschel 2008,Ocurrencias,12.20075,-1.2995,Precise,Gabon,Africa,Hominidae,Pan,Pan troglodytes,Pan_troglodytes ,camera traps,0,0,0,NA,0,2004,1,day,NA, ,Pan troglodytes ,Pan troglodytes,53.7,D,1714.9,BOTH,Omnivore,368.35,1.423,63.1,1825,229,1260.81,720,1.05,2.9,Polygyndry,Polygyndry, ,2Tropical_and_suptropical_moist_broadleaf_forest,0.76344937,0.79,96.64,1.5,1.54,97.56,2.49,2.54,98.08,3.73,3.8,98.09,5.2,5.31,98.01,NA,7.07,NA,8.88,9.08,97.79,11.08,11.34,97.72,13.52,13.85,97.64,16.21,16.62,97.55,19.14,19.63,97.49,22.31,22.9,97.42,25.71,26.42,97.33,29.38,30.19,97.32,33.31,34.21,97.36,37.45,38.48,97.32,41.89,43.01,97.39,46.57,47.78,97.47,51.51,52.81,97.54,56.7,58.09,97.61,62.13,63.62,97.67
-1,15352,23,Henschel 2008,Ocurrencias,12.19613,-1.29862,Precise,Gabon,Africa,Hominidae,Pan,Pan troglodytes,Pan_troglodytes ,camera traps,0,0,0,NA,0,2004,1,day,NA, ,Pan troglodytes ,Pan troglodytes,53.7,D,1714.9,BOTH,Omnivore,368.35,1.423,63.1,1825,229,1260.81,720,1.05,2.9,Polygyndry,Polygyndry, ,2Tropical_and_suptropical_moist_broadleaf_forest,0.772457233,0.79,97.78,1.51,1.54,98.31,2.5,2.54,98.26,3.73,3.8,98.09,5.21,5.31,98.13,NA,7.07,NA,8.91,9.08,98.13,11.12,11.34,98.02,13.55,13.85,97.83,16.26,16.62,97.84,19.2,19.63,97.8,22.37,22.9,97.69,25.76,26.42,97.52,29.42,30.19,97.45,33.34,34.21,97.46,37.49,38.48,97.42,41.91,43.01,97.44,46.59,47.78,97.51,51.52,52.81,97.56,56.71,58.09,97.63,62.14,63.62,97.67
-1,15353,23,Henschel 2008,Ocurrencias,12.21424,-1.28862,Precise,Gabon,Africa,Hominidae,Pan,Pan troglodytes,Pan_troglodytes ,camera traps,0,0,0,NA,0,2004,1,day,NA, ,Pan troglodytes ,Pan troglodytes,53.7,D,1714.9,BOTH,Omnivore,368.35,1.423,63.1,1825,229,1260.81,720,1.05,2.9,Polygyndry,Polygyndry, ,2Tropical_and_suptropical_moist_broadleaf_forest,0.772456685,0.79,97.78,1.51,1.54,98.31,2.5,2.54,98.54,3.74,3.8,98.39,5.21,5.31,98.15,NA,7.07,NA,8.92,9.08,98.19,11.11,11.34,97.97,13.56,13.85,97.9,16.24,16.62,97.72,19.2,19.63,97.81,22.41,22.9,97.85,25.83,26.42,97.78,29.51,30.19,97.74,33.43,34.21,97.72,37.6,38.48,97.72,42.02,43.01,97.7,46.71,47.78,97.76,51.62,52.81,97.75,56.79,58.09,97.76,62.21,63.62,97.79
-1,15354,23,Henschel 2008,Ocurrencias,12.21,-1.27982,Precise,Gabon,Africa,Hominidae,Pan,Pan troglodytes,Pan_troglodytes ,camera traps,0,0,0,NA,0,2004,1,day,NA, ,Pan troglodytes ,Pan troglodytes,53.7,D,1714.9,BOTH,Omnivore,368.35,1.423,63.1,1825,229,1260.81,720,1.05,2.9,Polygyndry,Polygyndry, ,2Tropical_and_suptropical_moist_broadleaf_forest,0.772462773,0.79,97.78,1.51,1.54,98.31,2.5,2.54,98.54,3.74,3.8,98.39,5.22,5.31,98.35,NA,7.07,NA,8.93,9.08,98.35,11.16,11.34,98.37,13.62,13.85,98.37,16.33,16.62,98.28,19.3,19.63,98.31,22.51,22.9,98.28,25.94,26.42,98.2,29.62,30.19,98.11,33.55,34.21,98.08,37.74,38.48,98.07,42.18,43.01,98.08,46.85,47.78,98.06,51.75,52.81,97.99,56.9,58.09,97.94,62.3,63.62,97.93
-1,15355,23,Henschel 2008,Ocurrencias,12.21079,-1.28474,Precise,Gabon,Africa,Hominidae,Pan,Pan troglodytes,Pan_troglodytes ,camera traps,0,0,0,NA,0,2004,1,day,NA, ,Pan troglodytes ,Pan troglodytes,53.7,D,1714.9,BOTH,Omnivore,368.35,1.423,63.1,1825,229,1260.81,720,1.05,2.9,Polygyndry,Polygyndry, ,2Tropical_and_suptropical_moist_broadleaf_forest,0.772457824,0.79,97.78,1.51,1.54,98.31,2.5,2.54,98.54,3.74,3.8,98.39,5.22,5.31,98.35,NA,7.07,NA,8.93,9.08,98.32,11.14,11.34,98.24,13.61,13.85,98.25,16.32,16.62,98.21,19.24,19.63,98.01,22.44,22.9,98,25.88,26.42,97.96,29.58,30.19,97.99,33.53,34.21,98,37.67,38.48,97.9,42.08,43.01,97.84,46.74,47.78,97.81,51.66,52.81,97.82,56.84,58.09,97.84,62.26,63.62,97.86
-1,15356,23,Henschel 2008,Ocurrencias,12.21974,-1.28268,Precise,Gabon,Africa,Hominidae,Pan,Pan troglodytes,Pan_troglodytes ,camera traps,0,0,0,NA,0,2004,1,day,NA, ,Pan troglodytes ,Pan troglodytes,53.7,D,1714.9,BOTH,Omnivore,368.35,1.423,63.1,1825,229,1260.81,720,1.05,2.9,Polygyndry,Polygyndry, ,2Tropical_and_suptropical_moist_broadleaf_forest,0.772461934,0.79,97.78,1.51,1.54,98.31,2.5,2.54,98.54,3.74,3.8,98.33,5.21,5.31,98.19,NA,7.07,NA,8.92,9.08,98.26,11.15,11.34,98.29,13.61,13.85,98.24,16.31,16.62,98.16,19.27,19.63,98.16,22.45,22.9,98.03,25.89,26.42,97.99,29.56,30.19,97.9,33.51,34.21,97.96,37.71,38.48,98,42.11,43.01,97.91,46.77,47.78,97.88,51.68,52.81,97.86,56.84,58.09,97.84,62.25,63.62,97.84
-1,15357,23,Henschel 2008,Ocurrencias,12.21355,-1.26215,Precise,Gabon,Africa,Hominidae,Pan,Pan troglodytes,Pan_troglodytes ,camera traps,0,0,0,NA,0,2004,1,day,NA, ,Pan troglodytes ,Pan troglodytes,53.7,D,1714.9,BOTH,Omnivore,368.35,1.423,63.1,1825,229,1260.81,720,1.05,2.9,Polygyndry,Polygyndry, ,2Tropical_and_suptropical_moist_broadleaf_forest,0.772422363,0.79,97.77,1.51,1.54,98.32,2.5,2.54,98.54,3.74,3.8,98.39,5.22,5.31,98.35,NA,7.07,NA,8.93,9.08,98.35,11.16,11.34,98.37,13.63,13.85,98.39,16.35,16.62,98.36,19.31,19.63,98.39,22.53,22.9,98.37,25.99,26.42,98.37,29.7,30.19,98.36,33.65,34.21,98.37,37.85,38.48,98.36,42.3,43.01,98.34,46.99,47.78,98.35,51.94,52.81,98.35,57.12,58.09,98.33,62.54,63.62,98.31
-1,15358,23,Henschel 2008,Ocurrencias,12.21676,-1.24534,Precise,Gabon,Africa,Hominidae,Pan,Pan troglodytes,Pan_troglodytes ,camera traps,0,0,0,NA,0,2004,1,day,NA, ,Pan troglodytes ,Pan troglodytes,53.7,D,1714.9,BOTH,Omnivore,368.35,1.423,63.1,1825,229,1260.81,720,1.05,2.9,Polygyndry,Polygyndry, ,2Tropical_and_suptropical_moist_broadleaf_forest,0.772406161,0.79,97.77,1.51,1.54,98.32,2.5,2.54,98.54,3.74,3.8,98.39,5.22,5.31,98.35,NA,7.07,NA,8.93,9.08,98.35,11.16,11.34,98.37,13.63,13.85,98.39,16.35,16.62,98.36,19.31,19.63,98.39,22.53,22.9,98.37,25.99,26.42,98.36,29.7,30.19,98.36,33.65,34.21,98.37,37.85,38.48,98.37,42.3,43.01,98.36,47,47.78,98.37,51.95,52.81,98.36,57.14,58.09,98.36,62.58,63.62,98.36
-1,15359,23,Henschel 2008,Ocurrencias,12.21113,-1.21915,Precise,Gabon,Africa,Hominidae,Pan,Pan troglodytes,Pan_troglodytes ,camera traps,0,0,0,NA,0,2004,1,day,NA, ,Pan troglodytes ,Pan troglodytes,53.7,D,1714.9,BOTH,Omnivore,368.35,1.423,63.1,1825,229,1260.81,720,1.05,2.9,Polygyndry,Polygyndry, ,2Tropical_and_suptropical_moist_broadleaf_forest,0.772466125,0.79,97.78,1.51,1.54,98.31,2.5,2.54,98.54,3.74,3.8,98.39,5.22,5.31,98.35,NA,7.07,NA,8.93,9.08,98.35,11.16,11.34,98.37,13.63,13.85,98.39,16.35,16.62,98.36,19.31,19.63,98.39,22.53,22.9,98.37,25.99,26.42,98.36,29.7,30.19,98.36,33.65,34.21,98.37,37.85,38.48,98.37,42.3,43.01,98.35,47,47.78,98.36,51.94,52.81,98.35,57.13,58.09,98.35,62.56,63.62,98.34
-1,15360,23,Henschel 2008,Ocurrencias,12.19461,-1.21734,Precise,Gabon,Africa,Hominidae,Pan,Pan troglodytes,Pan_troglodytes ,camera traps,0,0,0,NA,0,2004,1,day,NA, ,Pan troglodytes ,Pan troglodytes,53.7,D,1714.9,BOTH,Omnivore,368.35,1.423,63.1,1825,229,1260.81,720,1.05,2.9,Polygyndry,Polygyndry, ,2Tropical_and_suptropical_moist_broadleaf_forest,0.772477147,0.79,97.78,1.51,1.54,98.31,2.5,2.54,98.54,3.74,3.8,98.39,5.22,5.31,98.35,NA,7.07,NA,8.93,9.08,98.35,11.16,11.34,98.37,13.63,13.85,98.39,16.35,16.62,98.36,19.31,19.63,98.39,22.53,22.9,98.37,25.99,26.42,98.36,29.7,30.19,98.36,33.65,34.21,98.37,37.85,38.48,98.37,42.3,43.01,98.35,46.99,47.78,98.34,51.92,52.81,98.32,57.11,58.09,98.32,62.54,63.62,98.3
-1,15361,23,Henschel 2008,Ocurrencias,12.18208,-1.21246,Precise,Gabon,Africa,Hominidae,Pan,Pan troglodytes,Pan_troglodytes ,camera traps,0,0,0,NA,0,2004,1,day,NA, ,Pan troglodytes ,Pan troglodytes,53.7,D,1714.9,BOTH,Omnivore,368.35,1.423,63.1,1825,229,1260.81,720,1.05,2.9,Polygyndry,Polygyndry, ,2Tropical_and_suptropical_moist_broadleaf_forest,0.77241191,0.79,97.77,1.51,1.54,98.32,2.5,2.54,98.54,3.74,3.8,98.39,5.22,5.31,98.35,NA,7.07,NA,8.93,9.08,98.35,11.16,11.34,98.37,13.63,13.85,98.39,16.35,16.62,98.36,19.31,19.63,98.37,22.52,22.9,98.34,25.97,26.42,98.29,29.67,30.19,98.27,33.61,34.21,98.26,37.81,38.48,98.27,42.26,43.01,98.26,46.95,47.78,98.26,51.88,52.81,98.24,57.06,58.09,98.23,62.49,63.62,98.23
-1,15362,23,Henschel 2008,Ocurrencias,12.1805,-1.22892,Precise,Gabon,Africa,Hominidae,Pan,Pan troglodytes,Pan_troglodytes ,camera traps,0,0,0,NA,0,2004,1,day,NA, ,Pan troglodytes ,Pan troglodytes,53.7,D,1714.9,BOTH,Omnivore,368.35,1.423,63.1,1825,229,1260.81,720,1.05,2.9,Polygyndry,Polygyndry, ,2Tropical_and_suptropical_moist_broadleaf_forest,0.772470399,0.79,97.78,1.51,1.54,98.31,2.5,2.54,98.54,3.74,3.8,98.39,5.22,5.31,98.35,NA,7.07,NA,8.93,9.08,98.35,11.16,11.34,98.37,13.63,13.85,98.39,16.35,16.62,98.36,19.31,19.63,98.39,22.53,22.9,98.37,25.99,26.42,98.36,29.7,30.19,98.36,33.65,34.21,98.37,37.85,38.48,98.37,42.3,43.01,98.35,47,47.78,98.36,51.93,52.81,98.34,57.11,58.09,98.32,62.54,63.62,98.31
-1,15363,23,Henschel 2008,Ocurrencias,12.19404,-1.2498,Precise,Gabon,Africa,Hominidae,Pan,Pan troglodytes,Pan_troglodytes ,camera traps,0,0,0,NA,0,2004,1,day,NA, ,Pan troglodytes ,Pan troglodytes,53.7,D,1714.9,BOTH,Omnivore,368.35,1.423,63.1,1825,229,1260.81,720,1.05,2.9,Polygyndry,Polygyndry, ,2Tropical_and_suptropical_moist_broadleaf_forest,0.772457461,0.79,97.78,1.51,1.54,98.31,2.5,2.54,98.54,3.74,3.8,98.39,5.22,5.31,98.35,NA,7.07,NA,8.93,9.08,98.35,11.16,11.34,98.37,13.63,13.85,98.39,16.35,16.62,98.36,19.31,19.63,98.39,22.53,22.9,98.37,25.99,26.42,98.36,29.7,30.19,98.36,33.65,34.21,98.37,37.85,38.48,98.37,42.3,43.01,98.36,47,47.78,98.37,51.95,52.81,98.36,57.14,58.09,98.36,62.58,63.62,98.36
-1,15364,23,Henschel 2008,Ocurrencias,12.19879,-1.27044,Precise,Gabon,Africa,Hominidae,Pan,Pan troglodytes,Pan_troglodytes ,camera traps,0,0,0,NA,0,2004,1,day,NA, ,Pan troglodytes ,Pan troglodytes,53.7,D,1714.9,BOTH,Omnivore,368.35,1.423,63.1,1825,229,1260.81,720,1.05,2.9,Polygyndry,Polygyndry, ,2Tropical_and_suptropical_moist_broadleaf_forest,0.772391922,0.79,97.77,1.51,1.54,98.32,2.5,2.54,98.54,3.74,3.8,98.39,5.22,5.31,98.35,NA,7.07,NA,8.93,9.08,98.35,11.16,11.34,98.37,13.63,13.85,98.39,16.35,16.62,98.36,19.31,19.63,98.39,22.53,22.9,98.37,25.99,26.42,98.36,29.7,30.19,98.36,33.65,34.21,98.37,37.85,38.48,98.37,42.29,43.01,98.33,46.98,47.78,98.32,51.92,52.81,98.31,57.1,58.09,98.3,62.49,63.62,98.23
-1,15365,23,Henschel 2008,Ocurrencias,12.20587,-1.28919,Precise,Gabon,Africa,Hominidae,Pan,Pan troglodytes,Pan_troglodytes ,camera traps,0,0,0,NA,0,2004,1,day,NA, ,Pan troglodytes ,Pan troglodytes,53.7,D,1714.9,BOTH,Omnivore,368.35,1.423,63.1,1825,229,1260.81,720,1.05,2.9,Polygyndry,Polygyndry, ,2Tropical_and_suptropical_moist_broadleaf_forest,0.772470537,0.79,97.78,1.51,1.54,98.31,2.5,2.54,98.54,3.74,3.8,98.39,5.22,5.31,98.34,NA,7.07,NA,8.91,9.08,98.15,11.14,11.34,98.21,13.59,13.85,98.14,16.28,16.62,97.93,19.24,19.63,98.01,22.43,22.9,97.95,25.88,26.42,97.95,29.54,30.19,97.85,33.44,34.21,97.76,37.59,38.48,97.69,42,43.01,97.66,46.69,47.78,97.72,51.62,52.81,97.74,56.77,58.09,97.73,62.2,63.62,97.77
-1,15366,23,Henschel 2008,Ocurrencias,12.13071,-1.20859,Precise,Gabon,Africa,Hominidae,Pan,Pan troglodytes,Pan_troglodytes ,camera traps,0,0,0,NA,0,2005,1,day,NA, ,Pan troglodytes ,Pan troglodytes,53.7,D,1714.9,BOTH,Omnivore,368.35,1.423,63.1,1825,229,1260.81,720,1.05,2.9,Polygyndry,Polygyndry, ,2Tropical_and_suptropical_moist_broadleaf_forest,0.772381437,0.79,97.77,1.51,1.54,98.32,2.5,2.54,98.54,3.74,3.8,98.38,5.22,5.31,98.29,NA,7.07,NA,8.9,9.08,98.04,11.12,11.34,98.1,13.59,13.85,98.12,16.3,16.62,98.09,19.26,19.63,98.14,22.45,22.9,98.02,25.9,26.42,98.04,29.59,30.19,98.02,33.54,34.21,98.03,37.72,38.48,98.03,42.16,43.01,98.03,46.85,47.78,98.06,51.79,52.81,98.07,56.98,58.09,98.09,62.41,63.62,98.1
-1,15367,23,Henschel 2008,Ocurrencias,12.13692,-1.19909,Precise,Gabon,Africa,Hominidae,Pan,Pan troglodytes,Pan_troglodytes ,camera traps,1,0,0,NA,0,2005,1,day,NA, ,Pan troglodytes ,Pan troglodytes,53.7,D,1714.9,BOTH,Omnivore,368.35,1.423,63.1,1825,229,1260.81,720,1.05,2.9,Polygyndry,Polygyndry, ,2Tropical_and_suptropical_moist_broadleaf_forest,0.772419108,0.79,97.77,1.51,1.54,98.32,2.5,2.54,98.48,3.73,3.8,98.26,5.21,5.31,98.05,NA,7.07,NA,8.9,9.08,98.06,11.12,11.34,98.06,13.59,13.85,98.12,16.3,16.62,98.09,19.26,19.63,98.1,22.45,22.9,98.03,25.87,26.42,97.91,29.57,30.19,97.94,33.51,34.21,97.96,37.71,38.48,98,42.15,43.01,98.01,46.85,47.78,98.05,51.78,52.81,98.06,56.97,58.09,98.07,62.4,63.62,98.08
-1,15368,23,Henschel 2008,Ocurrencias,12.11618,-1.19143,Precise,Gabon,Africa,Hominidae,Pan,Pan troglodytes,Pan_troglodytes ,camera traps,0,0,0,NA,0,2005,1,day,NA, ,Pan troglodytes ,Pan troglodytes,53.7,D,1714.9,BOTH,Omnivore,368.35,1.423,63.1,1825,229,1260.81,720,1.05,2.9,Polygyndry,Polygyndry, ,2Tropical_and_suptropical_moist_broadleaf_forest,0.760773941,0.79,96.3,1.49,1.54,97.04,2.48,2.54,97.77,3.72,3.8,97.86,5.19,5.31,97.78,NA,7.07,NA,8.88,9.08,97.79,11.1,11.34,97.92,13.58,13.85,98.02,16.3,16.62,98.05,19.26,19.63,98.12,22.47,22.9,98.12,25.92,26.42,98.11,29.63,30.19,98.14,33.58,34.21,98.15,37.77,38.48,98.16,42.19,43.01,98.1,46.88,47.78,98.11,51.81,52.81,98.11,57,58.09,98.12,62.43,63.62,98.12
-1,15369,23,Henschel 2008,Ocurrencias,12.17443,-1.15461,Precise,Gabon,Africa,Hominidae,Pan,Pan troglodytes,Pan_troglodytes ,camera traps,0,0,0,NA,0,2005,1,day,NA, ,Pan troglodytes ,Pan troglodytes,53.7,D,1714.9,BOTH,Omnivore,368.35,1.423,63.1,1825,229,1260.81,720,1.05,2.9,Polygyndry,Polygyndry, ,2Tropical_and_suptropical_moist_broadleaf_forest,0.772473158,0.79,97.78,1.51,1.54,98.31,2.5,2.54,98.54,3.74,3.8,98.35,5.22,5.31,98.31,NA,7.07,NA,8.92,9.08,98.27,11.15,11.34,98.29,13.62,13.85,98.32,16.34,16.62,98.3,19.3,19.63,98.33,22.52,22.9,98.32,25.97,26.42,98.3,29.67,30.19,98.28,33.62,34.21,98.28,37.82,38.48,98.29,42.27,43.01,98.27,46.95,47.78,98.26,51.88,52.81,98.24,57.06,58.09,98.22,62.47,63.62,98.19
-1,15370,23,Henschel 2008,Ocurrencias,12.18338,-1.17472,Precise,Gabon,Africa,Hominidae,Pan,Pan troglodytes,Pan_troglodytes ,camera traps,0,0,0,NA,0,2005,1,day,NA, ,Pan troglodytes ,Pan troglodytes,53.7,D,1714.9,BOTH,Omnivore,368.35,1.423,63.1,1825,229,1260.81,720,1.05,2.9,Polygyndry,Polygyndry, ,2Tropical_and_suptropical_moist_broadleaf_forest,0.772443256,0.79,97.78,1.51,1.54,98.31,2.5,2.54,98.54,3.74,3.8,98.39,5.22,5.31,98.34,NA,7.07,NA,8.92,9.08,98.27,11.15,11.34,98.3,13.61,13.85,98.29,16.33,16.62,98.23,19.29,19.63,98.25,22.48,22.9,98.18,25.94,26.42,98.18,29.65,30.19,98.2,33.59,34.21,98.2,37.79,38.48,98.21,42.23,43.01,98.18,46.92,47.78,98.2,51.85,52.81,98.18,57.03,58.09,98.17,62.46,63.62,98.18
-1,15371,23,Henschel 2008,Ocurrencias,12.17258,-1.20175,Precise,Gabon,Africa,Hominidae,Pan,Pan troglodytes,Pan_troglodytes ,camera traps,1,0,0,NA,0,2005,1,day,NA, ,Pan troglodytes ,Pan troglodytes,53.7,D,1714.9,BOTH,Omnivore,368.35,1.423,63.1,1825,229,1260.81,720,1.05,2.9,Polygyndry,Polygyndry, ,2Tropical_and_suptropical_moist_broadleaf_forest,0.772404356,0.79,97.77,1.51,1.54,98.32,2.5,2.54,98.54,3.73,3.8,98.28,5.21,5.31,98.14,NA,7.07,NA,8.91,9.08,98.09,11.12,11.34,98.09,13.59,13.85,98.15,16.31,16.62,98.12,19.27,19.63,98.15,22.48,22.9,98.16,25.92,26.42,98.09,29.62,30.19,98.12,33.58,34.21,98.14,37.78,38.48,98.17,42.22,43.01,98.16,46.92,47.78,98.19,51.86,52.81,98.2,57.05,58.09,98.2,62.48,63.62,98.21
-1,15372,23,Henschel 2008,Ocurrencias,12.16968,-1.18405,Precise,Gabon,Africa,Hominidae,Pan,Pan troglodytes,Pan_troglodytes ,camera traps,0,0,0,NA,0,2005,1,day,NA, ,Pan troglodytes ,Pan troglodytes,53.7,D,1714.9,BOTH,Omnivore,368.35,1.423,63.1,1825,229,1260.81,720,1.05,2.9,Polygyndry,Polygyndry, ,2Tropical_and_suptropical_moist_broadleaf_forest,0.772489808,0.79,97.78,1.51,1.54,98.22,2.49,2.54,98.22,3.73,3.8,98.06,5.21,5.31,98.09,NA,7.07,NA,8.92,9.08,98.2,11.13,11.34,98.15,13.6,13.85,98.18,16.3,16.62,98.1,19.25,19.63,98.09,22.47,22.9,98.11,25.92,26.42,98.11,29.63,30.19,98.13,33.57,34.21,98.14,37.77,38.48,98.15,42.21,43.01,98.14,46.9,47.78,98.17,51.84,52.81,98.17,57.02,58.09,98.16,62.45,63.62,98.17
-1,15373,23,Henschel 2008,Ocurrencias,12.19211,-1.18344,Precise,Gabon,Africa,Hominidae,Pan,Pan troglodytes,Pan_troglodytes ,camera traps,0,0,0,NA,0,2005,1,day,NA, ,Pan troglodytes ,Pan troglodytes,53.7,D,1714.9,BOTH,Omnivore,368.35,1.423,63.1,1825,229,1260.81,720,1.05,2.9,Polygyndry,Polygyndry, ,2Tropical_and_suptropical_moist_broadleaf_forest,0.767095694,0.79,97.1,1.51,1.54,97.96,2.49,2.54,98.19,3.73,3.8,98.16,5.21,5.31,98.13,NA,7.07,NA,8.91,9.08,98.17,11.13,11.34,98.14,13.6,13.85,98.2,16.32,16.62,98.19,19.28,19.63,98.22,22.49,22.9,98.19,25.94,26.42,98.17,29.65,30.19,98.2,33.6,34.21,98.21,37.8,38.48,98.23,42.24,43.01,98.22,46.93,47.78,98.23,51.87,52.81,98.22,57.06,58.09,98.22,62.49,63.62,98.22
-1,15374,23,Henschel 2008,Ocurrencias,12.1731,-1.13919,Precise,Gabon,Africa,Hominidae,Pan,Pan troglodytes,Pan_troglodytes ,camera traps,0,0,0,NA,0,2005,1,day,NA, ,Pan troglodytes ,Pan troglodytes,53.7,D,1714.9,BOTH,Omnivore,368.35,1.423,63.1,1825,229,1260.81,720,1.05,2.9,Polygyndry,Polygyndry, ,2Tropical_and_suptropical_moist_broadleaf_forest,0.769778275,0.79,97.44,1.51,1.54,98.14,2.5,2.54,98.43,3.74,3.8,98.32,5.22,5.31,98.28,NA,7.07,NA,8.92,9.08,98.28,11.15,11.34,98.32,13.62,13.85,98.34,16.34,16.62,98.3,19.3,19.63,98.34,22.51,22.9,98.29,25.97,26.42,98.28,29.67,30.19,98.26,33.61,34.21,98.26,37.8,38.48,98.23,42.24,43.01,98.2,46.91,47.78,98.18,51.84,52.81,98.16,57.01,58.09,98.15,62.4,63.62,98.09
-1,15375,23,Henschel 2008,Ocurrencias,12.15812,-1.14772,Precise,Gabon,Africa,Hominidae,Pan,Pan troglodytes,Pan_troglodytes ,camera traps,0,0,0,NA,0,2005,1,day,NA, ,Pan troglodytes ,Pan troglodytes,53.7,D,1714.9,BOTH,Omnivore,368.35,1.423,63.1,1825,229,1260.81,720,1.05,2.9,Polygyndry,Polygyndry, ,2Tropical_and_suptropical_moist_broadleaf_forest,0.772369822,0.79,97.77,1.51,1.54,98.32,2.5,2.54,98.52,3.73,3.8,98.28,5.22,5.31,98.26,NA,7.07,NA,8.93,9.08,98.29,11.15,11.34,98.32,13.62,13.85,98.34,16.34,16.62,98.31,19.3,19.63,98.34,22.51,22.9,98.29,25.96,26.42,98.28,29.67,30.19,98.27,33.58,34.21,98.16,37.77,38.48,98.15,42.17,43.01,98.05,46.82,47.78,98,51.75,52.81,97.98,56.9,58.09,97.96,62.31,63.62,97.95
-1,15376,23,Henschel 2008,Ocurrencias,12.15992,-1.16732,Precise,Gabon,Africa,Hominidae,Pan,Pan troglodytes,Pan_troglodytes ,camera traps,0,0,0,NA,0,2005,1,day,NA, ,Pan troglodytes ,Pan troglodytes,53.7,D,1714.9,BOTH,Omnivore,368.35,1.423,63.1,1825,229,1260.81,720,1.05,2.9,Polygyndry,Polygyndry, ,2Tropical_and_suptropical_moist_broadleaf_forest,0.771512892,0.79,97.66,1.51,1.54,98.26,2.5,2.54,98.5,3.74,3.8,98.37,5.22,5.31,98.28,NA,7.07,NA,8.92,9.08,98.27,11.14,11.34,98.28,13.61,13.85,98.3,16.33,16.62,98.26,19.3,19.63,98.31,22.51,22.9,98.3,25.97,26.42,98.28,29.66,30.19,98.26,33.6,34.21,98.22,37.79,38.48,98.21,42.23,43.01,98.2,46.92,47.78,98.2,51.86,52.81,98.2,57.04,58.09,98.19,62.45,63.62,98.16
-1,15377,23,Henschel 2008,Ocurrencias,12.14453,-1.20722,Precise,Gabon,Africa,Hominidae,Pan,Pan troglodytes,Pan_troglodytes ,camera traps,1,0,0,NA,0,2005,1,day,NA, ,Pan troglodytes ,Pan troglodytes,53.7,D,1714.9,BOTH,Omnivore,368.35,1.423,63.1,1825,229,1260.81,720,1.05,2.9,Polygyndry,Polygyndry, ,2Tropical_and_suptropical_moist_broadleaf_forest,0.768021559,0.79,97.22,1.5,1.54,97.52,2.49,2.54,98.01,3.73,3.8,98.04,5.2,5.31,97.96,NA,7.07,NA,8.89,9.08,97.94,11.11,11.34,97.98,13.57,13.85,98.01,16.28,16.62,97.97,19.24,19.63,98,22.44,22.9,98,25.9,26.42,98.04,29.61,30.19,98.07,33.56,34.21,98.1,37.76,38.48,98.13,42.2,43.01,98.11,46.88,47.78,98.11,51.79,52.81,98.07,56.98,58.09,98.08,62.41,63.62,98.1
-1,15378,23,Henschel 2008,Ocurrencias,12.14653,-1.18695,Precise,Gabon,Africa,Hominidae,Pan,Pan troglodytes,Pan_troglodytes ,camera traps,1,0,2?,NA,0,2005,1,day,NA, ,Pan troglodytes ,Pan troglodytes,53.7,D,1714.9,BOTH,Omnivore,368.35,1.423,63.1,1825,229,1260.81,720,1.05,2.9,Polygyndry,Polygyndry, ,2Tropical_and_suptropical_moist_broadleaf_forest,0.771570698,0.79,97.67,1.51,1.54,98.25,2.5,2.54,98.26,3.72,3.8,97.89,5.2,5.31,97.84,NA,7.07,NA,8.9,9.08,97.99,11.11,11.34,97.98,13.57,13.85,97.98,16.28,16.62,97.97,19.25,19.63,98.05,22.44,22.9,98.01,25.9,26.42,98.04,29.59,30.19,98.03,33.55,34.21,98.06,37.75,38.48,98.1,42.19,43.01,98.09,46.87,47.78,98.11,51.81,52.81,98.11,56.99,58.09,98.11,62.42,63.62,98.11
-1,15379,23,Henschel 2008,Ocurrencias,12.14141,-1.16782,Precise,Gabon,Africa,Hominidae,Pan,Pan troglodytes,Pan_troglodytes ,camera traps,1,0,0,NA,0,2005,1,day,NA, ,Pan troglodytes ,Pan troglodytes,53.7,D,1714.9,BOTH,Omnivore,368.35,1.423,63.1,1825,229,1260.81,720,1.05,2.9,Polygyndry,Polygyndry, ,2Tropical_and_suptropical_moist_broadleaf_forest,0.767106879,0.79,97.1,1.51,1.54,97.97,2.5,2.54,98.29,3.73,3.8,98.23,5.22,5.31,98.22,NA,7.07,NA,8.92,9.08,98.25,11.15,11.34,98.29,13.62,13.85,98.33,16.34,16.62,98.29,19.29,19.63,98.29,22.49,22.9,98.21,25.93,26.42,98.13,29.62,30.19,98.13,33.57,34.21,98.12,37.76,38.48,98.13,42.2,43.01,98.11,46.87,47.78,98.1,51.74,52.81,97.98,56.88,58.09,97.92,62.28,63.62,97.89
-1,15380,23,Henschel 2008,Ocurrencias,12.12621,-1.1544,Precise,Gabon,Africa,Hominidae,Pan,Pan troglodytes,Pan_troglodytes ,camera traps,0,0,0,NA,0,2005,1,day,NA, ,Pan troglodytes ,Pan troglodytes,53.7,D,1714.9,BOTH,Omnivore,368.35,1.423,63.1,1825,229,1260.81,720,1.05,2.9,Polygyndry,Polygyndry, ,2Tropical_and_suptropical_moist_broadleaf_forest,0.762616885,0.79,96.53,1.49,1.54,97.03,2.48,2.54,97.69,3.72,3.8,97.83,5.2,5.31,97.94,NA,7.07,NA,8.87,9.08,97.65,11.06,11.34,97.57,13.51,13.85,97.58,16.21,16.62,97.51,19.16,19.63,97.61,22.35,22.9,97.6,25.79,26.42,97.63,29.48,30.19,97.65,33.41,34.21,97.67,37.59,38.48,97.7,42.02,43.01,97.7,46.7,47.78,97.73,51.63,52.81,97.76,56.82,58.09,97.81,62.23,63.62,97.82
-1,15381,23,Henschel 2008,Ocurrencias,12.11916,-1.17288,Precise,Gabon,Africa,Hominidae,Pan,Pan troglodytes,Pan_troglodytes ,camera traps,0,0,0,NA,0,2005,1,day,NA, ,Pan troglodytes ,Pan troglodytes,53.7,D,1714.9,BOTH,Omnivore,368.35,1.423,63.1,1825,229,1260.81,720,1.05,2.9,Polygyndry,Polygyndry, ,2Tropical_and_suptropical_moist_broadleaf_forest,0.772401689,0.79,97.77,1.51,1.54,97.8,2.48,2.54,97.82,3.72,3.8,97.83,5.19,5.31,97.81,NA,7.07,NA,8.9,9.08,98.04,11.13,11.34,98.12,13.6,13.85,98.19,16.31,16.62,98.15,19.26,19.63,98.1,22.46,22.9,98.09,25.9,26.42,98.04,29.58,30.19,97.99,33.53,34.21,98.01,37.69,38.48,97.95,42.13,43.01,97.95,46.8,47.78,97.95,51.72,52.81,97.94,56.89,58.09,97.94,62.3,63.62,97.93
-1,15382,23,Henschel 2008,Ocurrencias,12.10449,-1.20343,Precise,Gabon,Africa,Hominidae,Pan,Pan troglodytes,Pan_troglodytes ,camera traps,0,0,0,NA,0,2005,1,day,NA, ,Pan troglodytes ,Pan troglodytes,53.7,D,1714.9,BOTH,Omnivore,368.35,1.423,63.1,1825,229,1260.81,720,1.05,2.9,Polygyndry,Polygyndry, ,2Tropical_and_suptropical_moist_broadleaf_forest,0.771320838,0.79,97.64,1.5,1.54,97.62,2.49,2.54,97.9,3.72,3.8,97.97,5.2,5.31,97.98,NA,7.07,NA,8.89,9.08,97.89,11.11,11.34,98,13.59,13.85,98.09,16.3,16.62,98.1,19.27,19.63,98.17,22.48,22.9,98.19,25.93,26.42,98.16,29.62,30.19,98.11,33.52,34.21,97.99,37.72,38.48,98.01,42.16,43.01,98.03,46.85,47.78,98.06,51.78,52.81,98.05,56.96,58.09,98.05,62.37,63.62,98.04
-1,15383,23,Henschel 2008,Ocurrencias,12.10448,-1.18323,Precise,Gabon,Africa,Hominidae,Pan,Pan troglodytes,Pan_troglodytes ,camera traps,0,0,0,NA,0,2005,1,day,NA, ,Pan troglodytes ,Pan troglodytes,53.7,D,1714.9,BOTH,Omnivore,368.35,1.423,63.1,1825,229,1260.81,720,1.05,2.9,Polygyndry,Polygyndry, ,2Tropical_and_suptropical_moist_broadleaf_forest,0.772437455,0.79,97.78,1.51,1.54,98.32,2.5,2.54,98.54,3.74,3.8,98.39,5.22,5.31,98.35,NA,7.07,NA,8.91,9.08,98.12,11.12,11.34,98.07,13.59,13.85,98.1,16.3,16.62,98.05,19.25,19.63,98.08,22.46,22.9,98.09,25.92,26.42,98.12,29.63,30.19,98.15,33.58,34.21,98.16,37.78,38.48,98.18,42.22,43.01,98.17,46.92,47.78,98.19,51.84,52.81,98.16,56.97,58.09,98.08,62.37,63.62,98.04
-1,15384,23,Henschel 2008,Ocurrencias,12.39938,-0.22531,Precise,Gabon,Africa,Hominidae,Pan,Pan troglodytes,Pan_troglodytes ,camera traps,1,0,2?,NA,0,2003,1,day,NA, ,Pan troglodytes ,Pan troglodytes,53.7,D,1714.9,BOTH,Omnivore,368.35,1.423,63.1,1825,229,1260.81,720,1.05,2.9,Polygyndry,Polygyndry, ,2Tropical_and_suptropical_moist_broadleaf_forest,0.772409672,0.79,97.77,1.51,1.54,98.32,2.5,2.54,98.54,3.74,3.8,98.39,5.22,5.31,98.35,NA,7.07,NA,8.93,9.08,98.3,11.15,11.34,98.33,13.62,13.85,98.36,16.34,16.62,98.31,19.29,19.63,98.25,22.5,22.9,98.25,25.96,26.42,98.26,29.67,30.19,98.28,33.62,34.21,98.29,37.83,38.48,98.3,42.28,43.01,98.3,46.97,47.78,98.31,51.91,52.81,98.3,57.1,58.09,98.3,62.54,63.62,98.31
-1,15385,23,Henschel 2008,Ocurrencias,12.38443,-0.21832,Precise,Gabon,Africa,Hominidae,Pan,Pan troglodytes,Pan_troglodytes ,camera traps,0,0,0,NA,0,2003,1,day,NA, ,Pan troglodytes ,Pan troglodytes,53.7,D,1714.9,BOTH,Omnivore,368.35,1.423,63.1,1825,229,1260.81,720,1.05,2.9,Polygyndry,Polygyndry, ,2Tropical_and_suptropical_moist_broadleaf_forest,0.765889315,0.79,96.95,1.49,1.54,96.86,2.48,2.54,97.66,3.72,3.8,97.8,5.2,5.31,97.92,NA,7.07,NA,8.91,9.08,98.1,11.13,11.34,98.17,13.6,13.85,98.23,16.32,16.62,98.22,19.29,19.63,98.27,22.5,22.9,98.27,25.96,26.42,98.27,29.67,30.19,98.27,33.62,34.21,98.29,37.83,38.48,98.3,42.28,43.01,98.29,46.97,47.78,98.31,51.92,52.81,98.31,57.11,58.09,98.31,62.55,63.62,98.31
-1,15386,23,Henschel 2008,Ocurrencias,12.4323,-0.18763,Precise,Gabon,Africa,Hominidae,Pan,Pan troglodytes,Pan_troglodytes ,camera traps,0,0,0,NA,0,2003,1,day,NA, ,Pan troglodytes ,Pan troglodytes,53.7,D,1714.9,BOTH,Omnivore,368.35,1.423,63.1,1825,229,1260.81,720,1.05,2.9,Polygyndry,Polygyndry, ,2Tropical_and_suptropical_moist_broadleaf_forest,0.772450018,0.79,97.78,1.51,1.54,98.31,2.5,2.54,98.54,3.74,3.8,98.39,5.22,5.31,98.34,NA,7.07,NA,8.93,9.08,98.35,11.16,11.34,98.37,13.63,13.85,98.39,16.35,16.62,98.35,19.31,19.63,98.38,22.53,22.9,98.37,25.99,26.42,98.36,29.7,30.19,98.36,33.65,34.21,98.36,37.85,38.48,98.37,42.3,43.01,98.35,47,47.78,98.36,51.94,52.81,98.35,57.13,58.09,98.35,62.57,63.62,98.35
-1,15387,23,Henschel 2008,Ocurrencias,12.44388,-0.19433,Precise,Gabon,Africa,Hominidae,Pan,Pan troglodytes,Pan_troglodytes ,camera traps,0,0,0,NA,0,2003,1,day,NA, ,Pan troglodytes ,Pan troglodytes,53.7,D,1714.9,BOTH,Omnivore,368.35,1.423,63.1,1825,229,1260.81,720,1.05,2.9,Polygyndry,Polygyndry, ,2Tropical_and_suptropical_moist_broadleaf_forest,0.772470759,0.79,97.78,1.51,1.54,98.31,2.5,2.54,98.54,3.74,3.8,98.39,5.22,5.31,98.35,NA,7.07,NA,8.93,9.08,98.35,11.15,11.34,98.36,13.63,13.85,98.38,16.34,16.62,98.34,19.31,19.63,98.37,22.52,22.9,98.36,25.99,26.42,98.35,29.69,30.19,98.35,33.65,34.21,98.36,37.85,38.48,98.37,42.3,43.01,98.35,47,47.78,98.36,51.94,52.81,98.36,57.13,58.09,98.35,62.57,63.62,98.35
-1,15388,23,Henschel 2008,Ocurrencias,12.46208,-0.18523,Precise,Gabon,Africa,Hominidae,Pan,Pan troglodytes,Pan_troglodytes ,camera traps,0,0,0,NA,0,2003,1,day,NA, ,Pan troglodytes ,Pan troglodytes,53.7,D,1714.9,BOTH,Omnivore,368.35,1.423,63.1,1825,229,1260.81,720,1.05,2.9,Polygyndry,Polygyndry, ,2Tropical_and_suptropical_moist_broadleaf_forest,0.772439603,0.79,97.78,1.51,1.54,98.31,2.5,2.54,98.54,3.74,3.8,98.39,5.22,5.31,98.35,NA,7.07,NA,8.93,9.08,98.35,11.16,11.34,98.37,13.63,13.85,98.39,16.35,16.62,98.35,19.31,19.63,98.38,22.53,22.9,98.36,25.99,26.42,98.36,29.69,30.19,98.36,33.65,34.21,98.36,37.85,38.48,98.37,42.3,43.01,98.35,47,47.78,98.37,51.94,52.81,98.36,57.13,58.09,98.36,62.57,63.62,98.36
-1,15389,23,Henschel 2008,Ocurrencias,12.46587,-0.1973,Precise,Gabon,Africa,Hominidae,Pan,Pan troglodytes,Pan_troglodytes ,camera traps,0,0,0,NA,0,2003,1,day,NA, ,Pan troglodytes ,Pan troglodytes,53.7,D,1714.9,BOTH,Omnivore,368.35,1.423,63.1,1825,229,1260.81,720,1.05,2.9,Polygyndry,Polygyndry, ,2Tropical_and_suptropical_moist_broadleaf_forest,0.772488154,0.79,97.78,1.51,1.54,98.31,2.5,2.54,98.54,3.74,3.8,98.39,5.22,5.31,98.34,NA,7.07,NA,8.93,9.08,98.33,11.15,11.34,98.35,13.63,13.85,98.38,16.34,16.62,98.34,19.31,19.63,98.38,22.53,22.9,98.36,25.99,26.42,98.36,29.69,30.19,98.36,33.65,34.21,98.36,37.85,38.48,98.37,42.3,43.01,98.35,47,47.78,98.37,51.94,52.81,98.36,57.13,58.09,98.36,62.57,63.62,98.36
-1,15390,23,Henschel 2008,Ocurrencias,12.491,-0.22376,Precise,Gabon,Africa,Hominidae,Pan,Pan troglodytes,Pan_troglodytes ,camera traps,1,0,2?,NA,0,2003,1,day,NA, ,Pan troglodytes ,Pan troglodytes,53.7,D,1714.9,BOTH,Omnivore,368.35,1.423,63.1,1825,229,1260.81,720,1.05,2.9,Polygyndry,Polygyndry, ,2Tropical_and_suptropical_moist_broadleaf_forest,0.772423774,0.79,97.78,1.51,1.54,98.32,2.5,2.54,98.54,3.74,3.8,98.39,5.22,5.31,98.35,NA,7.07,NA,8.93,9.08,98.35,11.16,11.34,98.37,13.63,13.85,98.39,16.35,16.62,98.35,19.31,19.63,98.39,22.53,22.9,98.37,25.99,26.42,98.36,29.7,30.19,98.36,33.65,34.21,98.37,37.85,38.48,98.37,42.3,43.01,98.36,47,47.78,98.37,51.95,52.81,98.36,57.13,58.09,98.36,62.57,63.62,98.35
-1,15391,23,Henschel 2008,Ocurrencias,12.49209,-0.20672,Precise,Gabon,Africa,Hominidae,Pan,Pan troglodytes,Pan_troglodytes ,camera traps,0,0,0,NA,0,2003,1,day,NA, ,Pan troglodytes ,Pan troglodytes,53.7,D,1714.9,BOTH,Omnivore,368.35,1.423,63.1,1825,229,1260.81,720,1.05,2.9,Polygyndry,Polygyndry, ,2Tropical_and_suptropical_moist_broadleaf_forest,0.772449154,0.79,97.78,1.51,1.54,98.31,2.5,2.54,98.54,3.74,3.8,98.39,5.22,5.31,98.35,NA,7.07,NA,8.93,9.08,98.35,11.16,11.34,98.37,13.63,13.85,98.39,16.35,16.62,98.35,19.31,19.63,98.39,22.53,22.9,98.37,25.99,26.42,98.36,29.7,30.19,98.36,33.65,34.21,98.37,37.85,38.48,98.37,42.3,43.01,98.36,47,47.78,98.37,51.94,52.81,98.36,57.13,58.09,98.36,62.57,63.62,98.36
-1,15392,23,Henschel 2008,Ocurrencias,12.35336,-0.18525,Precise,Gabon,Africa,Hominidae,Pan,Pan troglodytes,Pan_troglodytes ,camera traps,1,0,2?,NA,0,2003,1,day,NA, ,Pan troglodytes ,Pan troglodytes,53.7,D,1714.9,BOTH,Omnivore,368.35,1.423,63.1,1825,229,1260.81,720,1.05,2.9,Polygyndry,Polygyndry, ,2Tropical_and_suptropical_moist_broadleaf_forest,0.772411556,0.79,97.77,1.51,1.54,98.32,2.5,2.54,98.54,3.74,3.8,98.39,5.22,5.31,98.34,NA,7.07,NA,8.93,9.08,98.35,11.16,11.34,98.37,13.63,13.85,98.39,16.33,16.62,98.25,19.29,19.63,98.28,22.49,22.9,98.21,25.94,26.42,98.19,29.64,30.19,98.17,33.59,34.21,98.19,37.78,38.48,98.19,42.22,43.01,98.17,46.92,47.78,98.2,51.85,52.81,98.19,57.04,58.09,98.19,62.46,63.62,98.18
-1,15393,23,Henschel 2008,Ocurrencias,12.37698,-0.18338,Precise,Gabon,Africa,Hominidae,Pan,Pan troglodytes,Pan_troglodytes ,camera traps,0,0,0,NA,0,2003,1,day,NA, ,Pan troglodytes ,Pan troglodytes,53.7,D,1714.9,BOTH,Omnivore,368.35,1.423,63.1,1825,229,1260.81,720,1.05,2.9,Polygyndry,Polygyndry, ,2Tropical_and_suptropical_moist_broadleaf_forest,0.772446692,0.79,97.78,1.51,1.54,98.31,2.5,2.54,98.54,3.74,3.8,98.39,5.22,5.31,98.35,NA,7.07,NA,8.93,9.08,98.35,11.16,11.34,98.37,13.63,13.85,98.39,16.35,16.62,98.36,19.31,19.63,98.39,22.53,22.9,98.37,25.99,26.42,98.36,29.7,30.19,98.36,33.65,34.21,98.37,37.85,38.48,98.37,42.3,43.01,98.34,46.98,47.78,98.32,51.92,52.81,98.31,57.1,58.09,98.3,62.52,63.62,98.27
-1,15394,23,Henschel 2008,Ocurrencias,12.36836,-0.19914,Precise,Gabon,Africa,Hominidae,Pan,Pan troglodytes,Pan_troglodytes ,camera traps,0,0,0,NA,0,2003,1,day,NA, ,Pan troglodytes ,Pan troglodytes,53.7,D,1714.9,BOTH,Omnivore,368.35,1.423,63.1,1825,229,1260.81,720,1.05,2.9,Polygyndry,Polygyndry, ,2Tropical_and_suptropical_moist_broadleaf_forest,0.772424968,0.79,97.78,1.51,1.54,98.32,2.5,2.54,98.54,3.74,3.8,98.39,5.22,5.31,98.35,NA,7.07,NA,8.93,9.08,98.35,11.16,11.34,98.37,13.63,13.85,98.39,16.34,16.62,98.3,19.29,19.63,98.28,22.5,22.9,98.27,25.97,26.42,98.28,29.67,30.19,98.29,33.63,34.21,98.3,37.83,38.48,98.32,42.28,43.01,98.31,46.98,47.78,98.32,51.92,52.81,98.32,57.11,58.09,98.32,62.54,63.62,98.3
-1,15395,23,Henschel 2008,Ocurrencias,12.35137,-0.2075,Precise,Gabon,Africa,Hominidae,Pan,Pan troglodytes,Pan_troglodytes ,camera traps,1,0,0,NA,0,2003,1,day,NA, ,Pan troglodytes ,Pan troglodytes,53.7,D,1714.9,BOTH,Omnivore,368.35,1.423,63.1,1825,229,1260.81,720,1.05,2.9,Polygyndry,Polygyndry, ,2Tropical_and_suptropical_moist_broadleaf_forest,0.772470152,0.79,97.78,1.51,1.54,98.31,2.5,2.54,98.54,3.74,3.8,98.39,5.22,5.31,98.35,NA,7.07,NA,8.93,9.08,98.35,11.16,11.34,98.37,13.63,13.85,98.39,16.35,16.62,98.36,19.31,19.63,98.39,22.52,22.9,98.35,25.98,26.42,98.34,29.69,30.19,98.33,33.62,34.21,98.27,37.79,38.48,98.21,42.23,43.01,98.2,46.92,47.78,98.21,51.86,52.81,98.2,57.04,58.09,98.19,62.48,63.62,98.2
-1,15396,23,Henschel 2008,Ocurrencias,12.35818,-0.21892,Precise,Gabon,Africa,Hominidae,Pan,Pan troglodytes,Pan_troglodytes ,camera traps,1,0,2?,NA,0,2003,1,day,NA, ,Pan troglodytes ,Pan troglodytes,53.7,D,1714.9,BOTH,Omnivore,368.35,1.423,63.1,1825,229,1260.81,720,1.05,2.9,Polygyndry,Polygyndry, ,2Tropical_and_suptropical_moist_broadleaf_forest,0.772455573,0.79,97.78,1.51,1.54,98.31,2.5,2.54,98.54,3.74,3.8,98.39,5.22,5.31,98.34,NA,7.07,NA,8.93,9.08,98.34,11.15,11.34,98.36,13.63,13.85,98.38,16.35,16.62,98.35,19.3,19.63,98.3,22.5,22.9,98.27,25.96,26.42,98.27,29.67,30.19,98.28,33.63,34.21,98.3,37.83,38.48,98.31,42.27,43.01,98.29,46.95,47.78,98.26,51.89,52.81,98.25,57.07,58.09,98.25,62.5,63.62,98.24
-1,15397,23,Henschel 2008,Ocurrencias,12.39929,-0.1705,Precise,Gabon,Africa,Hominidae,Pan,Pan troglodytes,Pan_troglodytes ,camera traps,0,0,0,NA,0,2003,1,day,NA, ,Pan troglodytes ,Pan troglodytes,53.7,D,1714.9,BOTH,Omnivore,368.35,1.423,63.1,1825,229,1260.81,720,1.05,2.9,Polygyndry,Polygyndry, ,2Tropical_and_suptropical_moist_broadleaf_forest,0.772373589,0.79,97.77,1.51,1.54,98.32,2.5,2.54,98.54,3.74,3.8,98.39,5.22,5.31,98.35,NA,7.07,NA,8.93,9.08,98.34,11.15,11.34,98.36,13.63,13.85,98.39,16.35,16.62,98.35,19.31,19.63,98.37,22.52,22.9,98.36,25.99,26.42,98.35,29.69,30.19,98.35,33.65,34.21,98.36,37.85,38.48,98.36,42.3,43.01,98.35,47,47.78,98.36,51.94,52.81,98.35,57.13,58.09,98.35,62.57,63.62,98.35
-1,15398,23,Henschel 2008,Ocurrencias,12.39328,-0.1888,Precise,Gabon,Africa,Hominidae,Pan,Pan troglodytes,Pan_troglodytes ,camera traps,0,0,0,NA,0,2003,1,day,NA, ,Pan troglodytes ,Pan troglodytes,53.7,D,1714.9,BOTH,Omnivore,368.35,1.423,63.1,1825,229,1260.81,720,1.05,2.9,Polygyndry,Polygyndry, ,2Tropical_and_suptropical_moist_broadleaf_forest,0.77245698,0.79,97.78,1.51,1.54,98.31,2.5,2.54,98.54,3.74,3.8,98.39,5.22,5.31,98.35,NA,7.07,NA,8.93,9.08,98.35,11.16,11.34,98.37,13.63,13.85,98.39,16.35,16.62,98.35,19.31,19.63,98.39,22.53,22.9,98.37,25.99,26.42,98.36,29.7,30.19,98.36,33.65,34.21,98.36,37.83,38.48,98.32,42.28,43.01,98.31,46.98,47.78,98.32,51.92,52.81,98.32,57.11,58.09,98.32,62.55,63.62,98.32
-1,15399,23,Henschel 2008,Ocurrencias,12.44164,-0.2199,Precise,Gabon,Africa,Hominidae,Pan,Pan troglodytes,Pan_troglodytes ,camera traps,1,0,3?,NA,0,2003,1,day,NA, ,Pan troglodytes ,Pan troglodytes,53.7,D,1714.9,BOTH,Omnivore,368.35,1.423,63.1,1825,229,1260.81,720,1.05,2.9,Polygyndry,Polygyndry, ,2Tropical_and_suptropical_moist_broadleaf_forest,0.772455523,0.79,97.78,1.51,1.54,98.31,2.5,2.54,98.54,3.74,3.8,98.39,5.22,5.31,98.35,NA,7.07,NA,8.93,9.08,98.35,11.16,11.34,98.37,13.63,13.85,98.39,16.35,16.62,98.35,19.31,19.63,98.37,22.52,22.9,98.36,25.99,26.42,98.35,29.69,30.19,98.35,33.65,34.21,98.36,37.85,38.48,98.37,42.3,43.01,98.35,47,47.78,98.36,51.94,52.81,98.36,57.13,58.09,98.35,62.57,63.62,98.35
-1,15400,23,Henschel 2008,Ocurrencias,12.42677,-0.20484,Precise,Gabon,Africa,Hominidae,Pan,Pan troglodytes,Pan_troglodytes ,camera traps,1,0,2?,NA,0,2003,1,day,NA, ,Pan troglodytes ,Pan troglodytes,53.7,D,1714.9,BOTH,Omnivore,368.35,1.423,63.1,1825,229,1260.81,720,1.05,2.9,Polygyndry,Polygyndry, ,2Tropical_and_suptropical_moist_broadleaf_forest,0.771569296,0.79,97.67,1.51,1.54,98.25,2.5,2.54,98.5,3.74,3.8,98.37,5.22,5.31,98.33,NA,7.07,NA,8.93,9.08,98.34,11.15,11.34,98.36,13.63,13.85,98.39,16.35,16.62,98.35,19.31,19.63,98.38,22.53,22.9,98.37,25.99,26.42,98.36,29.7,30.19,98.36,33.65,34.21,98.36,37.85,38.48,98.37,42.3,43.01,98.35,47,47.78,98.36,51.94,52.81,98.36,57.13,58.09,98.35,62.57,63.62,98.35
-1,15401,23,Henschel 2008,Ocurrencias,12.33951,-0.23065,Precise,Gabon,Africa,Hominidae,Pan,Pan troglodytes,Pan_troglodytes ,camera traps,0,0,0,NA,0,2003,1,day,NA, ,Pan troglodytes ,Pan troglodytes,53.7,D,1714.9,BOTH,Omnivore,368.35,1.423,63.1,1825,229,1260.81,720,1.05,2.9,Polygyndry,Polygyndry, ,2Tropical_and_suptropical_moist_broadleaf_forest,0.77246198,0.79,97.78,1.51,1.54,98.31,2.5,2.54,98.54,3.74,3.8,98.39,5.22,5.31,98.34,NA,7.07,NA,8.93,9.08,98.35,11.15,11.34,98.35,13.62,13.85,98.35,16.32,16.62,98.21,19.28,19.63,98.2,22.49,22.9,98.19,25.94,26.42,98.18,29.64,30.19,98.18,33.59,34.21,98.19,37.79,38.48,98.22,42.24,43.01,98.21,46.93,47.78,98.23,51.87,52.81,98.23,57.06,58.09,98.24,62.48,63.62,98.21
-1,15402,23,Henschel 2008,Ocurrencias,12.38971,-0.20408,Precise,Gabon,Africa,Hominidae,Pan,Pan troglodytes,Pan_troglodytes ,camera traps,0,0,0,NA,0,2003,1,day,NA, ,Pan troglodytes ,Pan troglodytes,53.7,D,1714.9,BOTH,Omnivore,368.35,1.423,63.1,1825,229,1260.81,720,1.05,2.9,Polygyndry,Polygyndry, ,2Tropical_and_suptropical_moist_broadleaf_forest,0.772417726,0.79,97.77,1.51,1.54,98.31,2.5,2.54,98.54,3.74,3.8,98.39,5.22,5.31,98.35,NA,7.07,NA,8.93,9.08,98.3,11.13,11.34,98.17,13.6,13.85,98.23,16.32,16.62,98.22,19.29,19.63,98.27,22.5,22.9,98.27,25.97,26.42,98.28,29.67,30.19,98.29,33.63,34.21,98.3,37.83,38.48,98.32,42.28,43.01,98.31,46.98,47.78,98.32,51.92,52.81,98.31,57.11,58.09,98.31,62.55,63.62,98.31
-1,15403,23,Henschel 2008,Ocurrencias,12.40804,-0.19323,Precise,Gabon,Africa,Hominidae,Pan,Pan troglodytes,Pan_troglodytes ,camera traps,1,0,2?,NA,0,2003,1,day,NA, ,Pan troglodytes ,Pan troglodytes,53.7,D,1714.9,BOTH,Omnivore,368.35,1.423,63.1,1825,229,1260.81,720,1.05,2.9,Polygyndry,Polygyndry, ,2Tropical_and_suptropical_moist_broadleaf_forest,0.772442761,0.79,97.78,1.51,1.54,98.32,2.5,2.54,98.54,3.74,3.8,98.39,5.22,5.31,98.34,NA,7.07,NA,8.93,9.08,98.35,11.16,11.34,98.37,13.63,13.85,98.39,16.35,16.62,98.35,19.31,19.63,98.38,22.53,22.9,98.37,25.99,26.42,98.36,29.7,30.19,98.36,33.65,34.21,98.36,37.85,38.48,98.37,42.3,43.01,98.36,47,47.78,98.36,51.92,52.81,98.32,57.11,58.09,98.31,62.55,63.62,98.32
-1,15404,23,Henschel 2008,Ocurrencias,12.4517,-0.20835,Precise,Gabon,Africa,Hominidae,Pan,Pan troglodytes,Pan_troglodytes ,camera traps,0,0,0,NA,0,2003,1,day,NA, ,Pan troglodytes ,Pan troglodytes,53.7,D,1714.9,BOTH,Omnivore,368.35,1.423,63.1,1825,229,1260.81,720,1.05,2.9,Polygyndry,Polygyndry, ,2Tropical_and_suptropical_moist_broadleaf_forest,0.77248063,0.79,97.78,1.51,1.54,98.26,2.5,2.54,98.47,3.74,3.8,98.34,5.22,5.31,98.31,NA,7.07,NA,8.93,9.08,98.33,11.15,11.34,98.35,13.63,13.85,98.38,16.34,16.62,98.34,19.31,19.63,98.38,22.53,22.9,98.36,25.99,26.42,98.35,29.69,30.19,98.35,33.65,34.21,98.36,37.85,38.48,98.37,42.3,43.01,98.35,47,47.78,98.36,51.94,52.81,98.36,57.13,58.09,98.35,62.57,63.62,98.35
-1,15405,23,Henschel 2008,Ocurrencias,12.49346,-0.18388,Precise,Gabon,Africa,Hominidae,Pan,Pan troglodytes,Pan_troglodytes ,camera traps,0,0,0,NA,0,2003,1,day,NA, ,Pan troglodytes ,Pan troglodytes,53.7,D,1714.9,BOTH,Omnivore,368.35,1.423,63.1,1825,229,1260.81,720,1.05,2.9,Polygyndry,Polygyndry, ,2Tropical_and_suptropical_moist_broadleaf_forest,0.772422131,0.79,97.77,1.51,1.54,98.31,2.5,2.54,98.54,3.74,3.8,98.39,5.22,5.31,98.35,NA,7.07,NA,8.93,9.08,98.35,11.16,11.34,98.37,13.63,13.85,98.39,16.35,16.62,98.35,19.31,19.63,98.39,22.53,22.9,98.37,25.99,26.42,98.36,29.7,30.19,98.36,33.65,34.21,98.37,37.85,38.48,98.37,42.3,43.01,98.36,47,47.78,98.37,51.95,52.81,98.36,57.14,58.09,98.36,62.58,63.62,98.36
-1,15406,23,Henschel 2008,Ocurrencias,12.40596,-0.21421,Precise,Gabon,Africa,Hominidae,Pan,Pan troglodytes,Pan_troglodytes ,camera traps,1,0,2?,NA,0,2003,1,day,NA, ,Pan troglodytes ,Pan troglodytes,53.7,D,1714.9,BOTH,Omnivore,368.35,1.423,63.1,1825,229,1260.81,720,1.05,2.9,Polygyndry,Polygyndry, ,2Tropical_and_suptropical_moist_broadleaf_forest,0.772462821,0.79,97.78,1.51,1.54,98.31,2.5,2.54,98.54,3.74,3.8,98.39,5.22,5.31,98.34,NA,7.07,NA,8.93,9.08,98.35,11.16,11.34,98.37,13.63,13.85,98.39,16.35,16.62,98.35,19.31,19.63,98.38,22.52,22.9,98.34,25.97,26.42,98.3,29.67,30.19,98.27,33.62,34.21,98.29,37.83,38.48,98.3,42.28,43.01,98.29,46.97,47.78,98.31,51.92,52.81,98.31,57.11,58.09,98.31,62.55,63.62,98.31
-1,15407,23,Henschel 2008,Ocurrencias,12.5474,0.17799,Precise,Gabon,Africa,Hominidae,Pan,Pan troglodytes,Pan_troglodytes ,camera traps,0,0,0,NA,0,2004,1,day,NA, ,Pan troglodytes ,Pan troglodytes,53.7,D,1714.9,BOTH,Omnivore,368.35,1.423,63.1,1825,229,1260.81,720,1.05,2.9,Polygyndry,Polygyndry, ,2Tropical_and_suptropical_moist_broadleaf_forest,0.77151438,0.79,97.66,1.51,1.54,97.91,2.5,2.54,98.29,3.73,3.8,98.23,5.21,5.31,98.19,NA,7.07,NA,8.92,9.08,98.25,11.15,11.34,98.29,13.62,13.85,98.33,16.34,16.62,98.3,19.3,19.63,98.32,22.51,22.9,98.29,25.96,26.42,98.26,29.67,30.19,98.27,33.62,34.21,98.27,37.82,38.48,98.28,42.27,43.01,98.28,46.96,47.78,98.29,51.88,52.81,98.24,57.07,58.09,98.24,62.5,63.62,98.23
-1,15408,23,Henschel 2008,Ocurrencias,12.54831,0.19205,Precise,Gabon,Africa,Hominidae,Pan,Pan troglodytes,Pan_troglodytes ,camera traps,1,0,2?,NA,0,2004,1,day,NA, ,Pan troglodytes ,Pan troglodytes,53.7,D,1714.9,BOTH,Omnivore,368.35,1.423,63.1,1825,229,1260.81,720,1.05,2.9,Polygyndry,Polygyndry, ,2Tropical_and_suptropical_moist_broadleaf_forest,0.772467354,0.79,97.78,1.51,1.54,98.32,2.5,2.54,98.54,3.74,3.8,98.39,5.22,5.31,98.3,NA,7.07,NA,8.92,9.08,98.29,11.15,11.34,98.32,13.62,13.85,98.33,16.34,16.62,98.31,19.31,19.63,98.34,22.52,22.9,98.33,25.97,26.42,98.31,29.68,30.19,98.3,33.63,34.21,98.3,37.83,38.48,98.32,42.27,43.01,98.29,46.96,47.78,98.29,51.89,52.81,98.26,57.06,58.09,98.23,62.49,63.62,98.22
-1,15409,23,Henschel 2008,Ocurrencias,12.57285,0.18027,Precise,Gabon,Africa,Hominidae,Pan,Pan troglodytes,Pan_troglodytes ,camera traps,1,0,4?,NA,0,2004,1,day,NA, ,Pan troglodytes ,Pan troglodytes,53.7,D,1714.9,BOTH,Omnivore,368.35,1.423,63.1,1825,229,1260.81,720,1.05,2.9,Polygyndry,Polygyndry, ,2Tropical_and_suptropical_moist_broadleaf_forest,0.765288044,0.79,96.87,1.51,1.54,97.85,2.5,2.54,98.26,3.73,3.8,98.2,5.22,5.31,98.21,NA,7.07,NA,8.92,9.08,98.27,11.15,11.34,98.31,13.62,13.85,98.33,16.33,16.62,98.24,19.29,19.63,98.27,22.5,22.9,98.27,25.96,26.42,98.28,29.67,30.19,98.28,33.63,34.21,98.3,37.83,38.48,98.31,42.28,43.01,98.3,46.97,47.78,98.31,51.92,52.81,98.31,57.1,58.09,98.3,62.53,63.62,98.29
-1,15410,23,Henschel 2008,Ocurrencias,12.58156,0.19433,Precise,Gabon,Africa,Hominidae,Pan,Pan troglodytes,Pan_troglodytes ,camera traps,1,0,3?,NA,0,2004,1,day,NA, ,Pan troglodytes ,Pan troglodytes,53.7,D,1714.9,BOTH,Omnivore,368.35,1.423,63.1,1825,229,1260.81,720,1.05,2.9,Polygyndry,Polygyndry, ,2Tropical_and_suptropical_moist_broadleaf_forest,0.772372597,0.79,97.77,1.51,1.54,98.32,2.5,2.54,98.54,3.74,3.8,98.39,5.22,5.31,98.35,NA,7.07,NA,8.93,9.08,98.35,11.16,11.34,98.37,13.62,13.85,98.34,16.34,16.62,98.31,19.31,19.63,98.35,22.52,22.9,98.34,25.98,26.42,98.33,29.69,30.19,98.34,33.64,34.21,98.34,37.84,38.48,98.35,42.28,43.01,98.3,46.97,47.78,98.31,51.92,52.81,98.31,57.11,58.09,98.31,62.55,63.62,98.31
-1,15411,23,Henschel 2008,Ocurrencias,12.59381,0.20761,Precise,Gabon,Africa,Hominidae,Pan,Pan troglodytes,Pan_troglodytes ,camera traps,1,0,16?,NA,0,2004,1,day,NA, ,Pan troglodytes ,Pan troglodytes,53.7,D,1714.9,BOTH,Omnivore,368.35,1.423,63.1,1825,229,1260.81,720,1.05,2.9,Polygyndry,Polygyndry, ,2Tropical_and_suptropical_moist_broadleaf_forest,0.772473654,0.79,97.78,1.51,1.54,98.31,2.5,2.54,98.54,3.74,3.8,98.39,5.22,5.31,98.34,NA,7.07,NA,8.93,9.08,98.35,11.16,11.34,98.37,13.63,13.85,98.39,16.35,16.62,98.35,19.31,19.63,98.39,22.53,22.9,98.37,25.99,26.42,98.36,29.7,30.19,98.36,33.65,34.21,98.37,37.85,38.48,98.37,42.3,43.01,98.36,47,47.78,98.37,51.93,52.81,98.34,57.13,58.09,98.34,62.56,63.62,98.34
-1,15412,23,Henschel 2008,Ocurrencias,12.59106,0.18321,Precise,Gabon,Africa,Hominidae,Pan,Pan troglodytes,Pan_troglodytes ,camera traps,1,0,2?,NA,0,2004,1,day,NA, ,Pan troglodytes ,Pan troglodytes,53.7,D,1714.9,BOTH,Omnivore,368.35,1.423,63.1,1825,229,1260.81,720,1.05,2.9,Polygyndry,Polygyndry, ,2Tropical_and_suptropical_moist_broadleaf_forest,0.772415147,0.79,97.77,1.51,1.54,98.32,2.5,2.54,98.54,3.74,3.8,98.39,5.22,5.31,98.35,NA,7.07,NA,8.93,9.08,98.35,11.16,11.34,98.37,13.63,13.85,98.39,16.34,16.62,98.32,19.31,19.63,98.35,22.51,22.9,98.29,25.97,26.42,98.3,29.68,30.19,98.3,33.62,34.21,98.28,37.82,38.48,98.29,42.27,43.01,98.28,46.97,47.78,98.3,51.91,52.81,98.29,57.09,58.09,98.28,62.52,63.62,98.28
-1,15413,23,Henschel 2008,Ocurrencias,12.61018,0.18281,Precise,Gabon,Africa,Hominidae,Pan,Pan troglodytes,Pan_troglodytes ,camera traps,1,0,3?,NA,0,2004,1,day,NA, ,Pan troglodytes ,Pan troglodytes,53.7,D,1714.9,BOTH,Omnivore,368.35,1.423,63.1,1825,229,1260.81,720,1.05,2.9,Polygyndry,Polygyndry, ,2Tropical_and_suptropical_moist_broadleaf_forest,0.772401141,0.79,97.77,1.51,1.54,98.32,2.5,2.54,98.54,3.74,3.8,98.39,5.22,5.31,98.35,NA,7.07,NA,8.93,9.08,98.35,11.16,11.34,98.37,13.63,13.85,98.39,16.35,16.62,98.35,19.31,19.63,98.39,22.53,22.9,98.37,25.97,26.42,98.28,29.67,30.19,98.28,33.62,34.21,98.29,37.83,38.48,98.3,42.28,43.01,98.3,46.97,47.78,98.31,51.91,52.81,98.3,57.1,58.09,98.29,62.53,63.62,98.29
-1,15414,23,Henschel 2008,Ocurrencias,12.59878,0.17148,Precise,Gabon,Africa,Hominidae,Pan,Pan troglodytes,Pan_troglodytes ,camera traps,0,0,0,NA,0,2004,1,day,NA, ,Pan troglodytes ,Pan troglodytes,53.7,D,1714.9,BOTH,Omnivore,368.35,1.423,63.1,1825,229,1260.81,720,1.05,2.9,Polygyndry,Polygyndry, ,2Tropical_and_suptropical_moist_broadleaf_forest,0.772447172,0.79,97.78,1.51,1.54,98.31,2.5,2.54,98.54,3.74,3.8,98.39,5.22,5.31,98.35,NA,7.07,NA,8.92,9.08,98.25,11.14,11.34,98.23,13.61,13.85,98.28,16.33,16.62,98.26,19.28,19.63,98.22,22.49,22.9,98.23,25.95,26.42,98.22,29.66,30.19,98.24,33.61,34.21,98.24,37.81,38.48,98.26,42.26,43.01,98.25,46.96,47.78,98.28,51.9,52.81,98.28,57.09,58.09,98.28,62.53,63.62,98.29
-1,15415,23,Henschel 2008,Ocurrencias,12.55804,0.1678,Precise,Gabon,Africa,Hominidae,Pan,Pan troglodytes,Pan_troglodytes ,camera traps,1,0,3?,NA,0,2004,1,day,NA, ,Pan troglodytes ,Pan troglodytes,53.7,D,1714.9,BOTH,Omnivore,368.35,1.423,63.1,1825,229,1260.81,720,1.05,2.9,Polygyndry,Polygyndry, ,2Tropical_and_suptropical_moist_broadleaf_forest,0.772471856,0.79,97.78,1.51,1.54,98.31,2.5,2.54,98.54,3.74,3.8,98.39,5.22,5.31,98.35,NA,7.07,NA,8.92,9.08,98.28,11.15,11.34,98.31,13.61,13.85,98.28,16.33,16.62,98.26,19.29,19.63,98.25,22.49,22.9,98.19,25.94,26.42,98.18,29.64,30.19,98.17,33.59,34.21,98.18,37.79,38.48,98.2,42.24,43.01,98.2,46.93,47.78,98.23,51.88,52.81,98.23,57.07,58.09,98.24,62.47,63.62,98.2
-1,15416,23,Henschel 2008,Ocurrencias,12.57677,0.16342,Precise,Gabon,Africa,Hominidae,Pan,Pan troglodytes,Pan_troglodytes ,camera traps,1,0,5?,NA,0,2004,1,day,NA, ,Pan troglodytes ,Pan troglodytes,53.7,D,1714.9,BOTH,Omnivore,368.35,1.423,63.1,1825,229,1260.81,720,1.05,2.9,Polygyndry,Polygyndry, ,2Tropical_and_suptropical_moist_broadleaf_forest,0.761730342,0.79,96.42,1.5,1.54,97.61,2.49,2.54,98.12,3.73,3.8,98.11,5.21,5.31,98.14,NA,7.07,NA,8.92,9.08,98.23,11.14,11.34,98.28,13.61,13.85,98.26,16.33,16.62,98.25,19.3,19.63,98.29,22.51,22.9,98.29,25.97,26.42,98.29,29.67,30.19,98.28,33.62,34.21,98.27,37.8,38.48,98.24,42.25,43.01,98.23,46.94,47.78,98.23,51.88,52.81,98.24,57.07,58.09,98.24,62.5,63.62,98.24
-1,15417,23,Henschel 2008,Ocurrencias,12.59591,0.14688,Precise,Gabon,Africa,Hominidae,Pan,Pan troglodytes,Pan_troglodytes ,camera traps,1,0,3?,NA,0,2004,1,day,NA, ,Pan troglodytes ,Pan troglodytes,53.7,D,1714.9,BOTH,Omnivore,368.35,1.423,63.1,1825,229,1260.81,720,1.05,2.9,Polygyndry,Polygyndry, ,2Tropical_and_suptropical_moist_broadleaf_forest,0.772462095,0.79,97.78,1.51,1.54,98.31,2.5,2.54,98.54,3.74,3.8,98.39,5.22,5.31,98.34,NA,7.07,NA,8.93,9.08,98.31,11.14,11.34,98.23,13.61,13.85,98.28,16.33,16.62,98.26,19.29,19.63,98.28,22.49,22.9,98.23,25.95,26.42,98.22,29.66,30.19,98.24,33.61,34.21,98.26,37.82,38.48,98.28,42.27,43.01,98.27,46.96,47.78,98.29,51.91,52.81,98.29,57.09,58.09,98.28,62.53,63.62,98.28
-1,15418,23,Henschel 2008,Ocurrencias,12.61413,0.13686,Precise,Gabon,Africa,Hominidae,Pan,Pan troglodytes,Pan_troglodytes ,camera traps,0,0,0,NA,0,2004,1,day,NA, ,Pan troglodytes ,Pan troglodytes,53.7,D,1714.9,BOTH,Omnivore,368.35,1.423,63.1,1825,229,1260.81,720,1.05,2.9,Polygyndry,Polygyndry, ,2Tropical_and_suptropical_moist_broadleaf_forest,0.772406327,0.79,97.77,1.51,1.54,98.32,2.5,2.54,98.54,3.74,3.8,98.39,5.22,5.31,98.35,NA,7.07,NA,8.93,9.08,98.35,11.16,11.34,98.37,13.63,13.85,98.39,16.35,16.62,98.35,19.3,19.63,98.3,22.5,22.9,98.26,25.96,26.42,98.26,29.67,30.19,98.28,33.62,34.21,98.29,37.83,38.48,98.3,42.28,43.01,98.3,46.97,47.78,98.31,51.92,52.81,98.31,57.11,58.09,98.31,62.55,63.62,98.31
-1,15419,23,Henschel 2008,Ocurrencias,12.61523,0.15762,Precise,Gabon,Africa,Hominidae,Pan,Pan troglodytes,Pan_troglodytes ,camera traps,1,0,3?,NA,0,2004,1,day,NA, ,Pan troglodytes ,Pan troglodytes,53.7,D,1714.9,BOTH,Omnivore,368.35,1.423,63.1,1825,229,1260.81,720,1.05,2.9,Polygyndry,Polygyndry, ,2Tropical_and_suptropical_moist_broadleaf_forest,0.761744575,0.79,96.42,1.5,1.54,97.62,2.49,2.54,97.97,3.72,3.8,97.77,5.2,5.31,97.84,NA,7.07,NA,8.9,9.08,98.06,11.13,11.34,98.13,13.6,13.85,98.2,16.32,16.62,98.19,19.29,19.63,98.25,22.5,22.9,98.25,25.96,26.42,98.26,29.67,30.19,98.27,33.62,34.21,98.29,37.83,38.48,98.3,42.28,43.01,98.3,46.97,47.78,98.31,51.91,52.81,98.29,57.1,58.09,98.29,62.54,63.62,98.3
-1,15420,23,Henschel 2008,Ocurrencias,12.53489,0.14288,Precise,Gabon,Africa,Hominidae,Pan,Pan troglodytes,Pan_troglodytes ,camera traps,0,0,0,NA,0,2004,1,day,NA, ,Pan troglodytes ,Pan troglodytes,53.7,D,1714.9,BOTH,Omnivore,368.35,1.423,63.1,1825,229,1260.81,720,1.05,2.9,Polygyndry,Polygyndry, ,2Tropical_and_suptropical_moist_broadleaf_forest,0.77157877,0.79,97.67,1.5,1.54,97.61,2.45,2.54,96.41,3.68,3.8,96.77,5.16,5.31,97.17,NA,7.07,NA,8.85,9.08,97.49,11.07,11.34,97.63,13.54,13.85,97.77,16.26,16.62,97.82,19.22,19.63,97.91,22.42,22.9,97.92,25.89,26.42,97.98,29.58,30.19,97.99,33.54,34.21,98.04,37.74,38.48,98.08,42.19,43.01,98.09,46.89,47.78,98.13,51.83,52.81,98.15,57.02,58.09,98.16,62.46,63.62,98.17
-1,15421,23,Henschel 2008,Ocurrencias,12.57017,0.14051,Precise,Gabon,Africa,Hominidae,Pan,Pan troglodytes,Pan_troglodytes ,camera traps,0,0,0,NA,0,2004,1,day,NA, ,Pan troglodytes ,Pan troglodytes,53.7,D,1714.9,BOTH,Omnivore,368.35,1.423,63.1,1825,229,1260.81,720,1.05,2.9,Polygyndry,Polygyndry, ,2Tropical_and_suptropical_moist_broadleaf_forest,0.772462302,0.79,97.78,1.51,1.54,98.31,2.5,2.54,98.54,3.74,3.8,98.39,5.22,5.31,98.34,NA,7.07,NA,8.92,9.08,98.24,11.14,11.34,98.26,13.61,13.85,98.28,16.33,16.62,98.24,19.29,19.63,98.28,22.5,22.9,98.25,25.95,26.42,98.24,29.66,30.19,98.24,33.61,34.21,98.25,37.82,38.48,98.27,42.27,43.01,98.27,46.96,47.78,98.28,51.9,52.81,98.28,57.09,58.09,98.28,62.51,63.62,98.25
-1,15422,23,Henschel 2008,Ocurrencias,12.55824,0.14657,Precise,Gabon,Africa,Hominidae,Pan,Pan troglodytes,Pan_troglodytes ,camera traps,1,0,3?,NA,0,2004,1,day,NA, ,Pan troglodytes ,Pan troglodytes,53.7,D,1714.9,BOTH,Omnivore,368.35,1.423,63.1,1825,229,1260.81,720,1.05,2.9,Polygyndry,Polygyndry, ,2Tropical_and_suptropical_moist_broadleaf_forest,0.765110497,0.79,96.85,1.5,1.54,97.49,2.49,2.54,97.97,3.72,3.8,97.87,5.2,5.31,97.96,NA,7.07,NA,8.9,9.08,98.07,11.13,11.34,98.13,13.6,13.85,98.19,16.32,16.62,98.19,19.28,19.63,98.22,22.49,22.9,98.23,25.95,26.42,98.24,29.65,30.19,98.2,33.6,34.21,98.21,37.76,38.48,98.12,42.19,43.01,98.1,46.88,47.78,98.13,51.82,52.81,98.12,57.01,58.09,98.14,62.45,63.62,98.15
-1,15423,23,Henschel 2008,Ocurrencias,12.5427,0.15135,Precise,Gabon,Africa,Hominidae,Pan,Pan troglodytes,Pan_troglodytes ,camera traps,1,0,3?,NA,0,2004,1,day,NA, ,Pan troglodytes ,Pan troglodytes,53.7,D,1714.9,BOTH,Omnivore,368.35,1.423,63.1,1825,229,1260.81,720,1.05,2.9,Polygyndry,Polygyndry, ,2Tropical_and_suptropical_moist_broadleaf_forest,0.767957024,0.79,97.21,1.51,1.54,97.82,2.49,2.54,98.18,3.73,3.8,98.09,5.21,5.31,98.06,NA,7.07,NA,8.9,9.08,98.06,11.11,11.34,98.01,13.54,13.85,97.76,16.24,16.62,97.74,19.21,19.63,97.86,22.42,22.9,97.91,25.88,26.42,97.96,29.59,30.19,98.01,33.55,34.21,98.06,37.74,38.48,98.08,42.19,43.01,98.1,46.89,47.78,98.14,51.83,52.81,98.15,57.01,58.09,98.15,62.44,63.62,98.15
-1,15424,23,Henschel 2008,Ocurrencias,12.52588,0.16396,Precise,Gabon,Africa,Hominidae,Pan,Pan troglodytes,Pan_troglodytes ,camera traps,1,0,8?,NA,0,2004,1,day,NA, ,Pan troglodytes ,Pan troglodytes,53.7,D,1714.9,BOTH,Omnivore,368.35,1.423,63.1,1825,229,1260.81,720,1.05,2.9,Polygyndry,Polygyndry, ,2Tropical_and_suptropical_moist_broadleaf_forest,0.772016253,0.79,97.72,1.51,1.54,98.02,2.5,2.54,98.33,3.73,3.8,98.23,5.21,5.31,98.18,NA,7.07,NA,8.92,9.08,98.22,11.14,11.34,98.24,13.61,13.85,98.28,16.33,16.62,98.26,19.29,19.63,98.27,22.45,22.9,98.05,25.91,26.42,98.06,29.61,30.19,98.09,33.56,34.21,98.11,37.76,38.48,98.13,42.21,43.01,98.13,46.9,47.78,98.16,51.84,52.81,98.16,57.02,58.09,98.16,62.46,63.62,98.17
-1,15425,23,Henschel 2008,Ocurrencias,12.53428,0.12165,Precise,Gabon,Africa,Hominidae,Pan,Pan troglodytes,Pan_troglodytes ,camera traps,0,0,0,NA,0,2004,1,day,NA, ,Pan troglodytes ,Pan troglodytes,53.7,D,1714.9,BOTH,Omnivore,368.35,1.423,63.1,1825,229,1260.81,720,1.05,2.9,Polygyndry,Polygyndry, ,2Tropical_and_suptropical_moist_broadleaf_forest,0.772459362,0.79,97.78,1.51,1.54,98.31,2.5,2.54,98.5,3.73,3.8,98.11,5.21,5.31,98.14,NA,7.07,NA,8.92,9.08,98.23,11.14,11.34,98.28,13.62,13.85,98.31,16.3,16.62,98.07,19.24,19.63,98.01,22.45,22.9,98.04,25.91,26.42,98.06,29.61,30.19,98.09,33.56,34.21,98.11,37.76,38.48,98.12,42.21,43.01,98.13,46.89,47.78,98.14,51.83,52.81,98.15,57.02,58.09,98.16,62.46,63.62,98.18
-1,15426,23,Henschel 2008,Ocurrencias,12.53601,0.10649,Precise,Gabon,Africa,Hominidae,Pan,Pan troglodytes,Pan_troglodytes ,camera traps,1,0,6?,NA,0,2004,1,day,NA, ,Pan troglodytes ,Pan troglodytes,53.7,D,1714.9,BOTH,Omnivore,368.35,1.423,63.1,1825,229,1260.81,720,1.05,2.9,Polygyndry,Polygyndry, ,2Tropical_and_suptropical_moist_broadleaf_forest,0.772445738,0.79,97.78,1.51,1.54,98.31,2.5,2.54,98.54,3.74,3.8,98.39,5.22,5.31,98.34,NA,7.07,NA,8.92,9.08,98.25,11.14,11.34,98.26,13.61,13.85,98.3,16.33,16.62,98.28,19.3,19.63,98.32,22.51,22.9,98.3,25.97,26.42,98.31,29.68,30.19,98.31,33.64,34.21,98.32,37.84,38.48,98.33,42.29,43.01,98.32,46.98,47.78,98.32,51.87,52.81,98.21,57.05,58.09,98.21,62.49,63.62,98.22
-1,15427,23,Henschel 2008,Ocurrencias,12.52511,0.09251,Precise,Gabon,Africa,Hominidae,Pan,Pan troglodytes,Pan_troglodytes ,camera traps,1,0,2?,NA,0,2004,1,day,NA, ,Pan troglodytes ,Pan troglodytes,53.7,D,1714.9,BOTH,Omnivore,368.35,1.423,63.1,1825,229,1260.81,720,1.05,2.9,Polygyndry,Polygyndry, ,2Tropical_and_suptropical_moist_broadleaf_forest,0.77246008,0.79,97.78,1.51,1.54,98.31,2.5,2.54,98.47,3.74,3.8,98.34,5.22,5.31,98.31,NA,7.07,NA,8.93,9.08,98.33,11.15,11.34,98.35,13.63,13.85,98.38,16.34,16.62,98.33,19.31,19.63,98.36,22.52,22.9,98.35,25.97,26.42,98.31,29.68,30.19,98.31,33.64,34.21,98.32,37.84,38.48,98.33,42.29,43.01,98.32,46.98,47.78,98.33,51.93,52.81,98.33,57.12,58.09,98.33,62.55,63.62,98.33
-1,15428,23,Henschel 2008,Ocurrencias,12.56184,0.08613,Precise,Gabon,Africa,Hominidae,Pan,Pan troglodytes,Pan_troglodytes ,camera traps,0,0,0,NA,0,2004,1,day,NA, ,Pan troglodytes ,Pan troglodytes,53.7,D,1714.9,BOTH,Omnivore,368.35,1.423,63.1,1825,229,1260.81,720,1.05,2.9,Polygyndry,Polygyndry, ,2Tropical_and_suptropical_moist_broadleaf_forest,0.772414635,0.79,97.77,1.51,1.54,98.32,2.5,2.54,98.54,3.74,3.8,98.39,5.22,5.31,98.35,NA,7.07,NA,8.93,9.08,98.35,11.16,11.34,98.37,13.63,13.85,98.39,16.35,16.62,98.35,19.31,19.63,98.38,22.52,22.9,98.36,25.99,26.42,98.35,29.69,30.19,98.35,33.65,34.21,98.36,37.85,38.48,98.36,42.3,43.01,98.35,47,47.78,98.36,51.94,52.81,98.35,57.13,58.09,98.35,62.57,63.62,98.35
-1,15429,23,Henschel 2008,Ocurrencias,12.54585,0.09022,Precise,Gabon,Africa,Hominidae,Pan,Pan troglodytes,Pan_troglodytes ,camera traps,0,0,0,NA,0,2004,1,day,NA, ,Pan troglodytes ,Pan troglodytes,53.7,D,1714.9,BOTH,Omnivore,368.35,1.423,63.1,1825,229,1260.81,720,1.05,2.9,Polygyndry,Polygyndry, ,2Tropical_and_suptropical_moist_broadleaf_forest,0.772477657,0.79,97.78,1.51,1.54,98.31,2.5,2.54,98.54,3.74,3.8,98.39,5.22,5.31,98.34,NA,7.07,NA,8.93,9.08,98.33,11.15,11.34,98.35,13.62,13.85,98.36,16.34,16.62,98.33,19.31,19.63,98.36,22.52,22.9,98.35,25.98,26.42,98.35,29.69,30.19,98.35,33.65,34.21,98.35,37.85,38.48,98.36,42.3,43.01,98.35,46.99,47.78,98.34,51.93,52.81,98.34,57.12,58.09,98.33,62.56,63.62,98.33
-1,15430,23,Henschel 2008,Ocurrencias,12.55648,0.12396,Precise,Gabon,Africa,Hominidae,Pan,Pan troglodytes,Pan_troglodytes ,camera traps,0,0,0,NA,0,2004,1,day,NA, ,Pan troglodytes ,Pan troglodytes,53.7,D,1714.9,BOTH,Omnivore,368.35,1.423,63.1,1825,229,1260.81,720,1.05,2.9,Polygyndry,Polygyndry, ,2Tropical_and_suptropical_moist_broadleaf_forest,0.772361136,0.79,97.77,1.51,1.54,98.32,2.5,2.54,98.54,3.74,3.8,98.39,5.22,5.31,98.35,NA,7.07,NA,8.93,9.08,98.35,11.16,11.34,98.37,13.62,13.85,98.31,16.33,16.62,98.23,19.29,19.63,98.26,22.5,22.9,98.25,25.96,26.42,98.26,29.67,30.19,98.27,33.62,34.21,98.27,37.82,38.48,98.27,42.24,43.01,98.2,46.9,47.78,98.16,51.84,52.81,98.16,57.03,58.09,98.18,62.46,63.62,98.18
-1,15431,23,Henschel 2008,Ocurrencias,12.56914,0.12149,Precise,Gabon,Africa,Hominidae,Pan,Pan troglodytes,Pan_troglodytes ,camera traps,1,0,3?,NA,0,2004,1,day,NA, ,Pan troglodytes ,Pan troglodytes,53.7,D,1714.9,BOTH,Omnivore,368.35,1.423,63.1,1825,229,1260.81,720,1.05,2.9,Polygyndry,Polygyndry, ,2Tropical_and_suptropical_moist_broadleaf_forest,0.772459366,0.79,97.78,1.51,1.54,98.31,2.5,2.54,98.54,3.74,3.8,98.39,5.22,5.31,98.35,NA,7.07,NA,8.93,9.08,98.35,11.16,11.34,98.37,13.63,13.85,98.39,16.35,16.62,98.35,19.31,19.63,98.38,22.52,22.9,98.35,25.97,26.42,98.31,29.68,30.19,98.3,33.63,34.21,98.3,37.83,38.48,98.31,42.28,43.01,98.3,46.97,47.78,98.31,51.91,52.81,98.3,57.1,58.09,98.3,62.54,63.62,98.31
-1,15432,23,Henschel 2008,Ocurrencias,12.57771,0.11282,Precise,Gabon,Africa,Hominidae,Pan,Pan troglodytes,Pan_troglodytes ,camera traps,0,0,0,NA,0,2004,1,day,NA, ,Pan troglodytes ,Pan troglodytes,53.7,D,1714.9,BOTH,Omnivore,368.35,1.423,63.1,1825,229,1260.81,720,1.05,2.9,Polygyndry,Polygyndry, ,2Tropical_and_suptropical_moist_broadleaf_forest,0.772456097,0.79,97.78,1.51,1.54,98.31,2.5,2.54,98.5,3.74,3.8,98.37,5.22,5.31,98.33,NA,7.07,NA,8.93,9.08,98.34,11.15,11.34,98.36,13.63,13.85,98.39,16.35,16.62,98.35,19.31,19.63,98.38,22.53,22.9,98.36,25.99,26.42,98.36,29.69,30.19,98.35,33.65,34.21,98.36,37.85,38.48,98.36,42.3,43.01,98.35,47,47.78,98.36,51.94,52.81,98.34,57.12,58.09,98.33,62.55,63.62,98.32
-1,15433,23,Henschel 2008,Ocurrencias,12.58548,0.09441,Precise,Gabon,Africa,Hominidae,Pan,Pan troglodytes,Pan_troglodytes ,camera traps,1,0,2?,NA,0,2004,1,day,NA, ,Pan troglodytes ,Pan troglodytes,53.7,D,1714.9,BOTH,Omnivore,368.35,1.423,63.1,1825,229,1260.81,720,1.05,2.9,Polygyndry,Polygyndry, ,2Tropical_and_suptropical_moist_broadleaf_forest,0.772400442,0.79,97.77,1.51,1.54,98.31,2.5,2.54,98.54,3.74,3.8,98.39,5.22,5.31,98.35,NA,7.07,NA,8.93,9.08,98.34,11.15,11.34,98.36,13.63,13.85,98.39,16.35,16.62,98.35,19.31,19.63,98.38,22.53,22.9,98.37,25.99,26.42,98.36,29.69,30.19,98.34,33.64,34.21,98.34,37.85,38.48,98.35,42.3,43.01,98.34,46.99,47.78,98.35,51.94,52.81,98.35,57.13,58.09,98.34,62.57,63.62,98.34
-1,15434,23,Henschel 2008,Ocurrencias,12.59899,0.10343,Precise,Gabon,Africa,Hominidae,Pan,Pan troglodytes,Pan_troglodytes ,camera traps,0,0,0,NA,0,2004,1,day,NA, ,Pan troglodytes ,Pan troglodytes,53.7,D,1714.9,BOTH,Omnivore,368.35,1.423,63.1,1825,229,1260.81,720,1.05,2.9,Polygyndry,Polygyndry, ,2Tropical_and_suptropical_moist_broadleaf_forest,0.772452823,0.79,97.78,1.51,1.54,98.31,2.5,2.54,98.54,3.74,3.8,98.39,5.22,5.31,98.35,NA,7.07,NA,8.93,9.08,98.35,11.15,11.34,98.36,13.63,13.85,98.39,16.35,16.62,98.35,19.31,19.63,98.38,22.53,22.9,98.37,25.98,26.42,98.34,29.69,30.19,98.34,33.64,34.21,98.35,37.85,38.48,98.35,42.3,43.01,98.34,46.99,47.78,98.35,51.94,52.81,98.35,57.13,58.09,98.35,62.57,63.62,98.35
-1,15435,23,Henschel 2008,Ocurrencias,12.59433,0.11584,Precise,Gabon,Africa,Hominidae,Pan,Pan troglodytes,Pan_troglodytes ,camera traps,0,0,0,NA,0,2004,1,day,NA, ,Pan troglodytes ,Pan troglodytes,53.7,D,1714.9,BOTH,Omnivore,368.35,1.423,63.1,1825,229,1260.81,720,1.05,2.9,Polygyndry,Polygyndry, ,2Tropical_and_suptropical_moist_broadleaf_forest,0.772392912,0.79,97.77,1.51,1.54,98.32,2.5,2.54,98.54,3.74,3.8,98.39,5.22,5.31,98.35,NA,7.07,NA,8.93,9.08,98.34,11.15,11.34,98.36,13.63,13.85,98.39,16.35,16.62,98.35,19.31,19.63,98.38,22.53,22.9,98.37,25.99,26.42,98.36,29.7,30.19,98.36,33.65,34.21,98.36,37.85,38.48,98.37,42.3,43.01,98.36,47,47.78,98.37,51.94,52.81,98.36,57.13,58.09,98.35,62.57,63.62,98.35
-1,15436,23,Henschel 2008,Ocurrencias,12.60664,0.1221,Precise,Gabon,Africa,Hominidae,Pan,Pan troglodytes,Pan_troglodytes ,camera traps,0,0,0,NA,0,2004,1,day,NA, ,Pan troglodytes ,Pan troglodytes,53.7,D,1714.9,BOTH,Omnivore,368.35,1.423,63.1,1825,229,1260.81,720,1.05,2.9,Polygyndry,Polygyndry, ,2Tropical_and_suptropical_moist_broadleaf_forest,0.772406763,0.79,97.77,1.51,1.54,98.32,2.5,2.54,98.54,3.74,3.8,98.39,5.22,5.31,98.35,NA,7.07,NA,8.93,9.08,98.35,11.16,11.34,98.37,13.63,13.85,98.39,16.35,16.62,98.36,19.31,19.63,98.39,22.53,22.9,98.37,25.99,26.42,98.36,29.7,30.19,98.36,33.65,34.21,98.36,37.85,38.48,98.37,42.3,43.01,98.36,47,47.78,98.37,51.93,52.81,98.34,57.11,58.09,98.31,62.55,63.62,98.31
