OID,N,N_study,Source,BASE,X,Y,Precise,Country,Realm,Family,Genus,Taxon,Taxon_ITIS,Sample_met,Ocurrence,N_groups,Abundanc_1,Abundance,Density,Sample_yea,Sampling_e,Sampling_1,ID_Todo,TRAITS,Taxon_IT_1,ITIS_SPECI,BodyMass_k,DielActivi,HomeRange_,Locomotion,TrophicGui,Brain_size,Canine_Dim,MeanGroupS,Interbirth,Gestation,WeaningAge,MaxLongevi,LitterSz,AdultSexRa,Social_Sys,Mating_Sys,FOREST,BIOME,Buffer_500,Area500,FC_500,Buffer_700,Area700,FC_700,Buffer_900,Area900,FC_900,Buffer_110,Area1100,FC1100,Buffer_130,Area1300,FC_1300,Buffer_150,Area1500,FC_1500,Buffer_170,Area1700,FC_1700,Buffer_190,Area1900,FC_1900,Buffer_210,Area2100,FC_2100,Buffer_230,Area2300,FC_2300,Buffer_250,Area2500,FC_2500,Buffer_270,Area2700,FC_2700,Buffer_290,Area2900,FC_2900,Buffer_310,Area3100,FC_3100,Buffer_330,Area3300,FC_3300,Buffer_350,Area3500,FC_3500,Buffer_370,Area3700,F_Buffer_3,Buffer_390,Area_3900,FC_3900,Buffer_410,Area4100,FC_4100,Buffer_430,Area4300,FC_4300,Buffer_450,Area4500,FC_4500
-1,15532,326,Pruetz et al. 2012,Ocurrencias,-12.66303333,12.82288333,Precise,Senegal,Africa,Hominidae,Pan,Pan troglodytes verus,Pan_troglodytes ,Line transects,0,0,0,N nests,0,2012,115.7,km,NA, ,Pan troglodytes ,Pan troglodytes,53.7,D,1714.9,BOTH,Omnivore,368.35,1.423,63.1,1825,229,1260.81,720,1.05,2.9,Polygyndry,Polygyndry, ,8Tropical and Subtropical Grasslands Savannas and Shrublands,0,0.79,0,0,1.54,0,0,2.54,0,0,3.8,0,0,5.31,0,0,7.07,0,0,9.08,0,0,11.34,0,0,13.85,0,0,16.62,0,0,19.63,0,0,22.9,0,0,26.42,0,0,30.19,0,0,34.21,0,0,38.48,0,0,43.01,0,0,47.78,0,0,52.81,0,0,58.09,0,0,63.62,0
-1,15533,326,Pruetz et al. 2012,Ocurrencias,-12.71575,12.85285,Precise,Senegal,Africa,Hominidae,Pan,Pan troglodytes verus,Pan_troglodytes ,Line transects,1,0,49,N nests,0,2012,115.7,km,NA, ,Pan troglodytes ,Pan troglodytes,53.7,D,1714.9,BOTH,Omnivore,368.35,1.423,63.1,1825,229,1260.81,720,1.05,2.9,Polygyndry,Polygyndry, ,8Tropical and Subtropical Grasslands Savannas and Shrublands,0,0.79,0,0,1.54,0,0,2.54,0,0,3.8,0,0,5.31,0,0,7.07,0,0,9.08,0,0,11.34,0,0,13.85,0,0,16.62,0,0,19.63,0,0,22.9,0,0,26.42,0,0,30.19,0,0,34.21,0,0,38.48,0,0,43.01,0,0,47.78,0,0,52.81,0,0,58.09,0,0,63.62,0
-1,15534,326,Pruetz et al. 2012,Ocurrencias,-12.66363333,12.82333333,Precise,Senegal,Africa,Hominidae,Pan,Pan troglodytes verus,Pan_troglodytes ,Line transects,0,0,0,N nests,0,2012,115.7,km,NA, ,Pan troglodytes ,Pan troglodytes,53.7,D,1714.9,BOTH,Omnivore,368.35,1.423,63.1,1825,229,1260.81,720,1.05,2.9,Polygyndry,Polygyndry, ,8Tropical and Subtropical Grasslands Savannas and Shrublands,0,0.79,0,0,1.54,0,0,2.54,0,0,3.8,0,0,5.31,0,0,7.07,0,0,9.08,0,0,11.34,0,0,13.85,0,0,16.62,0,0,19.63,0,0,22.9,0,0,26.42,0,0,30.19,0,0,34.21,0,0,38.48,0,0,43.01,0,0,47.78,0,0,52.81,0,0,58.09,0,0,63.62,0
-1,15535,326,Pruetz et al. 2012,Ocurrencias,-12.72306667,13.07518333,Precise,Senegal,Africa,Hominidae,Pan,Pan troglodytes verus,Pan_troglodytes ,Line transects,0,0,0,N nests,0,2012,115.7,km,NA, ,Pan troglodytes ,Pan troglodytes,53.7,D,1714.9,BOTH,Omnivore,368.35,1.423,63.1,1825,229,1260.81,720,1.05,2.9,Polygyndry,Polygyndry, ,8Tropical and Subtropical Grasslands Savannas and Shrublands,0,0.79,0,0,1.54,0,0,2.54,0,0,3.8,0,0,5.31,0,0,7.07,0,0,9.08,0,0,11.34,0,0,13.85,0,0,16.62,0,0,19.63,0,0,22.9,0,0,26.42,0,0,30.19,0,0,34.21,0,0,38.48,0,0,43.01,0,0,47.78,0,0,52.81,0,0,58.09,0,0,63.62,0
-1,15536,326,Pruetz et al. 2012,Ocurrencias,-12.706,12.89563333,Precise,Senegal,Africa,Hominidae,Pan,Pan troglodytes verus,Pan_troglodytes ,Line transects,1,0,78,N nests,0,2012,115.7,km,NA, ,Pan troglodytes ,Pan troglodytes,53.7,D,1714.9,BOTH,Omnivore,368.35,1.423,63.1,1825,229,1260.81,720,1.05,2.9,Polygyndry,Polygyndry, ,8Tropical and Subtropical Grasslands Savannas and Shrublands,0,0.79,0,0,1.54,0,0,2.54,0,0,3.8,0,0,5.31,0,0,7.07,0,0,9.08,0,0,11.34,0,0,13.85,0,0,16.62,0,0,19.63,0,0,22.9,0,0,26.42,0,0,30.19,0,0,34.21,0,0,38.48,0,0,43.01,0,0,47.78,0,0,52.81,0,0,58.09,0,0,63.62,0
-1,15537,326,Pruetz et al. 2012,Ocurrencias,-12.72783333,12.88353333,Precise,Senegal,Africa,Hominidae,Pan,Pan troglodytes verus,Pan_troglodytes ,Line transects,1,0,75,N nests,0,2012,115.7,km,NA, ,Pan troglodytes ,Pan troglodytes,53.7,D,1714.9,BOTH,Omnivore,368.35,1.423,63.1,1825,229,1260.81,720,1.05,2.9,Polygyndry,Polygyndry, ,8Tropical and Subtropical Grasslands Savannas and Shrublands,0,0.79,0,0,1.54,0,0,2.54,0,0,3.8,0,0,5.31,0,0,7.07,0,0,9.08,0,0,11.34,0,0,13.85,0,0,16.62,0,0,19.63,0,0,22.9,0,0,26.42,0,0,30.19,0,0,34.21,0,0,38.48,0,0,43.01,0,0,47.78,0,0,52.81,0,0,58.09,0,0,63.62,0
-1,15538,326,Pruetz et al. 2012,Ocurrencias,-12.75216667,12.87803333,Precise,Senegal,Africa,Hominidae,Pan,Pan troglodytes verus,Pan_troglodytes ,Line transects,1,0,213,N nests,0,2012,115.7,km,NA, ,Pan troglodytes ,Pan troglodytes,53.7,D,1714.9,BOTH,Omnivore,368.35,1.423,63.1,1825,229,1260.81,720,1.05,2.9,Polygyndry,Polygyndry, ,8Tropical and Subtropical Grasslands Savannas and Shrublands,0,0.79,0,0,1.54,0,0,2.54,0,0,3.8,0,0,5.31,0,0,7.07,0,0,9.08,0,0,11.34,0,0,13.85,0,0,16.62,0,0,19.63,0,0,22.9,0,0,26.42,0,0,30.19,0,0,34.21,0,0,38.48,0,0,43.01,0,0,47.78,0,0,52.81,0,0,58.09,0,0,63.62,0
-1,15539,326,Pruetz et al. 2012,Ocurrencias,-12.70981667,12.8922,Precise,Senegal,Africa,Hominidae,Pan,Pan troglodytes verus,Pan_troglodytes ,Line transects,1,0,121,N nests,0,2012,115.7,km,NA, ,Pan troglodytes ,Pan troglodytes,53.7,D,1714.9,BOTH,Omnivore,368.35,1.423,63.1,1825,229,1260.81,720,1.05,2.9,Polygyndry,Polygyndry, ,8Tropical and Subtropical Grasslands Savannas and Shrublands,0,0.79,0,0,1.54,0,0,2.54,0,0,3.8,0,0,5.31,0,0,7.07,0,0,9.08,0,0,11.34,0,0,13.85,0,0,16.62,0,0,19.63,0,0,22.9,0,0,26.42,0,0,30.19,0,0,34.21,0,0,38.48,0,0,43.01,0,0,47.78,0,0,52.81,0,0,58.09,0,0,63.62,0
-1,15540,326,Pruetz et al. 2012,Ocurrencias,-12.72603333,12.95781667,Precise,Senegal,Africa,Hominidae,Pan,Pan troglodytes verus,Pan_troglodytes ,Line transects,1,0,30,N nests,0,2012,115.7,km,NA, ,Pan troglodytes ,Pan troglodytes,53.7,D,1714.9,BOTH,Omnivore,368.35,1.423,63.1,1825,229,1260.81,720,1.05,2.9,Polygyndry,Polygyndry, ,8Tropical and Subtropical Grasslands Savannas and Shrublands,0,0.79,0,0,1.54,0,0,2.54,0,0,3.8,0,0,5.31,0,0,7.07,0,0,9.08,0,0,11.34,0,0,13.85,0,0,16.62,0,0,19.63,0,0,22.9,0,0,26.42,0,0,30.19,0,0,34.21,0,0,38.48,0,0,43.01,0,0,47.78,0,0,52.81,0,0,58.09,0,0,63.62,0
-1,15541,326,Pruetz et al. 2012,Ocurrencias,-12.76926667,12.87335,Precise,Senegal,Africa,Hominidae,Pan,Pan troglodytes verus,Pan_troglodytes ,Line transects,1,0,126,N nests,0,2012,115.7,km,NA, ,Pan troglodytes ,Pan troglodytes,53.7,D,1714.9,BOTH,Omnivore,368.35,1.423,63.1,1825,229,1260.81,720,1.05,2.9,Polygyndry,Polygyndry, ,8Tropical and Subtropical Grasslands Savannas and Shrublands,0,0.79,0,0,1.54,0,0,2.54,0,0,3.8,0,0,5.31,0,0,7.07,0,0,9.08,0,0,11.34,0,0,13.85,0,0,16.62,0,0,19.63,0,0,22.9,0,0,26.42,0,0,30.19,0,0,34.21,0,0,38.48,0,0,43.01,0,0,47.78,0,0,52.81,0,0,58.09,0,0,63.62,0
-1,15542,326,Pruetz et al. 2012,Ocurrencias,-12.78106667,12.85658333,Precise,Senegal,Africa,Hominidae,Pan,Pan troglodytes verus,Pan_troglodytes ,Line transects,1,0,68,N nests,0,2012,115.7,km,NA, ,Pan troglodytes ,Pan troglodytes,53.7,D,1714.9,BOTH,Omnivore,368.35,1.423,63.1,1825,229,1260.81,720,1.05,2.9,Polygyndry,Polygyndry, ,8Tropical and Subtropical Grasslands Savannas and Shrublands,0,0.79,0,0,1.54,0,0,2.54,0,0,3.8,0,0,5.31,0,0,7.07,0,0,9.08,0,0,11.34,0,0,13.85,0,0,16.62,0,0,19.63,0,0,22.9,0,0,26.42,0,0,30.19,0,0,34.21,0,0,38.48,0,0,43.01,0,0,47.78,0,0,52.81,0,0,58.09,0,0,63.62,0
-1,15543,326,Pruetz et al. 2012,Ocurrencias,-12.6713,13.04011667,Precise,Senegal,Africa,Hominidae,Pan,Pan troglodytes verus,Pan_troglodytes ,Line transects,1,0,80,N nests,0,2012,115.7,km,NA, ,Pan troglodytes ,Pan troglodytes,53.7,D,1714.9,BOTH,Omnivore,368.35,1.423,63.1,1825,229,1260.81,720,1.05,2.9,Polygyndry,Polygyndry, ,8Tropical and Subtropical Grasslands Savannas and Shrublands,0,0.79,0,0,1.54,0,0,2.54,0,0,3.8,0,0,5.31,0,0,7.07,0,0,9.08,0,0,11.34,0,0,13.85,0,0,16.62,0,0,19.63,0,0,22.9,0,0,26.42,0,0,30.19,0,0,34.21,0,0,38.48,0,0,43.01,0,0,47.78,0,0,52.81,0,0,58.09,0,0,63.62,0
