OID,N,N_study,Source,BASE,X,Y,Precise,Country,Realm,Family,Genus,Taxon,Taxon_ITIS,Sample_met,Ocurrence,N_groups,Abundanc_1,Abundance,Density,Sample_yea,Sampling_e,Sampling_1,ID_Todo,TRAITS,Taxon_IT_1,ITIS_SPECI,BodyMass_k,DielActivi,HomeRange_,Locomotion,TrophicGui,Brain_size,Canine_Dim,MeanGroupS,Interbirth,Gestation,WeaningAge,MaxLongevi,LitterSz,AdultSexRa,Social_Sys,Mating_Sys,FOREST,BIOME,Buffer_500,Area500,FC_500,Buffer_700,Area700,FC_700,Buffer_900,Area900,FC_900,Buffer_110,Area1100,FC1100,Buffer_130,Area1300,FC_1300,Buffer_150,Area1500,FC_1500,Buffer_170,Area1700,FC_1700,Buffer_190,Area1900,FC_1900,Buffer_210,Area2100,FC_2100,Buffer_230,Area2300,FC_2300,Buffer_250,Area2500,FC_2500,Buffer_270,Area2700,FC_2700,Buffer_290,Area2900,FC_2900,Buffer_310,Area3100,FC_3100,Buffer_330,Area3300,FC_3300,Buffer_350,Area3500,FC_3500,Buffer_370,Area3700,F_Buffer_3,Buffer_390,Area_3900,FC_3900,Buffer_410,Area4100,FC_4100,Buffer_430,Area4300,FC_4300,Buffer_450,Area4500,FC_4500
-1,15340,451,Reinartz et al. 2006,Ocurrencias,20.80491667,-1.054316667,Precise,DR Congo,Africa,Hominidae,Pan,Pan paniscus,Pan_paniscus,Linear transect,1,0,0,NA,0,2001,17.79,km,NA, ,Pan paniscus,Pan paniscus,39.1,D,4000,BOTH,Omnivore,341.29,1.384,85.1,1715.5,232,1081.31,576,1.01,1.56,Polygyndry,Polygyndry, ,2Tropical_and_suptropical_moist_broadleaf_forest,0.71015139,0.79,89.89,1.43,1.54,92.75,2.38,2.54,93.63,3.57,3.8,93.98,5.02,5.31,94.6,NA,7.07,NA,8.67,9.08,95.45,10.87,11.34,95.88,13.33,13.85,96.22,16,16.62,96.28,18.94,19.63,96.47,22.09,22.9,96.47,25.53,26.42,96.65,29.22,30.19,96.8,33.1,34.21,96.74,37.22,38.48,96.74,41.62,43.01,96.76,46.29,47.78,96.87,51.14,52.81,96.84,56.21,58.09,96.77,61.54,63.62,96.73
-1,15341,451,Reinartz et al. 2006,Ocurrencias,20.8001,-1.146916667,Precise,DR Congo,Africa,Hominidae,Pan,Pan paniscus,Pan_paniscus,Linear transect,0,0,0,NA,0,2001,3,km,NA, ,Pan paniscus,Pan paniscus,39.1,D,4000,BOTH,Omnivore,341.29,1.384,85.1,1715.5,232,1081.31,576,1.01,1.56,Polygyndry,Polygyndry, ,2Tropical_and_suptropical_moist_broadleaf_forest,0.761090624,0.79,96.34,1.49,1.54,96.83,2.47,2.54,97.38,3.7,3.8,97.29,5.17,5.31,97.31,NA,7.07,NA,8.84,9.08,97.37,11.03,11.34,97.27,13.47,13.85,97.26,16.18,16.62,97.34,19.14,19.63,97.49,22.35,22.9,97.59,25.8,26.42,97.66,29.5,30.19,97.7,33.44,34.21,97.76,37.63,38.48,97.8,42.05,43.01,97.77,46.74,47.78,97.82,51.67,52.81,97.84,56.85,58.09,97.87,62.29,63.62,97.91
-1,15342,451,Reinartz et al. 2006,Ocurrencias,20.82035,-1.288933333,Precise,DR Congo,Africa,Hominidae,Pan,Pan paniscus,Pan_paniscus,Linear transect,1,0,0,NA,0,2001,10,km,NA, ,Pan paniscus,Pan paniscus,39.1,D,4000,BOTH,Omnivore,341.29,1.384,85.1,1715.5,232,1081.31,576,1.01,1.56,Polygyndry,Polygyndry, ,2Tropical_and_suptropical_moist_broadleaf_forest,0.767030974,0.79,97.09,1.51,1.54,97.8,2.49,2.54,98.22,3.73,3.8,98.13,5.21,5.31,98.16,NA,7.07,NA,8.92,9.08,98.2,11.14,11.34,98.25,13.61,13.85,98.28,16.33,16.62,98.23,19.29,19.63,98.26,22.49,22.9,98.2,25.95,26.42,98.22,29.66,30.19,98.23,33.61,34.21,98.25,37.81,38.48,98.27,42.26,43.01,98.25,46.95,47.78,98.27,51.89,52.81,98.27,57.08,58.09,98.27,62.52,63.62,98.27
-1,15343,451,Reinartz et al. 2006,Ocurrencias,20.57423333,-1.691666667,Precise,DR Congo,Africa,Hominidae,Pan,Pan paniscus,Pan_paniscus,Linear transect,1,0,0,NA,0,2001,32.73,km,NA, ,Pan paniscus,Pan paniscus,39.1,D,4000,BOTH,Omnivore,341.29,1.384,85.1,1715.5,232,1081.31,576,1.01,1.56,Polygyndry,Polygyndry, ,2Tropical_and_suptropical_moist_broadleaf_forest,0.771208275,0.79,97.62,1.46,1.54,94.92,2.42,2.54,95.1,3.61,3.8,94.93,5.04,5.31,94.86,NA,7.07,NA,8.6,9.08,94.76,10.76,11.34,94.86,13.12,13.85,94.73,15.75,16.62,94.76,18.67,19.63,95.11,21.74,22.9,94.93,25.14,26.42,95.16,28.79,30.19,95.38,32.65,34.21,95.43,36.74,38.48,95.48,41.09,43.01,95.53,45.64,47.78,95.52,50.46,52.81,95.55,55.55,58.09,95.63,60.89,63.62,95.7
-1,15344,451,Reinartz et al. 2006,Ocurrencias,21.26751667,-1.2225167,Precise,DR Congo,Africa,Hominidae,Pan,Pan paniscus,Pan_paniscus,Linear transect,1,0,0,NA,0,2001,7,km,NA, ,Pan paniscus,Pan paniscus,39.1,D,4000,BOTH,Omnivore,341.29,1.384,85.1,1715.5,232,1081.31,576,1.01,1.56,Polygyndry,Polygyndry, ,2Tropical_and_suptropical_moist_broadleaf_forest,0.772458174,0.79,97.78,1.51,1.54,98.31,2.5,2.54,98.54,3.74,3.8,98.39,5.22,5.31,98.35,NA,7.07,NA,8.93,9.08,98.34,11.11,11.34,98,13.45,13.85,97.12,16.11,16.62,96.92,18.98,19.63,96.69,22.08,22.9,96.4,25.46,26.42,96.38,29.14,30.19,96.51,33.06,34.21,96.65,37.21,38.48,96.7,41.58,43.01,96.66,46.2,47.78,96.7,51.07,52.81,96.7,56.21,58.09,96.77,61.6,63.62,96.82
-1,15345,451,Reinartz et al. 2006,Ocurrencias,21.64075,-1.381916667,Precise,DR Congo,Africa,Hominidae,Pan,Pan paniscus,Pan_paniscus,Linear transect,0,0,0,NA,0,2001,3,km,NA, ,Pan paniscus,Pan paniscus,39.1,D,4000,BOTH,Omnivore,341.29,1.384,85.1,1715.5,232,1081.31,576,1.01,1.56,Polygyndry,Polygyndry, ,2Tropical_and_suptropical_moist_broadleaf_forest,0.702686322,0.79,88.95,1.38,1.54,89.92,2.36,2.54,92.93,3.58,3.8,94.3,5.06,5.31,95.25,NA,7.07,NA,8.7,9.08,95.8,10.89,11.34,96.05,13.34,13.85,96.32,16,16.62,96.28,18.95,19.63,96.53,22.15,22.9,96.73,25.59,26.42,96.86,29.26,30.19,96.92,33.18,34.21,97,37.35,38.48,97.07,41.76,43.01,97.08,46.41,47.78,97.14,51.32,52.81,97.18,56.49,58.09,97.25,61.9,63.62,97.3
-1,15346,451,Reinartz et al. 2006,Ocurrencias,21.11966667,-1.4035,Precise,DR Congo,Africa,Hominidae,Pan,Pan paniscus,Pan_paniscus,Linear transect,1,0,0,NA,0,2001,37.3,km,NA, ,Pan paniscus,Pan paniscus,39.1,D,4000,BOTH,Omnivore,341.29,1.384,85.1,1715.5,232,1081.31,576,1.01,1.56,Polygyndry,Polygyndry, ,2Tropical_and_suptropical_moist_broadleaf_forest,0.772400244,0.79,97.77,1.51,1.54,98.32,2.5,2.54,98.54,3.74,3.8,98.39,5.22,5.31,98.35,NA,7.07,NA,8.93,9.08,98.35,11.16,11.34,98.37,13.63,13.85,98.39,16.35,16.62,98.36,19.31,19.63,98.36,22.52,22.9,98.34,25.98,26.42,98.34,29.69,30.19,98.34,33.64,34.21,98.35,37.85,38.48,98.36,42.3,43.01,98.34,46.99,47.78,98.36,51.94,52.81,98.35,57.13,58.09,98.35,62.57,63.62,98.35
-1,15347,451,Reinartz et al. 2006,Ocurrencias,21.7741,-1.495466667,Precise,DR Congo,Africa,Hominidae,Pan,Pan paniscus,Pan_paniscus,Linear transect,1,0,0,NA,0,2001,15.34,km,NA, ,Pan paniscus,Pan paniscus,39.1,D,4000,BOTH,Omnivore,341.29,1.384,85.1,1715.5,232,1081.31,576,1.01,1.56,Polygyndry,Polygyndry, ,2Tropical_and_suptropical_moist_broadleaf_forest,0.684564995,0.79,86.65,1.4,1.54,91.17,2.38,2.54,93.79,3.61,3.8,94.95,5.07,5.31,95.52,NA,7.07,NA,8.75,9.08,96.34,10.97,11.34,96.72,13.42,13.85,96.91,16.11,16.62,96.92,19.04,19.63,97.02,22.22,22.9,97.05,25.66,26.42,97.14,29.35,30.19,97.22,33.29,34.21,97.31,37.47,38.48,97.38,41.9,43.01,97.42,46.57,47.78,97.46,51.46,52.81,97.44,56.62,58.09,97.47,62.05,63.62,97.52
-1,15348,451,Reinartz et al. 2006,Ocurrencias,21.8045,-1.535066667,Precise,DR Congo,Africa,Hominidae,Pan,Pan paniscus,Pan_paniscus,Linear transect,1,0,0,NA,0,2001,9.9,km,NA, ,Pan paniscus,Pan paniscus,39.1,D,4000,BOTH,Omnivore,341.29,1.384,85.1,1715.5,232,1081.31,576,1.01,1.56,Polygyndry,Polygyndry, ,2Tropical_and_suptropical_moist_broadleaf_forest,0.729866649,0.79,92.39,1.44,1.54,93.82,2.38,2.54,93.6,3.59,3.8,94.57,5.04,5.31,94.98,NA,7.07,NA,8.69,9.08,95.72,10.89,11.34,96.05,13.34,13.85,96.3,16.05,16.62,96.56,19,19.63,96.79,22.17,22.9,96.83,25.63,26.42,97.01,29.32,30.19,97.11,33.25,34.21,97.19,37.43,38.48,97.28,41.87,43.01,97.36,46.56,47.78,97.45,51.49,52.81,97.5,56.68,58.09,97.57,62.11,63.62,97.63
-1,15349,451,Reinartz et al. 2006,Ocurrencias,21.22678333,-2.410966667,Precise,DR Congo,Africa,Hominidae,Pan,Pan paniscus,Pan_paniscus,Linear transect,1,0,0,NA,0,2001,12.5,km,NA, ,Pan paniscus,Pan paniscus,39.1,D,4000,BOTH,Omnivore,341.29,1.384,85.1,1715.5,232,1081.31,576,1.01,1.56,Polygyndry,Polygyndry, ,2Tropical_and_suptropical_moist_broadleaf_forest,0.77119659,0.79,97.62,1.5,1.54,97.41,2.46,2.54,96.75,3.68,3.8,96.84,5.15,5.31,97.02,NA,7.07,NA,8.86,9.08,97.54,11.08,11.34,97.67,13.53,13.85,97.66,16.23,16.62,97.67,19.19,19.63,97.74,22.39,22.9,97.77,25.84,26.42,97.8,29.54,30.19,97.86,33.5,34.21,97.92,37.69,38.48,97.96,42.13,43.01,97.95,46.82,47.78,97.99,51.76,52.81,98,56.93,58.09,98,62.35,63.62,98.01
-1,15350,451,Reinartz et al. 2006,Ocurrencias,20.85305,-1.913166667,Precise,DR Congo,Africa,Hominidae,Pan,Pan paniscus,Pan_paniscus,Linear transect,0,0,0,NA,0,2001,13.69,km,NA, ,Pan paniscus,Pan paniscus,39.1,D,4000,BOTH,Omnivore,341.29,1.384,85.1,1715.5,232,1081.31,576,1.01,1.56,Polygyndry,Polygyndry, ,2Tropical_and_suptropical_moist_broadleaf_forest,0.700874593,0.79,88.72,1.41,1.54,91.57,2.37,2.54,93.22,3.58,3.8,94.12,5.03,5.31,94.71,NA,7.07,NA,8.61,9.08,94.83,10.78,11.34,95.06,13.16,13.85,94.98,15.77,16.62,94.91,18.63,19.63,94.92,21.79,22.9,95.15,25.19,26.42,95.34,28.78,30.19,95.32,32.62,34.21,95.37,36.72,38.48,95.43,41.09,43.01,95.53,45.73,47.78,95.71,50.62,52.81,95.85,55.78,58.09,96.02,61.18,63.62,96.16
