OID,N,N_study,Source,BASE,X,Y,Precise,Country,Realm,Family,Genus,Taxon,Taxon_ITIS,Sample_met,Ocurrence,N_groups,Abundanc_1,Abundance,Density,Sample_yea,Sampling_e,Sampling_1,ID_Todo,TRAITS,Taxon_IT_1,ITIS_SPECI,BodyMass_k,DielActivi,HomeRange_,Locomotion,TrophicGui,Brain_size,Canine_Dim,MeanGroupS,Interbirth,Gestation,WeaningAge,MaxLongevi,LitterSz,AdultSexRa,Social_Sys,Mating_Sys,FOREST,BIOME,Buffer_500,Area500,FC_500,Buffer_700,Area700,FC_700,Buffer_900,Area900,FC_900,Buffer_110,Area1100,FC1100,Buffer_130,Area1300,FC_1300,Buffer_150,Area1500,FC_1500,Buffer_170,Area1700,FC_1700,Buffer_190,Area1900,FC_1900,Buffer_210,Area2100,FC_2100,Buffer_230,Area2300,FC_2300,Buffer_250,Area2500,FC_2500,Buffer_270,Area2700,FC_2700,Buffer_290,Area2900,FC_2900,Buffer_310,Area3100,FC_3100,Buffer_330,Area3300,FC_3300,Buffer_350,Area3500,FC_3500,Buffer_370,Area3700,F_Buffer_3,Buffer_390,Area_3900,FC_3900,Buffer_410,Area4100,FC_4100,Buffer_430,Area4300,FC_4300,Buffer_450,Area4500,FC_4500
-1,15447,45,Hicks et al. 2010,Ocurrencias,24.95333333,4.37,Precise,DR Congo,Africa,Hominidae,Pan,Pan troglodytes schweinfurthii,Pan_troglodytes ,Transects,1,0,0,NA,0,2005,12340.94,km,NA, ,Pan troglodytes ,Pan troglodytes,53.7,D,1714.9,BOTH,Omnivore,368.35,1.423,63.1,1825,229,1260.81,720,1.05,2.9,Polygyndry,Polygyndry, ,8Tropical and Subtropical Grasslands Savannas and Shrublands,0.65755446,0.79,83.23,1.35,1.54,87.4,2.29,2.54,89.98,3.46,3.8,90.99,4.87,5.31,91.73,6.46,7.07,91.39,8.3,9.08,91.39,10.4,11.34,91.75,12.8,13.85,92.4,15.42,16.62,92.8,18.3,19.63,93.24,21.42,22.9,93.55,24.76,26.42,93.71,28.36,30.19,93.94,32.17,34.21,94.04,36.19,38.48,94.05,40.47,43.01,94.09,45.03,47.78,94.23,49.87,52.81,94.42,54.95,58.09,94.59,60.2,63.62,94.63
-1,15448,45,Hicks et al. 2010,Ocurrencias,24.69805556,4.326111111,Precise,DR Congo,Africa,Hominidae,Pan,Pan troglodytes schweinfurthii,Pan_troglodytes ,Transects,1,0,0,NA,0,2005,326.99,km,NA, ,Pan troglodytes ,Pan troglodytes,53.7,D,1714.9,BOTH,Omnivore,368.35,1.423,63.1,1825,229,1260.81,720,1.05,2.9,Polygyndry,Polygyndry, ,8Tropical and Subtropical Grasslands Savannas and Shrublands,0.772507429,0.79,97.79,1.51,1.54,98.32,2.5,2.54,98.54,3.74,3.8,98.33,5.22,5.31,98.29,6.95,7.07,98.28,8.92,9.08,98.28,11.15,11.34,98.31,13.62,13.85,98.33,16.33,16.62,98.26,19.3,19.63,98.3,22.51,22.9,98.3,25.97,26.42,98.3,29.68,30.19,98.3,33.63,34.21,98.3,37.83,38.48,98.31,42.28,43.01,98.3,46.97,47.78,98.31,51.89,52.81,98.26,57.04,58.09,98.19,62.43,63.62,98.13
-1,15449,45,Hicks et al. 2010,Ocurrencias,25.10861111,4.950277778,Precise,DR Congo,Africa,Hominidae,Pan,Pan troglodytes schweinfurthii,Pan_troglodytes ,Transects,1,0,0,NA,0,2005,49.43,km,NA, ,Pan troglodytes ,Pan troglodytes,53.7,D,1714.9,BOTH,Omnivore,368.35,1.423,63.1,1825,229,1260.81,720,1.05,2.9,Polygyndry,Polygyndry, ,8Tropical and Subtropical Grasslands Savannas and Shrublands,0.345162188,0.79,43.69,0.72,1.54,46.6,1.14,2.54,44.88,1.63,3.8,43.03,2.18,5.31,41.11,2.85,7.07,40.24,3.68,9.08,40.5,4.77,11.34,42.05,6.01,13.85,43.41,7.26,16.62,43.66,8.92,19.63,45.46,11.21,22.9,48.97,13.77,26.42,52.11,16.14,30.19,53.46,18.61,34.21,54.39,21.19,38.48,55.07,23.66,43.01,55.02,26.24,47.78,54.93,29.21,52.81,55.3,32.55,58.09,56.03,36.1,63.62,56.75
-1,15450,45,Hicks et al. 2010,Ocurrencias,24.78333333,4.727777778,Precise,DR Congo,Africa,Hominidae,Pan,Pan troglodytes schweinfurthii,Pan_troglodytes ,Transects,0,0,0,NA,0,2005,0,na,NA, ,Pan troglodytes ,Pan troglodytes,53.7,D,1714.9,BOTH,Omnivore,368.35,1.423,63.1,1825,229,1260.81,720,1.05,2.9,Polygyndry,Polygyndry, ,8Tropical and Subtropical Grasslands Savannas and Shrublands,0.772526942,0.79,97.79,1.51,1.54,98.26,2.5,2.54,98.51,3.74,3.8,98.38,5.21,5.31,98.17,6.94,7.07,98.15,8.9,9.08,97.98,11.03,11.34,97.28,13.42,13.85,96.91,16.14,16.62,97.08,19.09,19.63,97.25,22.3,22.9,97.36,25.74,26.42,97.43,29.44,30.19,97.5,33.37,34.21,97.53,37.53,38.48,97.52,41.92,43.01,97.47,46.57,47.78,97.46,51.42,52.81,97.36,56.55,58.09,97.34,61.88,63.62,97.26
-1,15451,45,Hicks et al. 2010,Ocurrencias,25.03638889,4.045,Precise,DR Congo,Africa,Hominidae,Pan,Pan troglodytes schweinfurthii,Pan_troglodytes ,Transects,1,0,0,NA,0,2005,88,km,NA, ,Pan troglodytes ,Pan troglodytes,53.7,D,1714.9,BOTH,Omnivore,368.35,1.423,63.1,1825,229,1260.81,720,1.05,2.9,Polygyndry,Polygyndry, ,2Tropical_and_suptropical_moist_broadleaf_forest,0.772448713,0.79,97.78,1.51,1.54,98.32,2.5,2.54,98.54,3.74,3.8,98.4,5.22,5.31,98.34,NA,7.07,NA,8.93,9.08,98.35,11.15,11.34,98.37,13.63,13.85,98.39,16.35,16.62,98.36,19.31,19.63,98.39,22.53,22.9,98.37,25.99,26.42,98.37,29.7,30.19,98.37,33.65,34.21,98.37,37.85,38.48,98.38,42.3,43.01,98.36,47,47.78,98.37,51.95,52.81,98.37,57.14,58.09,98.36,62.58,63.62,98.36
-1,15452,45,Hicks et al. 2010,Ocurrencias,25.38194444,3.620555556,Precise,DR Congo,Africa,Hominidae,Pan,Pan troglodytes schweinfurthii,Pan_troglodytes ,Transects,0,0,0,NA,0,2005,9.14,km,NA, ,Pan troglodytes ,Pan troglodytes,53.7,D,1714.9,BOTH,Omnivore,368.35,1.423,63.1,1825,229,1260.81,720,1.05,2.9,Polygyndry,Polygyndry, ,2Tropical_and_suptropical_moist_broadleaf_forest,0.720186876,0.79,91.16,1.42,1.54,92.37,2.4,2.54,94.34,3.6,3.8,94.82,4.99,5.31,94.04,NA,7.07,NA,8.6,9.08,94.76,10.81,11.34,95.32,13.27,13.85,95.82,15.97,16.62,96.1,18.89,19.63,96.22,22.06,22.9,96.35,25.47,26.42,96.41,29.13,30.19,96.48,33.03,34.21,96.56,37.21,38.48,96.69,41.58,43.01,96.68,46.18,47.78,96.65,51.08,52.81,96.72,56.22,58.09,96.77,61.6,63.62,96.82
-1,15453,45,Hicks et al. 2010,Ocurrencias,25.18694444,3.469722222,Precise,DR Congo,Africa,Hominidae,Pan,Pan troglodytes schweinfurthii,Pan_troglodytes ,Transects,0,0,0,NA,0,2005,9.14,km,NA, ,Pan troglodytes ,Pan troglodytes,53.7,D,1714.9,BOTH,Omnivore,368.35,1.423,63.1,1825,229,1260.81,720,1.05,2.9,Polygyndry,Polygyndry, ,2Tropical_and_suptropical_moist_broadleaf_forest,0.640466446,0.79,81.07,1.3,1.54,84.45,2.2,2.54,86.65,3.34,3.8,87.99,4.72,5.31,88.8,NA,7.07,NA,8.21,9.08,90.44,10.33,11.34,91.1,12.54,13.85,90.54,14.7,16.62,88.47,16.71,19.63,85.11,18.94,22.9,82.72,21.72,26.42,82.22,25.06,30.19,83,28.61,34.21,83.64,32.45,38.48,84.32,36.54,43.01,84.97,40.89,47.78,85.59,45.53,52.81,86.21,50.41,58.09,86.78,55.46,63.62,87.17
-1,15454,45,Hicks et al. 2010,Ocurrencias,25.35138889,3.411944444,Precise,DR Congo,Africa,Hominidae,Pan,Pan troglodytes schweinfurthii,Pan_troglodytes ,Transects,1,0,0,NA,0,2005,31.03,km,NA, ,Pan troglodytes ,Pan troglodytes,53.7,D,1714.9,BOTH,Omnivore,368.35,1.423,63.1,1825,229,1260.81,720,1.05,2.9,Polygyndry,Polygyndry, ,2Tropical_and_suptropical_moist_broadleaf_forest,0.772510795,0.79,97.79,1.51,1.54,98.32,2.5,2.54,98.54,3.74,3.8,98.4,5.22,5.31,98.35,NA,7.07,NA,8.93,9.08,98.36,11.16,11.34,98.37,13.63,13.85,98.4,16.35,16.62,98.36,19.31,19.63,98.39,22.53,22.9,98.38,25.99,26.42,98.37,29.7,30.19,98.37,33.65,34.21,98.37,37.86,38.48,98.38,42.31,43.01,98.36,47,47.78,98.37,51.95,52.81,98.37,57.12,58.09,98.33,62.54,63.62,98.31
-1,15455,45,Hicks et al. 2010,Ocurrencias,23.50305556,3.423055556,Precise,DR Congo,Africa,Hominidae,Pan,Pan troglodytes schweinfurthii,Pan_troglodytes ,Transects,1,0,0,NA,0,2005,38.5,km,NA, ,Pan troglodytes ,Pan troglodytes,53.7,D,1714.9,BOTH,Omnivore,368.35,1.423,63.1,1825,229,1260.81,720,1.05,2.9,Polygyndry,Polygyndry, ,2Tropical_and_suptropical_moist_broadleaf_forest,0.772502105,0.79,97.79,1.51,1.54,98.32,2.5,2.54,98.54,3.74,3.8,98.4,5.22,5.31,98.35,NA,7.07,NA,8.93,9.08,98.36,11.16,11.34,98.38,13.63,13.85,98.4,16.35,16.62,98.36,19.31,19.63,98.39,22.53,22.9,98.38,25.99,26.42,98.37,29.7,30.19,98.37,33.65,34.21,98.37,37.85,38.48,98.38,42.27,43.01,98.29,46.85,47.78,98.06,51.71,52.81,97.91,56.84,58.09,97.85,62.26,63.62,97.87
-1,15456,45,Hicks et al. 2010,Ocurrencias,23.77083333,3.585,Precise,DR Congo,Africa,Hominidae,Pan,Pan troglodytes schweinfurthii,Pan_troglodytes ,Transects,0,0,0,NA,0,2005,35.7,km,NA, ,Pan troglodytes ,Pan troglodytes,53.7,D,1714.9,BOTH,Omnivore,368.35,1.423,63.1,1825,229,1260.81,720,1.05,2.9,Polygyndry,Polygyndry, ,2Tropical_and_suptropical_moist_broadleaf_forest,0.772469936,0.79,97.78,1.51,1.54,98.32,2.5,2.54,98.54,3.74,3.8,98.4,5.22,5.31,98.35,NA,7.07,NA,8.93,9.08,98.36,11.16,11.34,98.38,13.63,13.85,98.4,16.35,16.62,98.36,19.31,19.63,98.39,22.53,22.9,98.38,25.99,26.42,98.37,29.67,30.19,98.28,33.52,34.21,97.98,37.6,38.48,97.72,41.96,43.01,97.56,46.52,47.78,97.36,51.43,52.81,97.38,56.61,58.09,97.45,62.01,63.62,97.47
-1,15457,45,Hicks et al. 2010,Ocurrencias,24.17361111,3.236944444,Precise,DR Congo,Africa,Hominidae,Pan,Pan troglodytes schweinfurthii,Pan_troglodytes ,Transects,0,0,0,NA,0,2005,80.93,km,NA, ,Pan troglodytes ,Pan troglodytes,53.7,D,1714.9,BOTH,Omnivore,368.35,1.423,63.1,1825,229,1260.81,720,1.05,2.9,Polygyndry,Polygyndry, ,2Tropical_and_suptropical_moist_broadleaf_forest,0.772507689,0.79,97.79,1.51,1.54,98.31,2.5,2.54,98.54,3.74,3.8,98.4,5.22,5.31,98.35,NA,7.07,NA,8.93,9.08,98.36,11.16,11.34,98.37,13.63,13.85,98.4,16.35,16.62,98.36,19.31,19.63,98.39,22.53,22.9,98.37,25.99,26.42,98.37,29.7,30.19,98.37,33.65,34.21,98.37,37.85,38.48,98.35,42.3,43.01,98.34,46.99,47.78,98.35,51.94,52.81,98.35,57.13,58.09,98.35,62.57,63.62,98.35
-1,15458,45,Hicks et al. 2010,Ocurrencias,24.05777778,3.158333333,Precise,DR Congo,Africa,Hominidae,Pan,Pan troglodytes schweinfurthii,Pan_troglodytes ,Transects,0,0,0,NA,0,2005,45.48,km,NA, ,Pan troglodytes ,Pan troglodytes,53.7,D,1714.9,BOTH,Omnivore,368.35,1.423,63.1,1825,229,1260.81,720,1.05,2.9,Polygyndry,Polygyndry, ,2Tropical_and_suptropical_moist_broadleaf_forest,0.7724148,0.79,97.77,1.51,1.54,98.32,2.5,2.54,98.54,3.74,3.8,98.4,5.22,5.31,98.35,NA,7.07,NA,8.93,9.08,98.35,11.15,11.34,98.33,13.62,13.85,98.35,16.34,16.62,98.31,19.3,19.63,98.34,22.51,22.9,98.31,25.95,26.42,98.22,29.62,30.19,98.12,33.56,34.21,98.09,37.76,38.48,98.12,42.2,43.01,98.12,46.89,47.78,98.14,51.83,52.81,98.14,56.96,58.09,98.05,62.34,63.62,98
-1,15459,45,Hicks et al. 2010,Ocurrencias,24.97333333,3.360555556,Precise,DR Congo,Africa,Hominidae,Pan,Pan troglodytes schweinfurthii,Pan_troglodytes ,Transects,1,0,0,NA,0,2005,48.52,km,NA, ,Pan troglodytes ,Pan troglodytes,53.7,D,1714.9,BOTH,Omnivore,368.35,1.423,63.1,1825,229,1260.81,720,1.05,2.9,Polygyndry,Polygyndry, ,2Tropical_and_suptropical_moist_broadleaf_forest,0.772421198,0.79,97.77,1.51,1.54,98.32,2.5,2.54,98.54,3.74,3.8,98.4,5.22,5.31,98.35,NA,7.07,NA,8.93,9.08,98.36,11.16,11.34,98.37,13.63,13.85,98.4,16.35,16.62,98.36,19.31,19.63,98.39,22.53,22.9,98.38,25.99,26.42,98.37,29.7,30.19,98.37,33.6,34.21,98.21,37.51,38.48,97.49,41.6,43.01,96.72,45.97,47.78,96.22,50.52,52.81,95.66,55.44,58.09,95.43,60.6,63.62,95.26
-1,15460,45,Hicks et al. 2010,Ocurrencias,25.85444444,3.236111111,Precise,DR Congo,Africa,Hominidae,Pan,Pan troglodytes schweinfurthii,Pan_troglodytes ,Transects,0,0,0,NA,0,2005,46.5,km,NA, ,Pan troglodytes ,Pan troglodytes,53.7,D,1714.9,BOTH,Omnivore,368.35,1.423,63.1,1825,229,1260.81,720,1.05,2.9,Polygyndry,Polygyndry, ,2Tropical_and_suptropical_moist_broadleaf_forest,0.772434801,0.79,97.78,1.51,1.54,98.32,2.5,2.54,98.54,3.74,3.8,98.4,5.22,5.31,98.35,NA,7.07,NA,8.93,9.08,98.36,11.15,11.34,98.37,13.62,13.85,98.32,16.33,16.62,98.25,19.29,19.63,98.24,22.47,22.9,98.12,25.91,26.42,98.07,29.61,30.19,98.07,33.55,34.21,98.08,37.73,38.48,98.05,42.16,43.01,98.03,46.85,47.78,98.06,51.78,52.81,98.05,56.95,58.09,98.04,62.38,63.62,98.05
-1,15462,45,Hicks et al. 2010,Ocurrencias,23.95916667,2.493333333,Precise,DR Congo,Africa,Hominidae,Pan,Pan troglodytes schweinfurthii,Pan_troglodytes ,Transects,0,0,0,NA,0,2005,23.47,km,NA, ,Pan troglodytes ,Pan troglodytes,53.7,D,1714.9,BOTH,Omnivore,368.35,1.423,63.1,1825,229,1260.81,720,1.05,2.9,Polygyndry,Polygyndry, ,2Tropical_and_suptropical_moist_broadleaf_forest,0.772484853,0.79,97.78,1.51,1.54,98.31,2.5,2.54,98.54,3.74,3.8,98.39,5.22,5.31,98.35,NA,7.07,NA,8.93,9.08,98.35,11.16,11.34,98.37,13.63,13.85,98.39,16.35,16.62,98.36,19.31,19.63,98.39,22.53,22.9,98.37,25.98,26.42,98.35,29.69,30.19,98.33,33.63,34.21,98.3,37.8,38.48,98.24,42.21,43.01,98.14,46.89,47.78,98.15,51.81,52.81,98.1,57,58.09,98.12,62.42,63.62,98.12
-1,15463,45,Hicks et al. 2010,Ocurrencias,24.7525,2.822777778,Precise,DR Congo,Africa,Hominidae,Pan,Pan troglodytes schweinfurthii,Pan_troglodytes ,Transects,0,0,0,NA,0,2005,25.6,km,NA, ,Pan troglodytes ,Pan troglodytes,53.7,D,1714.9,BOTH,Omnivore,368.35,1.423,63.1,1825,229,1260.81,720,1.05,2.9,Polygyndry,Polygyndry, ,2Tropical_and_suptropical_moist_broadleaf_forest,0.429780825,0.79,54.4,0.8,1.54,52.17,1.4,2.54,55.17,2.15,3.8,56.57,3.17,5.31,59.65,NA,7.07,NA,5.96,9.08,65.6,7.71,11.34,68.01,9.76,13.85,70.44,12.16,16.62,73.17,14.75,19.63,75.13,17.55,22.9,76.62,20.61,26.42,78.03,23.99,30.19,79.46,27.7,34.21,80.97,31.66,38.48,82.28,35.69,43.01,82.98,39.96,47.78,83.62,44.48,52.81,84.22,49.32,58.09,84.9,54.44,63.62,85.58
-1,15464,45,Hicks et al. 2010,Ocurrencias,25.3375,2.773055556,Precise,DR Congo,Africa,Hominidae,Pan,Pan troglodytes schweinfurthii,Pan_troglodytes ,Transects,0,0,0,NA,0,2005,39.38,km,NA, ,Pan troglodytes ,Pan troglodytes,53.7,D,1714.9,BOTH,Omnivore,368.35,1.423,63.1,1825,229,1260.81,720,1.05,2.9,Polygyndry,Polygyndry, ,2Tropical_and_suptropical_moist_broadleaf_forest,0.772407108,0.79,97.77,1.51,1.54,98.32,2.5,2.54,98.54,3.74,3.8,98.39,5.22,5.31,98.35,NA,7.07,NA,8.93,9.08,98.35,11.16,11.34,98.37,13.63,13.85,98.39,16.35,16.62,98.36,19.31,19.63,98.39,22.53,22.9,98.37,25.99,26.42,98.37,29.7,30.19,98.37,33.65,34.21,98.37,37.86,38.48,98.38,42.31,43.01,98.36,47,47.78,98.37,51.95,52.81,98.37,57.14,58.09,98.36,62.58,63.62,98.36
-1,15465,45,Hicks et al. 2010,Ocurrencias,23.59388889,2.611944444,Precise,DR Congo,Africa,Hominidae,Pan,Pan troglodytes schweinfurthii,Pan_troglodytes ,Transects,1,0,0,NA,0,2005,1.04,km,NA, ,Pan troglodytes ,Pan troglodytes,53.7,D,1714.9,BOTH,Omnivore,368.35,1.423,63.1,1825,229,1260.81,720,1.05,2.9,Polygyndry,Polygyndry, ,2Tropical_and_suptropical_moist_broadleaf_forest,0.77249602,0.79,97.78,1.51,1.54,98.25,2.5,2.54,98.33,3.73,3.8,98.25,5.22,5.31,98.25,NA,7.07,NA,8.54,9.08,94.03,10.63,11.34,93.72,12.98,13.85,93.73,15.59,16.62,93.81,18.44,19.63,93.94,21.47,22.9,93.75,24.82,26.42,93.95,28.43,30.19,94.17,32.3,34.21,94.42,36.36,38.48,94.48,40.68,43.01,94.59,45.23,47.78,94.67,50.02,52.81,94.71,55.06,58.09,94.78,60.22,63.62,94.66
