OID,N,N_study,Source,BASE,X,Y,Precise,Country,Realm,Family,Genus,Taxon,Taxon_ITIS,Sample_met,Ocurrence,N_groups,Abundanc_1,Abundance,Density,Sample_yea,Sampling_e,Sampling_1,ID_Todo,TRAITS,Taxon_IT_1,ITIS_SPECI,BodyMass_k,DielActivi,HomeRange_,Locomotion,TrophicGui,Brain_size,Canine_Dim,MeanGroupS,Interbirth,Gestation,WeaningAge,MaxLongevi,LitterSz,AdultSexRa,Social_Sys,Mating_Sys,FOREST,BIOME,Buffer_500,Area500,FC_500,Buffer_700,Area700,FC_700,Buffer_900,Area900,FC_900,Buffer_110,Area1100,FC1100,Buffer_130,Area1300,FC_1300,Buffer_150,Area1500,FC_1500,Buffer_170,Area1700,FC_1700,Buffer_190,Area1900,FC_1900,Buffer_210,Area2100,FC_2100,Buffer_230,Area2300,FC_2300,Buffer_250,Area2500,FC_2500,Buffer_270,Area2700,FC_2700,Buffer_290,Area2900,FC_2900,Buffer_310,Area3100,FC_3100,Buffer_330,Area3300,FC_3300,Buffer_350,Area3500,FC_3500,Buffer_370,Area3700,F_Buffer_3,Buffer_390,Area_3900,FC_3900,Buffer_410,Area4100,FC_4100,Buffer_430,Area4300,FC_4300,Buffer_450,Area4500,FC_4500
-1,16619,368,Butynski et al. 2006,Ocurrencias,39.55138889,-3.966111111,Precise,Kenya,Africa,Galagidae,Galagoides,Galagoides cocos,Paragalago_cocos ,Direct observation and vocalization,0,0,0,NA,0,2004,0, ,NA, ,Paragalago cocos ,Paragalago cocos,0.14,N,1.95,AR,Omnivore,NA,NA,3,NA,NA,NA,NA,NA,NA,Solitary,Statial Polygyny, ,2Tropical_and_suptropical_moist_broadleaf_forest,0.089863935,0.79,11.38,0.16,1.54,10.65,0.21,2.54,8.43,0.4,3.8,10.43,0.53,5.31,10,NA,7.07,NA,0.8,9.08,8.84,1.01,11.34,8.9,1.24,13.85,8.94,1.53,16.62,9.2,1.9,19.63,9.68,2.32,22.9,10.12,2.81,26.42,10.62,3.25,30.19,10.78,3.84,34.21,11.22,4.36,38.48,11.32,4.98,43.01,11.58,5.63,47.78,11.77,6.19,52.81,11.73,6.86,58.09,11.81,7.47,63.62,11.73
-1,16620,368,Butynski et al. 2006,Ocurrencias,39.58166667,-3.945,Precise,Kenya,Africa,Galagidae,Galagoides,Galagoides cocos,Paragalago_cocos ,Direct observation and vocalization,1,0,0,NA,0,2004,0, ,NA, ,Paragalago cocos ,Paragalago cocos,0.14,N,1.95,AR,Omnivore,NA,NA,3,NA,NA,NA,NA,NA,NA,Solitary,Statial Polygyny, ,2Tropical_and_suptropical_moist_broadleaf_forest,0.648582122,0.79,82.1,1.26,1.54,81.98,1.9,2.54,74.78,2.57,3.8,67.57,3.24,5.31,60.94,NA,7.07,NA,5.19,9.08,57.16,6.04,11.34,53.27,6.7,13.85,48.35,7.49,16.62,45.08,8.37,19.63,42.63,9.27,22.9,40.48,9.87,26.42,37.37,10.38,30.19,34.38,10.97,34.21,32.07,11.42,38.48,29.67,11.75,43.01,27.32,12.02,47.78,25.15,12.39,52.81,23.47,12.88,58.09,22.16,13.42,63.62,21.1
-1,16621,368,Butynski et al. 2006,Ocurrencias,39.35414167,-4.626222222,Precise,Kenya,Africa,Galagidae,Galagoides,Galagoides cocos,Paragalago_cocos , ,1,0,0,NA,0,2005,0, ,NA, ,Paragalago cocosÂ ,Paragalago cocos,0.14,N,1.95,AR,Omnivore,0,0,3,NA,0,NA,NA,NA,NA,Solitary,Statial Polygyny, ,NA,0.480912867,0.79,60.88,0.9,1.54,58.47,1.42,2.54,55.85,2.05,3.8,54.01,5.03,5.31,94.69,6.72,7.07,95.11,4.5,9.08,49.61,5.48,11.34,48.32,6.53,13.85,47.17,7.67,16.62,46.18,8.87,19.63,45.21,10.15,22.9,44.31,11.51,26.42,43.55,12.95,30.19,42.9,14.46,34.21,42.28,16.07,38.48,41.77,17.78,43.01,41.34,19.56,47.78,40.93,21.41,52.81,40.54,23.34,58.09,40.17,25.29,63.62,39.75
-1,16622,368,Butynski et al. 2006,Ocurrencias,39.19231667,-4.636186111,Precise,Kenya,Africa,Galagidae,Galagoides,Galagoides cocos,Paragalago_cocos , ,1,0,0,NA,0,2005,0, ,NA, ,Paragalago cocosÂ ,Paragalago cocos,0.14,N,1.95,AR,Omnivore,0,0,3,NA,0,NA,NA,NA,NA,Solitary,Statial Polygyny, ,NA,0.475743056,0.79,60.22,0.89,1.54,57.9,1.41,2.54,55.37,2.04,3.8,53.61,5.03,5.31,94.69,6.72,7.07,95.11,4.49,9.08,49.41,5.46,11.34,48.18,6.52,13.85,47.08,7.67,16.62,46.13,8.87,19.63,45.21,10.15,22.9,44.34,11.52,26.42,43.61,12.98,30.19,42.99,14.5,34.21,42.39,16.13,38.48,41.91,17.85,43.01,41.49,19.63,47.78,41.08,21.49,52.81,40.7,23.43,58.09,40.33,25.39,63.62,39.91
-1,16623,368,Butynski et al. 2006,Ocurrencias,39.13475278,-4.582875,Precise,Kenya,Africa,Galagidae,Galagoides,Galagoides cocos,Paragalago_cocos , ,1,0,0,NA,0,2005,0, ,NA, ,Paragalago cocosÂ ,Paragalago cocos,0.14,N,1.95,AR,Omnivore,0,0,3,NA,0,NA,NA,NA,NA,Solitary,Statial Polygyny, ,NA,0.475743056,0.79,60.22,0.89,1.54,57.9,1.41,2.54,55.37,2.04,3.8,53.61,5.03,5.31,94.69,6.72,7.07,95.11,4.49,9.08,49.41,5.46,11.34,48.18,6.52,13.85,47.08,7.67,16.62,46.13,8.87,19.63,45.21,10.15,22.9,44.34,11.52,26.42,43.61,12.98,30.19,42.99,14.5,34.21,42.39,16.13,38.48,41.91,17.85,43.01,41.49,19.63,47.78,41.08,21.49,52.81,40.7,23.43,58.09,40.33,25.39,63.62,39.91
-1,16624,368,Butynski et al. 2006,Ocurrencias,39.125725,-4.782891667,Precise,Tanzania,Africa,Galagidae,Galagoides,Galagoides cocos,Paragalago_cocos , ,1,0,0,NA,0,2005,0, ,NA, ,Paragalago cocosÂ ,Paragalago cocos,0.14,N,1.95,AR,Omnivore,0,0,3,NA,0,NA,NA,NA,NA,Solitary,Statial Polygyny, ,NA,0.477665135,0.79,60.46,0.9,1.54,58.21,1.41,2.54,55.68,2.05,3.8,53.92,5.03,5.31,94.69,6.72,7.07,95.11,4.51,9.08,49.71,5.5,11.34,48.48,6.56,13.85,47.4,7.72,16.62,46.47,8.94,19.63,45.55,10.23,22.9,44.69,11.62,26.42,43.97,13.08,30.19,43.34,14.62,34.21,42.74,16.26,38.48,42.25,17.99,43.01,41.83,19.79,47.78,41.42,21.67,52.81,41.03,23.62,58.09,40.66,25.6,63.62,40.25
-1,16625,368,Butynski et al. 2006,Ocurrencias,38.66662778,-4.741980556,Precise,Tanzania,Africa,Galagidae,Galagoides,Galagoides cocos,Paragalago_cocos , ,1,0,0,NA,0,2005,0, ,NA, ,Paragalago cocosÂ ,Paragalago cocos,0.14,N,1.95,AR,Omnivore,0,0,3,NA,0,NA,NA,NA,NA,Solitary,Statial Polygyny, ,NA,0.50906927,0.79,64.44,0.95,1.54,62.01,1.53,2.54,60.09,2.23,3.8,58.68,5.03,5.31,94.69,6.72,7.07,95.11,4.93,9.08,54.32,6.01,11.34,53.02,7.2,13.85,51.97,8.49,16.62,51.08,9.85,19.63,50.16,11.29,22.9,49.29,12.84,26.42,48.6,14.49,30.19,48.01,16.21,34.21,47.4,18.05,38.48,46.9,19.98,43.01,46.46,22,47.78,46.04,24.1,52.81,45.63,26.27,58.09,45.22,28.47,63.62,44.75
-1,16626,368,Butynski et al. 2006,Ocurrencias,39.22208056,-4.526869444,Precise,Kenya,Africa,Galagidae,Galagoides,Galagoides cocos,Paragalago_cocos , ,1,0,0,NA,0,2005,0, ,NA, ,Paragalago cocosÂ ,Paragalago cocos,0.14,N,1.95,AR,Omnivore,0,0,3,NA,0,NA,NA,NA,NA,Solitary,Statial Polygyny, ,NA,0.478277115,0.79,60.54,0.9,1.54,58.22,1.41,2.54,55.68,2.05,3.8,53.89,5.03,5.31,94.69,6.72,7.07,95.11,4.5,9.08,49.57,5.48,11.34,48.31,6.54,13.85,47.19,7.68,16.62,46.22,8.89,19.63,45.26,10.16,22.9,44.38,11.53,26.42,43.64,12.98,30.19,43,14.5,34.21,42.39,16.12,38.48,41.89,17.83,43.01,41.46,19.61,47.78,41.04,21.47,52.81,40.65,23.39,58.09,40.27,25.35,63.62,39.85
-1,16627,368,Butynski et al. 2006,Ocurrencias,39.25965556,-4.490066667,Precise,Kenya,Africa,Galagidae,Galagoides,Galagoides cocos,Paragalago_cocos , ,1,0,0,NA,0,2005,0, ,NA, ,Paragalago cocosÂ ,Paragalago cocos,0.14,N,1.95,AR,Omnivore,0,0,3,NA,0,NA,NA,NA,NA,Solitary,Statial Polygyny, ,NA,0.475118736,0.79,60.14,0.89,1.54,57.76,1.4,2.54,55.18,2.03,3.8,53.36,5.03,5.31,94.69,6.72,7.07,95.11,4.45,9.08,49.02,5.41,11.34,47.74,6.45,13.85,46.61,7.58,16.62,45.62,8.77,19.63,44.66,10.02,22.9,43.78,11.37,26.42,43.03,12.8,30.19,42.38,14.29,34.21,41.77,15.88,38.48,41.26,17.57,43.01,40.85,19.32,47.78,40.44,21.15,52.81,40.05,23.05,58.09,39.69,24.99,63.62,39.28
-1,16628,368,Butynski et al. 2006,Ocurrencias,39.40276667,-4.462391667,Precise,Kenya,Africa,Galagidae,Galagoides,Galagoides cocos,Paragalago_cocos , ,1,0,0,NA,0,2005,0, ,NA, ,Paragalago cocosÂ ,Paragalago cocos,0.14,N,1.95,AR,Omnivore,0,0,3,NA,0,NA,NA,NA,NA,Solitary,Statial Polygyny, ,NA,0.444977473,0.79,56.33,0.83,1.54,53.7,1.29,2.54,50.81,1.85,3.8,48.66,5.03,5.31,94.69,6.72,7.07,95.11,3.98,9.08,43.78,4.8,11.34,42.34,5.69,13.85,41.11,6.65,16.62,40,7.65,19.63,38.96,8.69,22.9,37.96,9.8,26.42,37.1,10.98,30.19,36.36,12.2,34.21,35.66,13.5,38.48,35.09,14.91,43.01,34.66,16.37,47.78,34.25,17.89,52.81,33.88,19.48,58.09,33.54,21.09,63.62,33.14
-1,16629,368,Butynski et al. 2006,Ocurrencias,39.46235278,-4.417622222,Precise,Kenya,Africa,Galagidae,Galagoides,Galagoides cocos,Paragalago_cocos , ,1,0,0,NA,0,2005,0, ,NA, ,Paragalago cocosÂ ,Paragalago cocos,0.14,N,1.95,AR,Omnivore,0,0,3,NA,0,NA,NA,NA,NA,Solitary,Statial Polygyny, ,NA,0.423918558,0.79,53.66,0.78,1.54,50.81,1.21,2.54,47.73,1.73,3.8,45.43,4.72,5.31,88.89,6.29,7.07,89,3.65,9.08,40.19,4.38,11.34,38.65,5.17,13.85,37.35,6.01,16.62,36.16,6.88,19.63,35.05,7.79,22.9,34,8.74,26.42,33.08,9.75,30.19,32.3,10.8,34.21,31.56,11.92,38.48,30.98,13.14,43.01,30.55,14.41,47.78,30.15,15.74,52.81,29.81,17.13,58.09,29.49,18.53,63.62,29.13
-1,16630,368,Butynski et al. 2006,Ocurrencias,39.52585,-4.413611111,Precise,Kenya,Africa,Galagidae,Galagoides,Galagoides cocos,Paragalago_cocos , ,1,0,0,NA,0,2005,0, ,NA, ,Paragalago cocosÂ ,Paragalago cocos,0.14,N,1.95,AR,Omnivore,0,0,3,NA,0,NA,NA,NA,NA,Solitary,Statial Polygyny, ,NA,0.423918558,0.79,53.66,0.78,1.54,50.81,1.21,2.54,47.73,1.73,3.8,45.43,4.72,5.31,88.89,6.29,7.07,89,3.65,9.08,40.19,4.38,11.34,38.65,5.17,13.85,37.35,6.01,16.62,36.16,6.88,19.63,35.05,7.79,22.9,34,8.74,26.42,33.08,9.75,30.19,32.3,10.8,34.21,31.56,11.92,38.48,30.98,13.14,43.01,30.55,14.41,47.78,30.15,15.74,52.81,29.81,17.13,58.09,29.49,18.53,63.62,29.13
-1,16631,368,Butynski et al. 2006,Ocurrencias,39.53317778,-4.015327778,Precise,Kenya,Africa,Galagidae,Galagoides,Galagoides cocos,Paragalago_cocos , ,1,0,0,NA,0,2005,0, ,NA, ,Paragalago cocosÂ ,Paragalago cocos,0.14,N,1.95,AR,Omnivore,0,0,3,NA,0,NA,NA,NA,NA,Solitary,Statial Polygyny, ,NA,0.410326097,0.79,51.94,0.76,1.54,49.04,1.17,2.54,46.04,1.66,3.8,43.74,4.72,5.31,88.89,6.29,7.07,89,3.48,9.08,38.36,4.18,11.34,36.84,4.94,13.85,35.69,5.76,16.62,34.67,6.63,19.63,33.76,7.53,22.9,32.88,8.49,26.42,32.12,9.49,30.19,31.44,10.54,34.21,30.82,11.68,38.48,30.34,12.9,43.01,29.99,14.17,47.78,29.66,15.5,52.81,29.36,16.9,58.09,29.09,18.31,63.62,28.78
-1,16632,368,Butynski et al. 2006,Ocurrencias,39.50514722,-4.021622222,Precise,Kenya,Africa,Galagidae,Galagoides,Galagoides cocos,Paragalago_cocos , ,1,0,0,NA,0,2005,0, ,NA, ,Paragalago cocosÂ ,Paragalago cocos,0.14,N,1.95,AR,Omnivore,0,0,3,NA,0,NA,NA,NA,NA,Solitary,Statial Polygyny, ,NA,0.41412641,0.79,52.42,0.76,1.54,49.48,1.18,2.54,46.5,1.68,3.8,44.28,4.72,5.31,88.89,6.29,7.07,89,3.55,9.08,39.05,4.26,11.34,37.55,5.04,13.85,36.4,5.88,16.62,35.38,6.76,19.63,34.46,7.69,22.9,33.57,8.67,26.42,32.81,9.7,30.19,32.12,10.77,34.21,31.49,11.93,38.48,31,13.18,43.01,30.64,14.48,47.78,30.3,15.84,52.81,29.99,17.26,58.09,29.71,18.69,63.62,29.38
-1,16633,368,Butynski et al. 2006,Ocurrencias,39.83819444,-3.638438889,Precise,Kenya,Africa,Galagidae,Galagoides,Galagoides cocos,Paragalago_cocos , ,1,0,0,NA,0,2005,0, ,NA, ,Paragalago cocosÂ ,Paragalago cocos,0.14,N,1.95,AR,Omnivore,0,0,3,NA,0,NA,NA,NA,NA,Solitary,Statial Polygyny, ,NA,0.395724662,0.79,50.09,0.73,1.54,47.25,1.13,2.54,44.43,1.62,3.8,42.72,4.72,5.31,88.89,6.29,7.07,89,3.52,9.08,38.82,4.29,11.34,37.82,5.17,13.85,37.36,6.15,16.62,37,7.22,19.63,36.77,8.36,22.9,36.51,9.57,26.42,36.23,10.83,30.19,35.87,12.15,34.21,35.52,13.57,38.48,35.26,15.1,43.01,35.11,16.7,47.78,34.96,18.36,52.81,34.77,20.06,58.09,34.53,21.74,63.62,34.17
-1,16634,368,Butynski et al. 2006,Ocurrencias,39.83799444,-3.624827778,Precise,Kenya,Africa,Galagidae,Galagoides,Galagoides cocos,Paragalago_cocos , ,1,0,0,NA,0,2005,0, ,NA, ,Paragalago cocosÂ ,Paragalago cocos,0.14,N,1.95,AR,Omnivore,0,0,3,NA,0,NA,NA,NA,NA,Solitary,Statial Polygyny, ,NA,0.395724662,0.79,50.09,0.73,1.54,47.25,1.13,2.54,44.43,1.62,3.8,42.72,4.72,5.31,88.89,6.29,7.07,89,3.52,9.08,38.82,4.29,11.34,37.82,5.17,13.85,37.36,6.15,16.62,37,7.22,19.63,36.77,8.36,22.9,36.51,9.57,26.42,36.23,10.83,30.19,35.87,12.15,34.21,35.52,13.57,38.48,35.26,15.1,43.01,35.11,16.7,47.78,34.96,18.36,52.81,34.77,20.06,58.09,34.53,21.74,63.62,34.17
-1,16635,368,Butynski et al. 2006,Ocurrencias,39.96848611,-3.343886111,Precise,Kenya,Africa,Galagidae,Galagoides,Galagoides cocos,Paragalago_cocos , ,1,0,0,NA,0,2005,0, ,NA, ,Paragalago cocosÂ ,Paragalago cocos,0.14,N,1.95,AR,Omnivore,0,0,3,NA,0,NA,NA,NA,NA,Solitary,Statial Polygyny, ,NA,0.38672808,0.79,48.95,0.72,1.54,46.71,1.09,2.54,43,1.53,3.8,40.29,2.53,5.31,47.62,3.1,7.07,43.8,3.16,9.08,34.83,3.77,11.34,33.28,4.46,13.85,32.17,5.24,16.62,31.51,6.13,19.63,31.22,7.09,22.9,30.97,8.07,26.42,30.55,9.06,30.19,30.02,10.14,34.21,29.63,11.26,38.48,29.26,12.45,43.01,28.94,13.61,47.78,28.5,14.82,52.81,28.06,16.09,58.09,27.7,17.39,63.62,27.34
