OID,N,N_study,Source,BASE,X,Y,Precise,Country,Realm,Family,Genus,Taxon,Taxon_ITIS,Sample_met,Ocurrence,N_groups,Abundanc_1,Abundance,Density,Sample_yea,Sampling_e,Sampling_1,ID_Todo,TRAITS,Taxon_IT_1,ITIS_SPECI,BodyMass_k,DielActivi,HomeRange_,Locomotion,TrophicGui,Brain_size,Canine_Dim,MeanGroupS,Interbirth,Gestation,WeaningAge,MaxLongevi,LitterSz,AdultSexRa,Social_Sys,Mating_Sys,FOREST,BIOME,Buffer_500,Area500,FC_500,Buffer_700,Area700,FC_700,Buffer_900,Area900,FC_900,Buffer_110,Area1100,FC1100,Buffer_130,Area1300,FC_1300,Buffer_150,Area1500,FC_1500,Buffer_170,Area1700,FC_1700,Buffer_190,Area1900,FC_1900,Buffer_210,Area2100,FC_2100,Buffer_230,Area2300,FC_2300,Buffer_250,Area2500,FC_2500,Buffer_270,Area2700,FC_2700,Buffer_290,Area2900,FC_2900,Buffer_310,Area3100,FC_3100,Buffer_330,Area3300,FC_3300,Buffer_350,Area3500,FC_3500,Buffer_370,Area3700,F_Buffer_3,Buffer_390,Area_3900,FC_3900,Buffer_410,Area4100,FC_4100,Buffer_430,Area4300,FC_4300,Buffer_450,Area4500,FC_4500
-1,16764,481,Mouria et al. 2003,Ocurrencias,40.1588323,-2.238980629,Precise,Kenya,Africa,Cercopithecidae,Procolobus,Procolobus rufomitratus,Piliocolobus_rufomitratus ,Quadrant census,0,0,0,NA,0,2000,0, ,NA, ,Piliocolobus rufomitratus ,Piliocolobus rufomitratus,9,D,14.25,AR,Folivore,NA,NA,NA,NA,195,NA,NA,NA,5.96,Polygyndry,NA, ,2Tropical_and_suptropical_moist_broadleaf_forest,0.143924554,0.79,18.22,0.22,1.54,14.56,0.38,2.54,15,0.48,3.8,12.72,0.6,5.31,11.28,NA,7.07,NA,1.17,9.08,12.89,1.62,11.34,14.3,1.96,13.85,14.16,2.5,16.62,15.06,3.07,19.63,15.66,3.57,22.9,15.58,4,26.42,15.13,4.38,30.19,14.51,4.84,34.21,14.16,5.3,38.48,13.77,5.7,43.01,13.25,5.86,47.78,12.26,6.03,52.81,11.41,6.36,58.09,10.96,6.83,63.62,10.73
-1,16765,481,Mouria et al. 2003,Ocurrencias,40.21019127,-2.282262521,Precise,Kenya,Africa,Cercopithecidae,Procolobus,Procolobus rufomitratus,Piliocolobus_rufomitratus ,Quadrant census,1,2,0,NA,0.4,2000,0, ,NA, ,Piliocolobus rufomitratus ,Piliocolobus rufomitratus,9,D,14.25,AR,Folivore,NA,NA,NA,NA,195,NA,NA,NA,5.96,Polygyndry,NA, ,2Tropical_and_suptropical_moist_broadleaf_forest,0.400100516,0.79,50.65,0.76,1.54,49.3,1.28,2.54,50.44,1.82,3.8,47.97,2.35,5.31,44.27,NA,7.07,NA,3.22,9.08,35.41,3.65,11.34,32.2,4.15,13.85,29.96,4.61,16.62,27.75,5.2,19.63,26.49,6,22.9,26.18,6.87,26.42,26.02,8.2,30.19,27.15,9.62,34.21,28.12,10.99,38.48,28.56,12.54,43.01,29.16,14.38,47.78,30.09,16.19,52.81,30.66,18.04,58.09,31.06,20.13,63.62,31.64
-1,16766,481,Mouria et al. 2003,Ocurrencias,40.20214057,-2.292051433,Precise,Kenya,Africa,Cercopithecidae,Procolobus,Procolobus rufomitratus,Piliocolobus_rufomitratus ,Quadrant census,1,1,0,NA,0.25,2000,0, ,NA, ,Piliocolobus rufomitratus ,Piliocolobus rufomitratus,9,D,14.25,AR,Folivore,NA,NA,NA,NA,195,NA,NA,NA,5.96,Polygyndry,NA, ,2Tropical_and_suptropical_moist_broadleaf_forest,0.280394996,0.79,35.49,0.56,1.54,36.08,0.87,2.54,34.17,1.27,3.8,33.3,1.65,5.31,30.99,NA,7.07,NA,2.81,9.08,30.96,3.81,11.34,33.63,5.02,13.85,36.22,6.08,16.62,36.58,6.82,19.63,34.77,7.68,22.9,33.52,8.78,26.42,33.22,10,30.19,33.14,11.35,34.21,33.19,12.94,38.48,33.61,14.57,43.01,33.86,16.25,47.78,34.02,18.25,52.81,34.55,20.52,58.09,35.33,22.73,63.62,35.73
-1,16767,481,Mouria et al. 2003,Ocurrencias,40.21146868,-2.346078455,Precise,Kenya,Africa,Cercopithecidae,Procolobus,Procolobus rufomitratus,Piliocolobus_rufomitratus ,Quadrant census,0,0,0,NA,0,2000,0, ,NA, ,Piliocolobus rufomitratus ,Piliocolobus rufomitratus,9,D,14.25,AR,Folivore,NA,NA,NA,NA,195,NA,NA,NA,5.96,Polygyndry,NA, ,2Tropical_and_suptropical_moist_broadleaf_forest,0.334865566,0.79,42.39,0.45,1.54,29.06,0.71,2.54,27.98,1.16,3.8,30.6,1.77,5.31,33.28,NA,7.07,NA,3.24,9.08,35.73,4.28,11.34,37.75,5.65,13.85,40.77,7.2,16.62,43.33,8.83,19.63,44.97,10.62,22.9,46.36,12.43,26.42,47.04,14.42,30.19,47.77,16.35,34.21,47.79,18.21,38.48,47.32,20.27,43.01,47.14,22.58,47.78,47.26,24.93,52.81,47.21,26.95,58.09,46.39,28.89,63.62,45.41
-1,16768,481,Mouria et al. 2003,Ocurrencias,40.18820893,-2.318395969,Precise,Kenya,Africa,Cercopithecidae,Procolobus,Procolobus rufomitratus,Piliocolobus_rufomitratus ,Quadrant census,1,2,0,NA,0.03,2000,0, ,NA, ,Piliocolobus rufomitratus ,Piliocolobus rufomitratus,9,D,14.25,AR,Folivore,NA,NA,NA,NA,195,NA,NA,NA,5.96,Polygyndry,NA, ,2Tropical_and_suptropical_moist_broadleaf_forest,0.492355904,0.79,62.32,0.86,1.54,56.15,1.34,2.54,52.56,1.92,3.8,50.46,2.61,5.31,49.08,NA,7.07,NA,4.61,9.08,50.8,6.01,11.34,53.02,7.25,13.85,52.33,8.16,16.62,49.12,9.28,19.63,47.26,10.41,22.9,45.45,11.51,26.42,43.56,12.72,30.19,42.12,13.85,34.21,40.5,14.95,38.48,38.86,16.36,43.01,38.04,17.88,47.78,37.42,19.49,52.81,36.91,20.96,58.09,36.08,22.41,63.62,35.23
-1,16769,481,Mouria et al. 2003,Ocurrencias,40.16485725,-2.298263945,Precise,Kenya,Africa,Cercopithecidae,Procolobus,Procolobus rufomitratus,Piliocolobus_rufomitratus ,Quadrant census,0,0,0,NA,0.03,2000,0, ,NA, ,Piliocolobus rufomitratus ,Piliocolobus rufomitratus,9,D,14.25,AR,Folivore,NA,NA,NA,NA,195,NA,NA,NA,5.96,Polygyndry,NA, ,2Tropical_and_suptropical_moist_broadleaf_forest,0.30043118,0.79,38.03,0.63,1.54,40.63,1.22,2.54,47.83,1.7,3.8,44.71,2.13,5.31,40.15,NA,7.07,NA,3,9.08,33.08,3.5,11.34,30.84,4.05,13.85,29.25,4.64,16.62,27.95,5.3,19.63,27,5.8,22.9,25.32,6.37,26.42,24.11,6.91,30.19,22.9,7.34,34.21,21.44,7.84,38.48,20.38,8.55,43.01,19.88,9.21,47.78,19.27,9.79,52.81,18.54,10.48,58.09,18.04,11.16,63.62,17.55
-1,16770,481,Mouria et al. 2003,Ocurrencias,40.16695687,-2.285838683,Precise,Kenya,Africa,Cercopithecidae,Procolobus,Procolobus rufomitratus,Piliocolobus_rufomitratus ,Quadrant census,0,0,0,NA,0,2000,0, ,NA, ,Piliocolobus rufomitratus ,Piliocolobus rufomitratus,9,D,14.25,AR,Folivore,NA,NA,NA,NA,195,NA,NA,NA,5.96,Polygyndry,NA, ,2Tropical_and_suptropical_moist_broadleaf_forest,0.463133851,0.79,58.62,0.79,1.54,51.45,1.13,2.54,44.66,1.43,3.8,37.53,1.69,5.31,31.9,NA,7.07,NA,2.36,9.08,25.97,2.79,11.34,24.62,3.31,13.85,23.91,3.94,16.62,23.69,4.46,19.63,22.73,5,22.9,21.85,5.51,26.42,20.86,6.03,30.19,19.96,6.55,34.21,19.15,7.14,38.48,18.56,7.75,43.01,18.03,8.47,47.78,17.72,9.13,52.81,17.29,9.73,58.09,16.76,10.41,63.62,16.37
-1,16771,481,Mouria et al. 2003,Ocurrencias,40.18304169,-2.199166867,Precise,Kenya,Africa,Cercopithecidae,Procolobus,Procolobus rufomitratus,Piliocolobus_rufomitratus ,Quadrant census,0,0,0,NA,0,2000,0, ,NA, ,Piliocolobus rufomitratus ,Piliocolobus rufomitratus,9,D,14.25,AR,Folivore,NA,NA,NA,NA,195,NA,NA,NA,5.96,Polygyndry,NA, ,2Tropical_and_suptropical_moist_broadleaf_forest,0.426519827,0.79,53.99,0.49,1.54,31.7,0.51,2.54,20.01,0.55,3.8,14.5,0.64,5.31,12.13,NA,7.07,NA,0.97,9.08,10.73,1.42,11.34,12.55,1.89,13.85,13.62,2.46,16.62,14.81,3.02,19.63,15.4,3.53,22.9,15.39,4.07,26.42,15.42,4.82,30.19,15.97,5.58,34.21,16.31,6.31,38.48,16.39,7.24,43.01,16.83,8.28,47.78,17.32,9.46,52.81,17.92,11.09,58.09,19.09,13.17,63.62,20.71
-1,16772,481,Mouria et al. 2003,Ocurrencias,40.19118573,-2.240288677,Precise,Kenya,Africa,Cercopithecidae,Procolobus,Procolobus rufomitratus,Piliocolobus_rufomitratus ,Quadrant census,1,3,0,NA,0.17,2000,0, ,NA, ,Piliocolobus rufomitratus ,Piliocolobus rufomitratus,9,D,14.25,AR,Folivore,NA,NA,NA,NA,195,NA,NA,NA,5.96,Polygyndry,NA, ,2Tropical_and_suptropical_moist_broadleaf_forest,0.100050722,0.79,12.66,0.1,1.54,6.5,0.1,2.54,3.94,0.11,3.8,2.89,0.15,5.31,2.79,NA,7.07,NA,0.53,9.08,5.84,1.01,11.34,8.94,1.44,13.85,10.38,1.87,16.62,11.27,2.44,19.63,12.45,3.28,22.9,14.31,4.16,26.42,15.74,5.27,30.19,17.44,6.33,34.21,18.5,7.4,38.48,19.22,8.64,43.01,20.09,10.03,47.78,21,11.55,52.81,21.87,13.14,58.09,22.62,15.01,63.62,23.59
-1,16773,481,Mouria et al. 2003,Ocurrencias,40.19946303,-2.245657166,Precise,Kenya,Africa,Cercopithecidae,Procolobus,Procolobus rufomitratus,Piliocolobus_rufomitratus ,Quadrant census,0,0,0,NA,0,2000,0, ,NA, ,Piliocolobus rufomitratus ,Piliocolobus rufomitratus,9,D,14.25,AR,Folivore,NA,NA,NA,NA,195,NA,NA,NA,5.96,Polygyndry,NA, ,2Tropical_and_suptropical_moist_broadleaf_forest,0.094511833,0.79,11.96,0.15,1.54,9.56,0.24,2.54,9.25,0.29,3.8,7.57,0.37,5.31,6.96,NA,7.07,NA,0.6,9.08,6.65,1,11.34,8.83,1.58,13.85,11.43,2.45,16.62,14.71,3.54,19.63,18.02,4.74,22.9,20.72,5.98,26.42,22.63,7.3,30.19,24.18,8.78,34.21,25.68,10.3,38.48,26.77,11.95,43.01,27.78,13.75,47.78,28.77,15.28,52.81,28.93,16.78,58.09,28.89,18.61,63.62,29.25
-1,16774,481,Mouria et al. 2003,Ocurrencias,40.17317773,-2.232162912,Precise,Kenya,Africa,Cercopithecidae,Procolobus,Procolobus rufomitratus,Piliocolobus_rufomitratus ,Quadrant census,1,1,0,NA,0,2000,0, ,NA, ,Piliocolobus rufomitratus ,Piliocolobus rufomitratus,9,D,14.25,AR,Folivore,NA,NA,NA,NA,195,NA,NA,NA,5.96,Polygyndry,NA, ,2Tropical_and_suptropical_moist_broadleaf_forest,0.289055689,0.79,36.59,0.62,1.54,40.41,0.97,2.54,38.03,1.29,3.8,33.83,1.53,5.31,28.72,NA,7.07,NA,2.06,9.08,22.71,2.24,11.34,19.71,2.47,13.85,17.82,2.84,16.62,17.11,3.3,19.63,16.83,3.73,22.9,16.3,4.12,26.42,15.6,4.35,30.19,14.42,4.58,34.21,13.38,4.98,38.48,12.95,5.45,43.01,12.68,6.07,47.78,12.7,6.91,52.81,13.09,7.6,58.09,13.08,8.35,63.62,13.13
-1,16775,481,Mouria et al. 2003,Ocurrencias,40.18062304,-2.236279853,Precise,Kenya,Africa,Cercopithecidae,Procolobus,Procolobus rufomitratus,Piliocolobus_rufomitratus ,Quadrant census,0,0,0,NA,0,2000,0, ,NA, ,Piliocolobus rufomitratus ,Piliocolobus rufomitratus,9,D,14.25,AR,Folivore,NA,NA,NA,NA,195,NA,NA,NA,5.96,Polygyndry,NA, ,2Tropical_and_suptropical_moist_broadleaf_forest,0.070340483,0.79,8.9,0.16,1.54,10.32,0.41,2.54,16.11,0.81,3.8,21.21,1.16,5.31,21.94,NA,7.07,NA,1.9,9.08,20.94,2.26,11.34,19.91,2.56,13.85,18.51,2.8,16.62,16.85,3.03,19.63,15.41,3.17,22.9,13.86,3.37,26.42,12.76,3.69,30.19,12.24,4.11,34.21,12.01,4.55,38.48,11.82,5.32,43.01,12.36,6.33,47.78,13.25,7.46,52.81,14.13,8.86,58.09,15.25,10.28,63.62,16.16
-1,16776,481,Mouria et al. 2003,Ocurrencias,40.177115,-2.23032,Precise,Kenya,Africa,Cercopithecidae,Procolobus,Procolobus rufomitratus,Piliocolobus_rufomitratus ,Quadrant census,1,1,0,NA,0.17,2000,0, ,NA, ,Piliocolobus rufomitratus ,Piliocolobus rufomitratus,9,D,14.25,AR,Folivore,NA,NA,NA,NA,195,NA,NA,NA,5.96,Polygyndry,NA, ,2Tropical_and_suptropical_moist_broadleaf_forest,0.170504328,0.79,21.58,0.38,1.54,25,0.71,2.54,27.78,1.03,3.8,27.03,1.35,5.31,25.46,NA,7.07,NA,1.82,9.08,20.06,2.08,11.34,18.32,2.36,13.85,17.05,2.7,16.62,16.22,3.09,19.63,15.76,3.44,22.9,15.02,3.74,26.42,14.15,4.18,30.19,13.84,4.64,34.21,13.55,5.12,38.48,13.3,5.74,43.01,13.34,6.35,47.78,13.29,7.25,52.81,13.73,8.51,58.09,14.65,9.66,63.62,15.19
-1,16777,481,Mouria et al. 2003,Ocurrencias,40.170131,-2.228855,Precise,Kenya,Africa,Cercopithecidae,Procolobus,Procolobus rufomitratus,Piliocolobus_rufomitratus ,Quadrant census,1,1,0,NA,0.25,2000,0, ,NA, ,Piliocolobus rufomitratus ,Piliocolobus rufomitratus,9,D,14.25,AR,Folivore,NA,NA,NA,NA,195,NA,NA,NA,5.96,Polygyndry,NA, ,2Tropical_and_suptropical_moist_broadleaf_forest,0.265073341,0.79,33.55,0.48,1.54,31.38,0.84,2.54,33.2,1.09,3.8,28.76,1.38,5.31,25.99,NA,7.07,NA,1.91,9.08,21.03,2.22,11.34,19.54,2.57,13.85,18.55,2.92,16.62,17.58,3.39,19.63,17.27,3.86,22.9,16.87,4.26,26.42,16.13,4.65,30.19,15.4,5.05,34.21,14.75,5.62,38.48,14.62,6.25,43.01,14.54,6.78,47.78,14.18,7.27,52.81,13.77,7.67,58.09,13.21,8.23,63.62,12.94
-1,16778,481,Mouria et al. 2003,Ocurrencias,40.17188348,-2.220212848,Precise,Kenya,Africa,Cercopithecidae,Procolobus,Procolobus rufomitratus,Piliocolobus_rufomitratus ,Quadrant census,1,6,0,NA,0.27,2000,0, ,NA, ,Piliocolobus rufomitratus ,Piliocolobus rufomitratus,9,D,14.25,AR,Folivore,NA,NA,NA,NA,195,NA,NA,NA,5.96,Polygyndry,NA, ,2Tropical_and_suptropical_moist_broadleaf_forest,0.403735869,0.79,51.11,0.53,1.54,34.64,0.74,2.54,29.14,0.96,3.8,25.18,1.25,5.31,23.63,NA,7.07,NA,1.66,9.08,18.29,1.99,11.34,17.51,2.37,13.85,17.13,2.8,16.62,16.84,3.36,19.63,17.1,3.84,22.9,16.77,4.39,26.42,16.6,4.91,30.19,16.26,5.38,34.21,15.72,6.06,38.48,15.74,6.72,43.01,15.62,7.38,47.78,15.44,7.84,52.81,14.85,8.34,58.09,14.35,9.16,63.62,14.4
-1,16779,481,Mouria et al. 2003,Ocurrencias,40.16956312,-2.205091824,Precise,Kenya,Africa,Cercopithecidae,Procolobus,Procolobus rufomitratus,Piliocolobus_rufomitratus ,Quadrant census,0,0,0,NA,0,2000,0, ,NA, ,Piliocolobus rufomitratus ,Piliocolobus rufomitratus,9,D,14.25,AR,Folivore,NA,NA,NA,NA,195,NA,NA,NA,5.96,Polygyndry,NA, ,2Tropical_and_suptropical_moist_broadleaf_forest,0.30923258,0.79,39.14,0.61,1.54,39.65,0.99,2.54,38.95,1.3,3.8,34.3,1.57,5.31,29.48,NA,7.07,NA,2.29,9.08,25.18,2.61,11.34,23.05,2.84,13.85,20.53,3.09,16.62,18.61,3.43,19.63,17.47,3.74,22.9,16.33,4.22,26.42,15.96,4.95,30.19,16.39,5.73,34.21,16.74,6.51,38.48,16.93,7.23,43.01,16.8,7.98,47.78,16.7,8.92,52.81,16.9,9.92,58.09,17.08,11.15,63.62,17.53
-1,16780,481,Mouria et al. 2003,Ocurrencias,40.1731445,-2.203344001,Precise,Kenya,Africa,Cercopithecidae,Procolobus,Procolobus rufomitratus,Piliocolobus_rufomitratus ,Quadrant census,0,0,0,NA,0,2000,0, ,NA, ,Piliocolobus rufomitratus ,Piliocolobus rufomitratus,9,D,14.25,AR,Folivore,NA,NA,NA,NA,195,NA,NA,NA,5.96,Polygyndry,NA, ,2Tropical_and_suptropical_moist_broadleaf_forest,0.109214271,0.79,13.82,0.31,1.54,20.34,0.58,2.54,22.74,1.08,3.8,28.55,1.72,5.31,32.37,NA,7.07,NA,2.4,9.08,26.45,2.61,11.34,23,2.79,13.85,20.15,3.03,16.62,18.21,3.36,19.63,17.11,3.7,22.9,16.16,4.04,26.42,15.28,4.47,30.19,14.8,5.08,34.21,14.86,5.78,38.48,15.03,6.7,43.01,15.58,7.77,47.78,16.25,9.03,52.81,17.09,10.29,58.09,17.71,11.67,63.62,18.34
-1,16781,481,Mouria et al. 2003,Ocurrencias,40.17212134,-2.194297557,Precise,Kenya,Africa,Cercopithecidae,Procolobus,Procolobus rufomitratus,Piliocolobus_rufomitratus ,Quadrant census,0,0,0,NA,0,2000,0, ,NA, ,Piliocolobus rufomitratus ,Piliocolobus rufomitratus,9,D,14.25,AR,Folivore,NA,NA,NA,NA,195,NA,NA,NA,5.96,Polygyndry,NA, ,2Tropical_and_suptropical_moist_broadleaf_forest,0.148665315,0.79,18.82,0.35,1.54,22.99,0.66,2.54,25.97,1.1,3.8,29.07,1.53,5.31,28.9,NA,7.07,NA,2.27,9.08,25.04,2.58,11.34,22.76,2.94,13.85,21.24,3.28,16.62,19.71,3.42,19.63,17.41,3.87,22.9,16.9,4.47,26.42,16.93,5.36,30.19,17.76,6.24,34.21,18.24,7.25,38.48,18.84,8.2,43.01,19.06,9.04,47.78,18.92,10.1,52.81,19.12,11.24,58.09,19.36,12.17,63.62,19.13
-1,16782,481,Mouria et al. 2003,Ocurrencias,40.1679859,-2.209390619,Precise,Kenya,Africa,Cercopithecidae,Procolobus,Procolobus rufomitratus,Piliocolobus_rufomitratus ,Quadrant census,0,0,0,NA,0,2000,0, ,NA, ,Piliocolobus rufomitratus ,Piliocolobus rufomitratus,9,D,14.25,AR,Folivore,NA,NA,NA,NA,195,NA,NA,NA,5.96,Polygyndry,NA, ,2Tropical_and_suptropical_moist_broadleaf_forest,0.527466342,0.79,66.77,0.7,1.54,45.74,0.88,2.54,34.64,1.13,3.8,29.83,1.37,5.31,25.76,NA,7.07,NA,1.92,9.08,21.1,2.39,11.34,21.07,2.83,13.85,20.41,3.18,16.62,19.15,3.51,19.63,17.9,3.82,22.9,16.7,4.24,26.42,16.04,4.85,30.19,16.06,5.79,34.21,16.93,6.72,38.48,17.46,7.62,43.01,17.71,8.28,47.78,17.34,8.75,52.81,16.57,9.33,58.09,16.07,10.06,63.62,15.82
