OID,N,N_study,Source,BASE,X,Y,Precise,Country,Realm,Family,Genus,Taxon,Taxon_ITIS,Sample_met,Ocurrence,N_groups,Abundanc_1,Abundance,Density,Sample_yea,Sampling_e,Sampling_1,ID_Todo,TRAITS,Taxon_IT_1,ITIS_SPECI,BodyMass_k,DielActivi,HomeRange_,Locomotion,TrophicGui,Brain_size,Canine_Dim,MeanGroupS,Interbirth,Gestation,WeaningAge,MaxLongevi,LitterSz,AdultSexRa,Social_Sys,Mating_Sys,FOREST,BIOME,Buffer_500,Area500,FC_500,Buffer_700,Area700,FC_700,Buffer_900,Area900,FC_900,Buffer_110,Area1100,FC1100,Buffer_130,Area1300,FC_1300,Buffer_150,Area1500,FC_1500,Buffer_170,Area1700,FC_1700,Buffer_190,Area1900,FC_1900,Buffer_210,Area2100,FC_2100,Buffer_230,Area2300,FC_2300,Buffer_250,Area2500,FC_2500,Buffer_270,Area2700,FC_2700,Buffer_290,Area2900,FC_2900,Buffer_310,Area3100,FC_3100,Buffer_330,Area3300,FC_3300,Buffer_350,Area3500,FC_3500,Buffer_370,Area3700,F_Buffer_3,Buffer_390,Area_3900,FC_3900,Buffer_410,Area4100,FC_4100,Buffer_430,Area4300,FC_4300,Buffer_450,Area4500,FC_4500
-1,17274,605,BÃ³veda-Penalba et al. 2009,Richness,-76.09888889,-6.548611111,Precise,Peru,Neotropics,Pitheciidae,Callicebus,Callicebus oenanthe,Plecturocebus_oenanthe ,â€“ â€“ â€“,0, ,0, ,0,2007,0, ,NA, ,Plecturocebus oenanthe ,Plecturocebus oenanthe,0.8,D,2.3,AR,Omnivore,NA,NA,NA,NA,NA,NA,NA,NA,NA,NA,NA, ,2Tropical_and_suptropical_moist_broadleaf_forest,0.761040628,0.79,96.33,1.5,1.54,97.31,2.45,2.54,96.57,3.61,3.8,95.13,5.08,5.31,95.66,NA,7.07,NA,8.57,9.08,94.43,10.69,11.34,94.29,13.06,13.85,94.27,15.72,16.62,94.56,18.44,19.63,93.94,21.18,22.9,92.48,24.12,26.42,91.28,27.09,30.19,89.73,30.32,34.21,88.63,34.06,38.48,88.5,38.15,43.01,88.71,42.57,47.78,89.09,47.11,52.81,89.2,51.96,58.09,89.44,56.98,63.62,89.57
-1,17276,605,BÃ³veda-Penalba et al. 2009,Richness,-76.13916667,-6.576666667,Precise,Peru,Neotropics,Pitheciidae,Callicebus,Callicebus oenanthe,Plecturocebus_oenanthe ,â€“ â€“ â€“,0, ,0, ,0,2007,0, ,NA, ,Plecturocebus oenanthe ,Plecturocebus oenanthe,0.8,D,2.3,AR,Omnivore,NA,NA,NA,NA,NA,NA,NA,NA,NA,NA,NA, ,2Tropical_and_suptropical_moist_broadleaf_forest,0.254108281,0.79,32.17,0.66,1.54,42.68,1.35,2.54,53.32,2.3,3.8,60.45,3.41,5.31,64.17,NA,7.07,NA,6.39,9.08,70.43,8.28,11.34,73.01,10.42,13.85,75.26,12.9,16.62,77.6,15.62,19.63,79.55,18.57,22.9,81.09,21.79,26.42,82.47,25.21,30.19,83.51,28.86,34.21,84.35,32.72,38.48,85.04,36.93,43.01,85.87,41.27,47.78,86.38,45.85,52.81,86.82,50.67,58.09,87.22,55.71,63.62,87.56
-1,17277,605,BÃ³veda-Penalba et al. 2009,Richness,-76.14666667,-6.841111111,Precise,Peru,Neotropics,Pitheciidae,Callicebus,Callicebus oenanthe,Plecturocebus_oenanthe , ,0, ,0, ,0,2007,0, ,NA, ,Plecturocebus oenanthe ,Plecturocebus oenanthe,0.8,D,2.3,AR,Omnivore,NA,NA,NA,NA,NA,NA,NA,NA,NA,NA,NA, ,2Tropical_and_suptropical_moist_broadleaf_forest,0.683641772,0.79,86.54,1.34,1.54,86.79,2.12,2.54,83.63,3.15,3.8,82.81,4.39,5.31,82.71,NA,7.07,NA,7.4,9.08,81.48,9.21,11.34,81.26,11.22,13.85,81,13.42,16.62,80.77,15.69,19.63,79.93,18.06,22.9,78.85,20.75,26.42,78.56,23.53,30.19,77.94,26.65,34.21,77.9,30.02,38.48,78.01,33.71,43.01,78.38,37.49,47.78,78.45,41.55,52.81,78.68,45.73,58.09,78.72,49.94,63.62,78.5
-1,17278,605,BÃ³veda-Penalba et al. 2009,Richness,-76.17083333,-7.0075,Precise,Peru,Neotropics,Pitheciidae,Callicebus,Callicebus oenanthe,Plecturocebus_oenanthe , ,0, ,0, ,0,2007,0, ,NA, ,Plecturocebus oenanthe ,Plecturocebus oenanthe,0.8,D,2.3,AR,Omnivore,NA,NA,NA,NA,NA,NA,NA,NA,NA,NA,NA, ,2Tropical_and_suptropical_moist_broadleaf_forest,0.704939941,0.79,89.23,1.21,1.54,78.7,1.95,2.54,76.68,2.97,3.8,78.22,4.12,5.31,77.53,NA,7.07,NA,7.06,9.08,77.8,8.95,11.34,78.91,11.1,13.85,80.14,13.39,16.62,80.57,15.9,19.63,80.98,18.52,22.9,80.88,21.37,26.42,80.89,24.42,30.19,80.89,27.82,34.21,81.33,31.41,38.48,81.63,35.13,43.01,81.69,39.19,47.78,82.01,43.4,52.81,82.19,47.75,58.09,82.2,52.3,63.62,82.21
-1,17279,605,BÃ³veda-Penalba et al. 2009,Richness,-76.20194444,-6.6175,Precise,Peru,Neotropics,Pitheciidae,Callicebus,Callicebus oenanthe,Plecturocebus_oenanthe ,Interview â€“ â€“,1, ,0, ,0,2007,0, ,NA, ,Plecturocebus oenanthe ,Plecturocebus oenanthe,0.8,D,2.3,AR,Omnivore,NA,NA,NA,NA,NA,NA,NA,NA,NA,NA,NA, ,2Tropical_and_suptropical_moist_broadleaf_forest,0.633845117,0.79,80.23,1.33,1.54,86.3,2.24,2.54,88.31,3.38,3.8,89.05,4.79,5.31,90.13,NA,7.07,NA,8.31,9.08,91.51,10.4,11.34,91.69,12.74,13.85,91.97,15.33,16.62,92.22,18.09,19.63,92.14,21.13,22.9,92.27,24.41,26.42,92.4,27.96,30.19,92.62,31.74,34.21,92.77,35.76,38.48,92.93,39.96,43.01,92.91,44.36,47.78,92.84,49.11,52.81,92.99,53.97,58.09,92.91,59.11,63.62,92.91
-1,17280,605,BÃ³veda-Penalba et al. 2009,Richness,-76.24583333,-6.727777778,Precise,Peru,Neotropics,Pitheciidae,Callicebus,Callicebus oenanthe,Plecturocebus_oenanthe , ,0, ,0, ,0,2007,0, ,NA, ,Plecturocebus oenanthe ,Plecturocebus oenanthe,0.8,D,2.3,AR,Omnivore,NA,NA,NA,NA,NA,NA,NA,NA,NA,NA,NA, ,2Tropical_and_suptropical_moist_broadleaf_forest,0.697860228,0.79,88.34,1.39,1.54,90.3,2.26,2.54,88.99,3.45,3.8,90.79,4.88,5.31,91.94,NA,7.07,NA,8.42,9.08,92.72,10.47,11.34,92.29,12.81,13.85,92.52,15.35,16.62,92.38,18.16,19.63,92.5,21.15,22.9,92.38,24.21,26.42,91.63,27.38,30.19,90.7,30.7,34.21,89.73,34.11,38.48,88.64,37.69,43.01,87.64,41.57,47.78,87,45.69,52.81,86.51,49.89,58.09,85.88,54.07,63.62,84.99
-1,17281,605,BÃ³veda-Penalba et al. 2009,Richness,-76.28111111,-6.583333333,Precise,Peru,Neotropics,Pitheciidae,Callicebus,Callicebus oenanthe,Plecturocebus_oenanthe ,Interview Vocalization â€“,1, ,0, ,0,2007,0, ,NA, ,Plecturocebus oenanthe ,Plecturocebus oenanthe,0.8,D,2.3,AR,Omnivore,NA,NA,NA,NA,NA,NA,NA,NA,NA,NA,NA, ,2Tropical_and_suptropical_moist_broadleaf_forest,0.379402922,0.79,48.03,0.82,1.54,53.07,1.43,2.54,56.22,2.25,3.8,59.33,3.38,5.31,63.64,NA,7.07,NA,6.25,9.08,68.79,7.98,11.34,70.4,10,13.85,72.22,12.38,16.62,74.46,14.89,19.63,75.87,17.67,22.9,77.18,20.6,26.42,77.97,23.78,30.19,78.75,27.07,34.21,79.13,30.45,38.48,79.13,34.03,43.01,79.12,37.68,47.78,78.86,41.44,52.81,78.46,45.38,58.09,78.12,49.51,63.62,77.82
-1,17282,605,BÃ³veda-Penalba et al. 2009,Richness,-76.28111111,-6.7025,Precise,Peru,Neotropics,Pitheciidae,Callicebus,Callicebus oenanthe,Plecturocebus_oenanthe ,Interview Vocalization â€“,1, ,0, ,0,2007,0, ,NA, ,Plecturocebus oenanthe ,Plecturocebus oenanthe,0.8,D,2.3,AR,Omnivore,NA,NA,NA,NA,NA,NA,NA,NA,NA,NA,NA, ,2Tropical_and_suptropical_moist_broadleaf_forest,0.47472546,0.79,60.09,0.92,1.54,60.05,1.65,2.54,64.82,2.6,3.8,68.29,3.77,5.31,71.09,NA,7.07,NA,6.69,9.08,73.62,8.31,11.34,73.24,10.27,13.85,74.17,12.51,16.62,75.26,15.01,19.63,76.46,17.65,22.9,77.1,20.62,26.42,78.05,23.85,30.19,79.01,27.43,34.21,80.19,31.24,38.48,81.17,35.19,43.01,81.82,39.31,47.78,82.26,43.56,52.81,82.49,47.87,58.09,82.41,52.35,63.62,82.29
-1,17284,605,BÃ³veda-Penalba et al. 2009,Richness,-76.29638889,-7.204444444,Precise,Peru,Neotropics,Pitheciidae,Callicebus,Callicebus oenanthe,Plecturocebus_oenanthe , ,0, ,0, ,0,2007,0, ,NA, ,Plecturocebus oenanthe ,Plecturocebus oenanthe,0.8,D,2.3,AR,Omnivore,NA,NA,NA,NA,NA,NA,NA,NA,NA,NA,NA, ,2Tropical_and_suptropical_moist_broadleaf_forest,0.66998608,0.79,84.81,1.36,1.54,88.52,2.19,2.54,86.17,3.35,3.8,88.06,4.74,5.31,89.35,NA,7.07,NA,8,9.08,88.1,9.98,11.34,88.04,12.16,13.85,87.81,14.66,16.62,88.19,17.26,19.63,87.93,20.03,22.9,87.48,23.18,26.42,87.74,26.47,30.19,87.67,30.02,34.21,87.75,33.81,38.48,87.87,37.8,43.01,87.88,41.93,47.78,87.76,46.21,52.81,87.5,50.66,58.09,87.21,55.3,63.62,86.92
-1,17285,605,BÃ³veda-Penalba et al. 2009,Richness,-76.30333333,-6.707222222,Precise,Peru,Neotropics,Pitheciidae,Callicebus,Callicebus oenanthe,Plecturocebus_oenanthe ,Interview â€“ Visual,1, ,1 (1), ,0,2007,0, ,NA, ,Plecturocebus oenanthe ,Plecturocebus oenanthe,0.8,D,2.3,AR,Omnivore,NA,NA,NA,NA,NA,NA,NA,NA,NA,NA,NA, ,2Tropical_and_suptropical_moist_broadleaf_forest,0.752252817,0.79,95.22,1.38,1.54,89.31,2.31,2.54,90.79,3.46,3.8,91.1,4.77,5.31,89.78,NA,7.07,NA,8.03,9.08,88.39,9.83,11.34,86.67,11.96,13.85,86.32,14.25,16.62,85.76,16.55,19.63,84.32,18.85,22.9,82.3,21.2,26.42,80.23,23.75,30.19,78.66,26.8,34.21,78.34,30.14,38.48,78.34,33.87,43.01,78.74,37.67,47.78,78.83,41.62,52.81,78.81,46.06,58.09,79.29,50.66,63.62,79.62
-1,17286,605,BÃ³veda-Penalba et al. 2009,Richness,-76.34416667,-6.908055556,Precise,Peru,Neotropics,Pitheciidae,Callicebus,Callicebus oenanthe,Plecturocebus_oenanthe ,Interview â€“ â€“,1, ,0, ,0,2007,0, ,NA, ,Plecturocebus oenanthe ,Plecturocebus oenanthe,0.8,D,2.3,AR,Omnivore,NA,NA,NA,NA,NA,NA,NA,NA,NA,NA,NA, ,2Tropical_and_suptropical_moist_broadleaf_forest,0.603210285,0.79,76.36,1.06,1.54,68.71,1.59,2.54,62.72,2.21,3.8,58.05,3,5.31,56.59,NA,7.07,NA,5.16,9.08,56.8,6.32,11.34,55.7,7.54,13.85,54.46,8.98,16.62,54.01,10.76,19.63,54.81,12.77,22.9,55.76,14.79,26.42,55.97,16.99,30.19,56.27,19.5,34.21,57.01,22.21,38.48,57.73,25.08,43.01,58.32,27.87,47.78,58.33,30.94,52.81,58.59,34.45,58.09,59.3,38.08,63.62,59.86
-1,17287,605,BÃ³veda-Penalba et al. 2009,Richness,-76.34472222,-6.560833333,Precise,Peru,Neotropics,Pitheciidae,Callicebus,Callicebus oenanthe,Plecturocebus_oenanthe ,â€“ â€“ â€“,0, ,0, ,0,2007,0, ,NA, ,Plecturocebus oenanthe ,Plecturocebus oenanthe,0.8,D,2.3,AR,Omnivore,NA,NA,NA,NA,NA,NA,NA,NA,NA,NA,NA, ,2Tropical_and_suptropical_moist_broadleaf_forest,0.446218256,0.79,56.48,0.82,1.54,52.96,1.37,2.54,53.74,2.03,3.8,53.55,2.91,5.31,54.88,NA,7.07,NA,5.36,9.08,59.06,6.93,11.34,61.08,8.64,13.85,62.38,10.35,16.62,62.27,12.28,19.63,62.58,14.5,22.9,63.33,16.87,26.42,63.87,19.47,30.19,64.5,22.37,34.21,65.4,25.43,38.48,66.09,28.51,43.01,66.28,31.79,47.78,66.53,35.53,52.81,67.28,39.29,58.09,67.64,42.97,63.62,67.55
-1,17288,605,BÃ³veda-Penalba et al. 2009,Richness,-76.35027778,-6.633055556,Precise,Peru,Neotropics,Pitheciidae,Callicebus,Callicebus oenanthe,Plecturocebus_oenanthe ,Interview â€“ â€“,1, ,0, ,0,2007,0, ,NA, ,Plecturocebus oenanthe ,Plecturocebus oenanthe,0.8,D,2.3,AR,Omnivore,NA,NA,NA,NA,NA,NA,NA,NA,NA,NA,NA, ,2Tropical_and_suptropical_moist_broadleaf_forest,0.539133793,0.79,68.24,1.02,1.54,66.5,1.74,2.54,68.4,2.62,3.8,68.94,3.57,5.31,67.16,NA,7.07,NA,6.08,9.08,67.01,7.75,11.34,68.37,9.47,13.85,68.38,11.32,16.62,68.13,13.43,19.63,68.42,15.9,22.9,69.42,18.68,26.42,70.69,21.62,30.19,71.63,24.84,34.21,72.6,28.43,38.48,73.88,32.22,43.01,74.91,36.1,47.78,75.56,40.25,52.81,76.21,44.47,58.09,76.55,48.66,63.62,76.49
-1,17290,605,BÃ³veda-Penalba et al. 2009,Richness,-76.35333333,-6.907222222,Precise,Peru,Neotropics,Pitheciidae,Callicebus,Callicebus oenanthe,Plecturocebus_oenanthe ,Interview â€“ â€“,1, ,0, ,0,2007,0, ,NA, ,Plecturocebus oenanthe ,Plecturocebus oenanthe,0.8,D,2.3,AR,Omnivore,NA,NA,NA,NA,NA,NA,NA,NA,NA,NA,NA, ,2Tropical_and_suptropical_moist_broadleaf_forest,0.672459443,0.79,85.12,1.3,1.54,84.71,2.08,2.54,81.9,3.11,3.8,81.91,4.33,5.31,81.6,NA,7.07,NA,7.28,9.08,80.22,9.01,11.34,79.45,10.72,13.85,77.38,12.48,16.62,75.09,14.19,19.63,72.27,15.94,22.9,69.61,17.93,26.42,67.86,20.06,30.19,66.43,22.39,34.21,65.44,24.97,38.48,64.89,27.79,43.01,64.61,30.88,47.78,64.63,34.14,52.81,64.64,37.23,58.09,64.08,40.54,63.62,63.73
-1,17291,605,BÃ³veda-Penalba et al. 2009,Richness,-76.37833333,-6.727222222,Precise,Peru,Neotropics,Pitheciidae,Callicebus,Callicebus oenanthe,Plecturocebus_oenanthe , ,0, ,0, ,0,2007,0, ,NA, ,Plecturocebus oenanthe ,Plecturocebus oenanthe,0.8,D,2.3,AR,Omnivore,NA,NA,NA,NA,NA,NA,NA,NA,NA,NA,NA, ,2Tropical_and_suptropical_moist_broadleaf_forest,0.726377196,0.79,91.95,1.39,1.54,90.18,2.31,2.54,91.08,3.45,3.8,90.75,4.75,5.31,89.47,NA,7.07,NA,8.01,9.08,88.24,9.91,11.34,87.41,11.89,13.85,85.88,14.19,16.62,85.38,16.6,19.63,84.59,19.12,22.9,83.48,22.06,26.42,83.52,25.2,30.19,83.48,28.6,34.21,83.6,32.19,38.48,83.66,35.91,43.01,83.48,39.85,47.78,83.4,43.94,52.81,83.2,48.29,58.09,83.13,53.03,63.62,83.35
-1,17294,605,BÃ³veda-Penalba et al. 2009,Richness,-76.43416667,-6.948888889,Precise,Peru,Neotropics,Pitheciidae,Callicebus,Callicebus oenanthe,Plecturocebus_oenanthe ,Interview Vocalization Visual,1, ,9 (4), ,0,2007,0, ,NA, ,Plecturocebus oenanthe ,Plecturocebus oenanthe,0.8,D,2.3,AR,Omnivore,NA,NA,NA,NA,NA,NA,NA,NA,NA,NA,NA, ,2Tropical_and_suptropical_moist_broadleaf_forest,0.493712041,0.79,62.5,1.01,1.54,65.67,1.87,2.54,73.64,2.93,3.8,77.18,4.21,5.31,79.26,NA,7.07,NA,7.17,9.08,78.98,8.65,11.34,76.31,10.27,13.85,74.13,12.17,16.62,73.23,14.44,19.63,73.57,16.84,22.9,73.56,19.27,26.42,72.93,21.96,30.19,72.74,24.9,34.21,72.78,27.9,38.48,72.51,30.87,43.01,71.77,33.78,47.78,70.7,36.91,52.81,69.88,40.25,58.09,69.28,43.86,63.62,68.95
-1,17295,605,BÃ³veda-Penalba et al. 2009,Richness,-76.4575,-6.439166667,Precise,Peru,Neotropics,Pitheciidae,Callicebus,Callicebus oenanthe,Plecturocebus_oenanthe ,â€“ â€“ â€“,0, ,0, ,0,2007,0, ,NA, ,Plecturocebus oenanthe ,Plecturocebus oenanthe,0.8,D,2.3,AR,Omnivore,NA,NA,NA,NA,NA,NA,NA,NA,NA,NA,NA, ,2Tropical_and_suptropical_moist_broadleaf_forest,0.583915459,0.79,73.91,1.09,1.54,70.64,1.83,2.54,72.13,2.79,3.8,73.36,3.9,5.31,73.48,NA,7.07,NA,6.77,9.08,74.6,8.54,11.34,75.28,10.54,13.85,76.11,12.71,16.62,76.5,15.01,19.63,76.45,17.48,22.9,76.34,20.12,26.42,76.16,22.97,30.19,76.1,26.06,34.21,76.17,29.55,38.48,76.79,33,43.01,76.73,36.51,47.78,76.42,40.47,52.81,76.64,44.57,58.09,76.72,48.91,63.62,76.87
-1,17297,605,BÃ³veda-Penalba et al. 2009,Richness,-76.46444444,-6.803611111,Precise,Peru,Neotropics,Pitheciidae,Callicebus,Callicebus oenanthe,Plecturocebus_oenanthe ,Interview Vocalization Visual,1, ,5 (3), ,0,2007,0, ,NA, ,Plecturocebus oenanthe ,Plecturocebus oenanthe,0.8,D,2.3,AR,Omnivore,NA,NA,NA,NA,NA,NA,NA,NA,NA,NA,NA, ,2Tropical_and_suptropical_moist_broadleaf_forest,0.537289449,0.79,68.01,1.07,1.54,69.19,1.81,2.54,71.42,2.74,3.8,72.13,3.92,5.31,73.73,NA,7.07,NA,7.21,9.08,79.4,9.28,11.34,81.83,11.48,13.85,82.87,13.74,16.62,82.66,16.22,19.63,82.64,18.84,22.9,82.28,21.69,26.42,82.09,24.65,30.19,81.64,27.82,34.21,81.33,31.25,38.48,81.21,34.76,43.01,80.83,38.49,47.78,80.57,42.35,52.81,80.19,46.7,58.09,80.4,51.22,63.62,80.51
-1,17298,605,BÃ³veda-Penalba et al. 2009,Richness,-76.47166667,-6.450277778,Precise,Peru,Neotropics,Pitheciidae,Callicebus,Callicebus oenanthe,Plecturocebus_oenanthe ,â€“ â€“ â€“,0, ,0, ,0,2007,0, ,NA, ,Plecturocebus oenanthe ,Plecturocebus oenanthe,0.8,D,2.3,AR,Omnivore,NA,NA,NA,NA,NA,NA,NA,NA,NA,NA,NA, ,2Tropical_and_suptropical_moist_broadleaf_forest,0.498373676,0.79,63.09,1.07,1.54,69.41,1.84,2.54,72.29,2.77,3.8,72.96,3.92,5.31,73.8,NA,7.07,NA,6.75,9.08,74.34,8.41,11.34,74.18,10.2,13.85,73.66,12.3,16.62,74,14.59,19.63,74.31,16.87,22.9,73.65,19.35,26.42,73.25,22.15,30.19,73.38,25.08,34.21,73.31,28.29,38.48,73.53,31.65,43.01,73.6,35.18,47.78,73.64,38.94,52.81,73.74,42.99,58.09,74.01,47.06,63.62,73.98
-1,17299,605,BÃ³veda-Penalba et al. 2009,Richness,-76.49694444,-7.013611111,Precise,Peru,Neotropics,Pitheciidae,Callicebus,Callicebus oenanthe,Plecturocebus_oenanthe ,Interview Vocalization Visual,1, ,6 (2), ,0,2007,0, ,NA, ,Plecturocebus oenanthe ,Plecturocebus oenanthe,0.8,D,2.3,AR,Omnivore,NA,NA,NA,NA,NA,NA,NA,NA,NA,NA,NA, ,2Tropical_and_suptropical_moist_broadleaf_forest,0.277866146,0.79,35.17,0.45,1.54,29.05,0.62,2.54,24.58,0.83,3.8,21.9,1.21,5.31,22.87,NA,7.07,NA,2.32,9.08,25.56,3.1,11.34,27.34,3.97,13.85,28.65,4.69,16.62,28.24,5.59,19.63,28.49,6.42,22.9,28.05,7.56,26.42,28.6,8.91,30.19,29.5,10.1,34.21,29.54,11.47,38.48,29.81,12.98,43.01,30.17,14.63,47.78,30.62,16.57,52.81,31.38,18.91,58.09,32.55,21.15,63.62,33.25
-1,17300,605,BÃ³veda-Penalba et al. 2009,Richness,-76.49916667,-6.415,Precise,Peru,Neotropics,Pitheciidae,Callicebus,Callicebus oenanthe,Plecturocebus_oenanthe ,â€“ â€“ â€“,0, ,0, ,0,2007,0, ,NA, ,Plecturocebus oenanthe ,Plecturocebus oenanthe,0.8,D,2.3,AR,Omnivore,NA,NA,NA,NA,NA,NA,NA,NA,NA,NA,NA, ,2Tropical_and_suptropical_moist_broadleaf_forest,0.632989413,0.79,80.13,1.13,1.54,73.41,1.83,2.54,71.91,2.65,3.8,69.81,3.7,5.31,69.75,NA,7.07,NA,6.55,9.08,72.09,8.17,11.34,72.03,9.88,13.85,71.37,11.73,16.62,70.61,13.68,19.63,69.69,16.06,22.9,70.12,18.7,26.42,70.79,21.55,30.19,71.37,24.68,34.21,72.14,28.02,38.48,72.82,31.86,43.01,74.07,36.02,47.78,75.38,40.38,52.81,76.46,44.94,58.09,77.36,49.52,63.62,77.84
-1,17301,605,BÃ³veda-Penalba et al. 2009,Richness,-76.54138889,-7.098611111,Precise,Peru,Neotropics,Pitheciidae,Callicebus,Callicebus oenanthe,Plecturocebus_oenanthe , ,0, ,0, ,0,2007,0, ,NA, ,Plecturocebus oenanthe ,Plecturocebus oenanthe,0.8,D,2.3,AR,Omnivore,NA,NA,NA,NA,NA,NA,NA,NA,NA,NA,NA, ,2Tropical_and_suptropical_moist_broadleaf_forest,0.545034919,0.79,68.99,1.07,1.54,69.52,1.68,2.54,66.26,2.47,3.8,65.07,3.55,5.31,66.78,NA,7.07,NA,6.21,9.08,68.36,7.85,11.34,69.23,9.71,13.85,70.13,11.65,16.62,70.1,13.68,19.63,69.68,15.73,22.9,68.68,17.96,26.42,67.97,20.46,30.19,67.78,23.14,34.21,67.65,25.92,38.48,67.37,28.95,43.01,67.31,32.2,47.78,67.38,35.63,52.81,67.47,39.44,58.09,67.9,43.2,63.62,67.9
-1,17302,605,BÃ³veda-Penalba et al. 2009,Richness,-76.56055556,-6.624444444,Precise,Peru,Neotropics,Pitheciidae,Callicebus,Callicebus oenanthe,Plecturocebus_oenanthe ,Interview â€“ â€“,1, ,0, ,0,2007,0, ,NA, ,Plecturocebus oenanthe ,Plecturocebus oenanthe,0.8,D,2.3,AR,Omnivore,NA,NA,NA,NA,NA,NA,NA,NA,NA,NA,NA, ,2Tropical_and_suptropical_moist_broadleaf_forest,0.566028921,0.79,71.65,1.09,1.54,70.95,1.97,2.54,77.62,3.07,3.8,80.67,4.38,5.31,82.44,NA,7.07,NA,7.49,9.08,82.46,9.21,11.34,81.26,11.21,13.85,80.95,13.46,16.62,80.99,15.95,19.63,81.26,18.63,22.9,81.34,21.57,26.42,81.63,24.51,30.19,81.2,27.81,34.21,81.3,31.49,38.48,81.83,35.27,43.01,82.01,39.3,47.78,82.26,43.42,52.81,82.23,47.86,58.09,82.39,52.55,63.62,82.6
-1,17303,605,BÃ³veda-Penalba et al. 2009,Richness,-76.56111111,-6.971111111,Precise,Peru,Neotropics,Pitheciidae,Callicebus,Callicebus oenanthe,Plecturocebus_oenanthe , ,0, ,0, ,0,2007,0, ,NA, ,Plecturocebus oenanthe ,Plecturocebus oenanthe,0.8,D,2.3,AR,Omnivore,NA,NA,NA,NA,NA,NA,NA,NA,NA,NA,NA, ,2Tropical_and_suptropical_moist_broadleaf_forest,0.72257687,0.79,91.47,1.31,1.54,85.34,2.09,2.54,82.13,3.03,3.8,79.82,4.15,5.31,78.2,NA,7.07,NA,7.34,9.08,80.85,9.05,11.34,79.83,11.03,13.85,79.66,13.14,16.62,79.07,15.28,19.63,77.85,17.41,22.9,76.01,19.78,26.42,74.88,22.45,30.19,74.37,25.41,34.21,74.28,28.44,38.48,73.9,31.55,43.01,73.36,34.84,47.78,72.91,38.43,52.81,72.77,42.02,58.09,72.34,45.56,63.62,71.62
-1,17304,605,BÃ³veda-Penalba et al. 2009,Richness,-76.56555556,-7.044722222,Precise,Peru,Neotropics,Pitheciidae,Callicebus,Callicebus oenanthe,Plecturocebus_oenanthe ,Interview Vocalization Visual,1, ,3 (1), ,0,2007,0, ,NA, ,Plecturocebus oenanthe ,Plecturocebus oenanthe,0.8,D,2.3,AR,Omnivore,NA,NA,NA,NA,NA,NA,NA,NA,NA,NA,NA, ,2Tropical_and_suptropical_moist_broadleaf_forest,0.282017913,0.79,35.7,0.68,1.54,44.16,1.21,2.54,47.72,1.74,3.8,45.68,2.42,5.31,45.6,NA,7.07,NA,3.91,9.08,43.02,4.69,11.34,41.35,5.55,13.85,40.08,6.66,16.62,40.07,8.12,19.63,41.35,9.63,22.9,42.05,11.09,26.42,41.96,12.88,30.19,42.68,14.69,34.21,42.95,16.65,38.48,43.27,18.77,43.01,43.64,21.2,47.78,44.38,23.5,52.81,44.5,25.85,58.09,44.51,28.69,63.62,45.09
-1,17305,605,BÃ³veda-Penalba et al. 2009,Richness,-76.56805556,-6.961388889,Precise,Peru,Neotropics,Pitheciidae,Callicebus,Callicebus oenanthe,Plecturocebus_oenanthe , ,0, ,0, ,0,2007,0, ,NA, ,Plecturocebus oenanthe ,Plecturocebus oenanthe,0.8,D,2.3,AR,Omnivore,NA,NA,NA,NA,NA,NA,NA,NA,NA,NA,NA, ,2Tropical_and_suptropical_moist_broadleaf_forest,0.635851079,0.79,80.49,1.23,1.54,79.77,1.89,2.54,74.28,2.69,3.8,70.8,3.75,5.31,70.61,NA,7.07,NA,6.69,9.08,73.62,8.42,11.34,74.22,10.31,13.85,74.44,12.51,16.62,75.24,14.88,19.63,75.8,17.41,22.9,76.03,19.98,26.42,75.64,22.76,30.19,75.39,25.66,34.21,75.01,28.65,38.48,74.46,31.81,43.01,73.95,35.19,47.78,73.65,38.65,52.81,73.19,42.34,58.09,72.89,46.32,63.62,72.81
-1,17307,605,BÃ³veda-Penalba et al. 2009,Richness,-76.57,-7.044722222,Precise,Peru,Neotropics,Pitheciidae,Callicebus,Callicebus oenanthe,Plecturocebus_oenanthe ,Interview Vocalization Visual,1, ,4 (1), ,0,2007,0, ,NA, ,Plecturocebus oenanthe ,Plecturocebus oenanthe,0.8,D,2.3,AR,Omnivore,NA,NA,NA,NA,NA,NA,NA,NA,NA,NA,NA, ,2Tropical_and_suptropical_moist_broadleaf_forest,0.489117544,0.79,61.91,0.91,1.54,58.79,1.33,2.54,52.2,1.87,3.8,49.29,2.45,5.31,46.09,NA,7.07,NA,3.69,9.08,40.62,4.42,11.34,39.01,5.33,13.85,38.5,6.53,16.62,39.31,7.93,19.63,40.39,9.32,22.9,40.68,11.02,26.42,41.7,12.52,30.19,41.48,14.35,34.21,41.96,16.49,38.48,42.85,18.93,43.01,44.01,21.39,47.78,44.76,24.18,52.81,45.79,27.16,58.09,46.76,30.33,63.62,47.67
-1,17309,605,BÃ³veda-Penalba et al. 2009,Richness,-76.57638889,-7.002222222,Precise,Peru,Neotropics,Pitheciidae,Callicebus,Callicebus oenanthe,Plecturocebus_oenanthe , ,0, ,0, ,0,2007,0, ,NA, ,Plecturocebus oenanthe ,Plecturocebus oenanthe,0.8,D,2.3,AR,Omnivore,NA,NA,NA,NA,NA,NA,NA,NA,NA,NA,NA, ,2Tropical_and_suptropical_moist_broadleaf_forest,0.708059089,0.79,89.63,1.34,1.54,87.27,2.13,2.54,83.96,3.02,3.8,79.46,4.18,5.31,78.8,NA,7.07,NA,7.38,9.08,81.23,9.22,11.34,81.29,11.37,13.85,82.06,13.65,16.62,82.16,16.11,19.63,82.08,18.64,22.9,81.38,21.37,26.42,80.9,24.07,30.19,79.72,26.93,34.21,78.72,29.85,38.48,77.57,32.67,43.01,75.96,35.64,47.78,74.6,38.99,52.81,73.84,42.36,58.09,72.93,45.86,63.62,72.08
-1,17310,605,BÃ³veda-Penalba et al. 2009,Richness,-76.57861111,-6.917222222,Precise,Peru,Neotropics,Pitheciidae,Callicebus,Callicebus oenanthe,Plecturocebus_oenanthe ,Interview â€“ Visual,1, ,6 (2), ,0,2007,0, ,NA, ,Plecturocebus oenanthe ,Plecturocebus oenanthe,0.8,D,2.3,AR,Omnivore,NA,NA,NA,NA,NA,NA,NA,NA,NA,NA,NA, ,2Tropical_and_suptropical_moist_broadleaf_forest,0.70182057,0.79,88.84,1.34,1.54,86.81,2.23,2.54,87.79,3.29,3.8,86.5,4.37,5.31,82.28,NA,7.07,NA,6.92,9.08,76.26,8.51,11.34,75.08,10.23,13.85,73.85,12.05,16.62,72.48,14.04,19.63,71.54,16.36,22.9,71.45,18.99,26.42,71.89,21.75,30.19,72.06,24.59,34.21,71.87,27.75,38.48,72.12,31.11,43.01,72.32,34.6,47.78,72.42,38.07,52.81,72.09,41.85,58.09,72.05,46.13,63.62,72.51
-1,17313,605,BÃ³veda-Penalba et al. 2009,Richness,-76.60472222,-7.011111111,Precise,Peru,Neotropics,Pitheciidae,Callicebus,Callicebus oenanthe,Plecturocebus_oenanthe ,? â€“ Visual,1, ,4 (1), ,0,2007,0, ,NA, ,Plecturocebus oenanthe ,Plecturocebus oenanthe,0.8,D,2.3,AR,Omnivore,NA,NA,NA,NA,NA,NA,NA,NA,NA,NA,NA, ,2Tropical_and_suptropical_moist_broadleaf_forest,0.517888108,0.79,65.56,1.12,1.54,72.83,1.98,2.54,77.97,2.94,3.8,77.37,4.12,5.31,77.5,NA,7.07,NA,6.84,9.08,75.36,8.13,11.34,71.66,9.5,13.85,68.56,11.12,16.62,66.89,12.99,19.63,66.16,15.26,22.9,66.62,17.82,26.42,67.43,20.24,30.19,67.05,22.92,34.21,67.01,25.81,38.48,67.07,28.94,43.01,67.28,32.19,47.78,67.37,35.71,52.81,67.62,39.41,58.09,67.85,43.19,63.62,67.88
-1,17314,605,BÃ³veda-Penalba et al. 2009,Richness,-76.6225,-7.140833333,Precise,Peru,Neotropics,Pitheciidae,Callicebus,Callicebus oenanthe,Plecturocebus_oenanthe , ,0, ,0, ,0,2007,0, ,NA, ,Plecturocebus oenanthe ,Plecturocebus oenanthe,0.8,D,2.3,AR,Omnivore,NA,NA,NA,NA,NA,NA,NA,NA,NA,NA,NA, ,2Tropical_and_suptropical_moist_broadleaf_forest,0.701196273,0.79,88.76,1.37,1.54,88.99,2.3,2.54,90.4,3.43,3.8,90.17,4.68,5.31,88.06,NA,7.07,NA,7.51,9.08,82.74,9.19,11.34,81.02,11.03,13.85,79.62,12.98,16.62,78.13,15.41,19.63,78.51,18.14,22.9,79.21,21.09,26.42,79.83,24.14,30.19,79.95,27.39,34.21,80.06,30.91,38.48,80.32,34.71,43.01,80.69,38.8,47.78,81.22,43.21,52.81,81.82,47.82,58.09,82.31,52.48,63.62,82.5
-1,17315,605,BÃ³veda-Penalba et al. 2009,Richness,-76.62277778,-6.355555556,Precise,Peru,Neotropics,Pitheciidae,Callicebus,Callicebus oenanthe,Plecturocebus_oenanthe ,Interview â€“ â€“,1, ,0, ,0,2007,0, ,NA, ,Plecturocebus oenanthe ,Plecturocebus oenanthe,0.8,D,2.3,AR,Omnivore,NA,NA,NA,NA,NA,NA,NA,NA,NA,NA,NA, ,2Tropical_and_suptropical_moist_broadleaf_forest,0.660559467,0.79,83.62,1.29,1.54,83.59,2.15,2.54,84.58,3.25,3.8,85.4,4.49,5.31,84.53,NA,7.07,NA,7.64,9.08,84.14,9.64,11.34,84.99,11.79,13.85,85.13,14.19,16.62,85.41,16.81,19.63,85.63,19.78,22.9,86.36,22.83,26.42,86.41,26,30.19,86.13,29.54,34.21,86.34,33.19,38.48,86.26,37.1,43.01,86.25,41.14,47.78,86.1,45.37,52.81,85.9,49.86,58.09,85.83,54.52,63.62,85.7
-1,17316,605,BÃ³veda-Penalba et al. 2009,Richness,-76.62722222,-7.049444444,Precise,Peru,Neotropics,Pitheciidae,Callicebus,Callicebus oenanthe,Plecturocebus_oenanthe ,Interview Vocalization Visual,1, ,3 (1), ,0,2007,0, ,NA, ,Plecturocebus oenanthe ,Plecturocebus oenanthe,0.8,D,2.3,AR,Omnivore,NA,NA,NA,NA,NA,NA,NA,NA,NA,NA,NA, ,2Tropical_and_suptropical_moist_broadleaf_forest,0.52866133,0.79,66.92,1.04,1.54,67.51,1.78,2.54,69.95,2.79,3.8,73.44,4.1,5.31,77.22,NA,7.07,NA,7.22,9.08,79.47,9.13,11.34,80.51,11.12,13.85,80.31,13.14,16.62,79.08,15.36,19.63,78.23,17.61,22.9,76.88,19.95,26.42,75.53,22.45,30.19,74.35,24.89,34.21,72.75,27.54,38.48,71.58,30.33,43.01,70.52,33.13,47.78,69.33,36.19,52.81,68.52,39.42,58.09,67.86,42.96,63.62,67.53
-1,17318,605,BÃ³veda-Penalba et al. 2009,Richness,-76.65222222,-6.847777778,Precise,Peru,Neotropics,Pitheciidae,Callicebus,Callicebus oenanthe,Plecturocebus_oenanthe ,Interview Vocalization Visual,1, ,4 (2)b, ,0,2007,0, ,NA, ,Plecturocebus oenanthe ,Plecturocebus oenanthe,0.8,D,2.3,AR,Omnivore,NA,NA,NA,NA,NA,NA,NA,NA,NA,NA,NA, ,2Tropical_and_suptropical_moist_broadleaf_forest,0.753581673,0.79,95.39,1.43,1.54,92.9,2.3,2.54,90.69,3.41,3.8,89.81,4.7,5.31,88.49,NA,7.07,NA,8.01,9.08,88.17,9.96,11.34,87.79,12.08,13.85,87.25,14.21,16.62,85.5,16.66,19.63,84.87,19.42,22.9,84.82,22.43,26.42,84.92,25.63,30.19,84.89,29.12,34.21,85.13,32.82,38.48,85.28,36.67,43.01,85.25,40.89,47.78,85.59,45.19,52.81,85.57,49.77,58.09,85.68,54.32,63.62,85.39
-1,17319,605,BÃ³veda-Penalba et al. 2009,Richness,-76.66388889,-7.035833333,Precise,Peru,Neotropics,Pitheciidae,Callicebus,Callicebus oenanthe,Plecturocebus_oenanthe ,Interview Vocalization Visual,1, ,1 (1), ,0,2007,0, ,NA, ,Plecturocebus oenanthe ,Plecturocebus oenanthe,0.8,D,2.3,AR,Omnivore,NA,NA,NA,NA,NA,NA,NA,NA,NA,NA,NA, ,2Tropical_and_suptropical_moist_broadleaf_forest,0.441077135,0.79,55.83,1,1.54,64.68,1.84,2.54,72.44,2.98,3.8,78.37,4.26,5.31,80.18,NA,7.07,NA,7.52,9.08,82.8,9.57,11.34,84.39,11.87,13.85,85.74,14.38,16.62,86.53,17.14,19.63,87.34,20.16,22.9,88.05,23.3,26.42,88.18,26.59,30.19,88.07,30.14,34.21,88.11,33.84,38.48,87.94,37.65,43.01,87.55,41.54,47.78,86.95,45.44,52.81,86.04,49.37,58.09,84.99,53.54,63.62,84.16
-1,17321,605,BÃ³veda-Penalba et al. 2009,Richness,-76.66944444,-6.33,Precise,Peru,Neotropics,Pitheciidae,Callicebus,Callicebus oenanthe,Plecturocebus_oenanthe ,Interview â€“ â€“,1, ,0, ,0,2007,0, ,NA, ,Plecturocebus oenanthe ,Plecturocebus oenanthe,0.8,D,2.3,AR,Omnivore,NA,NA,NA,NA,NA,NA,NA,NA,NA,NA,NA, ,2Tropical_and_suptropical_moist_broadleaf_forest,0.588992397,0.79,74.56,1.25,1.54,81.36,2.06,2.54,81.22,2.94,3.8,77.28,3.99,5.31,75.22,NA,7.07,NA,6.75,9.08,74.32,8.56,11.34,75.49,10.7,13.85,77.27,13.02,16.62,78.36,15.65,19.63,79.75,18.59,22.9,81.19,21.77,26.42,82.41,25.1,30.19,83.12,28.67,34.21,83.82,32.43,38.48,84.27,36.49,43.01,84.85,40.88,47.78,85.56,45.42,52.81,86,50.2,58.09,86.41,55.14,63.62,86.66
-1,17322,605,BÃ³veda-Penalba et al. 2009,Richness,-76.67305556,-7.218611111,Precise,Peru,Neotropics,Pitheciidae,Callicebus,Callicebus oenanthe,Plecturocebus_oenanthe , ,0, ,0, ,0,2007,0, ,NA, ,Plecturocebus oenanthe ,Plecturocebus oenanthe,0.8,D,2.3,AR,Omnivore,NA,NA,NA,NA,NA,NA,NA,NA,NA,NA,NA, ,2Tropical_and_suptropical_moist_broadleaf_forest,0.751113938,0.79,95.08,1.48,1.54,95.86,2.45,2.54,96.56,3.62,3.8,95.28,5.06,5.31,95.38,NA,7.07,NA,8.59,9.08,94.62,10.67,11.34,94.13,12.95,13.85,93.52,15.46,16.62,93.04,18.16,19.63,92.53,21.09,22.9,92.12,23.98,26.42,90.76,27.1,30.19,89.75,30.43,34.21,88.96,33.7,38.48,87.58,37.17,43.01,86.42,40.68,47.78,85.14,44.64,52.81,84.53,48.81,58.09,84.03,53.22,63.62,83.65
-1,17323,605,BÃ³veda-Penalba et al. 2009,Richness,-76.67583333,-7.1,Precise,Peru,Neotropics,Pitheciidae,Callicebus,Callicebus oenanthe,Plecturocebus_oenanthe , ,0, ,0, ,0,2007,0, ,NA, ,Plecturocebus oenanthe ,Plecturocebus oenanthe,0.8,D,2.3,AR,Omnivore,NA,NA,NA,NA,NA,NA,NA,NA,NA,NA,NA, ,2Tropical_and_suptropical_moist_broadleaf_forest,0.504658394,0.79,63.88,1.01,1.54,65.5,1.74,2.54,68.62,2.61,3.8,68.56,3.82,5.31,71.93,NA,7.07,NA,7.17,9.08,78.92,8.97,11.34,79.09,10.77,13.85,77.74,12.73,16.62,76.59,14.72,19.63,74.98,16.57,22.9,72.35,18.63,26.42,70.5,20.98,30.19,69.49,23.74,34.21,69.41,26.63,38.48,69.19,29.82,43.01,69.33,33.11,47.78,69.29,36.7,52.81,69.5,40.3,58.09,69.37,44.34,63.62,69.69
-1,17324,605,BÃ³veda-Penalba et al. 2009,Richness,-76.67638889,-7.098888889,Precise,Peru,Neotropics,Pitheciidae,Callicebus,Callicebus oenanthe,Plecturocebus_oenanthe ,Interview Vocalization Visual,1, ,11 (5)b, ,0,2007,0, ,NA, ,Plecturocebus oenanthe ,Plecturocebus oenanthe,0.8,D,2.3,AR,Omnivore,NA,NA,NA,NA,NA,NA,NA,NA,NA,NA,NA, ,2Tropical_and_suptropical_moist_broadleaf_forest,0.46462643,0.79,58.81,0.97,1.54,63.28,1.71,2.54,67.47,2.68,3.8,70.49,3.89,5.31,73.25,NA,7.07,NA,7.22,9.08,79.56,9.19,11.34,81.02,10.99,13.85,79.32,12.81,16.62,77.08,14.79,19.63,75.36,16.87,22.9,73.65,18.81,26.42,71.19,21,30.19,69.57,23.76,34.21,69.47,26.7,38.48,69.4,29.85,43.01,69.4,33.2,47.78,69.49,36.94,52.81,69.95,40.61,58.09,69.91,44.58,63.62,70.07
-1,17326,605,BÃ³veda-Penalba et al. 2009,Richness,-76.67638889,-7.435555556,Precise,Peru,Neotropics,Pitheciidae,Callicebus,Callicebus oenanthe,Plecturocebus_oenanthe , ,0, ,0, ,0,2007,0, ,NA, ,Plecturocebus oenanthe ,Plecturocebus oenanthe,0.8,D,2.3,AR,Omnivore,NA,NA,NA,NA,NA,NA,NA,NA,NA,NA,NA, ,2Tropical_and_suptropical_moist_broadleaf_forest,0.689377244,0.79,87.26,1.29,1.54,84,2.12,2.54,83.28,3.14,3.8,82.67,4.26,5.31,80.27,NA,7.07,NA,6.87,9.08,75.68,8.61,11.34,75.91,10.62,13.85,76.69,12.67,16.62,76.22,14.86,19.63,75.72,17.5,22.9,76.41,20.27,26.42,76.72,23.28,30.19,77.12,26.8,34.21,78.33,30.41,38.48,79.03,34.21,43.01,79.55,38.26,47.78,80.08,42.25,52.81,80.01,46.41,58.09,79.89,51.04,63.62,80.23
-1,17327,605,BÃ³veda-Penalba et al. 2009,Richness,-76.67916667,-7.1025,Precise,Peru,Neotropics,Pitheciidae,Callicebus,Callicebus oenanthe,Plecturocebus_oenanthe ,Interview â€“ Visual,1, ,2 (1)b, ,0,2007,0, ,NA, ,Plecturocebus oenanthe ,Plecturocebus oenanthe,0.8,D,2.3,AR,Omnivore,NA,NA,NA,NA,NA,NA,NA,NA,NA,NA,NA, ,2Tropical_and_suptropical_moist_broadleaf_forest,0.656874252,0.79,83.15,1.11,1.54,72.17,1.79,2.54,70.63,2.72,3.8,71.55,3.87,5.31,72.91,NA,7.07,NA,7.22,9.08,79.54,9.11,11.34,80.3,11.06,13.85,79.89,13.23,16.62,79.6,15.48,19.63,78.84,17.61,22.9,76.88,19.56,26.42,74.02,21.84,30.19,72.35,24.66,34.21,72.08,27.66,38.48,71.87,30.9,43.01,71.84,34.07,47.78,71.3,37.49,52.81,70.98,41.15,58.09,70.84,44.9,63.62,70.58
-1,17329,605,BÃ³veda-Penalba et al. 2009,Richness,-76.68083333,-7.397777778,Precise,Peru,Neotropics,Pitheciidae,Callicebus,Callicebus oenanthe,Plecturocebus_oenanthe ,â€“ â€“ â€“,0, ,0, ,0,2007,0, ,NA, ,Plecturocebus oenanthe ,Plecturocebus oenanthe,0.8,D,2.3,AR,Omnivore,NA,NA,NA,NA,NA,NA,NA,NA,NA,NA,NA, ,2Tropical_and_suptropical_moist_broadleaf_forest,0.639207685,0.79,80.91,1.25,1.54,81.18,2.03,2.54,79.88,3.07,3.8,80.74,4.38,5.31,82.53,NA,7.07,NA,7.37,9.08,81.21,9.08,11.34,80.03,11.03,13.85,79.67,13.25,16.62,79.72,15.65,19.63,79.71,18.07,22.9,78.92,20.34,26.42,77,22.99,30.19,76.15,26.13,34.21,76.39,29.47,38.48,76.58,33.07,43.01,76.9,36.99,47.78,77.41,41.03,52.81,77.69,45.27,58.09,77.93,49.56,63.62,77.9
-1,17330,605,BÃ³veda-Penalba et al. 2009,Richness,-76.69194444,-7.0775,Precise,Peru,Neotropics,Pitheciidae,Callicebus,Callicebus oenanthe,Plecturocebus_oenanthe ,Interview Vocalization â€“,1, ,0, ,0,2007,0, ,NA, ,Plecturocebus oenanthe ,Plecturocebus oenanthe,0.8,D,2.3,AR,Omnivore,NA,NA,NA,NA,NA,NA,NA,NA,NA,NA,NA, ,2Tropical_and_suptropical_moist_broadleaf_forest,0.374538976,0.79,47.41,0.89,1.54,57.87,1.64,2.54,64.41,2.6,3.8,68.41,3.82,5.31,71.97,NA,7.07,NA,6.93,9.08,76.32,8.91,11.34,78.57,11.14,13.85,80.45,13.52,16.62,81.33,15.93,19.63,81.14,18.36,22.9,80.17,20.96,26.42,79.33,23.96,30.19,79.36,27.16,34.21,79.39,30.45,38.48,79.14,34.01,43.01,79.07,37.8,47.78,79.12,41.46,52.81,78.51,45.32,58.09,78.02,49.7,63.62,78.12
-1,17332,605,BÃ³veda-Penalba et al. 2009,Richness,-76.69333333,-6.294444444,Precise,Peru,Neotropics,Pitheciidae,Callicebus,Callicebus oenanthe,Plecturocebus_oenanthe ,Interview â€“ â€“,1, ,0, ,0,2007,0, ,NA, ,Plecturocebus oenanthe ,Plecturocebus oenanthe,0.8,D,2.3,AR,Omnivore,NA,NA,NA,NA,NA,NA,NA,NA,NA,NA,NA, ,2Tropical_and_suptropical_moist_broadleaf_forest,0.656226911,0.79,83.07,1.31,1.54,85.03,2.12,2.54,83.38,3.24,3.8,85.39,4.66,5.31,87.69,NA,7.07,NA,8.11,9.08,89.32,10.04,11.34,88.51,12.21,13.85,88.13,14.69,16.62,88.37,17.36,19.63,88.42,20.23,22.9,88.32,23.32,26.42,88.25,26.76,30.19,88.65,30.21,34.21,88.3,33.94,38.48,88.19,37.83,43.01,87.96,41.84,47.78,87.57,46.14,52.81,87.37,50.74,58.09,87.36,55.65,63.62,87.47
-1,17333,605,BÃ³veda-Penalba et al. 2009,Richness,-76.72055556,-6.203888889,Precise,Peru,Neotropics,Pitheciidae,Callicebus,Callicebus oenanthe,Plecturocebus_oenanthe ,Interview â€“ â€“,1, ,0, ,0,2007,0, ,NA, ,Plecturocebus oenanthe ,Plecturocebus oenanthe,0.8,D,2.3,AR,Omnivore,NA,NA,NA,NA,NA,NA,NA,NA,NA,NA,NA, ,2Tropical_and_suptropical_moist_broadleaf_forest,0.61939855,0.79,78.4,1.18,1.54,76.69,1.95,2.54,76.88,2.88,3.8,75.79,4.02,5.31,75.67,NA,7.07,NA,7.1,9.08,78.16,9.04,11.34,79.72,11.13,13.85,80.35,13.46,16.62,81,16.1,19.63,82.03,19.03,22.9,83.09,22.14,26.42,83.79,25.55,30.19,84.64,29.21,34.21,85.38,33.03,38.48,85.83,37.19,43.01,86.46,41.52,47.78,86.9,46.04,52.81,87.17,50.9,58.09,87.62,56.11,63.62,88.19
-1,17334,605,BÃ³veda-Penalba et al. 2009,Richness,-76.72527778,-6.266944444,Precise,Peru,Neotropics,Pitheciidae,Callicebus,Callicebus oenanthe,Plecturocebus_oenanthe ,Interview â€“ â€“,1, ,0, ,0,2007,0, ,NA, ,Plecturocebus oenanthe ,Plecturocebus oenanthe,0.8,D,2.3,AR,Omnivore,NA,NA,NA,NA,NA,NA,NA,NA,NA,NA,NA, ,2Tropical_and_suptropical_moist_broadleaf_forest,0.770006377,0.79,97.47,1.49,1.54,96.48,2.41,2.54,95.04,3.58,3.8,94.23,4.96,5.31,93.42,NA,7.07,NA,8.48,9.08,93.37,10.63,11.34,93.73,12.95,13.85,93.49,15.42,16.62,92.81,18.13,19.63,92.35,21.08,22.9,92.07,24.25,26.42,91.78,27.62,30.19,91.5,31.17,34.21,91.13,34.92,38.48,90.76,38.96,43.01,90.57,43.02,47.78,90.03,47.39,52.81,89.73,52.03,58.09,89.57,56.6,63.62,88.97
-1,17335,605,BÃ³veda-Penalba et al. 2009,Richness,-76.74666667,-6.273055556,Precise,Peru,Neotropics,Pitheciidae,Callicebus,Callicebus oenanthe,Plecturocebus_oenanthe ,Interview â€“ â€“,1, ,0, ,0,2007,0, ,NA, ,Plecturocebus oenanthe ,Plecturocebus oenanthe,0.8,D,2.3,AR,Omnivore,NA,NA,NA,NA,NA,NA,NA,NA,NA,NA,NA, ,2Tropical_and_suptropical_moist_broadleaf_forest,0.703702717,0.79,89.08,1.36,1.54,88.6,2.3,2.54,90.42,3.44,3.8,90.6,4.88,5.31,91.83,NA,7.07,NA,8.45,9.08,93.1,10.46,11.34,92.22,12.63,13.85,91.17,14.96,16.62,90.02,17.56,19.63,89.47,20.33,22.9,88.78,23.29,26.42,88.16,26.59,30.19,88.07,30.15,34.21,88.13,33.92,38.48,88.14,37.98,43.01,88.32,42.24,47.78,88.41,46.74,52.81,88.51,51.55,58.09,88.74,56.51,63.62,88.82
-1,17336,605,BÃ³veda-Penalba et al. 2009,Richness,-76.77277778,-7.1175,Precise,Peru,Neotropics,Pitheciidae,Callicebus,Callicebus oenanthe,Plecturocebus_oenanthe , ,0, ,0, ,0,2007,0, ,NA, ,Plecturocebus oenanthe ,Plecturocebus oenanthe,0.8,D,2.3,AR,Omnivore,NA,NA,NA,NA,NA,NA,NA,NA,NA,NA,NA, ,2Tropical_and_suptropical_moist_broadleaf_forest,0.4165146,0.79,52.72,0.87,1.54,56.43,1.5,2.54,58.93,2.29,3.8,60.24,3.32,5.31,62.52,NA,7.07,NA,6.14,9.08,67.6,7.87,11.34,69.37,9.77,13.85,70.57,11.8,16.62,71.02,14.27,19.63,72.71,17.07,22.9,74.53,20.03,26.42,75.83,23.35,30.19,77.33,26.75,34.21,78.21,30.41,38.48,79.03,34.17,43.01,79.45,38.2,47.78,79.95,42.52,52.81,80.52,46.94,58.09,80.81,51.71,63.62,81.28
-1,17337,605,BÃ³veda-Penalba et al. 2009,Richness,-76.77777778,-6.330555556,Precise,Peru,Neotropics,Pitheciidae,Callicebus,Callicebus oenanthe,Plecturocebus_oenanthe ,â€“ â€“ â€“,0, ,0, ,0,2007,0, ,NA, ,Plecturocebus oenanthe ,Plecturocebus oenanthe,0.8,D,2.3,AR,Omnivore,NA,NA,NA,NA,NA,NA,NA,NA,NA,NA,NA, ,2Tropical_and_suptropical_moist_broadleaf_forest,0.727098116,0.79,92.04,1.42,1.54,92.16,2.32,2.54,91.2,3.45,3.8,90.89,4.86,5.31,91.44,NA,7.07,NA,8.24,9.08,90.8,10.22,11.34,90.09,12.34,13.85,89.1,14.76,16.62,88.84,17.36,19.63,88.42,20.11,22.9,87.82,23.14,26.42,87.57,26.36,30.19,87.32,29.66,34.21,86.7,33.11,38.48,86.05,36.7,43.01,85.32,40.68,47.78,85.14,45,52.81,85.22,49.5,58.09,85.22,54.33,63.62,85.41
-1,17338,605,BÃ³veda-Penalba et al. 2009,Richness,-76.7825,-7.118055556,Precise,Peru,Neotropics,Pitheciidae,Callicebus,Callicebus oenanthe,Plecturocebus_oenanthe , ,0, ,0, ,0,2007,0, ,NA, ,Plecturocebus oenanthe ,Plecturocebus oenanthe,0.8,D,2.3,AR,Omnivore,NA,NA,NA,NA,NA,NA,NA,NA,NA,NA,NA, ,2Tropical_and_suptropical_moist_broadleaf_forest,0.451222799,0.79,57.12,0.88,1.54,56.94,1.49,2.54,58.77,2.3,3.8,60.65,3.38,5.31,63.69,NA,7.07,NA,6.39,9.08,70.36,8.17,11.34,72.06,10.14,13.85,73.23,12.42,16.62,74.74,14.8,19.63,75.42,17.5,22.9,76.41,20.57,26.42,77.87,23.73,30.19,78.61,27.15,34.21,79.36,30.84,38.48,80.14,34.66,43.01,80.59,38.7,47.78,81,42.89,52.81,81.22,47.25,58.09,81.34,51.87,63.62,81.53
-1,17339,605,BÃ³veda-Penalba et al. 2009,Richness,-76.785,-7.239166667,Precise,Peru,Neotropics,Pitheciidae,Callicebus,Callicebus oenanthe,Plecturocebus_oenanthe , ,0, ,0, ,0,2007,0, ,NA, ,Plecturocebus oenanthe ,Plecturocebus oenanthe,0.8,D,2.3,AR,Omnivore,NA,NA,NA,NA,NA,NA,NA,NA,NA,NA,NA, ,2Tropical_and_suptropical_moist_broadleaf_forest,0.714030445,0.79,90.38,1.36,1.54,88.31,2.3,2.54,90.55,3.51,3.8,92.47,4.91,5.31,92.43,NA,7.07,NA,8.12,9.08,89.42,10.11,11.34,89.18,12.28,13.85,88.66,14.66,16.62,88.19,17.12,19.63,87.2,19.77,22.9,86.35,22.84,26.42,86.47,26.17,30.19,86.67,29.59,34.21,86.5,33.12,38.48,86.08,36.84,43.01,85.66,40.71,47.78,85.21,44.79,52.81,84.81,49.13,58.09,84.57,53.63,63.62,84.29
-1,17340,605,BÃ³veda-Penalba et al. 2009,Richness,-76.78694444,-6.824444444,Precise,Peru,Neotropics,Pitheciidae,Callicebus,Callicebus oenanthe,Plecturocebus_oenanthe , ,0, ,0, ,0,2007,0, ,NA, ,Plecturocebus oenanthe ,Plecturocebus oenanthe,0.8,D,2.3,AR,Omnivore,NA,NA,NA,NA,NA,NA,NA,NA,NA,NA,NA, ,2Tropical_and_suptropical_moist_broadleaf_forest,0.610586406,0.79,77.29,1.11,1.54,71.87,1.78,2.54,70.12,2.68,3.8,70.47,3.82,5.31,71.85,NA,7.07,NA,6.53,9.08,71.88,8.32,11.34,73.33,10.48,13.85,75.64,12.88,16.62,77.47,15.48,19.63,78.88,18.42,22.9,80.44,21.57,26.42,81.66,25.03,30.19,82.89,28.7,34.21,83.9,32.5,38.48,84.47,36.68,43.01,85.29,40.96,47.78,85.74,45.33,52.81,85.83,50.07,58.09,86.2,55.03,63.62,86.5
-1,17341,605,BÃ³veda-Penalba et al. 2009,Richness,-76.79611111,-6.929166667,Precise,Peru,Neotropics,Pitheciidae,Callicebus,Callicebus oenanthe,Plecturocebus_oenanthe ,Interview Vocalization â€“,1, ,0, ,0,2007,0, ,NA, ,Plecturocebus oenanthe ,Plecturocebus oenanthe,0.8,D,2.3,AR,Omnivore,NA,NA,NA,NA,NA,NA,NA,NA,NA,NA,NA, ,2Tropical_and_suptropical_moist_broadleaf_forest,0.561875874,0.79,71.12,1.03,1.54,66.91,1.5,2.54,58.87,2.25,3.8,59.26,3.26,5.31,61.41,NA,7.07,NA,5.81,9.08,63.99,7.11,11.34,62.73,8.59,13.85,62.01,10.3,16.62,61.97,12.24,19.63,62.34,14.23,22.9,62.16,16.43,26.42,62.21,18.99,30.19,62.9,21.69,34.21,63.39,24.75,38.48,64.31,28.19,43.01,65.53,31.98,47.78,66.93,35.89,52.81,67.96,39.92,58.09,68.72,44.27,63.62,69.59
-1,17342,605,BÃ³veda-Penalba et al. 2009,Richness,-76.80166667,-6.804444444,Precise,Peru,Neotropics,Pitheciidae,Callicebus,Callicebus oenanthe,Plecturocebus_oenanthe , ,0, ,0, ,0,2007,0, ,NA, ,Plecturocebus oenanthe ,Plecturocebus oenanthe,0.8,D,2.3,AR,Omnivore,NA,NA,NA,NA,NA,NA,NA,NA,NA,NA,NA, ,2Tropical_and_suptropical_moist_broadleaf_forest,0.403474842,0.79,51.07,0.89,1.54,57.5,1.61,2.54,63.21,2.59,3.8,68.13,3.73,5.31,70.2,NA,7.07,NA,6.67,9.08,73.46,8.6,11.34,75.81,10.75,13.85,77.61,13.17,16.62,79.23,15.84,19.63,80.69,18.68,22.9,81.56,21.77,26.42,82.4,25.05,30.19,82.97,28.65,34.21,83.73,32.47,38.48,84.39,36.55,43.01,84.98,40.79,47.78,85.36,45.19,52.81,85.57,49.82,58.09,85.76,54.81,63.62,86.15
-1,17343,605,BÃ³veda-Penalba et al. 2009,Richness,-76.80527778,-6.808333333,Precise,Peru,Neotropics,Pitheciidae,Callicebus,Callicebus oenanthe,Plecturocebus_oenanthe , ,0, ,0, ,0,2007,0, ,NA, ,Plecturocebus oenanthe ,Plecturocebus oenanthe,0.8,D,2.3,AR,Omnivore,NA,NA,NA,NA,NA,NA,NA,NA,NA,NA,NA, ,2Tropical_and_suptropical_moist_broadleaf_forest,0.61806409,0.79,78.24,1.19,1.54,77.24,1.91,2.54,75.33,2.9,3.8,76.35,4.12,5.31,77.62,NA,7.07,NA,6.95,9.08,76.53,8.73,11.34,76.97,10.78,13.85,77.87,13.05,16.62,78.51,15.64,19.63,79.69,18.56,22.9,81.04,21.68,26.42,82.07,24.97,30.19,82.72,28.42,34.21,83.08,32.17,38.48,83.59,36.22,43.01,84.22,40.52,47.78,84.81,44.99,52.81,85.19,49.72,58.09,85.59,54.74,63.62,86.05
-1,17344,605,BÃ³veda-Penalba et al. 2009,Richness,-76.82194444,-7.311111111,Precise,Peru,Neotropics,Pitheciidae,Callicebus,Callicebus oenanthe,Plecturocebus_oenanthe , ,0, ,0, ,0,2007,0, ,NA, ,Plecturocebus oenanthe ,Plecturocebus oenanthe,0.8,D,2.3,AR,Omnivore,NA,NA,NA,NA,NA,NA,NA,NA,NA,NA,NA, ,2Tropical_and_suptropical_moist_broadleaf_forest,0.603985351,0.79,76.45,1.21,1.54,78.73,2.04,2.54,80.31,3.13,3.8,82.39,4.38,5.31,82.5,NA,7.07,NA,7.43,9.08,81.86,9.24,11.34,81.49,11.1,13.85,80.12,13.36,16.62,80.39,16.03,19.63,81.66,18.83,22.9,82.21,21.78,26.42,82.43,24.86,30.19,82.34,28.23,34.21,82.52,31.82,38.48,82.69,35.66,43.01,82.9,39.63,47.78,82.95,43.88,52.81,83.09,48.35,58.09,83.24,52.92,63.62,83.17
-1,17345,605,BÃ³veda-Penalba et al. 2009,Richness,-76.82638889,-7.311944444,Precise,Peru,Neotropics,Pitheciidae,Callicebus,Callicebus oenanthe,Plecturocebus_oenanthe , ,0, ,0, ,0,2007,0, ,NA, ,Plecturocebus oenanthe ,Plecturocebus oenanthe,0.8,D,2.3,AR,Omnivore,NA,NA,NA,NA,NA,NA,NA,NA,NA,NA,NA, ,2Tropical_and_suptropical_moist_broadleaf_forest,0.58010049,0.79,73.43,1.24,1.54,80.57,2.03,2.54,79.82,3.13,3.8,82.37,4.46,5.31,83.98,NA,7.07,NA,7.53,9.08,82.96,9.38,11.34,82.7,11.45,13.85,82.67,13.74,16.62,82.68,16.24,19.63,82.74,19.09,22.9,83.35,22.05,26.42,83.47,25.12,30.19,83.2,28.58,34.21,83.54,32.2,38.48,83.68,36.11,43.01,83.95,40.28,47.78,84.3,44.67,52.81,84.59,49.3,58.09,84.87,54.21,63.62,85.2
-1,17346,605,BÃ³veda-Penalba et al. 2009,Richness,-76.83111111,-6.226111111,Precise,Peru,Neotropics,Pitheciidae,Callicebus,Callicebus oenanthe,Plecturocebus_oenanthe ,Interview â€“ â€“,1, ,0, ,0,2007,0, ,NA, ,Plecturocebus oenanthe ,Plecturocebus oenanthe,0.8,D,2.3,AR,Omnivore,NA,NA,NA,NA,NA,NA,NA,NA,NA,NA,NA, ,2Tropical_and_suptropical_moist_broadleaf_forest,0.654867464,0.79,82.89,1.33,1.54,86.62,2.14,2.54,84.27,3.16,3.8,83.19,4.15,5.31,78.23,NA,7.07,NA,6.8,9.08,74.85,8.54,11.34,75.33,10.62,13.85,76.67,13,16.62,78.24,15.72,19.63,80.07,18.52,22.9,80.85,21.48,26.42,81.3,24.66,30.19,81.69,27.9,34.21,81.56,31.51,38.48,81.88,35.34,43.01,82.17,39.4,47.78,82.46,43.77,52.81,82.89,48.43,58.09,83.37,53.17,63.62,83.57
-1,17347,605,BÃ³veda-Penalba et al. 2009,Richness,-76.83277778,-6.100277778,Precise,Peru,Neotropics,Pitheciidae,Callicebus,Callicebus oenanthe,Plecturocebus_oenanthe ,Interview Vocalization â€“,1, ,0, ,0,2007,0, ,NA, ,Plecturocebus oenanthe ,Plecturocebus oenanthe,0.8,D,2.3,AR,Omnivore,NA,NA,NA,NA,NA,NA,NA,NA,NA,NA,NA, ,2Tropical_and_suptropical_moist_broadleaf_forest,0.688729245,0.79,87.18,1.41,1.54,91.68,2.35,2.54,92.45,3.48,3.8,91.67,4.78,5.31,89.95,NA,7.07,NA,8.23,9.08,90.67,10.34,11.34,91.17,12.6,13.85,90.99,15.01,16.62,90.31,17.6,19.63,89.68,20.52,22.9,89.62,23.65,26.42,89.51,26.94,30.19,89.22,30.46,34.21,89.04,34.41,38.48,89.43,38.49,43.01,89.49,42.78,47.78,89.53,47.34,52.81,89.64,52.08,58.09,89.66,56.93,63.62,89.49
-1,17348,605,BÃ³veda-Penalba et al. 2009,Richness,-76.84194444,-6.171388889,Precise,Peru,Neotropics,Pitheciidae,Callicebus,Callicebus oenanthe,Plecturocebus_oenanthe ,Interview â€“ â€“,1, ,0, ,0,2007,0, ,NA, ,Plecturocebus oenanthe ,Plecturocebus oenanthe,0.8,D,2.3,AR,Omnivore,NA,NA,NA,NA,NA,NA,NA,NA,NA,NA,NA, ,2Tropical_and_suptropical_moist_broadleaf_forest,0.53894721,0.79,68.22,1.03,1.54,67.01,1.78,2.54,69.97,2.68,3.8,70.58,3.73,5.31,70.28,NA,7.07,NA,6.71,9.08,73.94,8.64,11.34,76.15,10.78,13.85,77.82,13.1,16.62,78.83,15.65,19.63,79.74,18.46,22.9,80.61,21.51,26.42,81.41,24.82,30.19,82.22,28.27,34.21,82.64,31.86,38.48,82.79,35.65,43.01,82.89,39.78,47.78,83.26,44,52.81,83.31,48.5,58.09,83.48,53.29,63.62,83.77
-1,17349,605,BÃ³veda-Penalba et al. 2009,Richness,-76.87333333,-6.920277778,Precise,Peru,Neotropics,Pitheciidae,Callicebus,Callicebus oenanthe,Plecturocebus_oenanthe , ,0, ,0, ,0,2007,0, ,NA, ,Plecturocebus oenanthe ,Plecturocebus oenanthe,0.8,D,2.3,AR,Omnivore,NA,NA,NA,NA,NA,NA,NA,NA,NA,NA,NA, ,2Tropical_and_suptropical_moist_broadleaf_forest,0.692160193,0.79,87.62,1.27,1.54,82.4,1.95,2.54,76.78,2.87,3.8,75.65,4.14,5.31,77.92,NA,7.07,NA,7.35,9.08,80.97,9.34,11.34,82.37,11.57,13.85,83.5,14.04,16.62,84.48,16.87,19.63,85.95,19.85,22.9,86.69,22.91,26.42,86.71,26.28,30.19,87.05,29.95,34.21,87.55,33.8,38.48,87.84,37.84,43.01,87.98,42.12,47.78,88.16,46.58,52.81,88.2,51.23,58.09,88.19,56.25,63.62,88.41
-1,17350,605,BÃ³veda-Penalba et al. 2009,Richness,-76.94166667,-6.058888889,Precise,Peru,Neotropics,Pitheciidae,Callicebus,Callicebus oenanthe,Plecturocebus_oenanthe ,Interview Vocalization Visual,1, ,2 (1), ,0,2007,0, ,NA, ,Plecturocebus oenanthe ,Plecturocebus oenanthe,0.8,D,2.3,AR,Omnivore,NA,NA,NA,NA,NA,NA,NA,NA,NA,NA,NA, ,2Tropical_and_suptropical_moist_broadleaf_forest,0.348756125,0.79,44.15,0.73,1.54,47.09,1.08,2.54,42.34,1.63,3.8,42.82,2.54,5.31,47.89,NA,7.07,NA,4.97,9.08,54.69,6.5,11.34,57.29,8.35,13.85,60.26,10.1,16.62,60.78,11.93,19.63,60.78,14.12,22.9,61.65,16.6,26.42,62.81,19.27,30.19,63.81,21.91,34.21,64.04,24.95,38.48,64.85,28.02,43.01,65.15,31.12,47.78,65.12,34.42,52.81,65.17,38.15,58.09,65.68,42.22,63.62,66.36
-1,17351,605,BÃ³veda-Penalba et al. 2009,Richness,-76.97833333,-6.078888889,Precise,Peru,Neotropics,Pitheciidae,Callicebus,Callicebus oenanthe,Plecturocebus_oenanthe ,Interview Vocalization Visual,1, ,1 (1), ,0,2007,0, ,NA, ,Plecturocebus oenanthe ,Plecturocebus oenanthe,0.8,D,2.3,AR,Omnivore,NA,NA,NA,NA,NA,NA,NA,NA,NA,NA,NA, ,2Tropical_and_suptropical_moist_broadleaf_forest,0.74073047,0.79,93.76,1.43,1.54,93,2.35,2.54,92.49,3.51,3.8,92.47,4.89,5.31,92.12,NA,7.07,NA,8.23,9.08,90.64,10.16,11.34,89.63,12.33,13.85,89,14.78,16.62,88.93,17.41,19.63,88.68,20.24,22.9,88.37,23.12,26.42,87.52,26.21,30.19,86.82,29.4,34.21,85.94,32.74,38.48,85.07,36.22,43.01,84.21,39.85,47.78,83.41,43.88,52.81,83.08,48.21,58.09,83,52.64,63.62,82.74
-1,17352,605,BÃ³veda-Penalba et al. 2009,Richness,-76.99111111,-6.026388889,Precise,Peru,Neotropics,Pitheciidae,Callicebus,Callicebus oenanthe,Plecturocebus_oenanthe ,Interview â€“ â€“,1, ,0, ,0,2007,0, ,NA, ,Plecturocebus oenanthe ,Plecturocebus oenanthe,0.8,D,2.3,AR,Omnivore,NA,NA,NA,NA,NA,NA,NA,NA,NA,NA,NA, ,2Tropical_and_suptropical_moist_broadleaf_forest,0.441726928,0.79,55.91,0.88,1.54,56.84,1.47,2.54,57.93,2.22,3.8,58.3,3.24,5.31,60.96,NA,7.07,NA,5.64,9.08,62.14,6.88,11.34,60.69,8.37,13.85,60.46,10.02,16.62,60.29,11.78,19.63,60.01,13.63,22.9,59.53,15.64,26.42,59.21,17.99,30.19,59.59,20.79,34.21,60.77,23.55,38.48,61.2,26.86,43.01,62.45,30.38,47.78,63.59,34.06,52.81,64.49,38.25,58.09,65.85,42.75,63.62,67.19
-1,17353,605,BÃ³veda-Penalba et al. 2009,Richness,-77.03138889,-5.949722222,Precise,Peru,Neotropics,Pitheciidae,Callicebus,Callicebus oenanthe,Plecturocebus_oenanthe ,Interview Vocalization Visual,1, ,3 (1), ,0,2007,0, ,NA, ,Plecturocebus oenanthe ,Plecturocebus oenanthe,0.8,D,2.3,AR,Omnivore,NA,NA,NA,NA,NA,NA,NA,NA,NA,NA,NA, ,2Tropical_and_suptropical_moist_broadleaf_forest,0.596586242,0.79,75.52,1.21,1.54,78.29,2.03,2.54,79.8,2.94,3.8,77.48,4.08,5.31,76.88,NA,7.07,NA,7.13,9.08,78.48,9.03,11.34,79.6,11.19,13.85,80.77,13.38,16.62,80.53,15.65,19.63,79.71,18.21,22.9,79.52,20.81,26.42,78.76,23.44,30.19,77.65,26.46,34.21,77.35,29.79,38.48,77.41,33.51,43.01,77.92,37.5,47.78,78.48,41.88,52.81,79.3,46.52,58.09,80.08,51.37,63.62,80.74
-1,17354,605,BÃ³veda-Penalba et al. 2009,Richness,-77.05583333,-6.033611111,Precise,Peru,Neotropics,Pitheciidae,Callicebus,Callicebus oenanthe,Plecturocebus_oenanthe ,Interview Vocalization â€“,1, ,0, ,0,2007,0, ,NA, ,Plecturocebus oenanthe ,Plecturocebus oenanthe,0.8,D,2.3,AR,Omnivore,NA,NA,NA,NA,NA,NA,NA,NA,NA,NA,NA, ,2Tropical_and_suptropical_moist_broadleaf_forest,0.423453502,0.79,53.6,0.81,1.54,52.37,1.28,2.54,50.45,1.98,3.8,52.16,2.96,5.31,55.75,NA,7.07,NA,5.42,9.08,59.71,7.16,11.34,63.15,9.3,13.85,67.17,11.58,16.62,69.68,13.95,19.63,71.06,16.34,22.9,71.37,18.66,26.42,70.63,21.28,30.19,70.48,24.25,34.21,70.89,27.29,38.48,70.92,30.66,43.01,71.28,34.31,47.78,71.81,38.17,52.81,72.27,42.28,58.09,72.79,46.48,63.62,73.06
-1,17355,605,BÃ³veda-Penalba et al. 2009,Richness,-77.06638889,-6.127777778,Precise,Peru,Neotropics,Pitheciidae,Callicebus,Callicebus oenanthe,Plecturocebus_oenanthe ,Interview Vocalization Visual,1, ,3 (1), ,0,2007,0, ,NA, ,Plecturocebus oenanthe ,Plecturocebus oenanthe,0.8,D,2.3,AR,Omnivore,NA,NA,NA,NA,NA,NA,NA,NA,NA,NA,NA, ,2Tropical_and_suptropical_moist_broadleaf_forest,0.686321025,0.79,86.88,1.32,1.54,85.59,2.21,2.54,87.15,3.26,3.8,85.81,4.56,5.31,85.95,NA,7.07,NA,7.7,9.08,84.78,9.54,11.34,84.16,11.71,13.85,84.53,13.94,16.62,83.87,16.37,19.63,83.4,19,22.9,82.97,21.62,26.42,81.84,24.53,30.19,81.26,27.47,34.21,80.29,30.51,38.48,79.3,33.79,43.01,78.57,37.4,47.78,78.28,41.17,52.81,77.97,45.13,58.09,77.68,49.29,63.62,77.48
-1,17356,605,BÃ³veda-Penalba et al. 2009,Richness,-77.10861111,-6.244166667,Precise,Peru,Neotropics,Pitheciidae,Callicebus,Callicebus oenanthe,Plecturocebus_oenanthe ,Interview Vocalization â€“,1, ,0, ,0,2007,0, ,NA, ,Plecturocebus oenanthe ,Plecturocebus oenanthe,0.8,D,2.3,AR,Omnivore,NA,NA,NA,NA,NA,NA,NA,NA,NA,NA,NA, ,2Tropical_and_suptropical_moist_broadleaf_forest,0.688456429,0.79,87.15,1.34,1.54,87.05,2.27,2.54,89.39,3.43,3.8,90.16,4.79,5.31,90.16,NA,7.07,NA,8.01,9.08,88.27,9.97,11.34,87.94,12.24,13.85,88.39,14.69,16.62,88.41,17.47,19.63,88.97,20.41,22.9,89.12,23.58,26.42,89.26,26.9,30.19,89.11,30.46,34.21,89.05,34.25,38.48,89,38.3,43.01,89.05,42.56,47.78,89.07,47.1,52.81,89.19,51.99,58.09,89.5,57.02,63.62,89.63
-1,17357,605,BÃ³veda-Penalba et al. 2009,Richness,-77.11305556,-5.939166667,Precise,Peru,Neotropics,Pitheciidae,Callicebus,Callicebus oenanthe,Plecturocebus_oenanthe ,Interview â€“ â€“,1, ,0, ,0,2007,0, ,NA, ,Plecturocebus oenanthe ,Plecturocebus oenanthe,0.8,D,2.3,AR,Omnivore,NA,NA,NA,NA,NA,NA,NA,NA,NA,NA,NA, ,2Tropical_and_suptropical_moist_broadleaf_forest,0.735851857,0.79,93.15,1.43,1.54,92.72,2.26,2.54,88.89,3.26,3.8,85.83,4.48,5.31,84.42,NA,7.07,NA,7.59,9.08,83.61,9.48,11.34,83.64,11.64,13.85,84.01,14.05,16.62,84.52,16.69,19.63,85.01,19.45,22.9,84.93,22.42,26.42,84.86,25.73,30.19,85.23,29.29,34.21,85.61,32.8,38.48,85.25,36.41,43.01,84.65,40.25,47.78,84.24,44.3,52.81,83.89,48.75,58.09,83.92,53.32,63.62,83.82
-1,17358,605,BÃ³veda-Penalba et al. 2009,Richness,-77.11555556,-5.916111111,Precise,Peru,Neotropics,Pitheciidae,Callicebus,Callicebus oenanthe,Plecturocebus_oenanthe ,â€“ â€“ â€“,0, ,0, ,0,2007,0, ,NA, ,Plecturocebus oenanthe ,Plecturocebus oenanthe,0.8,D,2.3,AR,Omnivore,NA,NA,NA,NA,NA,NA,NA,NA,NA,NA,NA, ,2Tropical_and_suptropical_moist_broadleaf_forest,0.756824924,0.79,95.8,1.46,1.54,94.66,2.44,2.54,96.06,3.59,3.8,94.46,4.86,5.31,91.57,NA,7.07,NA,7.81,9.08,85.98,9.74,11.34,85.91,11.92,13.85,86.09,14.33,16.62,86.24,17,19.63,86.63,19.84,22.9,86.63,22.94,26.42,86.84,26.2,30.19,86.77,29.7,34.21,86.83,33.43,38.48,86.87,37.31,43.01,86.74,41.25,47.78,86.34,45.36,52.81,85.89,49.86,58.09,85.84,54.5,63.62,85.67
-1,17359,605,BÃ³veda-Penalba et al. 2009,Richness,-77.12083333,-5.838611111,Precise,Peru,Neotropics,Pitheciidae,Callicebus,Callicebus oenanthe,Plecturocebus_oenanthe ,Interview â€“ â€“,1, ,0, ,0,2007,0, ,NA, ,Plecturocebus oenanthe ,Plecturocebus oenanthe,0.8,D,2.3,AR,Omnivore,NA,NA,NA,NA,NA,NA,NA,NA,NA,NA,NA, ,2Tropical_and_suptropical_moist_broadleaf_forest,0.667133644,0.79,84.45,1.33,1.54,86.41,2.2,2.54,86.57,3.23,3.8,85.03,4.25,5.31,80.06,NA,7.07,NA,6.86,9.08,75.57,8.52,11.34,75.16,10.62,13.85,76.68,13.01,16.62,78.31,15.7,19.63,79.98,18.45,22.9,80.59,21.35,26.42,80.81,24.64,30.19,81.62,28.15,34.21,82.28,31.72,38.48,82.44,35.35,43.01,82.2,39.11,47.78,81.85,43.2,52.81,81.79,47.03,58.09,80.96,51.02,63.62,80.2
-1,17360,605,BÃ³veda-Penalba et al. 2009,Richness,-77.16583333,-5.8975,Precise,Peru,Neotropics,Pitheciidae,Callicebus,Callicebus oenanthe,Plecturocebus_oenanthe ,Interview â€“ â€“,1, ,0, ,0,2007,0, ,NA, ,Plecturocebus oenanthe ,Plecturocebus oenanthe,0.8,D,2.3,AR,Omnivore,NA,NA,NA,NA,NA,NA,NA,NA,NA,NA,NA, ,2Tropical_and_suptropical_moist_broadleaf_forest,0.759416613,0.79,96.13,1.49,1.54,96.49,2.43,2.54,95.81,3.55,3.8,93.49,4.87,5.31,91.69,NA,7.07,NA,8.06,9.08,88.75,10.11,11.34,89.2,12.31,13.85,88.9,14.74,16.62,88.67,17.3,19.63,88.11,20.02,22.9,87.42,22.95,26.42,86.88,25.98,30.19,86.06,29.17,34.21,85.26,32.68,38.48,84.92,36.49,43.01,84.85,40.56,47.78,84.89,44.84,52.81,84.91,49.32,58.09,84.89,53.98,63.62,84.85
-1,17361,605,BÃ³veda-Penalba et al. 2009,Richness,-77.24027778,-5.967222222,Precise,Peru,Neotropics,Pitheciidae,Callicebus,Callicebus oenanthe,Plecturocebus_oenanthe ,Interview â€“ Visual,1, ,3 (1), ,0,2007,0, ,NA, ,Plecturocebus oenanthe ,Plecturocebus oenanthe,0.8,D,2.3,AR,Omnivore,NA,NA,NA,NA,NA,NA,NA,NA,NA,NA,NA, ,2Tropical_and_suptropical_moist_broadleaf_forest,0.519780563,0.79,65.8,0.98,1.54,63.71,1.59,2.54,62.54,2.36,3.8,62.21,3.41,5.31,64.3,NA,7.07,NA,5.68,9.08,62.5,6.99,11.34,61.6,8.35,13.85,60.31,9.98,16.62,60.05,12.02,19.63,61.25,14.29,22.9,62.41,16.7,26.42,63.22,19.31,30.19,63.95,22.28,34.21,65.13,25.35,38.48,65.87,28.44,43.01,66.12,31.49,47.78,65.91,34.82,52.81,65.94,38.29,58.09,65.92,41.92,63.62,65.89
-1,17362,605,BÃ³veda-Penalba et al. 2009,Richness,-77.245,-6.086388889,Precise,Peru,Neotropics,Pitheciidae,Callicebus,Callicebus oenanthe,Plecturocebus_oenanthe ,Interview Vocalization Visual,1, ,1 (1), ,0,2007,0, ,NA, ,Plecturocebus oenanthe ,Plecturocebus oenanthe,0.8,D,2.3,AR,Omnivore,NA,NA,NA,NA,NA,NA,NA,NA,NA,NA,NA, ,2Tropical_and_suptropical_moist_broadleaf_forest,0.73037943,0.79,92.45,1.44,1.54,93.76,2.36,2.54,92.95,3.53,3.8,92.94,4.92,5.31,92.58,NA,7.07,NA,8.33,9.08,91.77,10.47,11.34,92.35,12.82,13.85,92.58,15.36,16.62,92.44,18.11,19.63,92.26,21.09,22.9,92.12,24.21,26.42,91.65,27.61,30.19,91.46,31.21,34.21,91.23,35.11,38.48,91.25,39.25,43.01,91.27,43.61,47.78,91.27,48.09,52.81,91.06,52.77,58.09,90.85,57.73,63.62,90.73
-1,17363,605,BÃ³veda-Penalba et al. 2009,Richness,-77.24916667,-5.831944444,Precise,Peru,Neotropics,Pitheciidae,Callicebus,Callicebus oenanthe,Plecturocebus_oenanthe ,Interview â€“ Visual,1, ,1(1), ,0,2007,0, ,NA, ,Plecturocebus oenanthe ,Plecturocebus oenanthe,0.8,D,2.3,AR,Omnivore,NA,NA,NA,NA,NA,NA,NA,NA,NA,NA,NA, ,2Tropical_and_suptropical_moist_broadleaf_forest,0.473599705,0.79,59.95,0.93,1.54,60.62,1.67,2.54,65.59,2.57,3.8,67.68,3.69,5.31,69.42,NA,7.07,NA,6.69,9.08,73.63,8.69,11.34,76.62,10.95,13.85,79.09,13.39,16.62,80.59,16.09,19.63,81.95,18.91,22.9,82.58,21.93,26.42,83,25.31,30.19,83.83,28.78,34.21,84.13,32.64,38.48,84.82,36.72,43.01,85.38,40.86,47.78,85.52,44.98,52.81,85.18,49.22,58.09,84.73,53.43,63.62,83.99
-1,17364,605,BÃ³veda-Penalba et al. 2009,Richness,-77.30361111,-5.786388889,Precise,Peru,Neotropics,Pitheciidae,Callicebus,Callicebus oenanthe,Plecturocebus_oenanthe ,Interview Vocalization â€“,1, ,0, ,0,2007,0, ,NA, ,Plecturocebus oenanthe ,Plecturocebus oenanthe,0.8,D,2.3,AR,Omnivore,NA,NA,NA,NA,NA,NA,NA,NA,NA,NA,NA, ,2Tropical_and_suptropical_moist_broadleaf_forest,0.559594761,0.79,70.83,1.1,1.54,71.35,1.79,2.54,70.37,2.65,3.8,69.67,3.64,5.31,68.48,NA,7.07,NA,5.94,9.08,65.38,7.45,11.34,65.67,9.13,13.85,65.95,11.03,16.62,66.36,13.18,19.63,67.12,15.48,22.9,67.59,17.87,26.42,67.64,20.49,30.19,67.86,23.28,34.21,68.06,26.3,38.48,68.35,29.62,43.01,68.86,32.93,47.78,68.92,36.18,52.81,68.51,39.61,58.09,68.18,43.18,63.62,67.87
-1,17365,605,BÃ³veda-Penalba et al. 2009,Richness,-77.31694444,-5.8475,Precise,Peru,Neotropics,Pitheciidae,Callicebus,Callicebus oenanthe,Plecturocebus_oenanthe ,Interview Vocalization Visual,1, ,4(1), ,0,2007,0, ,NA, ,Plecturocebus oenanthe ,Plecturocebus oenanthe,0.8,D,2.3,AR,Omnivore,NA,NA,NA,NA,NA,NA,NA,NA,NA,NA,NA, ,2Tropical_and_suptropical_moist_broadleaf_forest,0.624499797,0.79,79.05,1.23,1.54,79.85,2.03,2.54,80.08,2.89,3.8,75.92,3.96,5.31,74.53,NA,7.07,NA,6.16,9.08,67.83,7.42,11.34,65.41,8.72,13.85,62.95,10.18,16.62,61.26,11.64,19.63,59.31,13.39,22.9,58.45,15.18,26.42,57.45,17.33,30.19,57.41,19.57,34.21,57.2,22.06,38.48,57.32,24.58,43.01,57.14,27.12,47.78,56.75,29.9,52.81,56.61,32.98,58.09,56.77,35.88,63.62,56.39
-1,17366,605,BÃ³veda-Penalba et al. 2009,Richness,-77.32138889,-5.939722222,Precise,Peru,Neotropics,Pitheciidae,Callicebus,Callicebus oenanthe,Plecturocebus_oenanthe ,Interview Vocalization â€“,1, ,0, ,0,2007,0, ,NA, ,Plecturocebus oenanthe ,Plecturocebus oenanthe,0.8,D,2.3,AR,Omnivore,NA,NA,NA,NA,NA,NA,NA,NA,NA,NA,NA, ,2Tropical_and_suptropical_moist_broadleaf_forest,0.377960405,0.79,47.84,0.74,1.54,48.37,1.27,2.54,49.96,1.88,3.8,49.35,2.68,5.31,50.48,NA,7.07,NA,4.66,9.08,51.29,5.93,11.34,52.25,7.46,13.85,53.87,9.01,16.62,54.2,10.79,19.63,54.99,13.06,22.9,57.02,15.61,26.42,59.08,18.19,30.19,60.25,20.74,34.21,60.64,23.51,38.48,61.09,26.43,43.01,61.45,29.67,47.78,62.1,32.97,52.81,62.43,36.31,58.09,62.51,39.82,63.62,62.59
-1,17367,605,BÃ³veda-Penalba et al. 2009,Richness,-77.34138889,-5.954166667,Precise,Peru,Neotropics,Pitheciidae,Callicebus,Callicebus oenanthe,Plecturocebus_oenanthe ,â€“ â€“ â€“,0, ,0, ,0,2007,0, ,NA, ,Plecturocebus oenanthe ,Plecturocebus oenanthe,0.8,D,2.3,AR,Omnivore,NA,NA,NA,NA,NA,NA,NA,NA,NA,NA,NA, ,2Tropical_and_suptropical_moist_broadleaf_forest,0.538255022,0.79,68.13,1.1,1.54,71.21,1.89,2.54,74.24,2.9,3.8,76.37,4.2,5.31,79.06,NA,7.07,NA,7.59,9.08,83.56,9.67,11.34,85.24,12.01,13.85,86.68,14.48,16.62,87.15,17.23,19.63,87.75,20.22,22.9,88.31,23.47,26.42,88.83,26.81,30.19,88.81,30.25,34.21,88.43,33.93,38.48,88.18,37.71,43.01,87.69,41.59,47.78,87.04,45.58,52.81,86.31,49.72,58.09,85.59,53.94,63.62,84.78
-1,17368,605,BÃ³veda-Penalba et al. 2009,Richness,-77.38055556,-5.749166667,Precise,Peru,Neotropics,Pitheciidae,Callicebus,Callicebus oenanthe,Plecturocebus_oenanthe ,â€“ â€“ â€“,0, ,0, ,0,2007,0, ,NA, ,Plecturocebus oenanthe ,Plecturocebus oenanthe,0.8,D,2.3,AR,Omnivore,NA,NA,NA,NA,NA,NA,NA,NA,NA,NA,NA, ,2Tropical_and_suptropical_moist_broadleaf_forest,0.535697888,0.79,67.81,0.94,1.54,60.83,1.52,2.54,59.91,2.24,3.8,59.03,2.92,5.31,55.03,NA,7.07,NA,4.95,9.08,54.53,6.15,11.34,54.23,7.57,13.85,54.65,9.16,16.62,55.13,10.89,19.63,55.47,12.67,22.9,55.33,14.66,26.42,55.49,16.97,30.19,56.22,19.55,34.21,57.15,22.32,38.48,58.02,25.28,43.01,58.78,28.62,47.78,59.9,32.13,52.81,60.84,35.89,58.09,61.79,39.73,63.62,62.44
-1,17369,605,BÃ³veda-Penalba et al. 2009,Richness,-77.39,-5.833333333,Precise,Peru,Neotropics,Pitheciidae,Callicebus,Callicebus oenanthe,Plecturocebus_oenanthe ,â€“ â€“ â€“,0, ,0, ,0,2007,0, ,NA, ,Plecturocebus oenanthe ,Plecturocebus oenanthe,0.8,D,2.3,AR,Omnivore,NA,NA,NA,NA,NA,NA,NA,NA,NA,NA,NA, ,2Tropical_and_suptropical_moist_broadleaf_forest,0.699377055,0.79,88.53,1.35,1.54,87.36,2.15,2.54,84.59,3.15,3.8,82.85,4.51,5.31,84.84,NA,7.07,NA,7.79,9.08,85.78,9.66,11.34,85.21,11.62,13.85,83.91,13.78,16.62,82.89,16.09,19.63,81.96,18.41,22.9,80.41,20.82,26.42,78.82,23.62,30.19,78.23,26.66,34.21,77.93,29.97,38.48,77.88,33.37,43.01,77.6,36.67,47.78,76.75,40.18,52.81,76.08,43.66,58.09,75.16,47.54,63.62,74.72
-1,17370,605,BÃ³veda-Penalba et al. 2009,Richness,-77.43222222,-5.865277778,Precise,Peru,Neotropics,Pitheciidae,Callicebus,Callicebus oenanthe,Plecturocebus_oenanthe ,â€“ â€“ â€“,0, ,0, ,0,2007,0, ,NA, ,Plecturocebus oenanthe ,Plecturocebus oenanthe,0.8,D,2.3,AR,Omnivore,NA,NA,NA,NA,NA,NA,NA,NA,NA,NA,NA, ,2Tropical_and_suptropical_moist_broadleaf_forest,0.647943766,0.79,82.02,1.3,1.54,84.74,2.24,2.54,88.23,3.36,3.8,88.4,4.8,5.31,90.4,NA,7.07,NA,8.36,9.08,92.02,10.4,11.34,91.68,12.68,13.85,91.53,15.15,16.62,91.16,17.89,19.63,91.11,20.93,22.9,91.38,24.12,26.42,91.31,27.55,30.19,91.24,31.34,34.21,91.62,35.36,38.48,91.89,39.47,43.01,91.77,43.9,47.78,91.88,48.55,52.81,91.94,53.51,58.09,92.11,58.37,63.62,91.74
-1,17371,605,BÃ³veda-Penalba et al. 2009,Richness,-77.46416667,-5.688055556,Precise,Peru,Neotropics,Pitheciidae,Callicebus,Callicebus oenanthe,Plecturocebus_oenanthe ,â€“ â€“ â€“,0, ,0, ,0,2007,0, ,NA, ,Plecturocebus oenanthe ,Plecturocebus oenanthe,0.8,D,2.3,AR,Omnivore,NA,NA,NA,NA,NA,NA,NA,NA,NA,NA,NA, ,2Tropical_and_suptropical_moist_broadleaf_forest,0.523151597,0.79,66.22,0.97,1.54,63.12,1.71,2.54,67.28,2.66,3.8,69.97,3.79,5.31,71.43,NA,7.07,NA,6.36,9.08,69.99,8.04,11.34,70.9,10.18,13.85,73.47,12.43,16.62,74.82,14.99,19.63,76.35,17.87,22.9,78.05,21.02,26.42,79.57,24.42,30.19,80.87,28.24,34.21,82.56,32.14,38.48,83.53,36.17,43.01,84.1,40.53,47.78,84.83,45.07,52.81,85.34,49.73,58.09,85.61,54.5,63.62,85.67
-1,17372,605,BÃ³veda-Penalba et al. 2009,Richness,-77.46444444,-5.788055556,Precise,Peru,Neotropics,Pitheciidae,Callicebus,Callicebus oenanthe,Plecturocebus_oenanthe ,â€“ â€“ â€“,0, ,0, ,0,2007,0, ,NA, ,Plecturocebus oenanthe ,Plecturocebus oenanthe,0.8,D,2.3,AR,Omnivore,NA,NA,NA,NA,NA,NA,NA,NA,NA,NA,NA, ,2Tropical_and_suptropical_moist_broadleaf_forest,0.584894451,0.79,74.04,1.17,1.54,76.27,2.01,2.54,79.28,3.03,3.8,79.77,4.14,5.31,77.92,NA,7.07,NA,7.03,9.08,77.44,8.82,11.34,77.81,10.81,13.85,78.05,13.05,16.62,78.5,15.58,19.63,79.39,18.26,22.9,79.72,21.12,26.42,79.94,24.25,30.19,80.34,27.61,34.21,80.71,31.15,38.48,80.94,34.99,43.01,81.36,38.94,47.78,81.51,43.04,52.81,81.51,47.26,58.09,81.35,51.89,63.62,81.56
-1,17373,605,BÃ³veda-Penalba et al. 2009,Richness,-77.48388889,-5.749166667,Precise,Peru,Neotropics,Pitheciidae,Callicebus,Callicebus oenanthe,Plecturocebus_oenanthe ,Interview â€“ â€“,1, ,0, ,0,2007,0, ,NA, ,Plecturocebus oenanthe ,Plecturocebus oenanthe,0.8,D,2.3,AR,Omnivore,NA,NA,NA,NA,NA,NA,NA,NA,NA,NA,NA, ,2Tropical_and_suptropical_moist_broadleaf_forest,0.580593444,0.79,73.49,1.21,1.54,78.76,2.08,2.54,81.7,3.16,3.8,83.1,4.39,5.31,82.75,NA,7.07,NA,7.49,9.08,82.51,9.34,11.34,82.39,11.48,13.85,82.87,13.84,16.62,83.29,16.41,19.63,83.6,19.1,22.9,83.4,21.9,26.42,82.88,25.09,30.19,83.12,28.51,34.21,83.34,32.12,38.48,83.48,36.18,43.01,84.13,40.41,47.78,84.58,44.9,52.81,85.01,49.58,58.09,85.35,54.49,63.62,85.64
-1,17374,605,BÃ³veda-Penalba et al. 2009,Richness,-77.51138889,-5.706111111,Precise,Peru,Neotropics,Pitheciidae,Callicebus,Callicebus oenanthe,Plecturocebus_oenanthe ,â€“ â€“ â€“,0, ,0, ,0,2007,0, ,NA, ,Plecturocebus oenanthe ,Plecturocebus oenanthe,0.8,D,2.3,AR,Omnivore,NA,NA,NA,NA,NA,NA,NA,NA,NA,NA,NA, ,2Tropical_and_suptropical_moist_broadleaf_forest,0.555745822,0.79,70.35,1.22,1.54,79,2.09,2.54,82.39,3.22,3.8,84.68,4.59,5.31,86.38,NA,7.07,NA,8.02,9.08,88.29,10.09,11.34,88.96,12.36,13.85,89.26,14.82,16.62,89.2,17.47,19.63,88.97,20.41,22.9,89.13,23.54,26.42,89.09,27.01,30.19,89.47,30.77,34.21,89.94,34.55,38.48,89.79,38.62,43.01,89.79,43.04,47.78,90.09,47.63,52.81,90.18,52.31,58.09,90.05,56.98,63.62,89.56
-1,17375,605,BÃ³veda-Penalba et al. 2009,Richness,-77.51722222,-5.805833333,Precise,Peru,Neotropics,Pitheciidae,Callicebus,Callicebus oenanthe,Plecturocebus_oenanthe ,â€“ â€“ â€“,0, ,0, ,0,2007,0, ,NA, ,Plecturocebus oenanthe ,Plecturocebus oenanthe,0.8,D,2.3,AR,Omnivore,NA,NA,NA,NA,NA,NA,NA,NA,NA,NA,NA, ,2Tropical_and_suptropical_moist_broadleaf_forest,0.744873228,0.79,94.29,1.46,1.54,94.92,2.43,2.54,95.52,3.63,3.8,95.58,5.07,5.31,95.41,NA,7.07,NA,8.72,9.08,96.07,10.93,11.34,96.39,13.36,13.85,96.46,16,16.62,96.29,18.89,19.63,96.23,22.03,22.9,96.2,25.41,26.42,96.19,29.05,30.19,96.22,32.92,34.21,96.23,37.01,38.48,96.17,41.37,43.01,96.18,46.01,47.78,96.29,50.85,52.81,96.28,55.9,58.09,96.23,61.26,63.62,96.28
-1,17376,605,BÃ³veda-Penalba et al. 2009,Richness,-77.55972222,-5.723888889,Precise,Peru,Neotropics,Pitheciidae,Callicebus,Callicebus oenanthe,Plecturocebus_oenanthe ,â€“ â€“ â€“,0, ,0, ,0,2007,0, ,NA, ,Plecturocebus oenanthe ,Plecturocebus oenanthe,0.8,D,2.3,AR,Omnivore,NA,NA,NA,NA,NA,NA,NA,NA,NA,NA,NA, ,2Tropical_and_suptropical_moist_broadleaf_forest,0.69988544,0.79,88.59,1.4,1.54,90.6,2.35,2.54,92.42,3.53,3.8,92.85,4.94,5.31,93.02,NA,7.07,NA,8.35,9.08,92.01,10.51,11.34,92.64,12.86,13.85,92.82,15.5,16.62,93.26,18.3,19.63,93.25,21.28,22.9,92.91,24.55,26.42,92.92,28.16,30.19,93.26,31.96,34.21,93.41,36.05,38.48,93.68,40.35,43.01,93.82,44.87,47.78,93.92,49.68,52.81,94.06,54.65,58.09,94.08,59.88,63.62,94.12
-1,17377,605,BÃ³veda-Penalba et al. 2009,Richness,-77.63222222,-5.684166667,Precise,Peru,Neotropics,Pitheciidae,Callicebus,Callicebus oenanthe,Plecturocebus_oenanthe ,â€“ â€“ â€“,0, ,0, ,0,2007,0, ,NA, ,Plecturocebus oenanthe ,Plecturocebus oenanthe,0.8,D,2.3,AR,Omnivore,NA,NA,NA,NA,NA,NA,NA,NA,NA,NA,NA, ,2Tropical_and_suptropical_moist_broadleaf_forest,0.499723408,0.79,63.26,1.21,1.54,78.58,2.17,2.54,85.35,3.39,3.8,89.28,4.84,5.31,91.1,NA,7.07,NA,8.46,9.08,93.2,10.58,11.34,93.31,12.93,13.85,93.38,15.44,16.62,92.9,18.23,19.63,92.88,21.28,22.9,92.93,24.61,26.42,93.15,28.16,30.19,93.27,31.93,34.21,93.34,36.02,38.48,93.61,40.41,43.01,93.95,45.02,47.78,94.23,49.88,52.81,94.45,54.96,58.09,94.62,60.31,63.62,94.79
