OID,N,N_study,Source,BASE,X,Y,Precise,Country,Realm,Family,Genus,Taxon,Taxon_ITIS,Sample_met,Ocurrence,N_groups,Abundanc_1,Abundance,Density,Sample_yea,Sampling_e,Sampling_1,ID_Todo,TRAITS,Taxon_IT_1,ITIS_SPECI,BodyMass_k,DielActivi,HomeRange_,Locomotion,TrophicGui,Brain_size,Canine_Dim,MeanGroupS,Interbirth,Gestation,WeaningAge,MaxLongevi,LitterSz,AdultSexRa,Social_Sys,Mating_Sys,FOREST,BIOME,Buffer_500,Area500,FC_500,Buffer_700,Area700,FC_700,Buffer_900,Area900,FC_900,Buffer_110,Area1100,FC1100,Buffer_130,Area1300,FC_1300,Buffer_150,Area1500,FC_1500,Buffer_170,Area1700,FC_1700,Buffer_190,Area1900,FC_1900,Buffer_210,Area2100,FC_2100,Buffer_230,Area2300,FC_2300,Buffer_250,Area2500,FC_2500,Buffer_270,Area2700,FC_2700,Buffer_290,Area2900,FC_2900,Buffer_310,Area3100,FC_3100,Buffer_330,Area3300,FC_3300,Buffer_350,Area3500,FC_3500,Buffer_370,Area3700,F_Buffer_3,Buffer_390,Area_3900,FC_3900,Buffer_410,Area4100,FC_4100,Buffer_430,Area4300,FC_4300,Buffer_450,Area4500,FC_4500
-1,17528,16,Ancrenaz et al. 2004,Ocurrencias,117.9911,5.404611,Precise,Malaysia,Asia,Hominidae,Pongo,Pongo pygmaeus,Pongo_pygmaeus ,line/belt transects,1,0,19.2,NA,0,2001,625,meter,NA, ,Pongo pygmaeus ,Pongo pygmaeus,57.15,D,435.8333333,AR,Frugivore,377.38,1.693,2,2007.5,249,1088.8,720,1.07,1,Solitary,Spatial Polygyny, ,2Tropical_and_suptropical_moist_broadleaf_forest,0.623015018,0.79,78.86,1.28,1.54,83.23,2.12,2.54,83.42,3.15,3.8,82.96,4.41,5.31,83.08,NA,7.07,NA,7.73,9.08,85.13,9.78,11.34,86.27,12.09,13.85,87.29,14.61,16.62,87.94,17.28,19.63,88.01,20.08,22.9,87.67,23.08,26.42,87.36,26.2,30.19,86.77,29.37,34.21,85.86,32.58,38.48,84.67,35.79,43.01,83.22,38.89,47.78,81.39,41.84,52.81,79.23,44.74,58.09,77.02,47.65,63.62,74.89
-1,17529,16,Ancrenaz et al. 2004,Ocurrencias,117.9783,5.403667,Precise,Malaysia,Asia,Hominidae,Pongo,Pongo pygmaeus,Pongo_pygmaeus ,line/belt transects,1,0,3.02,NA,0,2001,1324,meter,NA, ,Pongo pygmaeus ,Pongo pygmaeus,57.15,D,435.8333333,AR,Frugivore,377.38,1.693,2,2007.5,249,1088.8,720,1.07,1,Solitary,Spatial Polygyny, ,2Tropical_and_suptropical_moist_broadleaf_forest,0.622666993,0.79,78.82,1.13,1.54,73.59,1.92,2.54,75.5,2.93,3.8,77,4.18,5.31,78.79,NA,7.07,NA,7.51,9.08,82.71,9.54,11.34,84.14,11.78,13.85,85.08,14.3,16.62,86.06,17.07,19.63,86.98,19.97,22.9,87.2,22.98,26.42,86.98,26.18,30.19,86.73,29.52,34.21,86.28,32.98,38.48,85.7,36.61,43.01,85.12,40.41,47.78,84.58,44.15,52.81,83.61,47.89,58.09,82.45,51.34,63.62,80.69
-1,17530,16,Ancrenaz et al. 2004,Ocurrencias,117.9788,5.411222,Precise,Malaysia,Asia,Hominidae,Pongo,Pongo pygmaeus,Pongo_pygmaeus ,line/belt transects,1,0,2.66,NA,0,2001,1128,meter,NA, ,Pongo pygmaeus ,Pongo pygmaeus,57.15,D,435.8333333,AR,Frugivore,377.38,1.693,2,2007.5,249,1088.8,720,1.07,1,Solitary,Spatial Polygyny, ,2Tropical_and_suptropical_moist_broadleaf_forest,0.621343336,0.79,78.65,1.26,1.54,82.09,2.04,2.54,80.37,3.14,3.8,82.63,4.51,5.31,84.85,NA,7.07,NA,7.71,9.08,84.96,9.69,11.34,85.45,11.92,13.85,86.1,14.43,16.62,86.8,17.24,19.63,87.85,20.03,22.9,87.46,22.9,26.42,86.68,25.92,30.19,85.86,29.01,34.21,84.81,32.43,38.48,84.27,36.11,43.01,83.96,39.8,47.78,83.3,43.5,52.81,82.36,47.3,58.09,81.43,51.18,63.62,80.45
-1,17531,16,Ancrenaz et al. 2004,Ocurrencias,118.0138,5.398306,Precise,Malaysia,Asia,Hominidae,Pongo,Pongo pygmaeus,Pongo_pygmaeus ,line/belt transects,1,0,3.45,NA,0,2001,290,meter,NA, ,Pongo pygmaeus ,Pongo pygmaeus,57.15,D,435.8333333,AR,Frugivore,377.38,1.693,2,2007.5,249,1088.8,720,1.07,1,Solitary,Spatial Polygyny, ,2Tropical_and_suptropical_moist_broadleaf_forest,0.500747659,0.79,63.39,1.04,1.54,67.85,1.84,2.54,72.6,2.85,3.8,75.02,3.93,5.31,74.04,NA,7.07,NA,6.47,9.08,71.27,8.04,11.34,70.9,9.82,13.85,70.92,11.85,16.62,71.3,13.88,19.63,70.69,15.89,22.9,69.4,17.98,26.42,68.06,20.14,30.19,66.7,22.45,34.21,65.62,24.9,38.48,64.71,27.4,43.01,63.72,30.5,47.78,63.83,33.68,52.81,63.78,37.24,58.09,64.12,41.12,63.62,64.63
-1,17532,16,Ancrenaz et al. 2004,Ocurrencias,118.0098,5.405,Precise,Malaysia,Asia,Hominidae,Pongo,Pongo pygmaeus,Pongo_pygmaeus ,line/belt transects,1,0,5,NA,0,2001,400,meter,NA, ,Pongo pygmaeus ,Pongo pygmaeus,57.15,D,435.8333333,AR,Frugivore,377.38,1.693,2,2007.5,249,1088.8,720,1.07,1,Solitary,Spatial Polygyny, ,2Tropical_and_suptropical_moist_broadleaf_forest,0.59333051,0.79,75.11,1.14,1.54,74.06,1.86,2.54,73.37,2.74,3.8,72.05,3.72,5.31,70.06,NA,7.07,NA,6.58,9.08,72.44,8.31,11.34,73.32,10.3,13.85,74.34,12.37,16.62,74.43,14.59,19.63,74.3,16.86,22.9,73.63,19.37,26.42,73.33,22.06,30.19,73.08,24.74,34.21,72.31,27.16,38.48,70.58,29.59,43.01,68.8,32.14,47.78,67.27,34.88,52.81,66.04,37.68,58.09,64.87,40.77,63.62,64.08
-1,17533,16,Ancrenaz et al. 2004,Ocurrencias,117.9854,5.411722,Precise,Malaysia,Asia,Hominidae,Pongo,Pongo pygmaeus,Pongo_pygmaeus ,line/belt transects,1,0,16.51,NA,0,2001,1575,meter,NA, ,Pongo pygmaeus ,Pongo pygmaeus,57.15,D,435.8333333,AR,Frugivore,377.38,1.693,2,2007.5,249,1088.8,720,1.07,1,Solitary,Spatial Polygyny, ,2Tropical_and_suptropical_moist_broadleaf_forest,0.531896917,0.79,67.33,1.21,1.54,78.71,2.13,2.54,84.05,3.2,3.8,84.13,4.45,5.31,83.88,NA,7.07,NA,7.86,9.08,86.53,9.9,11.34,87.34,12.18,13.85,87.96,14.71,16.62,88.53,17.43,19.63,88.78,20.14,22.9,87.96,23.1,26.42,87.43,26.18,30.19,86.71,29.23,34.21,85.45,32.26,38.48,83.83,35.34,43.01,82.17,38.47,47.78,80.52,41.88,52.81,79.3,45.56,58.09,78.43,49.34,63.62,77.55
-1,17534,16,Ancrenaz et al. 2004,Ocurrencias,117.9989,5.406139,Precise,Malaysia,Asia,Hominidae,Pongo,Pongo pygmaeus,Pongo_pygmaeus ,line/belt transects,1,0,19.21,NA,0,2001,781,meter,NA, ,Pongo pygmaeus ,Pongo pygmaeus,57.15,D,435.8333333,AR,Frugivore,377.38,1.693,2,2007.5,249,1088.8,720,1.07,1,Solitary,Spatial Polygyny, ,2Tropical_and_suptropical_moist_broadleaf_forest,0.620964389,0.79,78.6,1.3,1.54,84.44,2.23,2.54,87.93,3.38,3.8,88.89,4.77,5.31,89.84,NA,7.07,NA,7.89,9.08,86.87,9.61,11.34,84.72,11.53,13.85,83.23,13.63,16.62,82.01,16.08,19.63,81.91,18.78,22.9,82.03,21.69,26.42,82.1,24.52,30.19,81.22,27.36,34.21,79.99,30.12,38.48,78.26,32.87,43.01,76.43,35.67,47.78,74.65,38.56,52.81,73.02,41.54,58.09,71.51,44.75,63.62,70.35
-1,17535,16,Ancrenaz et al. 2004,Ocurrencias,117.9899,5.405417,Precise,Malaysia,Asia,Hominidae,Pongo,Pongo pygmaeus,Pongo_pygmaeus ,line/belt transects,1,0,9,NA,0,2001,1000,meter,NA, ,Pongo pygmaeus ,Pongo pygmaeus,57.15,D,435.8333333,AR,Frugivore,377.38,1.693,2,2007.5,249,1088.8,720,1.07,1,Solitary,Spatial Polygyny, ,2Tropical_and_suptropical_moist_broadleaf_forest,0.637604785,0.79,80.71,1.23,1.54,80.05,2.05,2.54,80.78,3.05,3.8,80.29,4.35,5.31,81.99,NA,7.07,NA,7.71,9.08,84.94,9.77,11.34,86.15,12.13,13.85,87.57,14.68,16.62,88.36,17.41,19.63,88.7,20.22,22.9,88.3,23.2,26.42,87.81,26.28,30.19,87.06,29.32,34.21,85.69,32.69,38.48,84.94,36.02,43.01,83.76,39.29,47.78,82.23,42.19,52.81,79.89,45.15,58.09,77.72,48.07,63.62,75.55
-1,17536,16,Ancrenaz et al. 2004,Ocurrencias,117.9133,5.500278,Precise,Malaysia,Asia,Hominidae,Pongo,Pongo pygmaeus,Pongo_pygmaeus ,line/belt transects,1,0,4.64,NA,0,2001,862,meter,NA, ,Pongo pygmaeus ,Pongo pygmaeus,57.15,D,435.8333333,AR,Frugivore,377.38,1.693,2,2007.5,249,1088.8,720,1.07,1,Solitary,Spatial Polygyny, ,2Tropical_and_suptropical_moist_broadleaf_forest,0.656112268,0.79,83.05,1.31,1.54,85.2,2.13,2.54,83.89,3.14,3.8,82.53,4.36,5.31,82.09,NA,7.07,NA,7.4,9.08,81.51,9.15,11.34,80.66,10.97,13.85,79.23,13.04,16.62,78.45,15.15,19.63,77.17,17.49,22.9,76.36,19.99,26.42,75.67,22.44,30.19,74.32,25.38,34.21,74.18,28.53,38.48,74.13,31.94,43.01,74.25,35.35,47.78,73.99,38.92,52.81,73.69,42.52,58.09,73.2,46.08,63.62,72.43
-1,17538,16,Ancrenaz et al. 2004,Ocurrencias,117.7991,5.463194,Precise,Malaysia,Asia,Hominidae,Pongo,Pongo pygmaeus,Pongo_pygmaeus ,line/belt transects,1,0,18.87,NA,0,2001,318,meter,NA, ,Pongo pygmaeus ,Pongo pygmaeus,57.15,D,435.8333333,AR,Frugivore,377.38,1.693,2,2007.5,249,1088.8,720,1.07,1,Solitary,Spatial Polygyny, ,2Tropical_and_suptropical_moist_broadleaf_forest,0.570357445,0.79,72.2,1.22,1.54,78.92,2.13,2.54,83.96,3.27,3.8,86,4.59,5.31,86.45,NA,7.07,NA,8.01,9.08,88.21,10,11.34,88.22,12.22,13.85,88.25,14.59,16.62,87.78,17.08,19.63,87.03,19.78,22.9,86.39,22.66,26.42,85.76,25.77,30.19,85.35,29.13,34.21,85.16,32.64,38.48,84.82,36.11,43.01,83.95,39.84,47.78,83.38,43.64,52.81,82.64,47.39,58.09,81.58,51.09,63.62,80.31
-1,17539,16,Ancrenaz et al. 2004,Ocurrencias,117.8131,5.483361,Precise,Malaysia,Asia,Hominidae,Pongo,Pongo pygmaeus,Pongo_pygmaeus ,line/belt transects,1,0,17.5,NA,0,2001,1314,meter,NA, ,Pongo pygmaeus ,Pongo pygmaeus,57.15,D,435.8333333,AR,Frugivore,377.38,1.693,2,2007.5,249,1088.8,720,1.07,1,Solitary,Spatial Polygyny, ,2Tropical_and_suptropical_moist_broadleaf_forest,0.578907655,0.79,73.28,1.1,1.54,71.55,1.87,2.54,73.68,2.94,3.8,77.39,4.18,5.31,78.7,NA,7.07,NA,7.26,9.08,79.94,9.26,11.34,81.62,11.39,13.85,82.22,13.59,16.62,81.77,16,19.63,81.49,18.62,22.9,81.3,21.13,26.42,80,23.84,30.19,78.97,26.75,34.21,78.19,29.77,38.48,77.37,33.12,43.01,76.99,36.73,47.78,76.87,40.45,52.81,76.59,44.36,58.09,76.36,48.5,63.62,76.23
-1,17540,16,Ancrenaz et al. 2004,Ocurrencias,117.8255,5.482722,Precise,Malaysia,Asia,Hominidae,Pongo,Pongo pygmaeus,Pongo_pygmaeus ,line/belt transects,1,0,14.84,NA,0,2001,1550,meter,NA, ,Pongo pygmaeus ,Pongo pygmaeus,57.15,D,435.8333333,AR,Frugivore,377.38,1.693,2,2007.5,249,1088.8,720,1.07,1,Solitary,Spatial Polygyny, ,2Tropical_and_suptropical_moist_broadleaf_forest,0.394525706,0.79,49.94,1.01,1.54,65.56,1.87,2.54,73.81,2.91,3.8,76.49,4.16,5.31,78.28,NA,7.07,NA,7.28,9.08,80.17,9.23,11.34,81.37,11.09,13.85,80.07,13.24,16.62,79.67,15.7,19.63,79.97,18.31,22.9,79.94,21.12,26.42,79.93,24.32,30.19,80.57,27.6,34.21,80.68,30.97,38.48,80.47,34.6,43.01,80.44,38.56,47.78,80.71,42.64,52.81,80.75,46.62,58.09,80.25,50.68,63.62,79.66
-1,17541,16,Ancrenaz et al. 2004,Ocurrencias,117.8642,5.479167,Precise,Malaysia,Asia,Hominidae,Pongo,Pongo pygmaeus,Pongo_pygmaeus ,line/belt transects,0,0,0,NA,0,2001,500,meter,NA, ,Pongo pygmaeus ,Pongo pygmaeus,57.15,D,435.8333333,AR,Frugivore,377.38,1.693,2,2007.5,249,1088.8,720,1.07,1,Solitary,Spatial Polygyny, ,2Tropical_and_suptropical_moist_broadleaf_forest,0.555715843,0.79,70.34,1.2,1.54,77.89,2.07,2.54,81.64,3.11,3.8,81.77,4.36,5.31,82.11,NA,7.07,NA,7.43,9.08,81.82,9.2,11.34,81.17,11.37,13.85,82.09,13.78,16.62,82.91,16.54,19.63,84.25,19.49,22.9,85.13,22.66,26.42,85.78,25.85,30.19,85.62,29,34.21,84.77,32.1,38.48,83.43,35.22,43.01,81.88,38.54,47.78,80.66,42.03,52.81,79.6,45.53,58.09,78.38,49.13,63.62,77.22
-1,17542,16,Ancrenaz et al. 2004,Ocurrencias,117.8493,5.477167,Precise,Malaysia,Asia,Hominidae,Pongo,Pongo pygmaeus,Pongo_pygmaeus ,line/belt transects,1,0,18.57,NA,0,2001,700,meter,NA, ,Pongo pygmaeus ,Pongo pygmaeus,57.15,D,435.8333333,AR,Frugivore,377.38,1.693,2,2007.5,249,1088.8,720,1.07,1,Solitary,Spatial Polygyny, ,2Tropical_and_suptropical_moist_broadleaf_forest,0.58002994,0.79,73.42,1.04,1.54,67.25,1.89,2.54,74.37,3.02,3.8,79.59,4.38,5.31,82.53,NA,7.07,NA,7.71,9.08,84.92,9.68,11.34,85.32,11.82,13.85,85.34,14.12,16.62,84.93,16.56,19.63,84.38,19.11,22.9,83.46,21.89,26.42,82.86,25.03,30.19,82.92,28.48,34.21,83.26,32.13,38.48,83.49,35.97,43.01,83.63,39.99,47.78,83.69,44.29,52.81,83.87,48.54,58.09,83.56,53.11,63.62,83.48
-1,17543,16,Ancrenaz et al. 2004,Ocurrencias,117.7989,5.46825,Precise,Malaysia,Asia,Hominidae,Pongo,Pongo pygmaeus,Pongo_pygmaeus ,line/belt transects,1,0,13.63,NA,0,2001,1614,meter,NA, ,Pongo pygmaeus ,Pongo pygmaeus,57.15,D,435.8333333,AR,Frugivore,377.38,1.693,2,2007.5,249,1088.8,720,1.07,1,Solitary,Spatial Polygyny, ,2Tropical_and_suptropical_moist_broadleaf_forest,0.618183575,0.79,78.25,1.24,1.54,80.32,2.1,2.54,82.61,3.2,3.8,84.34,4.46,5.31,83.99,NA,7.07,NA,7.76,9.08,85.41,9.74,11.34,85.87,11.95,13.85,86.25,14.41,16.62,86.68,17,19.63,86.6,19.62,22.9,85.69,22.49,26.42,85.13,25.52,30.19,84.54,28.58,34.21,83.55,31.81,38.48,82.66,35.28,43.01,82.02,38.86,47.78,81.32,42.6,52.81,80.66,46.34,58.09,79.77,50.13,63.62,78.8
-1,17544,16,Ancrenaz et al. 2004,Ocurrencias,117.7887,5.458917,Precise,Malaysia,Asia,Hominidae,Pongo,Pongo pygmaeus,Pongo_pygmaeus ,line/belt transects,1,0,27.78,NA,0,2001,900,meter,NA, ,Pongo pygmaeus ,Pongo pygmaeus,57.15,D,435.8333333,AR,Frugivore,377.38,1.693,2,2007.5,249,1088.8,720,1.07,1,Solitary,Spatial Polygyny, ,2Tropical_and_suptropical_moist_broadleaf_forest,0.703467885,0.79,89.05,1.38,1.54,89.63,2.3,2.54,90.46,3.4,3.8,89.39,4.67,5.31,87.92,NA,7.07,NA,7.58,9.08,83.49,9.32,11.34,82.17,11.35,13.85,81.92,13.7,16.62,82.44,16.19,19.63,82.47,18.92,22.9,82.63,21.83,26.42,82.62,24.89,30.19,82.43,27.92,34.21,81.62,31.01,38.48,80.59,34.21,43.01,79.53,37.5,47.78,78.48,40.89,52.81,77.42,44.48,58.09,76.58,48.24,63.62,75.83
-1,17545,16,Ancrenaz et al. 2004,Ocurrencias,117.7929,5.451722,Precise,Malaysia,Asia,Hominidae,Pongo,Pongo pygmaeus,Pongo_pygmaeus ,line/belt transects,1,0,13.97,NA,0,2001,1145,meter,NA, ,Pongo pygmaeus ,Pongo pygmaeus,57.15,D,435.8333333,AR,Frugivore,377.38,1.693,2,2007.5,249,1088.8,720,1.07,1,Solitary,Spatial Polygyny, ,2Tropical_and_suptropical_moist_broadleaf_forest,0.636161633,0.79,80.53,1.24,1.54,80.84,2.01,2.54,79.31,3.07,3.8,80.78,4.26,5.31,80.27,NA,7.07,NA,7.43,9.08,81.82,9.34,11.34,82.36,11.63,13.85,83.97,14.12,16.62,84.95,16.73,19.63,85.22,19.47,22.9,85.04,22.48,26.42,85.08,25.48,30.19,84.41,28.53,34.21,83.39,31.65,38.48,82.24,34.97,43.01,81.3,38.52,47.78,80.62,42.15,52.81,79.81,45.72,58.09,78.71,49.49,63.62,77.78
-1,17546,16,Ancrenaz et al. 2004,Ocurrencias,117.7144,5.437083,Precise,Malaysia,Asia,Hominidae,Pongo,Pongo pygmaeus,Pongo_pygmaeus ,line/belt transects,1,0,11,NA,0,2001,1000,meter,NA, ,Pongo pygmaeus ,Pongo pygmaeus,57.15,D,435.8333333,AR,Frugivore,377.38,1.693,2,2007.5,249,1088.8,720,1.07,1,Solitary,Spatial Polygyny, ,2Tropical_and_suptropical_moist_broadleaf_forest,0.722850656,0.79,91.5,1.41,1.54,91.72,2.33,2.54,91.76,3.44,3.8,90.63,4.77,5.31,89.9,NA,7.07,NA,7.88,9.08,86.79,9.64,11.34,85,11.7,13.85,84.5,13.91,16.62,83.69,16.19,19.63,82.47,18.48,22.9,80.68,20.93,26.42,79.2,23.43,30.19,77.61,25.92,34.21,75.78,28.45,38.48,73.94,30.96,43.01,71.99,33.58,47.78,70.29,36.37,52.81,68.86,39.27,58.09,67.6,42.35,63.62,66.56
-1,17547,16,Ancrenaz et al. 2004,Ocurrencias,117.6907,5.46275,Precise,Malaysia,Asia,Hominidae,Pongo,Pongo pygmaeus,Pongo_pygmaeus ,line/belt transects,1,0,13.46,NA,0,2001,520,meter,NA, ,Pongo pygmaeus ,Pongo pygmaeus,57.15,D,435.8333333,AR,Frugivore,377.38,1.693,2,2007.5,249,1088.8,720,1.07,1,Solitary,Spatial Polygyny, ,2Tropical_and_suptropical_moist_broadleaf_forest,0.597020358,0.79,75.57,1.31,1.54,84.96,2.26,2.54,89,3.43,3.8,90.34,4.84,5.31,91.2,NA,7.07,NA,8.35,9.08,91.91,10.06,11.34,88.67,11.93,13.85,86.15,13.99,16.62,84.2,16.22,19.63,82.64,18.6,22.9,81.23,21.23,26.42,80.36,24.22,30.19,80.24,27.49,34.21,80.36,30.9,38.48,80.31,34.23,43.01,79.6,37.72,47.78,78.94,41.27,52.81,78.16,44.73,58.09,77,48.38,63.62,76.04
-1,17548,16,Ancrenaz et al. 2004,Ocurrencias,117.6929,5.4515,Precise,Malaysia,Asia,Hominidae,Pongo,Pongo pygmaeus,Pongo_pygmaeus ,line/belt transects,1,0,3.33,NA,0,2001,1200,meter,NA, ,Pongo pygmaeus ,Pongo pygmaeus,57.15,D,435.8333333,AR,Frugivore,377.38,1.693,2,2007.5,249,1088.8,720,1.07,1,Solitary,Spatial Polygyny, ,2Tropical_and_suptropical_moist_broadleaf_forest,0.696530647,0.79,88.17,1.33,1.54,86.63,2.26,2.54,88.87,3.24,3.8,85.18,4.3,5.31,81.03,NA,7.07,NA,7.14,9.08,78.58,8.91,11.34,78.57,10.91,13.85,78.8,13.09,16.62,78.77,15.43,19.63,78.59,17.92,22.9,78.25,20.76,26.42,78.57,23.7,30.19,78.49,26.67,34.21,77.95,29.78,38.48,77.38,32.95,43.01,76.6,36.1,47.78,75.55,39.36,52.81,74.53,42.8,58.09,73.68,46.62,63.62,73.29
-1,17549,16,Ancrenaz et al. 2004,Ocurrencias,117.6993,5.441583,Precise,Malaysia,Asia,Hominidae,Pongo,Pongo pygmaeus,Pongo_pygmaeus ,line/belt transects,1,0,7.72,NA,0,2001,2721,meter,NA, ,Pongo pygmaeus ,Pongo pygmaeus,57.15,D,435.8333333,AR,Frugivore,377.38,1.693,2,2007.5,249,1088.8,720,1.07,1,Solitary,Spatial Polygyny, ,2Tropical_and_suptropical_moist_broadleaf_forest,0.648234665,0.79,82.06,1.28,1.54,82.81,2.16,2.54,84.9,3.25,3.8,85.59,4.51,5.31,84.92,NA,7.07,NA,7.66,9.08,84.35,9.42,11.34,83.03,11.18,13.85,80.72,13.03,16.62,78.42,15.03,19.63,76.55,17.22,22.9,75.18,19.62,26.42,74.27,22.3,30.19,73.88,25.25,34.21,73.82,28.41,38.48,73.84,31.75,43.01,73.82,35.12,47.78,73.5,38.55,52.81,73,42.12,58.09,72.51,45.74,63.62,71.9
-1,17550,16,Ancrenaz et al. 2004,Ocurrencias,117.6931,5.440222,Precise,Malaysia,Asia,Hominidae,Pongo,Pongo pygmaeus,Pongo_pygmaeus ,line/belt transects,1,0,6.45,NA,0,2001,930,meter,NA, ,Pongo pygmaeus ,Pongo pygmaeus,57.15,D,435.8333333,AR,Frugivore,377.38,1.693,2,2007.5,249,1088.8,720,1.07,1,Solitary,Spatial Polygyny, ,2Tropical_and_suptropical_moist_broadleaf_forest,0.552347495,0.79,69.92,1.09,1.54,70.92,1.84,2.54,72.39,2.8,3.8,73.6,3.94,5.31,74.17,NA,7.07,NA,6.82,9.08,75.14,8.45,11.34,74.5,10.33,13.85,74.55,12.24,16.62,73.63,14.25,19.63,72.57,16.42,22.9,71.71,18.77,26.42,71.04,21.33,30.19,70.65,24.12,34.21,70.51,27.12,38.48,70.48,30.4,43.01,70.69,33.91,47.78,70.97,37.8,52.81,71.58,41.97,58.09,72.25,46.31,63.62,72.8
-1,17551,16,Ancrenaz et al. 2004,Ocurrencias,117.7007,5.433167,Precise,Malaysia,Asia,Hominidae,Pongo,Pongo pygmaeus,Pongo_pygmaeus ,line/belt transects,1,0,9.48,NA,0,2001,422,meter,NA, ,Pongo pygmaeus ,Pongo pygmaeus,57.15,D,435.8333333,AR,Frugivore,377.38,1.693,2,2007.5,249,1088.8,720,1.07,1,Solitary,Spatial Polygyny, ,2Tropical_and_suptropical_moist_broadleaf_forest,0.697856952,0.79,88.34,1.36,1.54,88.21,2.19,2.54,86.18,3.22,3.8,84.76,4.37,5.31,82.21,NA,7.07,NA,7.01,9.08,77.17,8.47,11.34,74.68,10.16,13.85,73.34,12.07,16.62,72.62,14.13,19.63,71.98,16.38,22.9,71.53,18.96,26.42,71.77,21.82,30.19,72.26,24.69,34.21,72.17,27.81,38.48,72.28,30.96,43.01,71.98,34.21,47.78,71.61,37.56,52.81,71.13,40.84,58.09,70.31,44.43,63.62,69.83
-1,17552,16,Ancrenaz et al. 2004,Ocurrencias,118.3108,5.6495,Precise,Malaysia,Asia,Hominidae,Pongo,Pongo pygmaeus,Pongo_pygmaeus ,line/belt transects,1,0,22.34,NA,0,2001,940,meter,NA, ,Pongo pygmaeus ,Pongo pygmaeus,57.15,D,435.8333333,AR,Frugivore,377.38,1.693,2,2007.5,249,1088.8,720,1.07,1,Solitary,Spatial Polygyny, ,2Tropical_and_suptropical_moist_broadleaf_forest,0.272629513,0.79,34.51,0.48,1.54,31.36,0.78,2.54,30.6,1.13,3.8,29.72,1.51,5.31,28.38,NA,7.07,NA,2.4,9.08,26.41,3.27,11.34,28.82,4.37,13.85,31.56,5.39,16.62,32.42,6.36,19.63,32.39,7.65,22.9,33.4,9.25,26.42,35.03,11.16,30.19,36.98,13.49,34.21,39.44,16.16,38.48,42.01,19.13,43.01,44.48,22.49,47.78,47.08,26.01,52.81,49.26,29.65,58.09,51.05,33.23,63.62,52.23
-1,17553,16,Ancrenaz et al. 2004,Ocurrencias,118.3014,5.541167,Precise,Malaysia,Asia,Hominidae,Pongo,Pongo pygmaeus,Pongo_pygmaeus ,line/belt transects,1,0,22.45,NA,0,2000,980,meter,NA, ,Pongo pygmaeus ,Pongo pygmaeus,57.15,D,435.8333333,AR,Frugivore,377.38,1.693,2,2007.5,249,1088.8,720,1.07,1,Solitary,Spatial Polygyny, ,2Tropical_and_suptropical_moist_broadleaf_forest,0.576300764,0.79,72.95,1.21,1.54,78.77,2.11,2.54,83.08,3.26,3.8,85.88,4.66,5.31,87.73,NA,7.07,NA,8.01,9.08,88.22,9.94,11.34,87.7,12.13,13.85,87.62,14.6,16.62,87.85,17.23,19.63,87.78,20.16,22.9,88.04,23.35,26.42,88.39,26.76,30.19,88.65,30.13,34.21,88.06,33.56,38.48,87.22,37.19,43.01,86.47,41,47.78,85.81,44.89,52.81,85,48.85,58.09,84.1,52.97,63.62,83.27
-1,17554,16,Ancrenaz et al. 2004,Ocurrencias,118.3073,5.546528,Precise,Malaysia,Asia,Hominidae,Pongo,Pongo pygmaeus,Pongo_pygmaeus ,line/belt transects,1,0,25.78,NA,0,2000,2560,meter,NA, ,Pongo pygmaeus ,Pongo pygmaeus,57.15,D,435.8333333,AR,Frugivore,377.38,1.693,2,2007.5,249,1088.8,720,1.07,1,Solitary,Spatial Polygyny, ,2Tropical_and_suptropical_moist_broadleaf_forest,0.710639631,0.79,89.95,1.3,1.54,84.14,2.15,2.54,84.77,3.29,3.8,86.52,4.68,5.31,88.06,NA,7.07,NA,8.2,9.08,90.34,10.35,11.34,91.23,12.73,13.85,91.94,15.33,16.62,92.23,18.06,19.63,91.98,20.77,22.9,90.69,23.59,26.42,89.28,26.53,30.19,87.86,29.62,34.21,86.58,32.92,38.48,85.56,36.48,43.01,84.81,39.85,47.78,83.4,43.65,52.81,82.66,47.8,58.09,82.29,51.78,63.62,81.39
-1,17555,16,Ancrenaz et al. 2004,Ocurrencias,118.2989,5.547806,Precise,Malaysia,Asia,Hominidae,Pongo,Pongo pygmaeus,Pongo_pygmaeus ,line/belt transects,1,0,12.22,NA,0,2000,1800,meter,NA, ,Pongo pygmaeus ,Pongo pygmaeus,57.15,D,435.8333333,AR,Frugivore,377.38,1.693,2,2007.5,249,1088.8,720,1.07,1,Solitary,Spatial Polygyny, ,2Tropical_and_suptropical_moist_broadleaf_forest,0.772477638,0.79,97.78,1.51,1.54,98.33,2.5,2.54,98.53,3.57,3.8,93.83,4.83,5.31,90.97,NA,7.07,NA,8.15,9.08,89.8,10.09,11.34,88.94,12.17,13.85,87.84,14.57,16.62,87.65,17.23,19.63,87.75,20.13,22.9,87.91,23.08,26.42,87.36,26.21,30.19,86.82,29.59,34.21,86.5,33.09,38.48,86,36.7,43.01,85.32,40.43,47.78,84.61,44.25,52.81,83.79,48.22,58.09,83,52.02,63.62,81.76
-1,17556,16,Ancrenaz et al. 2004,Ocurrencias,118.2944,5.540167,Precise,Malaysia,Asia,Hominidae,Pongo,Pongo pygmaeus,Pongo_pygmaeus ,line/belt transects,1,0,32.16,NA,0,2000,1710,meter,NA, ,Pongo pygmaeus ,Pongo pygmaeus,57.15,D,435.8333333,AR,Frugivore,377.38,1.693,2,2007.5,249,1088.8,720,1.07,1,Solitary,Spatial Polygyny, ,2Tropical_and_suptropical_moist_broadleaf_forest,0.615646176,0.79,77.93,1.24,1.54,80.26,2.09,2.54,82.34,3.09,3.8,81.19,4.29,5.31,80.77,NA,7.07,NA,7.52,9.08,82.78,9.45,11.34,83.33,11.67,13.85,84.28,14.11,16.62,84.91,16.74,19.63,85.3,19.7,22.9,86.01,22.81,26.42,86.34,26.23,30.19,86.88,29.86,34.21,87.29,33.51,38.48,87.08,37.15,43.01,86.38,40.97,47.78,85.74,44.86,52.81,84.94,48.96,58.09,84.29,53.25,63.62,83.7
-1,17557,16,Ancrenaz et al. 2004,Ocurrencias,118.3044,5.555944,Precise,Malaysia,Asia,Hominidae,Pongo,Pongo pygmaeus,Pongo_pygmaeus ,line/belt transects,1,0,31.42,NA,0,2000,2260,meter,NA, ,Pongo pygmaeus ,Pongo pygmaeus,57.15,D,435.8333333,AR,Frugivore,377.38,1.693,2,2007.5,249,1088.8,720,1.07,1,Solitary,Spatial Polygyny, ,2Tropical_and_suptropical_moist_broadleaf_forest,0.772568461,0.79,97.79,1.51,1.54,98.32,2.5,2.54,98.55,3.74,3.8,98.4,5.22,5.31,98.27,NA,7.07,NA,8.6,9.08,94.68,10.58,11.34,93.33,12.72,13.85,91.86,15.1,16.62,90.86,17.64,19.63,89.85,20.35,22.9,88.87,23.16,26.42,87.64,26,30.19,86.11,29.09,34.21,85.03,32.3,38.48,83.93,35.65,43.01,82.89,39.01,47.78,81.64,42.53,52.81,80.54,46.2,58.09,79.53,50.06,63.62,78.68
-1,17569,16,Ancrenaz et al. 2004,Ocurrencias,117.2092,4.756667,Precise,Malaysia,Asia,Hominidae,Pongo,Pongo pygmaeus,Pongo_pygmaeus ,line/belt transects,1,0,15,NA,0,2002,1000,meter,NA, ,Pongo pygmaeus ,Pongo pygmaeus,57.15,D,435.8333333,AR,Frugivore,377.38,1.693,2,2007.5,249,1088.8,720,1.07,1,Solitary,Spatial Polygyny, ,2Tropical_and_suptropical_moist_broadleaf_forest,0.763582221,0.79,96.66,1.51,1.54,97.75,2.49,2.54,98.16,3.73,3.8,98.14,5.21,5.31,98.13,NA,7.07,NA,8.92,9.08,98.22,11.14,11.34,98.27,13.61,13.85,98.29,16.33,16.62,98.27,19.3,19.63,98.31,22.51,22.9,98.31,25.97,26.42,98.29,29.67,30.19,98.28,33.63,34.21,98.3,37.83,38.48,98.3,42.27,43.01,98.29,46.96,47.78,98.29,51.89,52.81,98.26,57.07,58.09,98.25,62.45,63.62,98.16
-1,17570,16,Ancrenaz et al. 2004,Ocurrencias,117.2456,4.614722,Precise,Malaysia,Asia,Hominidae,Pongo,Pongo pygmaeus,Pongo_pygmaeus ,line/belt transects,0,0,0,NA,0,2002,700,meter,NA, ,Pongo pygmaeus ,Pongo pygmaeus,57.15,D,435.8333333,AR,Frugivore,377.38,1.693,2,2007.5,249,1088.8,720,1.07,1,Solitary,Spatial Polygyny, ,2Tropical_and_suptropical_moist_broadleaf_forest,0.772532868,0.79,97.79,1.51,1.54,98.27,2.5,2.54,98.37,3.73,3.8,98.28,5.22,5.31,98.25,NA,7.07,NA,8.91,9.08,98.17,11.11,11.34,98,13.56,13.85,97.93,16.26,16.62,97.82,19.22,19.63,97.89,22.42,22.9,97.89,25.87,26.42,97.9,29.55,30.19,97.89,33.48,34.21,97.88,37.66,38.48,97.87,42.09,43.01,97.86,46.74,47.78,97.83,51.65,52.81,97.8,56.79,58.09,97.76,62.17,63.62,97.72
-1,17572,16,Ancrenaz et al. 2004,Ocurrencias,117.1953,4.614722,Precise,Malaysia,Asia,Hominidae,Pongo,Pongo pygmaeus,Pongo_pygmaeus ,line/belt transects,0,0,0,NA,0,2002,500,meter,NA, ,Pongo pygmaeus ,Pongo pygmaeus,57.15,D,435.8333333,AR,Frugivore,377.38,1.693,2,2007.5,249,1088.8,720,1.07,1,Solitary,Spatial Polygyny, ,2Tropical_and_suptropical_moist_broadleaf_forest,0.76272321,0.79,96.55,1.5,1.54,97.57,2.49,2.54,97.98,3.72,3.8,97.93,5.17,5.31,97.44,NA,7.07,NA,8.77,9.08,96.61,10.98,11.34,96.82,13.44,13.85,97.07,16.16,16.62,97.25,19.12,19.63,97.43,22.32,22.9,97.49,25.78,26.42,97.59,29.48,30.19,97.66,33.44,34.21,97.74,37.64,38.48,97.81,42.08,43.01,97.84,46.78,47.78,97.9,51.72,52.81,97.93,56.9,58.09,97.95,62.34,63.62,97.98
-1,17573,16,Ancrenaz et al. 2004,Ocurrencias,117.16,4.571389,Precise,Malaysia,Asia,Hominidae,Pongo,Pongo pygmaeus,Pongo_pygmaeus ,line/belt transects,0,0,0,NA,0,2002,370,meter,NA, ,Pongo pygmaeus ,Pongo pygmaeus,57.15,D,435.8333333,AR,Frugivore,377.38,1.693,2,2007.5,249,1088.8,720,1.07,1,Solitary,Spatial Polygyny, ,2Tropical_and_suptropical_moist_broadleaf_forest,0.766252742,0.79,96.99,1.5,1.54,97.52,2.46,2.54,96.72,3.67,3.8,96.62,5.13,5.31,96.64,NA,7.07,NA,8.79,9.08,96.84,10.98,11.34,96.82,13.43,13.85,96.94,16.12,16.62,96.99,19.05,19.63,97.04,22.19,22.9,96.89,25.61,26.42,96.95,29.29,30.19,97.03,33.23,34.21,97.14,37.4,38.48,97.2,41.82,43.01,97.24,46.48,47.78,97.27,51.36,52.81,97.26,56.53,58.09,97.31,61.95,63.62,97.38
-1,17574,16,Ancrenaz et al. 2004,Ocurrencias,117.1719,4.598056,Precise,Malaysia,Asia,Hominidae,Pongo,Pongo pygmaeus,Pongo_pygmaeus ,line/belt transects,0,0,0,NA,0,2002,370,meter,NA, ,Pongo pygmaeus ,Pongo pygmaeus,57.15,D,435.8333333,AR,Frugivore,377.38,1.693,2,2007.5,249,1088.8,720,1.07,1,Solitary,Spatial Polygyny, ,2Tropical_and_suptropical_moist_broadleaf_forest,0.766298286,0.79,97,1.5,1.54,97.57,2.49,2.54,97.88,3.72,3.8,97.93,5.2,5.31,98.02,NA,7.07,NA,8.91,9.08,98.07,11.13,11.34,98.12,13.6,13.85,98.18,16.31,16.62,98.16,19.28,19.63,98.2,22.49,22.9,98.2,25.95,26.42,98.21,29.65,30.19,98.2,33.59,34.21,98.18,37.79,38.48,98.2,42.23,43.01,98.18,46.92,47.78,98.2,51.83,52.81,98.15,56.97,58.09,98.07,62.34,63.62,97.99
-1,17575,16,Ancrenaz et al. 2004,Ocurrencias,115.6764,4.576389,Precise,Malaysia,Asia,Hominidae,Pongo,Pongo pygmaeus,Pongo_pygmaeus ,line/belt transects,0,0,0,NA,0,2002,200,meter,NA, ,Pongo pygmaeus ,Pongo pygmaeus,57.15,D,435.8333333,AR,Frugivore,377.38,1.693,2,2007.5,249,1088.8,720,1.07,1,Solitary,Spatial Polygyny, ,2Tropical_and_suptropical_moist_broadleaf_forest,0.771671627,0.79,97.68,1.49,1.54,96.75,2.47,2.54,97.13,3.68,3.8,96.84,5.13,5.31,96.63,NA,7.07,NA,8.58,9.08,94.48,10.66,11.34,93.97,12.86,13.85,92.84,15.32,16.62,92.21,18.07,19.63,92.07,21.16,22.9,92.42,24.54,26.42,92.89,28.11,30.19,93.12,31.96,34.21,93.42,36.07,38.48,93.74,40.41,43.01,93.95,45.05,47.78,94.29,49.93,52.81,94.54,55.05,58.09,94.77,60.44,63.62,95
-1,17576,16,Ancrenaz et al. 2004,Ocurrencias,117.3325,5.380278,Precise,Malaysia,Asia,Hominidae,Pongo,Pongo pygmaeus,Pongo_pygmaeus ,line/belt transects,1,0,7.33,NA,0,2002,1500,meter,NA, ,Pongo pygmaeus ,Pongo pygmaeus,57.15,D,435.8333333,AR,Frugivore,377.38,1.693,2,2007.5,249,1088.8,720,1.07,1,Solitary,Spatial Polygyny, ,2Tropical_and_suptropical_moist_broadleaf_forest,0.738663621,0.79,93.5,1.46,1.54,94.94,2.42,2.54,95.41,3.65,3.8,95.92,5.09,5.31,95.92,NA,7.07,NA,8.69,9.08,95.72,10.84,11.34,95.61,13.22,13.85,95.46,15.89,16.62,95.61,18.79,19.63,95.72,21.95,22.9,95.85,25.36,26.42,95.97,28.99,30.19,96.04,32.88,34.21,96.12,36.96,38.48,96.05,41.27,43.01,95.95,45.85,47.78,95.97,50.68,52.81,95.97,55.77,58.09,96.01,61.05,63.62,95.96
-1,17577,16,Ancrenaz et al. 2004,Ocurrencias,117.2742,5.326944,Precise,Malaysia,Asia,Hominidae,Pongo,Pongo pygmaeus,Pongo_pygmaeus ,line/belt transects,1,0,5,NA,0,2002,1000,meter,NA, ,Pongo pygmaeus ,Pongo pygmaeus,57.15,D,435.8333333,AR,Frugivore,377.38,1.693,2,2007.5,249,1088.8,720,1.07,1,Solitary,Spatial Polygyny, ,2Tropical_and_suptropical_moist_broadleaf_forest,0.736740008,0.79,93.26,1.45,1.54,94.37,2.43,2.54,95.49,3.62,3.8,95.36,5.08,5.31,95.64,NA,7.07,NA,8.73,9.08,96.15,10.92,11.34,96.28,13.32,13.85,96.21,15.99,16.62,96.19,18.85,19.63,96.02,21.86,22.9,95.47,25.06,26.42,94.85,28.55,30.19,94.57,32.33,34.21,94.51,36.23,38.48,94.16,40.5,43.01,94.16,45,47.78,94.19,49.73,52.81,94.17,54.73,58.09,94.22,60.01,63.62,94.33
-1,17578,16,Ancrenaz et al. 2004,Ocurrencias,117.305,5.352778,Precise,Malaysia,Asia,Hominidae,Pongo,Pongo pygmaeus,Pongo_pygmaeus ,line/belt transects,1,0,19.17,NA,0,2002,1200,meter,NA, ,Pongo pygmaeus ,Pongo pygmaeus,57.15,D,435.8333333,AR,Frugivore,377.38,1.693,2,2007.5,249,1088.8,720,1.07,1,Solitary,Spatial Polygyny, ,2Tropical_and_suptropical_moist_broadleaf_forest,0.726244049,0.79,91.93,1.45,1.54,94.39,2.4,2.54,94.47,3.59,3.8,94.36,5.03,5.31,94.69,NA,7.07,NA,8.63,9.08,95.08,10.76,11.34,94.9,13.16,13.85,95.05,15.79,16.62,94.99,18.68,19.63,95.17,21.78,22.9,95.09,25.09,26.42,94.97,28.67,30.19,94.98,32.52,34.21,95.05,36.55,38.48,94.99,40.86,43.01,95,45.39,47.78,95.01,50.2,52.81,95.07,55.21,58.09,95.05,60.41,63.62,94.96
-1,17579,16,Ancrenaz et al. 2004,Ocurrencias,117.3078,5.328889,Precise,Malaysia,Asia,Hominidae,Pongo,Pongo pygmaeus,Pongo_pygmaeus ,line/belt transects,0,0,0,NA,0,2002,500,meter,NA, ,Pongo pygmaeus ,Pongo pygmaeus,57.15,D,435.8333333,AR,Frugivore,377.38,1.693,2,2007.5,249,1088.8,720,1.07,1,Solitary,Spatial Polygyny, ,2Tropical_and_suptropical_moist_broadleaf_forest,0.720490456,0.79,91.2,1.44,1.54,93.26,2.4,2.54,94.38,3.6,3.8,94.72,5.05,5.31,95.01,NA,7.07,NA,8.68,9.08,95.65,10.85,11.34,95.66,13.15,13.85,94.96,15.74,16.62,94.68,18.59,19.63,94.69,21.68,22.9,94.65,24.95,26.42,94.43,28.53,30.19,94.5,32.32,34.21,94.49,36.37,38.48,94.52,40.67,43.01,94.57,45.13,47.78,94.46,49.9,52.81,94.49,54.93,58.09,94.57,60.27,63.62,94.73
-1,17580,16,Ancrenaz et al. 2004,Ocurrencias,117.3089,5.427222,Precise,Malaysia,Asia,Hominidae,Pongo,Pongo pygmaeus,Pongo_pygmaeus ,line/belt transects,1,0,11,NA,0,2002,2000,meter,NA, ,Pongo pygmaeus ,Pongo pygmaeus,57.15,D,435.8333333,AR,Frugivore,377.38,1.693,2,2007.5,249,1088.8,720,1.07,1,Solitary,Spatial Polygyny, ,2Tropical_and_suptropical_moist_broadleaf_forest,0.738133254,0.79,93.43,1.47,1.54,95.61,2.45,2.54,96.51,3.65,3.8,95.95,5.09,5.31,95.8,NA,7.07,NA,8.71,9.08,95.96,10.89,11.34,96.01,13.32,13.85,96.17,16,16.62,96.25,18.87,19.63,96.15,22.05,22.9,96.3,25.37,26.42,96.04,28.98,30.19,95.98,32.84,34.21,96,36.92,38.48,95.94,41.23,43.01,95.85,45.64,47.78,95.52,50.24,52.81,95.14,54.94,58.09,94.57,59.71,63.62,93.86
-1,17581,16,Ancrenaz et al. 2004,Ocurrencias,117.2181,5.446111,Precise,Malaysia,Asia,Hominidae,Pongo,Pongo pygmaeus,Pongo_pygmaeus ,line/belt transects,1,0,10.67,NA,0,2002,1500,meter,NA, ,Pongo pygmaeus ,Pongo pygmaeus,57.15,D,435.8333333,AR,Frugivore,377.38,1.693,2,2007.5,249,1088.8,720,1.07,1,Solitary,Spatial Polygyny, ,2Tropical_and_suptropical_moist_broadleaf_forest,0.710658713,0.79,89.96,1.41,1.54,91.5,2.34,2.54,92.19,3.54,3.8,93.09,4.97,5.31,93.65,NA,7.07,NA,8.57,9.08,94.35,10.73,11.34,94.59,13.16,13.85,94.99,15.84,16.62,95.31,18.71,19.63,95.34,21.82,22.9,95.3,25.18,26.42,95.31,28.76,30.19,95.25,32.61,34.21,95.31,36.74,38.48,95.48,41.08,43.01,95.52,45.7,47.78,95.64,50.52,52.81,95.67,55.58,58.09,95.68,60.85,63.62,95.65
-1,17582,16,Ancrenaz et al. 2004,Ocurrencias,117.225,5.472222,Precise,Malaysia,Asia,Hominidae,Pongo,Pongo pygmaeus,Pongo_pygmaeus ,line/belt transects,1,0,2,NA,0,2002,1000,meter,NA, ,Pongo pygmaeus ,Pongo pygmaeus,57.15,D,435.8333333,AR,Frugivore,377.38,1.693,2,2007.5,249,1088.8,720,1.07,1,Solitary,Spatial Polygyny, ,2Tropical_and_suptropical_moist_broadleaf_forest,0.752117148,0.79,95.2,1.47,1.54,95.64,2.44,2.54,96.12,3.65,3.8,96.04,5.09,5.31,95.77,NA,7.07,NA,8.65,9.08,95.21,10.82,11.34,95.41,13.22,13.85,95.44,15.87,16.62,95.51,18.77,19.63,95.62,21.88,22.9,95.54,25.24,26.42,95.55,28.88,30.19,95.65,32.7,34.21,95.59,36.66,38.48,95.26,40.84,43.01,94.95,45.18,47.78,94.56,49.8,52.81,94.31,54.74,58.09,94.23,59.95,63.62,94.24
-1,17583,16,Ancrenaz et al. 2004,Ocurrencias,117.2433,5.477778,Precise,Malaysia,Asia,Hominidae,Pongo,Pongo pygmaeus,Pongo_pygmaeus ,line/belt transects,1,0,6.36,NA,0,2002,1100,meter,NA, ,Pongo pygmaeus ,Pongo pygmaeus,57.15,D,435.8333333,AR,Frugivore,377.38,1.693,2,2007.5,249,1088.8,720,1.07,1,Solitary,Spatial Polygyny, ,2Tropical_and_suptropical_moist_broadleaf_forest,0.745077516,0.79,94.31,1.45,1.54,94.17,2.41,2.54,94.88,3.63,3.8,95.45,5.09,5.31,95.82,NA,7.07,NA,8.62,9.08,94.91,10.68,11.34,94.17,13,13.85,93.9,15.63,16.62,94.07,18.53,19.63,94.37,21.68,22.9,94.66,25.09,26.42,94.96,28.72,30.19,95.12,32.55,34.21,95.16,36.6,38.48,95.12,40.91,43.01,95.12,45.42,47.78,95.06,50.06,52.81,94.8,54.9,58.09,94.51,59.91,63.62,94.17
-1,17584,16,Ancrenaz et al. 2004,Ocurrencias,117.3094,5.441944,Precise,Malaysia,Asia,Hominidae,Pongo,Pongo pygmaeus,Pongo_pygmaeus ,line/belt transects,1,0,6.67,NA,0,2002,1200,meter,NA, ,Pongo pygmaeus ,Pongo pygmaeus,57.15,D,435.8333333,AR,Frugivore,377.38,1.693,2,2007.5,249,1088.8,720,1.07,1,Solitary,Spatial Polygyny, ,2Tropical_and_suptropical_moist_broadleaf_forest,0.751288401,0.79,95.1,1.47,1.54,95.44,2.44,2.54,95.93,3.66,3.8,96.37,5.12,5.31,96.48,NA,7.07,NA,8.77,9.08,96.63,10.97,11.34,96.76,13.4,13.85,96.74,16.03,16.62,96.45,18.77,19.63,95.63,21.66,22.9,94.57,24.7,26.42,93.47,27.92,30.19,92.49,31.27,34.21,91.4,34.81,38.48,90.45,38.54,43.01,89.6,42.45,47.78,88.84,46.45,52.81,87.95,50.46,58.09,86.86,54.7,63.62,85.98
-1,17585,16,Ancrenaz et al. 2004,Ocurrencias,117.5764,5.3375,Precise,Malaysia,Asia,Hominidae,Pongo,Pongo pygmaeus,Pongo_pygmaeus ,line/belt transects,1,0,20.67,NA,0,2002,1500,meter,NA, ,Pongo pygmaeus ,Pongo pygmaeus,57.15,D,435.8333333,AR,Frugivore,377.38,1.693,2,2007.5,249,1088.8,720,1.07,1,Solitary,Spatial Polygyny, ,2Tropical_and_suptropical_moist_broadleaf_forest,0.77159562,0.79,97.67,1.51,1.54,98.27,2.5,2.54,98.51,3.74,3.8,98.38,5.22,5.31,98.34,NA,7.07,NA,8.93,9.08,98.35,11.16,11.34,98.37,13.63,13.85,98.4,16.35,16.62,98.36,19.31,19.63,98.39,22.53,22.9,98.38,25.99,26.42,98.37,29.7,30.19,98.37,33.65,34.21,98.37,37.85,38.48,98.37,42.25,43.01,98.24,46.86,47.78,98.07,51.67,52.81,97.85,56.57,58.09,97.39,61.68,63.62,96.96
-1,17586,16,Ancrenaz et al. 2004,Ocurrencias,117.4781,5.375833,Precise,Malaysia,Asia,Hominidae,Pongo,Pongo pygmaeus,Pongo_pygmaeus ,line/belt transects,1,0,5.33,NA,0,2002,1500,meter,NA, ,Pongo pygmaeus ,Pongo pygmaeus,57.15,D,435.8333333,AR,Frugivore,377.38,1.693,2,2007.5,249,1088.8,720,1.07,1,Solitary,Spatial Polygyny, ,2Tropical_and_suptropical_moist_broadleaf_forest,0.772463084,0.79,97.78,1.51,1.54,98.33,2.5,2.54,98.55,3.74,3.8,98.38,5.22,5.31,98.34,NA,7.07,NA,8.93,9.08,98.35,11.16,11.34,98.37,13.63,13.85,98.4,16.35,16.62,98.36,19.31,19.63,98.39,22.53,22.9,98.38,25.99,26.42,98.37,29.7,30.19,98.37,33.65,34.21,98.37,37.85,38.48,98.37,42.3,43.01,98.34,46.99,47.78,98.35,51.94,52.81,98.34,57.12,58.09,98.34,62.56,63.62,98.34
-1,17587,16,Ancrenaz et al. 2004,Ocurrencias,117.4653,5.437778,Precise,Malaysia,Asia,Hominidae,Pongo,Pongo pygmaeus,Pongo_pygmaeus ,line/belt transects,1,0,13,NA,0,2002,2000,meter,NA, ,Pongo pygmaeus ,Pongo pygmaeus,57.15,D,435.8333333,AR,Frugivore,377.38,1.693,2,2007.5,249,1088.8,720,1.07,1,Solitary,Spatial Polygyny, ,2Tropical_and_suptropical_moist_broadleaf_forest,0.760930577,0.79,96.32,1.5,1.54,97.46,2.49,2.54,97.99,3.73,3.8,98.03,5.21,5.31,98.07,NA,7.07,NA,8.91,9.08,98.14,11.14,11.34,98.19,13.6,13.85,98.22,16.32,16.62,98.21,19.29,19.63,98.27,22.5,22.9,98.27,25.96,26.42,98.27,29.67,30.19,98.28,33.61,34.21,98.26,37.81,38.48,98.27,42.26,43.01,98.25,46.95,47.78,98.26,51.88,52.81,98.24,57.07,58.09,98.24,62.48,63.62,98.21
-1,17588,16,Ancrenaz et al. 2004,Ocurrencias,117.4164,5.366111,Precise,Malaysia,Asia,Hominidae,Pongo,Pongo pygmaeus,Pongo_pygmaeus ,line/belt transects,1,0,22,NA,0,2002,2000,meter,NA, ,Pongo pygmaeus ,Pongo pygmaeus,57.15,D,435.8333333,AR,Frugivore,377.38,1.693,2,2007.5,249,1088.8,720,1.07,1,Solitary,Spatial Polygyny, ,2Tropical_and_suptropical_moist_broadleaf_forest,0.759625384,0.79,96.16,1.49,1.54,96.74,2.47,2.54,97.29,3.7,3.8,97.4,5.18,5.31,97.52,NA,7.07,NA,8.82,9.08,97.16,11.04,11.34,97.39,13.51,13.85,97.58,16.22,16.62,97.57,19.17,19.63,97.65,22.38,22.9,97.71,25.83,26.42,97.76,29.54,30.19,97.83,33.49,34.21,97.9,37.69,38.48,97.95,42.14,43.01,97.98,46.82,47.78,97.99,51.76,52.81,98.01,56.94,58.09,98.02,62.38,63.62,98.04
-1,17589,16,Ancrenaz et al. 2004,Ocurrencias,117.3494,5.439444,Precise,Malaysia,Asia,Hominidae,Pongo,Pongo pygmaeus,Pongo_pygmaeus ,line/belt transects,1,0,9,NA,0,2002,1000,meter,NA, ,Pongo pygmaeus ,Pongo pygmaeus,57.15,D,435.8333333,AR,Frugivore,377.38,1.693,2,2007.5,249,1088.8,720,1.07,1,Solitary,Spatial Polygyny, ,2Tropical_and_suptropical_moist_broadleaf_forest,0.771703436,0.79,97.68,1.51,1.54,98.21,2.49,2.54,98.2,3.7,3.8,97.33,5.08,5.31,95.59,NA,7.07,NA,8.3,9.08,91.46,10.22,11.34,90.08,12.27,13.85,88.61,14.52,16.62,87.35,16.97,19.63,86.43,19.59,22.9,85.52,22.41,26.42,84.81,25.41,30.19,84.16,28.65,34.21,83.74,32.12,38.48,83.46,35.78,43.01,83.2,39.46,47.78,82.59,43.27,52.81,81.93,47.19,58.09,81.24,51.19,63.62,80.46
-1,17590,16,Ancrenaz et al. 2004,Ocurrencias,117.4939,5.336111,Precise,Malaysia,Asia,Hominidae,Pongo,Pongo pygmaeus,Pongo_pygmaeus ,line/belt transects,1,0,43.81,NA,0,2002,1050,meter,NA, ,Pongo pygmaeus ,Pongo pygmaeus,57.15,D,435.8333333,AR,Frugivore,377.38,1.693,2,2007.5,249,1088.8,720,1.07,1,Solitary,Spatial Polygyny, ,2Tropical_and_suptropical_moist_broadleaf_forest,0.772529416,0.79,97.79,1.51,1.54,98.33,2.5,2.54,98.55,3.74,3.8,98.4,5.22,5.31,98.34,NA,7.07,NA,8.93,9.08,98.35,11.16,11.34,98.37,13.63,13.85,98.4,16.35,16.62,98.35,19.31,19.63,98.37,22.52,22.9,98.34,25.98,26.42,98.34,29.69,30.19,98.35,33.65,34.21,98.35,37.85,38.48,98.36,42.3,43.01,98.35,47,47.78,98.36,51.94,52.81,98.36,57.13,58.09,98.35,62.57,63.62,98.35
-1,17591,16,Ancrenaz et al. 2004,Ocurrencias,117.5228,5.355833,Precise,Malaysia,Asia,Hominidae,Pongo,Pongo pygmaeus,Pongo_pygmaeus ,line/belt transects,1,0,8.57,NA,0,2002,1400,meter,NA, ,Pongo pygmaeus ,Pongo pygmaeus,57.15,D,435.8333333,AR,Frugivore,377.38,1.693,2,2007.5,249,1088.8,720,1.07,1,Solitary,Spatial Polygyny, ,2Tropical_and_suptropical_moist_broadleaf_forest,0.772564537,0.79,97.79,1.51,1.54,98.33,2.5,2.54,98.55,3.74,3.8,98.4,5.22,5.31,98.36,NA,7.07,NA,8.93,9.08,98.36,11.16,11.34,98.38,13.63,13.85,98.4,16.35,16.62,98.37,19.32,19.63,98.4,22.53,22.9,98.38,25.99,26.42,98.37,29.7,30.19,98.37,33.65,34.21,98.38,37.86,38.48,98.38,42.31,43.01,98.37,47.01,47.78,98.38,51.95,52.81,98.37,57.14,58.09,98.37,62.58,63.62,98.37
-1,17592,16,Ancrenaz et al. 2004,Ocurrencias,117.4661,5.320833,Precise,Malaysia,Asia,Hominidae,Pongo,Pongo pygmaeus,Pongo_pygmaeus ,line/belt transects,1,0,4.38,NA,0,2002,1600,meter,NA, ,Pongo pygmaeus ,Pongo pygmaeus,57.15,D,435.8333333,AR,Frugivore,377.38,1.693,2,2007.5,249,1088.8,720,1.07,1,Solitary,Spatial Polygyny, ,2Tropical_and_suptropical_moist_broadleaf_forest,0.772541141,0.79,97.79,1.51,1.54,98.33,2.5,2.54,98.55,3.74,3.8,98.4,5.22,5.31,98.36,NA,7.07,NA,8.93,9.08,98.36,11.16,11.34,98.38,13.63,13.85,98.4,16.35,16.62,98.35,19.31,19.63,98.38,22.52,22.9,98.35,25.98,26.42,98.35,29.69,30.19,98.35,33.65,34.21,98.35,37.85,38.48,98.36,42.3,43.01,98.35,47,47.78,98.36,51.94,52.81,98.36,57.13,58.09,98.35,62.57,63.62,98.35
-1,17593,16,Ancrenaz et al. 2004,Ocurrencias,117.9436,4.628611,Precise,Malaysia,Asia,Hominidae,Pongo,Pongo pygmaeus,Pongo_pygmaeus ,line/belt transects,1,0,2.67,NA,0,2002,1500,meter,NA, ,Pongo pygmaeus ,Pongo pygmaeus,57.15,D,435.8333333,AR,Frugivore,377.38,1.693,2,2007.5,249,1088.8,720,1.07,1,Solitary,Spatial Polygyny, ,2Tropical_and_suptropical_moist_broadleaf_forest,0.772525124,0.79,97.79,1.51,1.54,98.32,2.5,2.54,98.55,3.74,3.8,98.4,5.22,5.31,98.35,NA,7.07,NA,8.93,9.08,98.36,11.16,11.34,98.38,13.63,13.85,98.4,16.35,16.62,98.36,19.31,19.63,98.39,22.53,22.9,98.38,25.99,26.42,98.37,29.7,30.19,98.37,33.65,34.21,98.37,37.8,38.48,98.23,42.11,43.01,97.91,46.58,47.78,97.5,51.22,52.81,96.99,55.96,58.09,96.34,60.81,63.62,95.58
-1,17594,16,Ancrenaz et al. 2004,Ocurrencias,117.9428,4.628611,Precise,Malaysia,Asia,Hominidae,Pongo,Pongo pygmaeus,Pongo_pygmaeus ,line/belt transects,1,0,0.67,NA,0,2002,1500,meter,NA, ,Pongo pygmaeus ,Pongo pygmaeus,57.15,D,435.8333333,AR,Frugivore,377.38,1.693,2,2007.5,249,1088.8,720,1.07,1,Solitary,Spatial Polygyny, ,2Tropical_and_suptropical_moist_broadleaf_forest,0.772525124,0.79,97.79,1.51,1.54,98.32,2.5,2.54,98.55,3.74,3.8,98.4,5.22,5.31,98.35,NA,7.07,NA,8.93,9.08,98.36,11.16,11.34,98.38,13.63,13.85,98.4,16.35,16.62,98.36,19.31,19.63,98.39,22.53,22.9,98.38,25.99,26.42,98.37,29.7,30.19,98.37,33.65,34.21,98.37,37.8,38.48,98.22,42.1,43.01,97.88,46.58,47.78,97.48,51.21,52.81,96.97,55.92,58.09,96.26,60.77,63.62,95.52
-1,17595,16,Ancrenaz et al. 2004,Ocurrencias,117.9436,4.626944,Precise,Malaysia,Asia,Hominidae,Pongo,Pongo pygmaeus,Pongo_pygmaeus ,line/belt transects,1,0,1.18,NA,0,2002,1700,meter,NA, ,Pongo pygmaeus ,Pongo pygmaeus,57.15,D,435.8333333,AR,Frugivore,377.38,1.693,2,2007.5,249,1088.8,720,1.07,1,Solitary,Spatial Polygyny, ,2Tropical_and_suptropical_moist_broadleaf_forest,0.772474471,0.79,97.78,1.51,1.54,98.32,2.5,2.54,98.54,3.74,3.8,98.4,5.22,5.31,98.35,NA,7.07,NA,8.93,9.08,98.36,11.16,11.34,98.38,13.63,13.85,98.4,16.35,16.62,98.36,19.31,19.63,98.39,22.53,22.9,98.38,25.99,26.42,98.37,29.7,30.19,98.37,33.65,34.21,98.37,37.86,38.48,98.38,42.24,43.01,98.21,46.79,47.78,97.92,51.5,52.81,97.53,56.38,58.09,97.05,61.33,63.62,96.39
-1,17596,16,Ancrenaz et al. 2004,Ocurrencias,117.9444,4.631944,Precise,Malaysia,Asia,Hominidae,Pongo,Pongo pygmaeus,Pongo_pygmaeus ,line/belt transects,1,0,0.5,NA,0,2002,2000,meter,NA, ,Pongo pygmaeus ,Pongo pygmaeus,57.15,D,435.8333333,AR,Frugivore,377.38,1.693,2,2007.5,249,1088.8,720,1.07,1,Solitary,Spatial Polygyny, ,2Tropical_and_suptropical_moist_broadleaf_forest,0.772525074,0.79,97.79,1.51,1.54,98.32,2.5,2.54,98.55,3.74,3.8,98.4,5.22,5.31,98.35,NA,7.07,NA,8.93,9.08,98.36,11.16,11.34,98.38,13.63,13.85,98.4,16.35,16.62,98.36,19.31,19.63,98.39,22.53,22.9,98.38,25.99,26.42,98.37,29.66,30.19,98.25,33.5,34.21,97.92,37.49,38.48,97.42,41.68,43.01,96.92,45.99,47.78,96.26,50.37,52.81,95.39,54.94,58.09,94.58,59.74,63.62,93.9
-1,17597,16,Ancrenaz et al. 2004,Ocurrencias,116.9831,4.363889,Precise,Malaysia,Asia,Hominidae,Pongo,Pongo pygmaeus,Pongo_pygmaeus ,line/belt transects,0,0,0,NA,0,2002,1000,meter,NA, ,Pongo pygmaeus ,Pongo pygmaeus,57.15,D,435.8333333,AR,Frugivore,377.38,1.693,2,2007.5,249,1088.8,720,1.07,1,Solitary,Spatial Polygyny, ,2Tropical_and_suptropical_moist_broadleaf_forest,0.727498623,0.79,92.09,1.45,1.54,94.3,2.42,2.54,95.42,3.63,3.8,95.6,5.08,5.31,95.71,NA,7.07,NA,8.68,9.08,95.63,10.86,11.34,95.73,13.28,13.85,95.9,15.97,16.62,96.07,18.89,19.63,96.23,22.04,22.9,96.25,25.41,26.42,96.19,29.03,30.19,96.15,32.92,34.21,96.23,37.06,38.48,96.3,41.43,43.01,96.34,46.06,47.78,96.41,50.93,52.81,96.44,56.03,58.09,96.46,61.38,63.62,96.48
-1,17598,16,Ancrenaz et al. 2004,Ocurrencias,116.9886,4.361389,Precise,Malaysia,Asia,Hominidae,Pongo,Pongo pygmaeus,Pongo_pygmaeus ,line/belt transects,0,0,0,NA,0,2002,800,meter,NA, ,Pongo pygmaeus ,Pongo pygmaeus,57.15,D,435.8333333,AR,Frugivore,377.38,1.693,2,2007.5,249,1088.8,720,1.07,1,Solitary,Spatial Polygyny, ,2Tropical_and_suptropical_moist_broadleaf_forest,0.740855331,0.79,93.78,1.45,1.54,94.14,2.39,2.54,94.26,3.59,3.8,94.57,5.05,5.31,95.19,NA,7.07,NA,8.66,9.08,95.33,10.85,11.34,95.68,13.25,13.85,95.65,15.91,16.62,95.73,18.81,19.63,95.8,21.92,22.9,95.71,25.31,26.42,95.8,28.94,30.19,95.88,32.82,34.21,95.95,36.97,38.48,96.08,41.35,43.01,96.14,45.96,47.78,96.19,50.82,52.81,96.23,55.96,58.09,96.33,61.31,63.62,96.37
-1,17599,16,Ancrenaz et al. 2004,Ocurrencias,117.4936,4.862222,Precise,Malaysia,Asia,Hominidae,Pongo,Pongo pygmaeus,Pongo_pygmaeus ,line/belt transects,1,0,128.57,NA,0,2001,140,meter,NA, ,Pongo pygmaeus ,Pongo pygmaeus,57.15,D,435.8333333,AR,Frugivore,377.38,1.693,2,2007.5,249,1088.8,720,1.07,1,Solitary,Spatial Polygyny, ,2Tropical_and_suptropical_moist_broadleaf_forest,0.734243834,0.79,92.94,1.44,1.54,93.29,2.34,2.54,92.24,3.53,3.8,92.82,4.94,5.31,93.1,NA,7.07,NA,8.53,9.08,93.99,10.65,11.34,93.88,13.02,13.85,94.03,15.64,16.62,94.08,18.48,19.63,94.12,21.55,22.9,94.11,24.96,26.42,94.46,28.51,30.19,94.44,32.31,34.21,94.45,36.42,38.48,94.64,40.77,43.01,94.79,45.36,47.78,94.94,50.17,52.81,95.01,55.31,58.09,95.22,60.7,63.62,95.4
-1,17600,16,Ancrenaz et al. 2004,Ocurrencias,117.4931,4.860556,Precise,Malaysia,Asia,Hominidae,Pongo,Pongo pygmaeus,Pongo_pygmaeus ,line/belt transects,1,0,62.27,NA,0,2001,273,meter,NA, ,Pongo pygmaeus ,Pongo pygmaeus,57.15,D,435.8333333,AR,Frugivore,377.38,1.693,2,2007.5,249,1088.8,720,1.07,1,Solitary,Spatial Polygyny, ,2Tropical_and_suptropical_moist_broadleaf_forest,0.739063189,0.79,93.55,1.44,1.54,93.21,2.36,2.54,92.88,3.54,3.8,93.27,4.97,5.31,93.67,NA,7.07,NA,8.55,9.08,94.17,10.73,11.34,94.64,13.07,13.85,94.39,15.69,16.62,94.4,18.53,19.63,94.4,21.63,22.9,94.43,24.93,26.42,94.36,28.59,30.19,94.7,32.44,34.21,94.83,36.5,38.48,94.85,40.84,43.01,94.95,45.4,47.78,95.03,50.22,52.81,95.1,55.3,58.09,95.2,60.69,63.62,95.39
-1,17601,16,Ancrenaz et al. 2004,Ocurrencias,117.5017,4.805,Precise,Malaysia,Asia,Hominidae,Pongo,Pongo pygmaeus,Pongo_pygmaeus ,line/belt transects,1,0,80,NA,0,2001,200,meter,NA, ,Pongo pygmaeus ,Pongo pygmaeus,57.15,D,435.8333333,AR,Frugivore,377.38,1.693,2,2007.5,249,1088.8,720,1.07,1,Solitary,Spatial Polygyny, ,2Tropical_and_suptropical_moist_broadleaf_forest,0.74377596,0.79,94.15,1.47,1.54,95.62,2.43,2.54,95.55,3.6,3.8,94.62,5.02,5.31,94.55,NA,7.07,NA,8.64,9.08,95.18,10.82,11.34,95.45,13.22,13.85,95.42,15.82,16.62,95.18,18.69,19.63,95.23,21.8,22.9,95.21,25.17,26.42,95.26,28.79,30.19,95.37,32.65,34.21,95.44,36.73,38.48,95.46,41.09,43.01,95.55,45.7,47.78,95.65,50.52,52.81,95.66,55.58,58.09,95.68,60.87,63.62,95.67
-1,17602,16,Ancrenaz et al. 2004,Ocurrencias,117.4589,4.823889,Precise,Malaysia,Asia,Hominidae,Pongo,Pongo pygmaeus,Pongo_pygmaeus ,line/belt transects,1,0,60,NA,0,2001,50,meter,NA, ,Pongo pygmaeus ,Pongo pygmaeus,57.15,D,435.8333333,AR,Frugivore,377.38,1.693,2,2007.5,249,1088.8,720,1.07,1,Solitary,Spatial Polygyny, ,2Tropical_and_suptropical_moist_broadleaf_forest,0.760787559,0.79,96.3,1.47,1.54,95.15,2.42,2.54,95.22,3.62,3.8,95.21,5.05,5.31,95.12,NA,7.07,NA,8.7,9.08,95.78,10.77,11.34,95.01,13.11,13.85,94.63,15.79,16.62,95.01,18.74,19.63,95.45,21.9,22.9,95.64,25.29,26.42,95.71,28.93,30.19,95.83,32.83,34.21,95.97,36.97,38.48,96.07,41.36,43.01,96.15,45.98,47.78,96.23,50.87,52.81,96.34,56,58.09,96.4,61.3,63.62,96.36
-1,17603,16,Ancrenaz et al. 2004,Ocurrencias,117.4875,4.868889,Precise,Malaysia,Asia,Hominidae,Pongo,Pongo pygmaeus,Pongo_pygmaeus ,line/belt transects,1,0,40,NA,0,2001,200,meter,NA, ,Pongo pygmaeus ,Pongo pygmaeus,57.15,D,435.8333333,AR,Frugivore,377.38,1.693,2,2007.5,249,1088.8,720,1.07,1,Solitary,Spatial Polygyny, ,2Tropical_and_suptropical_moist_broadleaf_forest,0.717803513,0.79,90.86,1.43,1.54,92.8,2.36,2.54,93.01,3.53,3.8,92.8,4.93,5.31,92.87,NA,7.07,NA,8.44,9.08,92.96,10.53,11.34,92.88,12.91,13.85,93.18,15.52,16.62,93.36,18.39,19.63,93.68,21.45,22.9,93.68,24.74,26.42,93.64,28.35,30.19,93.89,32.21,34.21,94.14,36.3,38.48,94.33,40.68,43.01,94.58,45.31,47.78,94.83,50.22,52.81,95.1,55.39,58.09,95.35,60.78,63.62,95.53
-1,17604,16,Ancrenaz et al. 2004,Ocurrencias,117.4981,4.888056,Precise,Malaysia,Asia,Hominidae,Pongo,Pongo pygmaeus,Pongo_pygmaeus ,line/belt transects,1,0,32.67,NA,0,2001,1010,meter,NA, ,Pongo pygmaeus ,Pongo pygmaeus,57.15,D,435.8333333,AR,Frugivore,377.38,1.693,2,2007.5,249,1088.8,720,1.07,1,Solitary,Spatial Polygyny, ,2Tropical_and_suptropical_moist_broadleaf_forest,0.550217083,0.79,69.65,1.13,1.54,73.29,1.9,2.54,74.93,2.97,3.8,78.27,4.28,5.31,80.52,NA,7.07,NA,7.83,9.08,86.18,10,11.34,88.2,12.42,13.85,89.67,15.12,16.62,90.95,18.04,19.63,91.89,21.22,22.9,92.68,24.66,26.42,93.34,28.34,30.19,93.88,32.25,34.21,94.28,36.43,38.48,94.68,40.86,43.01,94.99,45.53,47.78,95.28,50.42,52.81,95.47,55.59,58.09,95.69,61,63.62,95.88
-1,17605,16,Ancrenaz et al. 2004,Ocurrencias,118.3583,5.625,Precise,Malaysia,Asia,Hominidae,Pongo,Pongo pygmaeus,Pongo_pygmaeus ,line/belt transects,1,0,57.54,NA,0,2001,869,meter,NA, ,Pongo pygmaeus ,Pongo pygmaeus,57.15,D,435.8333333,AR,Frugivore,377.38,1.693,2,2007.5,249,1088.8,720,1.07,1,Solitary,Spatial Polygyny, ,2Tropical_and_suptropical_moist_broadleaf_forest,0.759153808,0.79,96.1,1.32,1.54,85.55,2.13,2.54,83.81,3.22,3.8,84.8,4.6,5.31,86.59,NA,7.07,NA,7.69,9.08,84.69,9.68,11.34,85.36,11.95,13.85,86.3,14.41,16.62,86.7,16.94,19.63,86.31,19.75,22.9,86.23,22.72,26.42,85.98,25.88,30.19,85.73,29.24,34.21,85.47,32.91,38.48,85.53,36.48,43.01,84.81,40.22,47.78,84.18,44.05,52.81,83.41,47.66,58.09,82.04,51.65,63.62,81.18
-1,17606,16,Ancrenaz et al. 2004,Ocurrencias,118.375,5.625,Precise,Malaysia,Asia,Hominidae,Pongo,Pongo pygmaeus,Pongo_pygmaeus ,line/belt transects,1,0,46,NA,0,2001,1000,meter,NA, ,Pongo pygmaeus ,Pongo pygmaeus,57.15,D,435.8333333,AR,Frugivore,377.38,1.693,2,2007.5,249,1088.8,720,1.07,1,Solitary,Spatial Polygyny, ,2Tropical_and_suptropical_moist_broadleaf_forest,0.770899065,0.79,97.58,1.39,1.54,90.03,2.27,2.54,89.24,3.42,3.8,89.93,4.8,5.31,90.4,NA,7.07,NA,8.3,9.08,91.36,10.41,11.34,91.83,12.77,13.85,92.2,15.38,16.62,92.54,18.19,19.63,92.65,20.96,22.9,91.53,24.06,26.42,91.05,27.3,30.19,90.43,30.43,34.21,88.95,33.69,38.48,87.56,37.38,43.01,86.9,41,47.78,85.82,44.78,52.81,84.8,48.71,58.09,83.86,52.84,63.62,83.05
-1,17607,16,Ancrenaz et al. 2004,Ocurrencias,118.3671,5.648528,Precise,Malaysia,Asia,Hominidae,Pongo,Pongo pygmaeus,Pongo_pygmaeus ,line/belt transects,1,0,22.02,NA,0,2001,545,meter,NA, ,Pongo pygmaeus ,Pongo pygmaeus,57.15,D,435.8333333,AR,Frugivore,377.38,1.693,2,2007.5,249,1088.8,720,1.07,1,Solitary,Spatial Polygyny, ,2Tropical_and_suptropical_moist_broadleaf_forest,0.516898821,0.79,65.43,1.15,1.54,74.64,2.03,2.54,79.97,3.17,3.8,83.4,4.48,5.31,84.45,NA,7.07,NA,7.57,9.08,83.37,9.67,11.34,85.25,12.02,13.85,86.81,14.59,16.62,87.8,17.42,19.63,88.74,20.48,22.9,89.42,23.72,26.42,89.77,27.16,30.19,89.95,30.79,34.21,90.02,34.56,38.48,89.82,38.25,43.01,88.94,41.97,47.78,87.85,46.02,52.81,87.14,50.33,58.09,86.65,54.75,63.62,86.05
-1,17608,16,Ancrenaz et al. 2004,Ocurrencias,118.424,5.640667,Precise,Malaysia,Asia,Hominidae,Pongo,Pongo pygmaeus,Pongo_pygmaeus ,line/belt transects,1,0,37.04,NA,0,2001,432,meter,NA, ,Pongo pygmaeus ,Pongo pygmaeus,57.15,D,435.8333333,AR,Frugivore,377.38,1.693,2,2007.5,249,1088.8,720,1.07,1,Solitary,Spatial Polygyny, ,2Tropical_and_suptropical_moist_broadleaf_forest,0.772574597,0.79,97.79,1.51,1.54,98.33,2.5,2.54,98.55,3.72,3.8,97.83,5.19,5.31,97.7,NA,7.07,NA,8.86,9.08,97.62,11.07,11.34,97.65,13.53,13.85,97.69,16.23,16.62,97.66,19.18,19.63,97.73,22.37,22.9,97.69,25.69,26.42,97.25,29.14,30.19,96.53,32.81,34.21,95.9,36.57,38.48,95.05,40.49,43.01,94.15,44.62,47.78,93.38,48.93,52.81,92.66,53.48,58.09,92.06,58.1,63.62,91.33
-1,17610,16,Ancrenaz et al. 2004,Ocurrencias,118.3653,5.65625,Precise,Malaysia,Asia,Hominidae,Pongo,Pongo pygmaeus,Pongo_pygmaeus ,line/belt transects,1,0,41,NA,0,2001,1000,meter,NA, ,Pongo pygmaeus ,Pongo pygmaeus,57.15,D,435.8333333,AR,Frugivore,377.38,1.693,2,2007.5,249,1088.8,720,1.07,1,Solitary,Spatial Polygyny, ,2Tropical_and_suptropical_moist_broadleaf_forest,0.66346201,0.79,83.98,1.29,1.54,83.52,2.18,2.54,85.74,3.27,3.8,86.09,4.51,5.31,84.98,NA,7.07,NA,7.92,9.08,87.27,10.05,11.34,88.61,12.35,13.85,89.16,14.82,16.62,89.15,17.45,19.63,88.88,20.44,22.9,89.27,23.77,26.42,89.98,27.1,30.19,89.76,30.61,34.21,89.48,34.16,38.48,88.77,37.84,43.01,87.98,41.55,47.78,86.97,45.35,52.81,85.88,49.2,58.09,84.7,53.55,63.62,84.18
-1,17611,16,Ancrenaz et al. 2004,Ocurrencias,118.3551,5.642583,Precise,Malaysia,Asia,Hominidae,Pongo,Pongo pygmaeus,Pongo_pygmaeus ,line/belt transects,1,0,29.35,NA,0,2001,920,meter,NA, ,Pongo pygmaeus ,Pongo pygmaeus,57.15,D,435.8333333,AR,Frugivore,377.38,1.693,2,2007.5,249,1088.8,720,1.07,1,Solitary,Spatial Polygyny, ,2Tropical_and_suptropical_moist_broadleaf_forest,0.686607336,0.79,86.91,1.33,1.54,86.32,2.23,2.54,87.7,3.37,3.8,88.64,4.75,5.31,89.49,NA,7.07,NA,8.06,9.08,88.75,10.02,11.34,88.39,12.17,13.85,87.85,14.53,16.62,87.4,16.87,19.63,85.96,19.15,22.9,83.62,21.79,26.42,82.47,24.61,30.19,81.51,27.6,34.21,80.67,30.89,38.48,80.26,34.43,43.01,80.06,38.32,47.78,80.2,42.39,52.81,80.28,46.62,58.09,80.26,51.21,63.62,80.5
-1,17612,16,Ancrenaz et al. 2004,Ocurrencias,118.3633,5.635944,Precise,Malaysia,Asia,Hominidae,Pongo,Pongo pygmaeus,Pongo_pygmaeus ,line/belt transects,1,0,25.56,NA,0,2001,900,meter,NA, ,Pongo pygmaeus ,Pongo pygmaeus,57.15,D,435.8333333,AR,Frugivore,377.38,1.693,2,2007.5,249,1088.8,720,1.07,1,Solitary,Spatial Polygyny, ,2Tropical_and_suptropical_moist_broadleaf_forest,0.531652754,0.79,67.3,1.18,1.54,76.85,2.04,2.54,80.15,3.08,3.8,80.94,4.34,5.31,81.7,NA,7.07,NA,7.76,9.08,85.48,9.8,11.34,86.45,12.1,13.85,87.36,14.64,16.62,88.1,17.38,19.63,88.54,20.34,22.9,88.82,23.28,26.42,88.13,26.43,30.19,87.55,29.91,34.21,87.44,33.66,38.48,87.47,37.46,43.01,87.1,41.44,47.78,86.73,45.55,52.81,86.25,49.68,58.09,85.52,54.09,63.62,85.03
-1,17613,16,Ancrenaz et al. 2004,Ocurrencias,118.3558,5.6215,Precise,Malaysia,Asia,Hominidae,Pongo,Pongo pygmaeus,Pongo_pygmaeus ,line/belt transects,1,0,44.27,NA,0,2001,1039,meter,NA, ,Pongo pygmaeus ,Pongo pygmaeus,57.15,D,435.8333333,AR,Frugivore,377.38,1.693,2,2007.5,249,1088.8,720,1.07,1,Solitary,Spatial Polygyny, ,2Tropical_and_suptropical_moist_broadleaf_forest,0.545412667,0.79,69.04,1.18,1.54,76.41,2.07,2.54,81.58,3.2,3.8,84.11,4.51,5.31,84.98,NA,7.07,NA,7.96,9.08,87.63,9.96,11.34,87.85,11.98,13.85,86.51,14.27,16.62,85.86,16.78,19.63,85.51,19.52,22.9,85.26,22.42,26.42,84.88,25.35,30.19,83.96,28.55,34.21,83.46,32.12,38.48,83.46,35.78,43.01,83.18,39.66,47.78,83,43.46,52.81,82.29,47.41,58.09,81.62,51.41,63.62,80.81
-1,17614,16,Ancrenaz et al. 2004,Ocurrencias,118.235,5.503417,Precise,Malaysia,Asia,Hominidae,Pongo,Pongo pygmaeus,Pongo_pygmaeus ,line/belt transects,1,0,16.09,NA,0,2001,2299,meter,NA, ,Pongo pygmaeus ,Pongo pygmaeus,57.15,D,435.8333333,AR,Frugivore,377.38,1.693,2,2007.5,249,1088.8,720,1.07,1,Solitary,Spatial Polygyny, ,2Tropical_and_suptropical_moist_broadleaf_forest,0.772558426,0.79,97.79,1.51,1.54,98.33,2.5,2.54,98.55,3.69,3.8,97.13,5.04,5.31,94.87,NA,7.07,NA,8.2,9.08,90.33,10.04,11.34,88.53,12.04,13.85,86.94,14.21,16.62,85.53,16.74,19.63,85.29,19.48,22.9,85.06,22.31,26.42,84.43,25.15,30.19,83.31,28.43,34.21,83.11,32.09,38.48,83.4,36.05,43.01,83.83,40.06,47.78,83.84,43.97,52.81,83.26,48.06,58.09,82.73,52.37,63.62,82.31
-1,17615,16,Ancrenaz et al. 2004,Ocurrencias,118.2936,5.524444,Precise,Malaysia,Asia,Hominidae,Pongo,Pongo pygmaeus,Pongo_pygmaeus ,line/belt transects,1,0,13.13,NA,0,2001,1066,meter,NA, ,Pongo pygmaeus ,Pongo pygmaeus,57.15,D,435.8333333,AR,Frugivore,377.38,1.693,2,2007.5,249,1088.8,720,1.07,1,Solitary,Spatial Polygyny, ,2Tropical_and_suptropical_moist_broadleaf_forest,0.542580271,0.79,68.68,1.17,1.54,76.02,2.04,2.54,80.41,3.14,3.8,82.62,4.45,5.31,83.84,NA,7.07,NA,7.58,9.08,83.49,9.26,11.34,81.63,11.21,13.85,80.93,13.31,16.62,80.11,15.81,19.63,80.55,18.59,22.9,81.17,21.64,26.42,81.9,24.94,30.19,82.62,28.5,34.21,83.31,32.31,38.48,83.97,36.3,43.01,84.39,40.63,47.78,85.03,45.21,52.81,85.61,49.82,58.09,85.77,54.52,63.62,85.69
-1,17616,16,Ancrenaz et al. 2004,Ocurrencias,118.3008,5.538889,Precise,Malaysia,Asia,Hominidae,Pongo,Pongo pygmaeus,Pongo_pygmaeus ,line/belt transects,1,0,8.82,NA,0,2001,1700,meter,NA, ,Pongo pygmaeus ,Pongo pygmaeus,57.15,D,435.8333333,AR,Frugivore,377.38,1.693,2,2007.5,249,1088.8,720,1.07,1,Solitary,Spatial Polygyny, ,2Tropical_and_suptropical_moist_broadleaf_forest,0.55562618,0.79,70.33,1.2,1.54,77.98,2.1,2.54,82.8,3.26,3.8,85.78,4.59,5.31,86.47,NA,7.07,NA,7.87,9.08,86.7,9.82,11.34,86.56,12.04,13.85,86.94,14.48,16.62,87.13,17.16,19.63,87.4,20.06,22.9,87.6,23.2,26.42,87.81,26.57,30.19,88.02,30.05,34.21,87.84,33.47,38.48,86.98,37.13,43.01,86.33,41,47.78,85.82,44.96,52.81,85.14,49.02,58.09,84.39,53.18,63.62,83.59
-1,17617,16,Ancrenaz et al. 2004,Ocurrencias,118.2404,5.478472,Precise,Malaysia,Asia,Hominidae,Pongo,Pongo pygmaeus,Pongo_pygmaeus ,line/belt transects,1,0,9,NA,0,2001,1000,meter,NA, ,Pongo pygmaeus ,Pongo pygmaeus,57.15,D,435.8333333,AR,Frugivore,377.38,1.693,2,2007.5,249,1088.8,720,1.07,1,Solitary,Spatial Polygyny, ,2Tropical_and_suptropical_moist_broadleaf_forest,0.472387478,0.79,59.8,1.08,1.54,70.1,1.99,2.54,78.22,3.11,3.8,81.75,4.43,5.31,83.51,NA,7.07,NA,7.76,9.08,85.5,9.72,11.34,85.68,11.8,13.85,85.2,14.27,16.62,85.84,16.95,19.63,86.32,19.71,22.9,86.07,22.56,26.42,85.38,25.72,30.19,85.19,29.06,34.21,84.94,32.45,38.48,84.33,35.9,43.01,83.48,39.52,47.78,82.7,43.25,52.81,81.9,47.29,58.09,81.4,51.47,63.62,80.91
-1,17618,16,Ancrenaz et al. 2004,Ocurrencias,118.2496,5.459611,Precise,Malaysia,Asia,Hominidae,Pongo,Pongo pygmaeus,Pongo_pygmaeus ,line/belt transects,1,0,17,NA,0,2001,1000,meter,NA, ,Pongo pygmaeus ,Pongo pygmaeus,57.15,D,435.8333333,AR,Frugivore,377.38,1.693,2,2007.5,249,1088.8,720,1.07,1,Solitary,Spatial Polygyny, ,2Tropical_and_suptropical_moist_broadleaf_forest,0.721487601,0.79,91.33,1.44,1.54,93.35,2.16,2.54,84.94,3.16,3.8,83.16,4.39,5.31,82.65,NA,7.07,NA,7.4,9.08,81.45,9.3,11.34,81.99,11.5,13.85,83.01,14.06,16.62,84.58,16.74,19.63,85.26,19.52,22.9,85.26,22.44,26.42,84.93,25.28,30.19,83.75,28.28,34.21,82.65,31.54,38.48,81.98,34.95,43.01,81.26,38.75,47.78,81.1,42.68,52.81,80.81,46.87,58.09,80.68,51.19,63.62,80.46
-1,17619,16,Ancrenaz et al. 2004,Ocurrencias,118.2363,5.469417,Precise,Malaysia,Asia,Hominidae,Pongo,Pongo pygmaeus,Pongo_pygmaeus ,line/belt transects,1,0,26,NA,0,2001,500,meter,NA, ,Pongo pygmaeus ,Pongo pygmaeus,57.15,D,435.8333333,AR,Frugivore,377.38,1.693,2,2007.5,249,1088.8,720,1.07,1,Solitary,Spatial Polygyny, ,2Tropical_and_suptropical_moist_broadleaf_forest,0.662184019,0.79,83.82,1.33,1.54,86.56,2.23,2.54,87.79,3.38,3.8,88.96,4.74,5.31,89.26,NA,7.07,NA,7.75,9.08,85.32,9.4,11.34,82.87,11.45,13.85,82.65,13.59,16.62,81.77,15.91,19.63,81.06,18.29,22.9,79.86,20.94,26.42,79.28,23.71,30.19,78.55,26.57,34.21,77.67,29.84,38.48,77.54,33.51,43.01,77.92,37.64,47.78,78.79,42.17,52.81,79.86,46.62,58.09,80.26,51.11,63.62,80.33
-1,17621,16,Ancrenaz et al. 2004,Ocurrencias,118.2546,5.474917,Precise,Malaysia,Asia,Hominidae,Pongo,Pongo pygmaeus,Pongo_pygmaeus ,line/belt transects,1,0,10.41,NA,0,2001,1537,meter,NA, ,Pongo pygmaeus ,Pongo pygmaeus,57.15,D,435.8333333,AR,Frugivore,377.38,1.693,2,2007.5,249,1088.8,720,1.07,1,Solitary,Spatial Polygyny, ,2Tropical_and_suptropical_moist_broadleaf_forest,0.745426374,0.79,94.36,1.36,1.54,88.3,2.17,2.54,85.52,3.2,3.8,84.28,4.36,5.31,82.1,NA,7.07,NA,7.34,9.08,80.84,9.24,11.34,81.45,11.54,13.85,83.35,14.14,16.62,85.05,16.91,19.63,86.12,19.65,22.9,85.79,22.67,26.42,85.8,25.84,30.19,85.58,29.21,34.21,85.39,32.83,38.48,85.31,36.38,43.01,84.59,40.08,47.78,83.89,43.97,52.81,83.25,47.97,58.09,82.58,52.13,63.62,81.93
-1,17622,16,Ancrenaz et al. 2004,Ocurrencias,118.0827,5.415389,Precise,Malaysia,Asia,Hominidae,Pongo,Pongo pygmaeus,Pongo_pygmaeus ,line/belt transects,1,0,5.66,NA,0,2001,530,meter,NA, ,Pongo pygmaeus ,Pongo pygmaeus,57.15,D,435.8333333,AR,Frugivore,377.38,1.693,2,2007.5,249,1088.8,720,1.07,1,Solitary,Spatial Polygyny, ,2Tropical_and_suptropical_moist_broadleaf_forest,0.662472035,0.79,83.86,1.2,1.54,77.85,1.9,2.54,75,2.69,3.8,70.8,3.67,5.31,69.11,NA,7.07,NA,6.02,9.08,66.33,7.44,11.34,65.63,9.09,13.85,65.6,10.84,16.62,65.25,12.71,19.63,64.74,14.91,22.9,65.13,17.3,26.42,65.5,19.92,30.19,65.98,22.9,34.21,66.95,26.03,38.48,67.65,29.34,43.01,68.21,32.85,47.78,68.75,36.36,52.81,68.85,39.99,58.09,68.83,43.68,63.62,68.66
-1,17623,16,Ancrenaz et al. 2004,Ocurrencias,118.0777,5.412611,Precise,Malaysia,Asia,Hominidae,Pongo,Pongo pygmaeus,Pongo_pygmaeus ,line/belt transects,1,0,9.38,NA,0,2001,320,meter,NA, ,Pongo pygmaeus ,Pongo pygmaeus,57.15,D,435.8333333,AR,Frugivore,377.38,1.693,2,2007.5,249,1088.8,720,1.07,1,Solitary,Spatial Polygyny, ,2Tropical_and_suptropical_moist_broadleaf_forest,0.615387148,0.79,77.9,1.26,1.54,81.77,2.1,2.54,82.8,3.04,3.8,80.12,4,5.31,75.28,NA,7.07,NA,6.37,9.08,70.16,7.84,11.34,69.14,9.56,13.85,69,11.4,16.62,68.57,13.59,19.63,69.21,16.01,22.9,69.91,18.68,26.42,70.71,21.51,30.19,71.24,24.41,34.21,71.37,27.52,38.48,71.51,30.74,43.01,71.48,34.1,47.78,71.37,37.76,52.81,71.51,41.83,58.09,72.01,45.95,63.62,72.22
-1,17624,16,Ancrenaz et al. 2004,Ocurrencias,118.0567,5.415972,Precise,Malaysia,Asia,Hominidae,Pongo,Pongo pygmaeus,Pongo_pygmaeus ,line/belt transects,1,0,6.49,NA,0,2001,462,meter,NA, ,Pongo pygmaeus ,Pongo pygmaeus,57.15,D,435.8333333,AR,Frugivore,377.38,1.693,2,2007.5,249,1088.8,720,1.07,1,Solitary,Spatial Polygyny, ,2Tropical_and_suptropical_moist_broadleaf_forest,0.627213497,0.79,79.39,1.3,1.54,84.22,2.19,2.54,86.34,3.24,3.8,85.25,4.31,5.31,81.1,NA,7.07,NA,7.36,9.08,81.08,9.29,11.34,81.88,11.51,13.85,83.1,13.87,16.62,83.48,16.45,19.63,83.81,19.09,22.9,83.35,21.92,26.42,82.97,24.87,30.19,82.39,27.9,34.21,81.55,30.81,38.48,80.07,33.64,43.01,78.22,36.55,47.78,76.49,39.55,52.81,74.9,42.62,58.09,73.36,45.72,63.62,71.87
-1,17625,16,Ancrenaz et al. 2004,Ocurrencias,118.0391,5.421139,Precise,Malaysia,Asia,Hominidae,Pongo,Pongo pygmaeus,Pongo_pygmaeus ,line/belt transects,1,0,31.75,NA,0,2001,378,meter,NA, ,Pongo pygmaeus ,Pongo pygmaeus,57.15,D,435.8333333,AR,Frugivore,377.38,1.693,2,2007.5,249,1088.8,720,1.07,1,Solitary,Spatial Polygyny, ,2Tropical_and_suptropical_moist_broadleaf_forest,0.611277389,0.79,77.38,1.15,1.54,74.85,1.77,2.54,69.7,2.45,3.8,64.36,3.25,5.31,61.24,NA,7.07,NA,5.31,9.08,58.52,6.8,11.34,59.99,8.51,13.85,61.48,10.39,16.62,62.49,12.34,19.63,62.87,14.43,22.9,62.99,16.76,26.42,63.45,19.31,30.19,63.95,22.16,34.21,64.78,25.37,38.48,65.93,28.45,43.01,66.15,31.59,47.78,66.12,35.21,52.81,66.67,39.15,58.09,67.39,43.11,63.62,67.76
-1,17626,16,Ancrenaz et al. 2004,Ocurrencias,118.1047,5.441667,Precise,Malaysia,Asia,Hominidae,Pongo,Pongo pygmaeus,Pongo_pygmaeus ,line/belt transects,1,0,13.14,NA,0,2001,1370,meter,NA, ,Pongo pygmaeus ,Pongo pygmaeus,57.15,D,435.8333333,AR,Frugivore,377.38,1.693,2,2007.5,249,1088.8,720,1.07,1,Solitary,Spatial Polygyny, ,2Tropical_and_suptropical_moist_broadleaf_forest,0.560224584,0.79,70.91,0.99,1.54,64.51,1.58,2.54,62.4,2.42,3.8,63.71,3.56,5.31,67.04,NA,7.07,NA,6.06,9.08,66.79,7.36,11.34,64.88,8.8,13.85,63.5,10.4,16.62,62.56,12.23,19.63,62.31,14.17,22.9,61.87,16.34,26.42,61.85,18.83,30.19,62.38,21.45,34.21,62.7,24.34,38.48,63.26,27.43,43.01,63.78,30.64,47.78,64.12,34.13,52.81,64.63,37.76,58.09,65,41.3,63.62,64.91
-1,17627,16,Ancrenaz et al. 2004,Ocurrencias,118.1094,5.462778,Precise,Malaysia,Asia,Hominidae,Pongo,Pongo pygmaeus,Pongo_pygmaeus ,line/belt transects,1,0,4,NA,0,2001,1500,meter,NA, ,Pongo pygmaeus ,Pongo pygmaeus,57.15,D,435.8333333,AR,Frugivore,377.38,1.693,2,2007.5,249,1088.8,720,1.07,1,Solitary,Spatial Polygyny, ,2Tropical_and_suptropical_moist_broadleaf_forest,0.517653824,0.79,65.53,1.02,1.54,66.12,1.77,2.54,69.6,2.76,3.8,72.66,3.97,5.31,74.81,NA,7.07,NA,6.8,9.08,74.88,8.43,11.34,74.36,10.28,13.85,74.21,12.31,16.62,74.07,14.51,19.63,73.9,16.95,22.9,74.03,19.63,26.42,74.31,22.56,30.19,74.72,25.78,34.21,75.37,29.4,38.48,76.39,33.21,43.01,77.22,37.1,47.78,77.65,41.19,52.81,78,45.43,58.09,78.2,49.9,63.62,78.43
-1,17628,16,Ancrenaz et al. 2004,Ocurrencias,118.1036,5.461111,Precise,Malaysia,Asia,Hominidae,Pongo,Pongo pygmaeus,Pongo_pygmaeus ,line/belt transects,1,0,7.5,NA,0,2001,400,meter,NA, ,Pongo pygmaeus ,Pongo pygmaeus,57.15,D,435.8333333,AR,Frugivore,377.38,1.693,2,2007.5,249,1088.8,720,1.07,1,Solitary,Spatial Polygyny, ,2Tropical_and_suptropical_moist_broadleaf_forest,0.688823472,0.79,87.19,1.32,1.54,85.92,2.17,2.54,85.35,3.24,3.8,85.25,4.43,5.31,83.41,NA,7.07,NA,7.22,9.08,79.48,8.91,11.34,78.61,10.87,13.85,78.47,13.11,16.62,78.89,15.52,19.63,79.08,18.16,22.9,79.31,21.01,26.42,79.51,23.96,30.19,79.36,27.12,34.21,79.28,30.35,38.48,78.88,33.66,43.01,78.26,37.19,47.78,77.84,41.11,52.81,77.85,45.26,58.09,77.92,49.68,63.62,78.1
-1,17630,16,Ancrenaz et al. 2004,Ocurrencias,118.1167,5.462222,Precise,Malaysia,Asia,Hominidae,Pongo,Pongo pygmaeus,Pongo_pygmaeus ,line/belt transects,1,0,6.45,NA,0,2001,930,meter,NA, ,Pongo pygmaeus ,Pongo pygmaeus,57.15,D,435.8333333,AR,Frugivore,377.38,1.693,2,2007.5,249,1088.8,720,1.07,1,Solitary,Spatial Polygyny, ,2Tropical_and_suptropical_moist_broadleaf_forest,0.435555637,0.79,55.13,0.84,1.54,54.84,1.39,2.54,54.7,2.17,3.8,57.13,3.21,5.31,60.44,NA,7.07,NA,5.74,9.08,63.25,7.17,11.34,63.2,8.69,13.85,62.74,10.42,16.62,62.68,12.5,19.63,63.66,15.06,22.9,65.79,17.96,26.42,68,21.19,30.19,70.2,24.76,34.21,72.37,28.48,38.48,74.01,32.36,43.01,75.24,36.37,47.78,76.11,40.48,52.81,76.65,44.73,58.09,77,49.21,63.62,77.35
-1,17631,16,Ancrenaz et al. 2004,Ocurrencias,118.1042,5.458611,Precise,Malaysia,Asia,Hominidae,Pongo,Pongo pygmaeus,Pongo_pygmaeus ,line/belt transects,1,0,10.63,NA,0,2001,1035,meter,NA, ,Pongo pygmaeus ,Pongo pygmaeus,57.15,D,435.8333333,AR,Frugivore,377.38,1.693,2,2007.5,249,1088.8,720,1.07,1,Solitary,Spatial Polygyny, ,2Tropical_and_suptropical_moist_broadleaf_forest,0.636862825,0.79,80.62,1.25,1.54,81.46,2.06,2.54,80.98,2.96,3.8,77.87,4.01,5.31,75.46,NA,7.07,NA,6.69,9.08,73.63,8.43,11.34,74.37,10.41,13.85,75.18,12.58,16.62,75.67,14.99,19.63,76.39,17.64,22.9,77.05,20.53,26.42,77.71,23.56,30.19,78.04,26.54,34.21,77.57,29.58,38.48,76.86,32.82,43.01,76.31,36.34,47.78,76.06,40.23,52.81,76.18,44.36,58.09,76.37,48.65,63.62,76.48
-1,17632,16,Ancrenaz et al. 2004,Ocurrencias,118.0981,5.448611,Precise,Malaysia,Asia,Hominidae,Pongo,Pongo pygmaeus,Pongo_pygmaeus ,line/belt transects,1,0,5,NA,0,2001,600,meter,NA, ,Pongo pygmaeus ,Pongo pygmaeus,57.15,D,435.8333333,AR,Frugivore,377.38,1.693,2,2007.5,249,1088.8,720,1.07,1,Solitary,Spatial Polygyny, ,2Tropical_and_suptropical_moist_broadleaf_forest,0.655843239,0.79,83.02,1.29,1.54,83.54,2.14,2.54,84.32,3.21,3.8,84.36,4.51,5.31,85.03,NA,7.07,NA,7.49,9.08,82.46,9.21,11.34,81.26,11.18,13.85,80.72,13.24,16.62,79.69,15.5,19.63,78.98,17.93,22.9,78.29,20.44,26.42,77.37,23.16,30.19,76.73,25.88,34.21,75.65,28.75,38.48,74.71,31.7,43.01,73.71,34.73,47.78,72.69,37.84,52.81,71.66,41.09,58.09,70.73,44.56,63.62,70.04
-1,17634,16,Ancrenaz et al. 2004,Ocurrencias,118.1675,5.457944,Precise,Malaysia,Asia,Hominidae,Pongo,Pongo pygmaeus,Pongo_pygmaeus ,line/belt transects,1,0,13.91,NA,0,2001,1510,meter,NA, ,Pongo pygmaeus ,Pongo pygmaeus,57.15,D,435.8333333,AR,Frugivore,377.38,1.693,2,2007.5,249,1088.8,720,1.07,1,Solitary,Spatial Polygyny, ,2Tropical_and_suptropical_moist_broadleaf_forest,0.563897987,0.79,71.38,1.19,1.54,77.24,2.02,2.54,79.65,3.1,3.8,81.56,4.4,5.31,82.78,NA,7.07,NA,7.38,9.08,81.32,9.18,11.34,80.94,11.26,13.85,81.3,13.59,16.62,81.77,16.17,19.63,82.37,18.99,22.9,82.94,22.02,26.42,83.34,25.21,30.19,83.52,28.69,34.21,83.87,32.14,38.48,83.53,35.72,43.01,83.05,39.67,47.78,83.03,43.88,52.81,83.1,48.23,58.09,83.02,52.89,63.62,83.13
-1,17635,16,Ancrenaz et al. 2004,Ocurrencias,118.1796,5.4545,Precise,Malaysia,Asia,Hominidae,Pongo,Pongo pygmaeus,Pongo_pygmaeus ,line/belt transects,1,0,7.5,NA,0,2001,400,meter,NA, ,Pongo pygmaeus ,Pongo pygmaeus,57.15,D,435.8333333,AR,Frugivore,377.38,1.693,2,2007.5,249,1088.8,720,1.07,1,Solitary,Spatial Polygyny, ,2Tropical_and_suptropical_moist_broadleaf_forest,0.5107222,0.79,64.65,1.13,1.54,73.07,1.9,2.54,74.77,2.92,3.8,76.71,4.11,5.31,77.44,NA,7.07,NA,6.93,9.08,76.31,8.65,11.34,76.25,10.72,13.85,77.37,13.09,16.62,78.75,15.75,19.63,80.22,18.69,22.9,81.62,21.72,26.42,82.2,24.97,30.19,82.72,28.52,34.21,83.38,32.27,38.48,83.87,36.19,43.01,84.14,40.27,47.78,84.28,44.56,52.81,84.37,49.12,58.09,84.56,53.75,63.62,84.49
-1,17636,16,Ancrenaz et al. 2004,Ocurrencias,118.1619,5.459667,Precise,Malaysia,Asia,Hominidae,Pongo,Pongo pygmaeus,Pongo_pygmaeus ,line/belt transects,1,0,27.78,NA,0,2001,288,meter,NA, ,Pongo pygmaeus ,Pongo pygmaeus,57.15,D,435.8333333,AR,Frugivore,377.38,1.693,2,2007.5,249,1088.8,720,1.07,1,Solitary,Spatial Polygyny, ,2Tropical_and_suptropical_moist_broadleaf_forest,0.577250201,0.79,73.07,1.12,1.54,72.5,1.82,2.54,71.82,2.83,3.8,74.4,4.11,5.31,77.44,NA,7.07,NA,7.38,9.08,81.23,9.22,11.34,81.33,11.37,13.85,82.12,13.68,16.62,82.33,16.2,19.63,82.53,19.05,22.9,83.2,21.99,26.42,83.22,25.03,30.19,82.92,28.3,34.21,82.72,31.73,38.48,82.46,35.25,43.01,81.95,39.14,47.78,81.92,43.2,52.81,81.81,47.51,58.09,81.78,52.05,63.62,81.81
-1,17637,16,Ancrenaz et al. 2004,Ocurrencias,118.1618,5.459333,Precise,Malaysia,Asia,Hominidae,Pongo,Pongo pygmaeus,Pongo_pygmaeus ,line/belt transects,1,0,11.5,NA,0,2001,2000,meter,NA, ,Pongo pygmaeus ,Pongo pygmaeus,57.15,D,435.8333333,AR,Frugivore,377.38,1.693,2,2007.5,249,1088.8,720,1.07,1,Solitary,Spatial Polygyny, ,2Tropical_and_suptropical_moist_broadleaf_forest,0.55941158,0.79,70.81,1.1,1.54,71.13,1.81,2.54,71.13,2.81,3.8,74.07,4.11,5.31,77.31,NA,7.07,NA,7.37,9.08,81.13,9.2,11.34,81.1,11.34,13.85,81.86,13.64,16.62,82.09,16.18,19.63,82.45,19.02,22.9,83.04,21.95,26.42,83.08,25,30.19,82.8,28.26,34.21,82.62,31.67,38.48,82.31,35.17,43.01,81.77,39.08,47.78,81.79,43.15,52.81,81.71,47.44,58.09,81.66,52,63.62,81.73
-1,17638,16,Ancrenaz et al. 2004,Ocurrencias,118.1867,5.476917,Precise,Malaysia,Asia,Hominidae,Pongo,Pongo pygmaeus,Pongo_pygmaeus ,line/belt transects,1,0,6.21,NA,0,2001,1450,meter,NA, ,Pongo pygmaeus ,Pongo pygmaeus,57.15,D,435.8333333,AR,Frugivore,377.38,1.693,2,2007.5,249,1088.8,720,1.07,1,Solitary,Spatial Polygyny, ,2Tropical_and_suptropical_moist_broadleaf_forest,0.772532523,0.79,97.79,1.51,1.54,98.32,2.5,2.54,98.55,3.74,3.8,98.4,5.21,5.31,98.03,NA,7.07,NA,8.63,9.08,95.06,10.77,11.34,94.94,13.14,13.85,94.84,15.58,16.62,93.75,18.21,19.63,92.76,21.02,22.9,91.81,24.12,26.42,91.28,27.2,30.19,90.11,29.99,34.21,87.65,33.14,38.48,86.13,36.56,43.01,84.99,40.28,47.78,84.3,44.02,52.81,83.35,47.9,58.09,82.46,52.13,63.62,81.94
-1,17639,16,Ancrenaz et al. 2004,Ocurrencias,118.0717,5.402833,Precise,Malaysia,Asia,Hominidae,Pongo,Pongo pygmaeus,Pongo_pygmaeus ,line/belt transects,1,0,21.43,NA,0,2001,560,meter,NA, ,Pongo pygmaeus ,Pongo pygmaeus,57.15,D,435.8333333,AR,Frugivore,377.38,1.693,2,2007.5,249,1088.8,720,1.07,1,Solitary,Spatial Polygyny, ,2Tropical_and_suptropical_moist_broadleaf_forest,0.768984395,0.79,97.34,1.51,1.54,98.09,2.49,2.54,98.11,3.56,3.8,93.81,4.52,5.31,85.16,NA,7.07,NA,7.24,9.08,79.77,8.89,11.34,78.41,10.77,13.85,77.74,12.66,16.62,76.18,14.65,19.63,74.63,16.77,22.9,73.23,19.23,26.42,72.8,22.12,30.19,73.25,25.07,34.21,73.27,28.1,38.48,73.03,31.25,43.01,72.65,34.75,47.78,72.73,38.49,52.81,72.89,42.47,58.09,73.12,46.43,63.62,72.98
-1,17640,16,Ancrenaz et al. 2004,Ocurrencias,118.0717,5.395278,Precise,Malaysia,Asia,Hominidae,Pongo,Pongo pygmaeus,Pongo_pygmaeus ,line/belt transects,1,0,7.97,NA,0,2001,1004,meter,NA, ,Pongo pygmaeus ,Pongo pygmaeus,57.15,D,435.8333333,AR,Frugivore,377.38,1.693,2,2007.5,249,1088.8,720,1.07,1,Solitary,Spatial Polygyny, ,2Tropical_and_suptropical_moist_broadleaf_forest,0.768969308,0.79,97.34,1.5,1.54,97.53,2.42,2.54,95.18,3.41,3.8,89.76,4.49,5.31,84.58,NA,7.07,NA,7.23,9.08,79.58,8.71,11.34,76.83,10.41,13.85,75.19,12.55,16.62,75.51,14.88,19.63,75.82,17.31,22.9,75.59,19.9,26.42,75.33,22.53,30.19,74.62,25.27,34.21,73.86,28.2,38.48,73.29,31.54,43.01,73.33,35.01,47.78,73.28,38.48,52.81,72.87,42.15,58.09,72.56,46.03,63.62,72.34
-1,17641,16,Ancrenaz et al. 2004,Ocurrencias,118.0557,5.415611,Precise,Malaysia,Asia,Hominidae,Pongo,Pongo pygmaeus,Pongo_pygmaeus ,line/belt transects,1,0,23.9,NA,0,2001,2008,meter,NA, ,Pongo pygmaeus ,Pongo pygmaeus,57.15,D,435.8333333,AR,Frugivore,377.38,1.693,2,2007.5,249,1088.8,720,1.07,1,Solitary,Spatial Polygyny, ,2Tropical_and_suptropical_moist_broadleaf_forest,0.61934283,0.79,78.4,1.27,1.54,82.48,2.17,2.54,85.51,3.25,3.8,85.64,4.41,5.31,83.05,NA,7.07,NA,7.44,9.08,81.9,9.37,11.34,82.61,11.53,13.85,83.24,13.86,16.62,83.42,16.31,19.63,83.11,18.96,22.9,82.79,21.78,26.42,82.45,24.73,30.19,81.91,27.73,34.21,81.06,30.61,38.48,79.55,33.4,43.01,77.65,36.35,47.78,76.08,39.31,52.81,74.44,42.28,58.09,72.78,45.38,63.62,71.32
-1,17642,16,Ancrenaz et al. 2004,Ocurrencias,118.0441,5.412278,Precise,Malaysia,Asia,Hominidae,Pongo,Pongo pygmaeus,Pongo_pygmaeus ,line/belt transects,1,0,17.34,NA,0,2001,2480,meter,NA, ,Pongo pygmaeus ,Pongo pygmaeus,57.15,D,435.8333333,AR,Frugivore,377.38,1.693,2,2007.5,249,1088.8,720,1.07,1,Solitary,Spatial Polygyny, ,2Tropical_and_suptropical_moist_broadleaf_forest,0.581818879,0.79,73.65,1.18,1.54,76.75,2.05,2.54,80.74,3.18,3.8,83.62,4.45,5.31,83.85,NA,7.07,NA,7.62,9.08,83.89,9.35,11.34,82.47,11.22,13.85,81.02,13.17,16.62,79.22,15.2,19.63,77.44,17.24,22.9,75.27,19.3,26.42,73.05,21.42,30.19,70.95,23.74,34.21,69.39,26.23,38.48,68.17,28.96,43.01,67.33,32.05,47.78,67.08,35.44,52.81,67.11,39.1,58.09,67.3,42.71,63.62,67.14
-1,17644,16,Ancrenaz et al. 2004,Ocurrencias,118.0246,5.411167,Precise,Malaysia,Asia,Hominidae,Pongo,Pongo pygmaeus,Pongo_pygmaeus ,line/belt transects,1,0,3.6,NA,0,2001,555,meter,NA, ,Pongo pygmaeus ,Pongo pygmaeus,57.15,D,435.8333333,AR,Frugivore,377.38,1.693,2,2007.5,249,1088.8,720,1.07,1,Solitary,Spatial Polygyny, ,2Tropical_and_suptropical_moist_broadleaf_forest,0.508140526,0.79,64.32,0.93,1.54,60.58,1.34,2.54,52.86,1.91,3.8,50.37,2.68,5.31,50.55,NA,7.07,NA,5.01,9.08,55.14,6.6,11.34,58.23,8.32,13.85,60.06,10.07,16.62,60.6,12,19.63,61.14,14.07,22.9,61.44,16.37,26.42,61.96,18.87,30.19,62.52,21.54,34.21,62.96,24.41,38.48,63.44,27.46,43.01,63.85,30.57,47.78,63.98,34.03,52.81,64.43,37.44,58.09,64.46,40.95,63.62,64.37
-1,17645,16,Ancrenaz et al. 2004,Ocurrencias,118.0152,5.398306,Precise,Malaysia,Asia,Hominidae,Pongo,Pongo pygmaeus,Pongo_pygmaeus ,line/belt transects,1,0,3.03,NA,0,2001,330,meter,NA, ,Pongo pygmaeus ,Pongo pygmaeus,57.15,D,435.8333333,AR,Frugivore,377.38,1.693,2,2007.5,249,1088.8,720,1.07,1,Solitary,Spatial Polygyny, ,2Tropical_and_suptropical_moist_broadleaf_forest,0.483810935,0.79,61.24,1.08,1.54,70.3,1.84,2.54,72.47,2.76,3.8,72.57,3.79,5.31,71.44,NA,7.07,NA,6.31,9.08,69.53,7.83,11.34,69.02,9.64,13.85,69.62,11.57,16.62,69.63,13.56,19.63,69.09,15.54,22.9,67.87,17.68,26.42,66.9,19.84,30.19,65.71,22.21,34.21,64.91,24.71,38.48,64.21,27.31,43.01,63.49,30.06,47.78,62.92,33.48,52.81,63.41,37.12,58.09,63.9,41.03,63.62,64.5
-1,17646,16,Ancrenaz et al. 2004,Ocurrencias,118.0098,5.399528,Precise,Malaysia,Asia,Hominidae,Pongo,Pongo pygmaeus,Pongo_pygmaeus ,line/belt transects,1,0,4.29,NA,0,2001,1400,meter,NA, ,Pongo pygmaeus ,Pongo pygmaeus,57.15,D,435.8333333,AR,Frugivore,377.38,1.693,2,2007.5,249,1088.8,720,1.07,1,Solitary,Spatial Polygyny, ,2Tropical_and_suptropical_moist_broadleaf_forest,0.576277038,0.79,72.95,1.09,1.54,70.5,1.9,2.54,75,2.97,3.8,78.08,4.17,5.31,78.54,NA,7.07,NA,7.06,9.08,77.7,8.63,11.34,76.08,10.51,13.85,75.9,12.55,16.62,75.54,14.75,19.63,75.14,17.14,22.9,74.84,19.26,26.42,72.89,21.33,30.19,70.65,23.36,34.21,68.27,25.82,38.48,67.09,28.61,43.01,66.53,31.73,47.78,66.41,34.84,52.81,65.98,37.92,58.09,65.27,41.45,63.62,65.15
-1,17647,16,Ancrenaz et al. 2004,Ocurrencias,118.0041,5.405944,Precise,Malaysia,Asia,Hominidae,Pongo,Pongo pygmaeus,Pongo_pygmaeus ,line/belt transects,1,0,12.5,NA,0,2001,880,meter,NA, ,Pongo pygmaeus ,Pongo pygmaeus,57.15,D,435.8333333,AR,Frugivore,377.38,1.693,2,2007.5,249,1088.8,720,1.07,1,Solitary,Spatial Polygyny, ,2Tropical_and_suptropical_moist_broadleaf_forest,0.654600255,0.79,82.86,1.3,1.54,84.34,2.18,2.54,85.67,3.22,3.8,84.75,4.37,5.31,82.3,NA,7.07,NA,7.26,9.08,79.92,9.04,11.34,79.69,10.99,13.85,79.33,13.25,16.62,79.73,15.57,19.63,79.31,17.92,22.9,78.27,20.41,26.42,77.27,23.16,30.19,76.72,25.96,34.21,75.89,28.64,38.48,74.43,31.19,43.01,72.53,33.76,47.78,70.67,36.59,52.81,69.28,39.56,58.09,68.09,42.66,63.62,67.05
-1,17648,16,Ancrenaz et al. 2004,Ocurrencias,118.0087,5.404556,Precise,Malaysia,Asia,Hominidae,Pongo,Pongo pygmaeus,Pongo_pygmaeus ,line/belt transects,1,0,7.55,NA,0,2001,795,meter,NA, ,Pongo pygmaeus ,Pongo pygmaeus,57.15,D,435.8333333,AR,Frugivore,377.38,1.693,2,2007.5,249,1088.8,720,1.07,1,Solitary,Spatial Polygyny, ,2Tropical_and_suptropical_moist_broadleaf_forest,0.627706653,0.79,79.46,1.21,1.54,78.39,1.93,2.54,76.11,2.83,3.8,74.46,3.85,5.31,72.46,NA,7.07,NA,6.76,9.08,74.42,8.49,11.34,74.83,10.51,13.85,75.89,12.64,16.62,76.07,14.82,19.63,75.5,17.12,22.9,74.78,19.63,26.42,74.31,22.22,30.19,73.61,24.9,34.21,72.79,27.39,38.48,71.18,29.83,43.01,69.37,32.37,47.78,67.75,35.13,52.81,66.53,38.02,58.09,65.45,41.09,63.62,64.58
-1,17649,16,Ancrenaz et al. 2004,Ocurrencias,117.9981,5.405167,Precise,Malaysia,Asia,Hominidae,Pongo,Pongo pygmaeus,Pongo_pygmaeus ,line/belt transects,1,0,10,NA,0,2001,500,meter,NA, ,Pongo pygmaeus ,Pongo pygmaeus,57.15,D,435.8333333,AR,Frugivore,377.38,1.693,2,2007.5,249,1088.8,720,1.07,1,Solitary,Spatial Polygyny, ,2Tropical_and_suptropical_moist_broadleaf_forest,0.613746994,0.79,77.69,1.29,1.54,83.99,2.24,2.54,88.03,3.4,3.8,89.4,4.77,5.31,89.88,NA,7.07,NA,7.95,9.08,87.51,9.68,11.34,85.34,11.62,13.85,83.86,13.75,16.62,82.71,16.21,19.63,82.6,18.99,22.9,82.91,21.94,26.42,83.05,24.9,30.19,82.49,27.81,34.21,81.3,30.55,38.48,79.4,33.21,43.01,77.21,36.01,47.78,75.36,38.8,52.81,73.46,41.83,58.09,72.01,45.07,63.62,70.84
