OID,N,N_study,Source,BASE,X,Y,Precise,Country,Realm,Family,Genus,Taxon,Taxon_ITIS,Sample_met,Ocurrence,N_groups,Abundanc_1,Abundance,Density,Sample_yea,Sampling_e,Sampling_1,ID_Todo,TRAITS,Taxon_IT_1,ITIS_SPECI,BodyMass_k,DielActivi,HomeRange_,Locomotion,TrophicGui,Brain_size,Canine_Dim,MeanGroupS,Interbirth,Gestation,WeaningAge,MaxLongevi,LitterSz,AdultSexRa,Social_Sys,Mating_Sys,FOREST,BIOME,Buffer_500,Area500,FC_500,Buffer_700,Area700,FC_700,Buffer_900,Area900,FC_900,Buffer_110,Area1100,FC1100,Buffer_130,Area1300,FC_1300,Buffer_150,Area1500,FC_1500,Buffer_170,Area1700,FC_1700,Buffer_190,Area1900,FC_1900,Buffer_210,Area2100,FC_2100,Buffer_230,Area2300,FC_2300,Buffer_250,Area2500,FC_2500,Buffer_270,Area2700,FC_2700,Buffer_290,Area2900,FC_2900,Buffer_310,Area3100,FC_3100,Buffer_330,Area3300,FC_3300,Buffer_350,Area3500,FC_3500,Buffer_370,Area3700,F_Buffer_3,Buffer_390,Area_3900,FC_3900,Buffer_410,Area4100,FC_4100,Buffer_430,Area4300,FC_4300,Buffer_450,Area4500,FC_4500
-1,17869,492,Olson et al. 2013,Ocurrencias,48.36200951,-18.74818723,Precise,Madagascar,Africa,Lemuridae,Prolemur,Prolemur simus,Prolemur_simus ,Linear transect,0,0,0,NA,0,2011,0, ,NA, ,Prolemur simus ,Prolemur simus,1.98,CA,51.185,AR,Folivore,NA,NA,7,365,142,NA,144,1,1,NA,NA, ,2Tropical_and_suptropical_moist_broadleaf_forest,0.77352988,0.79,97.92,1.52,1.54,98.45,2.47,2.54,97.15,3.66,3.8,96.33,NA,5.31,NA,NA,7.07,NA,8.65,9.08,95.24,10.71,11.34,94.47,13.1,13.85,94.57,15.69,16.62,94.37,18.43,19.63,93.89,21.5,22.9,93.87,24.74,26.42,93.66,28.15,30.19,93.24,31.76,34.21,92.85,35.69,38.48,92.75,39.66,43.01,92.2,43.63,47.78,91.32,47.75,52.81,90.42,52.12,58.09,89.72,56.89,63.62,89.42
-1,17870,492,Olson et al. 2013,Ocurrencias,48.40507244,-18.73401635,Precise,Madagascar,Africa,Lemuridae,Prolemur,Prolemur simus,Prolemur_simus ,Linear transect,0,0,0,NA,0,2011,0, ,NA, ,Prolemur simus ,Prolemur simus,1.98,CA,51.185,AR,Folivore,NA,NA,7,365,142,NA,144,1,1,NA,NA, ,2Tropical_and_suptropical_moist_broadleaf_forest,0.773533391,0.79,97.92,1.51,1.54,97.9,2.5,2.54,98.34,3.73,3.8,98.1,NA,5.31,NA,NA,7.07,NA,8.93,9.08,98.31,11.07,11.34,97.59,13.45,13.85,97.09,16.1,16.62,96.87,18.96,19.63,96.57,22.11,22.9,96.57,25.48,26.42,96.42,29.08,30.19,96.31,32.97,34.21,96.38,37.12,38.48,96.48,41.45,43.01,96.38,46.03,47.78,96.34,50.85,52.81,96.29,55.9,58.09,96.23,61.25,63.62,96.28
-1,17871,492,Olson et al. 2013,Ocurrencias,48.40510763,-18.73122873,Precise,Madagascar,Africa,Lemuridae,Prolemur,Prolemur simus,Prolemur_simus ,Linear transect,0,0,0,NA,0,2011,0, ,NA, ,Prolemur simus ,Prolemur simus,1.98,CA,51.185,AR,Folivore,NA,NA,7,365,142,NA,144,1,1,NA,NA, ,2Tropical_and_suptropical_moist_broadleaf_forest,0.773446101,0.79,97.9,1.51,1.54,97.9,2.5,2.54,98.34,3.73,3.8,98.13,NA,5.31,NA,NA,7.07,NA,8.93,9.08,98.31,11.14,11.34,98.2,13.53,13.85,97.72,16.15,16.62,97.19,19.06,19.63,97.09,22.19,22.9,96.89,25.56,26.42,96.76,29.19,30.19,96.69,33,34.21,96.47,37.14,38.48,96.52,41.49,43.01,96.46,46.05,47.78,96.37,50.86,52.81,96.3,55.98,58.09,96.36,61.34,63.62,96.41
-1,17872,492,Olson et al. 2013,Ocurrencias,48.39269719,-18.71487923,Precise,Madagascar,Africa,Lemuridae,Prolemur,Prolemur simus,Prolemur_simus ,Linear transect,0,0,0,NA,0,2011,0, ,NA, ,Prolemur simus ,Prolemur simus,1.98,CA,51.185,AR,Folivore,NA,NA,7,365,142,NA,144,1,1,NA,NA, ,2Tropical_and_suptropical_moist_broadleaf_forest,0.767600721,0.79,97.16,1.51,1.54,98.06,2.48,2.54,97.73,3.68,3.8,96.95,NA,5.31,NA,NA,7.07,NA,8.81,9.08,97.08,11.01,11.34,97.12,13.45,13.85,97.14,16.13,16.62,97.07,18.97,19.63,96.64,22.09,22.9,96.44,25.52,26.42,96.6,29.15,30.19,96.55,33.02,34.21,96.52,37.17,38.48,96.6,41.57,43.01,96.66,46.22,47.78,96.75,51.11,52.81,96.79,56.24,58.09,96.82,61.56,63.62,96.76
-1,17873,492,Olson et al. 2013,Ocurrencias,48.38955587,-18.71419533,Precise,Madagascar,Africa,Lemuridae,Prolemur,Prolemur simus,Prolemur_simus ,Linear transect,0,0,0,NA,0,2011,0, ,NA, ,Prolemur simus ,Prolemur simus,1.98,CA,51.185,AR,Folivore,NA,NA,7,365,142,NA,144,1,1,NA,NA, ,2Tropical_and_suptropical_moist_broadleaf_forest,0.761050135,0.79,96.34,1.47,1.54,95.76,2.44,2.54,96.04,3.66,3.8,96.3,NA,5.31,NA,NA,7.07,NA,8.79,9.08,96.85,10.99,11.34,96.92,13.38,13.85,96.61,16.03,16.62,96.48,18.9,19.63,96.27,22.06,22.9,96.33,25.5,26.42,96.51,29.07,30.19,96.3,32.94,34.21,96.28,37.12,38.48,96.46,41.5,43.01,96.49,46.18,47.78,96.66,51.07,52.81,96.7,56.15,58.09,96.66,61.46,63.62,96.6
-1,17874,492,Olson et al. 2013,Ocurrencias,48.39194932,-18.70799459,Precise,Madagascar,Africa,Lemuridae,Prolemur,Prolemur simus,Prolemur_simus ,Linear transect,0,0,0,NA,0,2011,0, ,NA, ,Prolemur simus ,Prolemur simus,1.98,CA,51.185,AR,Folivore,NA,NA,7,365,142,NA,144,1,1,NA,NA, ,2Tropical_and_suptropical_moist_broadleaf_forest,0.767128876,0.79,97.1,1.5,1.54,97.19,2.48,2.54,97.6,3.68,3.8,96.81,NA,5.31,NA,NA,7.07,NA,8.78,9.08,96.71,10.96,11.34,96.65,13.43,13.85,97,16.12,16.62,96.97,19.06,19.63,97.09,22.22,22.9,97.05,25.64,26.42,97.05,29.31,30.19,97.1,33.15,34.21,96.89,37.28,38.48,96.88,41.65,43.01,96.85,46.23,47.78,96.76,51.13,52.81,96.82,56.25,58.09,96.83,61.58,63.62,96.8
-1,17875,492,Olson et al. 2013,Ocurrencias,48.41060943,-18.67535644,Precise,Madagascar,Africa,Lemuridae,Prolemur,Prolemur simus,Prolemur_simus ,Linear transect,0,0,0,NA,0,2011,0, ,NA, ,Prolemur simus ,Prolemur simus,1.98,CA,51.185,AR,Folivore,NA,NA,7,365,142,NA,144,1,1,NA,NA, ,2Tropical_and_suptropical_moist_broadleaf_forest,0.773525732,0.79,97.91,1.52,1.54,98.45,2.49,2.54,98.1,3.73,3.8,98.1,NA,5.31,NA,NA,7.07,NA,8.89,9.08,97.85,11.09,11.34,97.84,13.57,13.85,97.98,16.28,16.62,97.97,19.25,19.63,98.07,22.46,22.9,98.1,25.91,26.42,98.08,29.58,30.19,97.99,33.5,34.21,97.92,37.64,38.48,97.82,42.06,43.01,97.78,46.73,47.78,97.81,51.63,52.81,97.77,56.73,58.09,97.67,62.07,63.62,97.56
-1,17876,492,Olson et al. 2013,Ocurrencias,48.40565235,-18.67275635,Precise,Madagascar,Africa,Lemuridae,Prolemur,Prolemur simus,Prolemur_simus ,Linear transect,0,0,0,NA,0,2011,0, ,NA, ,Prolemur simus ,Prolemur simus,1.98,CA,51.185,AR,Folivore,NA,NA,7,365,142,NA,144,1,1,NA,NA, ,2Tropical_and_suptropical_moist_broadleaf_forest,0.76757414,0.79,97.16,1.51,1.54,97.94,2.49,2.54,98.03,3.71,3.8,97.55,NA,5.31,NA,NA,7.07,NA,8.86,9.08,97.61,11.09,11.34,97.8,13.56,13.85,97.91,16.27,16.62,97.91,19.23,19.63,97.96,22.41,22.9,97.84,25.84,26.42,97.82,29.52,30.19,97.79,33.44,34.21,97.75,37.59,38.48,97.69,41.94,43.01,97.51,46.54,47.78,97.41,51.39,52.81,97.32,56.46,58.09,97.19,61.75,63.62,97.06
-1,17877,492,Olson et al. 2013,Ocurrencias,48.39817267,-18.6721988,Precise,Madagascar,Africa,Lemuridae,Prolemur,Prolemur simus,Prolemur_simus ,Linear transect,0,0,0,NA,0,2011,0, ,NA, ,Prolemur simus ,Prolemur simus,1.98,CA,51.185,AR,Folivore,NA,NA,7,365,142,NA,144,1,1,NA,NA, ,2Tropical_and_suptropical_moist_broadleaf_forest,0.765039038,0.79,96.84,1.49,1.54,96.87,2.45,2.54,96.6,3.68,3.8,96.96,NA,5.31,NA,NA,7.07,NA,8.87,9.08,97.71,11.08,11.34,97.71,13.56,13.85,97.88,16.26,16.62,97.81,19.18,19.63,97.71,22.37,22.9,97.67,25.78,26.42,97.57,29.41,30.19,97.42,33.29,34.21,97.31,37.43,38.48,97.28,41.75,43.01,97.07,46.24,47.78,96.78,51.04,52.81,96.66,56.05,58.09,96.49,61.34,63.62,96.41
-1,17878,492,Olson et al. 2013,Ocurrencias,48.38845725,-18.67614369,Precise,Madagascar,Africa,Lemuridae,Prolemur,Prolemur simus,Prolemur_simus ,Linear transect,0,0,0,NA,0,2011,0, ,NA, ,Prolemur simus ,Prolemur simus,1.98,CA,51.185,AR,Folivore,NA,NA,7,365,142,NA,144,1,1,NA,NA, ,2Tropical_and_suptropical_moist_broadleaf_forest,0.770149906,0.79,97.49,1.51,1.54,97.85,2.48,2.54,97.71,3.71,3.8,97.69,NA,5.31,NA,NA,7.07,NA,8.88,9.08,97.8,11.1,11.34,97.92,13.54,13.85,97.77,16.25,16.62,97.79,19.21,19.63,97.84,22.37,22.9,97.7,25.74,26.42,97.42,29.32,30.19,97.1,33.18,34.21,96.99,37.25,38.48,96.8,41.61,43.01,96.73,46.21,47.78,96.71,50.98,52.81,96.54,56,58.09,96.41,61.31,63.62,96.37
-1,17879,492,Olson et al. 2013,Ocurrencias,48.40474649,-18.6677481,Precise,Madagascar,Africa,Lemuridae,Prolemur,Prolemur simus,Prolemur_simus ,Linear transect,0,0,0,NA,0,2011,0, ,NA, ,Prolemur simus ,Prolemur simus,1.98,CA,51.185,AR,Folivore,NA,NA,7,365,142,NA,144,1,1,NA,NA, ,2Tropical_and_suptropical_moist_broadleaf_forest,0.766741408,0.79,97.06,1.5,1.54,97.62,2.49,2.54,98.17,3.72,3.8,97.98,NA,5.31,NA,NA,7.07,NA,8.87,9.08,97.66,11.07,11.34,97.6,13.51,13.85,97.57,16.2,16.62,97.46,19.15,19.63,97.54,22.36,22.9,97.64,25.8,26.42,97.66,29.46,30.19,97.57,33.34,34.21,97.46,37.42,38.48,97.23,41.76,43.01,97.09,46.31,47.78,96.92,51.08,52.81,96.73,56.15,58.09,96.66,61.38,63.62,96.48
-1,17880,492,Olson et al. 2013,Ocurrencias,48.40796011,-18.66387866,Precise,Madagascar,Africa,Lemuridae,Prolemur,Prolemur simus,Prolemur_simus ,Linear transect,0,0,0,NA,0,2011,0, ,NA, ,Prolemur simus ,Prolemur simus,1.98,CA,51.185,AR,Folivore,NA,NA,7,365,142,NA,144,1,1,NA,NA, ,2Tropical_and_suptropical_moist_broadleaf_forest,0.77003132,0.79,97.47,1.5,1.54,97.51,2.49,2.54,98.11,3.72,3.8,97.97,NA,5.31,NA,NA,7.07,NA,8.89,9.08,97.95,11.08,11.34,97.69,13.51,13.85,97.52,16.18,16.62,97.33,19.13,19.63,97.46,22.32,22.9,97.49,25.75,26.42,97.46,29.39,30.19,97.35,33.26,34.21,97.23,37.41,38.48,97.21,41.73,43.01,97.01,46.32,47.78,96.94,51.05,52.81,96.66,56.02,58.09,96.43,61.24,63.62,96.26
-1,17881,492,Olson et al. 2013,Ocurrencias,48.40568259,-18.66099084,Precise,Madagascar,Africa,Lemuridae,Prolemur,Prolemur simus,Prolemur_simus ,Linear transect,0,0,0,NA,0,2011,0, ,NA, ,Prolemur simus ,Prolemur simus,1.98,CA,51.185,AR,Folivore,NA,NA,7,365,142,NA,144,1,1,NA,NA, ,2Tropical_and_suptropical_moist_broadleaf_forest,0.763288916,0.79,96.62,1.5,1.54,97.56,2.49,2.54,98.05,3.72,3.8,97.9,NA,5.31,NA,NA,7.07,NA,8.84,9.08,97.39,11.03,11.34,97.29,13.49,13.85,97.37,16.17,16.62,97.27,19.07,19.63,97.14,22.23,22.9,97.09,25.62,26.42,96.96,29.27,30.19,96.94,33.1,34.21,96.75,37.19,38.48,96.66,41.46,43.01,96.39,45.96,47.78,96.19,50.67,52.81,95.95,55.71,58.09,95.9,60.98,63.62,95.85
-1,17882,492,Olson et al. 2013,Ocurrencias,48.4077548,-18.73646567,Precise,Madagascar,Africa,Lemuridae,Prolemur,Prolemur simus,Prolemur_simus ,Linear transect,1,0,0,NA,0,2011,0, ,NA, ,Prolemur simus ,Prolemur simus,1.98,CA,51.185,AR,Folivore,NA,NA,7,365,142,NA,144,1,1,NA,NA, ,2Tropical_and_suptropical_moist_broadleaf_forest,0.773522451,0.79,97.91,1.52,1.54,98.45,2.51,2.54,98.66,3.73,3.8,98.28,NA,5.31,NA,NA,7.07,NA,8.87,9.08,97.65,11.08,11.34,97.72,13.46,13.85,97.16,16.06,16.62,96.61,18.92,19.63,96.41,22,22.9,96.05,25.39,26.42,96.1,29.08,30.19,96.31,33.01,34.21,96.5,37.17,38.48,96.59,41.54,43.01,96.58,46.15,47.78,96.59,50.97,52.81,96.52,56.01,58.09,96.41,61.33,63.62,96.39
-1,17883,492,Olson et al. 2013,Ocurrencias,48.41383511,-18.7112236,Precise,Madagascar,Africa,Lemuridae,Prolemur,Prolemur simus,Prolemur_simus ,Linear transect,1,0,0,NA,0,2011,0, ,NA, ,Prolemur simus ,Prolemur simus,1.98,CA,51.185,AR,Folivore,NA,NA,7,365,142,NA,144,1,1,NA,NA, ,2Tropical_and_suptropical_moist_broadleaf_forest,0.77345231,0.79,97.91,1.52,1.54,98.45,2.51,2.54,98.67,3.74,3.8,98.53,NA,5.31,NA,NA,7.07,NA,8.93,9.08,98.38,11.16,11.34,98.38,13.62,13.85,98.32,16.34,16.62,98.3,19.29,19.63,98.28,22.49,22.9,98.23,25.95,26.42,98.22,29.65,30.19,98.2,33.57,34.21,98.13,37.75,38.48,98.09,42.17,43.01,98.04,46.83,47.78,98.01,51.7,52.81,97.89,56.75,58.09,97.7,62.12,63.62,97.64
-1,17884,492,Olson et al. 2013,Ocurrencias,48.39619167,-18.71565836,Precise,Madagascar,Africa,Lemuridae,Prolemur,Prolemur simus,Prolemur_simus ,Linear transect,1,0,0,NA,0,2011,0, ,NA, ,Prolemur simus ,Prolemur simus,1.98,CA,51.185,AR,Folivore,NA,NA,7,365,142,NA,144,1,1,NA,NA, ,2Tropical_and_suptropical_moist_broadleaf_forest,0.773528937,0.79,97.92,1.51,1.54,98.06,2.49,2.54,98.07,3.73,3.8,98.13,NA,5.31,NA,NA,7.07,NA,8.83,9.08,97.29,11.02,11.34,97.16,13.48,13.85,97.35,16.19,16.62,97.41,19.09,19.63,97.25,22.22,22.9,97.01,25.56,26.42,96.74,29.19,30.19,96.68,33.08,34.21,96.69,37.25,38.48,96.8,41.65,43.01,96.84,46.3,47.78,96.91,51.16,52.81,96.87,56.25,58.09,96.83,61.6,63.62,96.83
-1,17885,492,Olson et al. 2013,Ocurrencias,48.38900213,-18.70897591,Precise,Madagascar,Africa,Lemuridae,Prolemur,Prolemur simus,Prolemur_simus ,Linear transect,1,0,0,NA,0,2011,0, ,NA, ,Prolemur simus ,Prolemur simus,1.98,CA,51.185,AR,Folivore,NA,NA,7,365,142,NA,144,1,1,NA,NA, ,2Tropical_and_suptropical_moist_broadleaf_forest,0.772012554,0.79,97.72,1.51,1.54,97.91,2.43,2.54,95.5,3.63,3.8,95.65,NA,5.31,NA,NA,7.07,NA,8.76,9.08,96.51,10.94,11.34,96.49,13.38,13.85,96.6,16.07,16.62,96.69,18.98,19.63,96.71,22.18,22.9,96.85,25.59,26.42,96.87,29.19,30.19,96.7,33.1,34.21,96.75,37.22,38.48,96.72,41.54,43.01,96.59,46.17,47.78,96.63,51.02,52.81,96.6,56.09,58.09,96.56,61.46,63.62,96.6
-1,17886,492,Olson et al. 2013,Ocurrencias,48.39601637,-18.69728419,Precise,Madagascar,Africa,Lemuridae,Prolemur,Prolemur simus,Prolemur_simus ,Linear transect,1,0,0,NA,0,2011,0, ,NA, ,Prolemur simus ,Prolemur simus,1.98,CA,51.185,AR,Folivore,NA,NA,7,365,142,NA,144,1,1,NA,NA, ,2Tropical_and_suptropical_moist_broadleaf_forest,0.75222935,0.79,95.22,1.48,1.54,96.29,2.46,2.54,96.95,3.69,3.8,97.05,NA,5.31,NA,NA,7.07,NA,8.85,9.08,97.43,11.07,11.34,97.66,13.52,13.85,97.59,16.16,16.62,97.23,19.1,19.63,97.29,22.29,22.9,97.34,25.73,26.42,97.39,29.41,30.19,97.42,33.35,34.21,97.48,37.53,38.48,97.53,41.96,43.01,97.57,46.61,47.78,97.55,51.49,52.81,97.49,56.65,58.09,97.53,61.98,63.62,97.42
-1,17887,492,Olson et al. 2013,Ocurrencias,48.39670377,-18.69550891,Precise,Madagascar,Africa,Lemuridae,Prolemur,Prolemur simus,Prolemur_simus ,Linear transect,1,0,0,NA,0,2011,0, ,NA, ,Prolemur simus ,Prolemur simus,1.98,CA,51.185,AR,Folivore,NA,NA,7,365,142,NA,144,1,1,NA,NA, ,2Tropical_and_suptropical_moist_broadleaf_forest,0.773312911,0.79,97.89,1.49,1.54,96.74,2.47,2.54,97.39,3.69,3.8,97.2,NA,5.31,NA,NA,7.07,NA,8.86,9.08,97.54,11.05,11.34,97.46,13.49,13.85,97.43,16.21,16.62,97.54,19.13,19.63,97.43,22.3,22.9,97.39,25.74,26.42,97.44,29.43,30.19,97.49,33.36,34.21,97.51,37.54,38.48,97.55,41.98,43.01,97.6,46.66,47.78,97.66,51.54,52.81,97.6,56.67,58.09,97.55,62.07,63.62,97.56
-1,17888,492,Olson et al. 2013,Ocurrencias,48.39183138,-18.69669531,Precise,Madagascar,Africa,Lemuridae,Prolemur,Prolemur simus,Prolemur_simus ,Linear transect,1,0,0,NA,0,2011,0, ,NA, ,Prolemur simus ,Prolemur simus,1.98,CA,51.185,AR,Folivore,NA,NA,7,365,142,NA,144,1,1,NA,NA, ,2Tropical_and_suptropical_moist_broadleaf_forest,0.771495348,0.79,97.66,1.49,1.54,96.6,2.44,2.54,96.14,3.66,3.8,96.41,NA,5.31,NA,NA,7.07,NA,8.85,9.08,97.41,11.06,11.34,97.56,13.48,13.85,97.32,16.14,16.62,97.09,19.06,19.63,97.11,22.25,22.9,97.17,25.68,26.42,97.2,29.37,30.19,97.29,33.31,34.21,97.38,37.5,38.48,97.47,41.88,43.01,97.37,46.53,47.78,97.38,51.43,52.81,97.39,56.58,58.09,97.4,61.8,63.62,97.15
-1,17889,492,Olson et al. 2013,Ocurrencias,48.39730184,-18.69242381,Precise,Madagascar,Africa,Lemuridae,Prolemur,Prolemur simus,Prolemur_simus ,Linear transect,1,0,0,NA,0,2011,0, ,NA, ,Prolemur simus ,Prolemur simus,1.98,CA,51.185,AR,Folivore,NA,NA,7,365,142,NA,144,1,1,NA,NA, ,2Tropical_and_suptropical_moist_broadleaf_forest,0.7734497,0.79,97.91,1.52,1.54,98.45,2.49,2.54,98.19,3.71,3.8,97.57,NA,5.31,NA,NA,7.07,NA,8.82,9.08,97.14,11.04,11.34,97.33,13.5,13.85,97.46,16.2,16.62,97.49,19.17,19.63,97.64,22.38,22.9,97.75,25.77,26.42,97.55,29.44,30.19,97.53,33.39,34.21,97.59,37.57,38.48,97.63,41.99,43.01,97.63,46.68,47.78,97.7,51.6,52.81,97.72,56.76,58.09,97.71,62.08,63.62,97.58
-1,17890,492,Olson et al. 2013,Ocurrencias,48.41644692,-18.67832249,Precise,Madagascar,Africa,Lemuridae,Prolemur,Prolemur simus,Prolemur_simus ,Linear transect,1,0,0,NA,0,2011,0, ,NA, ,Prolemur simus ,Prolemur simus,1.98,CA,51.185,AR,Folivore,NA,NA,7,365,142,NA,144,1,1,NA,NA, ,2Tropical_and_suptropical_moist_broadleaf_forest,0.773519177,0.79,97.91,1.52,1.54,98.45,2.5,2.54,98.29,3.73,3.8,98.26,NA,5.31,NA,NA,7.07,NA,8.93,9.08,98.31,11.13,11.34,98.18,13.6,13.85,98.19,16.31,16.62,98.12,19.26,19.63,98.13,22.47,22.9,98.14,25.93,26.42,98.16,29.62,30.19,98.12,33.58,34.21,98.15,37.75,38.48,98.09,42.16,43.01,98.02,46.81,47.78,97.96,51.7,52.81,97.9,56.89,58.09,97.93,62.28,63.62,97.9
