OID,N,N_study,Source,BASE,X,Y,Precise,Country,Realm,Family,Genus,Taxon,Taxon_ITIS,Sample_met,Ocurrence,N_groups,Abundanc_1,Abundance,Density,Sample_yea,Sampling_e,Sampling_1,ID_Todo,TRAITS,Taxon_IT_1,ITIS_SPECI,BodyMass_k,DielActivi,HomeRange_,Locomotion,TrophicGui,Brain_size,Canine_Dim,MeanGroupS,Interbirth,Gestation,WeaningAge,MaxLongevi,LitterSz,AdultSexRa,Social_Sys,Mating_Sys,FOREST,BIOME,Buffer_500,Area500,FC_500,Buffer_700,Area700,FC_700,Buffer_900,Area900,FC_900,Buffer_110,Area1100,FC1100,Buffer_130,Area1300,FC_1300,Buffer_150,Area1500,FC_1500,Buffer_170,Area1700,FC_1700,Buffer_190,Area1900,FC_1900,Buffer_210,Area2100,FC_2100,Buffer_230,Area2300,FC_2300,Buffer_250,Area2500,FC_2500,Buffer_270,Area2700,FC_2700,Buffer_290,Area2900,FC_2900,Buffer_310,Area3100,FC_3100,Buffer_330,Area3300,FC_3300,Buffer_350,Area3500,FC_3500,Buffer_370,Area3700,F_Buffer_3,Buffer_390,Area_3900,FC_3900,Buffer_410,Area4100,FC_4100,Buffer_430,Area4300,FC_4300,Buffer_450,Area4500,FC_4500
-1,18328,333,Rakotonirina et al. 2014,Ocurrencias,46.605,-16.583,Precise,Madagascar,Madagascar,Indriidae,Propithecus,Propithecus verreauxi,Propithecus_verreauxi,Direct observation,0,0,0,NA,0,2010,0, ,NA, ,Propithecus verreauxi,Propithecus verreauxi,2.91,D,6.083333333,AR,Folivore_frugivore,26.21,1.061,5,451,150.31,177.83,309.6,1.01,1.65,Polygyndry,Polygyndry, ,9Tropical and Subtropical Dry Broadleaf Forest,0.395983465,0.79,50.12,0.52,1.54,34,0.6,2.54,23.6,0.7,3.8,18.47,0.86,5.31,16.28,1.06,7.07,15.06,1.29,9.08,14.16,1.53,11.34,13.51,1.78,13.85,12.85,2.12,16.62,12.75,2.43,19.63,12.36,2.66,22.9,11.61,2.84,26.42,10.75,2.99,30.19,9.91,3.02,34.21,8.83,3.04,38.48,7.89,3.05,43.01,7.1,3.05,47.78,6.39,3.08,52.81,5.84,3.11,58.09,5.36,3.15,63.62,4.94
-1,18329,333,Rakotonirina et al. 2014,Ocurrencias,46.739,-16.767,Precise,Madagascar,Madagascar,Indriidae,Propithecus,Propithecus verreauxi,Propithecus_verreauxi,Direct observation,0,0,0,NA,0,2010,0, ,NA, ,Propithecus verreauxi,Propithecus verreauxi,2.91,D,6.083333333,AR,Folivore_frugivore,26.21,1.061,5,451,150.31,177.83,309.6,1.01,1.65,Polygyndry,Polygyndry, ,9Tropical and Subtropical Dry Broadleaf Forest,0,0.79,0,0,1.54,0,0,2.54,0,0,3.8,0,0,5.31,0,0,7.07,0,0,9.08,0,0,11.34,0,0,13.85,0,0,16.62,0,0.01,19.63,0.03,0.01,22.9,0.02,0.01,26.42,0.02,0.01,30.19,0.02,0.01,34.21,0.02,0.01,38.48,0.01,0.01,43.01,0.03,0.04,47.78,0.09,0.04,52.81,0.08,0.05,58.09,0.09,0.05,63.62,0.08
-1,18330,333,Rakotonirina et al. 2014,Ocurrencias,46.707,-16.751,Precise,Madagascar,Madagascar,Indriidae,Propithecus,Propithecus verreauxi,Propithecus_verreauxi,Direct observation,0,0,0,NA,0,2010,0, ,NA, ,Propithecus verreauxi,Propithecus verreauxi,2.91,D,6.083333333,AR,Folivore_frugivore,26.21,1.061,5,451,150.31,177.83,309.6,1.01,1.65,Polygyndry,Polygyndry, ,9Tropical and Subtropical Dry Broadleaf Forest,0.005141912,0.79,0.65,0.01,1.54,0.34,0.02,2.54,0.81,0.03,3.8,0.84,0.04,5.31,0.74,0.04,7.07,0.56,0.04,9.08,0.49,0.05,11.34,0.4,0.05,13.85,0.36,0.05,16.62,0.3,0.05,19.63,0.25,0.05,22.9,0.22,0.05,26.42,0.19,0.05,30.19,0.16,0.05,34.21,0.15,0.05,38.48,0.13,0.05,43.01,0.12,0.05,47.78,0.1,0.05,52.81,0.09,0.05,58.09,0.09,0.05,63.62,0.08
-1,18331,333,Rakotonirina et al. 2014,Ocurrencias,46.782,-16.847,Precise,Madagascar,Madagascar,Indriidae,Propithecus,Propithecus verreauxi,Propithecus_verreauxi,Direct observation,0,0,0,NA,0,2010,0, ,NA, ,Propithecus verreauxi,Propithecus verreauxi,2.91,D,6.083333333,AR,Folivore_frugivore,26.21,1.061,5,451,150.31,177.83,309.6,1.01,1.65,Polygyndry,Polygyndry, ,9Tropical and Subtropical Dry Broadleaf Forest,0,0.79,0,0,1.54,0,0,2.54,0.16,0.01,3.8,0.18,0.01,5.31,0.13,0.01,7.07,0.1,0.01,9.08,0.15,0.02,11.34,0.15,0.02,13.85,0.15,0.03,16.62,0.18,0.04,19.63,0.21,0.04,22.9,0.19,0.08,26.42,0.31,0.11,30.19,0.37,0.17,34.21,0.48,0.19,38.48,0.48,0.19,43.01,0.44,0.19,47.78,0.39,0.21,52.81,0.39,0.22,58.09,0.38,0.22,63.62,0.34
-1,18332,333,Rakotonirina et al. 2014,Ocurrencias,46.613,-17.024,Precise,Madagascar,Madagascar,Indriidae,Propithecus,Propithecus verreauxi,Propithecus_verreauxi,Direct observation,0,0,0,NA,0,2010,0, ,NA, ,Propithecus verreauxi,Propithecus verreauxi,2.91,D,6.083333333,AR,Folivore_frugivore,26.21,1.061,5,451,150.31,177.83,309.6,1.01,1.65,Polygyndry,Polygyndry, ,9Tropical and Subtropical Dry Broadleaf Forest,0.055461852,0.79,7.02,0.08,1.54,5.5,0.1,2.54,3.95,0.1,3.8,2.73,0.1,5.31,1.95,0.1,7.07,1.46,0.1,9.08,1.14,0.1,11.34,0.91,0.11,13.85,0.82,0.13,16.62,0.76,0.13,19.63,0.66,0.16,22.9,0.71,0.19,26.42,0.71,0.19,30.19,0.62,0.19,34.21,0.55,0.19,38.48,0.48,0.19,43.01,0.43,0.2,47.78,0.41,0.21,52.81,0.39,0.21,58.09,0.35,0.21,63.62,0.34
-1,18333,333,Rakotonirina et al. 2014,Ocurrencias,46.301,-17.899,Precise,Madagascar,Madagascar,Indriidae,Propithecus,Propithecus verreauxi,Propithecus_verreauxi,Direct observation,0,0,0,NA,0,2010,0, ,NA, ,Propithecus verreauxi,Propithecus verreauxi,2.91,D,6.083333333,AR,Folivore_frugivore,26.21,1.061,5,451,150.31,177.83,309.6,1.01,1.65,Polygyndry,Polygyndry, ,2Tropical_and_suptropical_moist_broadleaf_forest,0.230061342,0.79,29.12,0.4,1.54,25.68,0.49,2.54,19.11,0.58,3.8,15.25,0.7,5.31,13.27,NA,7.07,NA,1.01,9.08,11.11,1.18,11.34,10.38,1.36,13.85,9.79,1.53,16.62,9.2,1.73,19.63,8.81,2,22.9,8.71,2.37,26.42,8.96,2.59,30.19,8.57,2.87,34.21,8.39,3.24,38.48,8.42,3.52,43.01,8.18,3.87,47.78,8.11,4.19,52.81,7.94,4.53,58.09,7.8,4.97,63.62,7.81
-1,18334,333,Rakotonirina et al. 2014,Ocurrencias,46.304,-17.899,Precise,Madagascar,Madagascar,Indriidae,Propithecus,Propithecus verreauxi,Propithecus_verreauxi,Direct observation,0,0,0,NA,0,2010,0, ,NA, ,Propithecus verreauxi,Propithecus verreauxi,2.91,D,6.083333333,AR,Folivore_frugivore,26.21,1.061,5,451,150.31,177.83,309.6,1.01,1.65,Polygyndry,Polygyndry, ,2Tropical_and_suptropical_moist_broadleaf_forest,0.182128608,0.79,23.05,0.25,1.54,16.29,0.38,2.54,14.79,0.49,3.8,13.02,0.59,5.31,11.02,NA,7.07,NA,0.98,9.08,10.82,1.17,11.34,10.3,1.34,13.85,9.69,1.49,16.62,8.99,1.71,19.63,8.69,1.98,22.9,8.63,2.32,26.42,8.78,2.54,30.19,8.41,2.86,34.21,8.35,3.21,38.48,8.33,3.49,43.01,8.12,3.81,47.78,7.98,4.15,52.81,7.85,4.51,58.09,7.76,4.94,63.62,7.77
-1,18335,333,Rakotonirina et al. 2014,Ocurrencias,45.993,-18.095,Precise,Madagascar,Madagascar,Indriidae,Propithecus,Propithecus verreauxi,Propithecus_verreauxi,Direct observation,0,0,0,NA,0,2010,0, ,NA, ,Propithecus verreauxi,Propithecus verreauxi,2.91,D,6.083333333,AR,Folivore_frugivore,26.21,1.061,5,451,150.31,177.83,309.6,1.01,1.65,Polygyndry,Polygyndry, ,2Tropical_and_suptropical_moist_broadleaf_forest,0.373691764,0.79,47.3,0.58,1.54,37.88,0.87,2.54,34.1,1.17,3.8,30.89,1.47,5.31,27.75,NA,7.07,NA,2.28,9.08,25.13,2.62,11.34,23.11,2.93,13.85,21.19,3.2,16.62,19.23,3.59,19.63,18.27,3.78,22.9,16.49,4.15,26.42,15.72,4.45,30.19,14.74,5,34.21,14.62,5.54,38.48,14.4,6.07,43.01,14.12,6.51,47.78,13.63,7,52.81,13.26,7.52,58.09,12.95,8.03,63.62,12.63
-1,18336,333,Rakotonirina et al. 2014,Ocurrencias,45.955,-18.029,Precise,Madagascar,Madagascar,Indriidae,Propithecus,Propithecus verreauxi,Propithecus_verreauxi,Direct observation,0,0,0,NA,0,2010,0, ,NA, ,Propithecus verreauxi,Propithecus verreauxi,2.91,D,6.083333333,AR,Folivore_frugivore,26.21,1.061,5,451,150.31,177.83,309.6,1.01,1.65,Polygyndry,Polygyndry, ,2Tropical_and_suptropical_moist_broadleaf_forest,0.444147699,0.79,56.22,0.56,1.54,36.55,0.7,2.54,27.49,0.88,3.8,23.14,1.08,5.31,20.27,NA,7.07,NA,1.75,9.08,19.27,2.11,11.34,18.63,2.4,13.85,17.32,2.66,16.62,15.98,2.89,19.63,14.71,3.05,22.9,13.32,3.28,26.42,12.42,3.61,30.19,11.96,3.95,34.21,11.54,4.18,38.48,10.87,4.34,43.01,10.1,4.53,47.78,9.48,4.71,52.81,8.92,4.95,58.09,8.52,5.26,63.62,8.27
-1,18337,333,Rakotonirina et al. 2014,Ocurrencias,45.876,-19.306,Precise,Madagascar,Madagascar,Indriidae,Propithecus,Propithecus verreauxi,Propithecus_verreauxi,Direct observation,0,0,0,NA,0,2010,0, ,NA, ,Propithecus verreauxi,Propithecus verreauxi,2.91,D,6.083333333,AR,Folivore_frugivore,26.21,1.061,5,451,150.31,177.83,309.6,1.01,1.65,Polygyndry,Polygyndry, ,2Tropical_and_suptropical_moist_broadleaf_forest,0.059944828,0.79,7.59,0.17,1.54,10.82,0.26,2.54,10.26,0.37,3.8,9.85,0.64,5.31,12.05,NA,7.07,NA,1.41,9.08,15.49,1.81,11.34,15.94,2.2,13.85,15.86,2.6,16.62,15.62,2.98,19.63,15.18,3.55,22.9,15.5,4.16,26.42,15.73,4.8,30.19,15.9,5.26,34.21,15.39,5.8,38.48,15.07,6.25,43.01,14.53,6.81,47.78,14.26,7.48,52.81,14.17,8.1,58.09,13.94,8.7,63.62,13.67
-1,18338,333,Rakotonirina et al. 2014,Ocurrencias,45.939,-19.318,Precise,Madagascar,Madagascar,Indriidae,Propithecus,Propithecus verreauxi,Propithecus_verreauxi,Direct observation,0,0,0,NA,0,2010,0, ,NA, ,Propithecus verreauxi,Propithecus verreauxi,2.91,D,6.083333333,AR,Folivore_frugivore,26.21,1.061,5,451,150.31,177.83,309.6,1.01,1.65,Polygyndry,Polygyndry, ,2Tropical_and_suptropical_moist_broadleaf_forest,0.051742772,0.79,6.55,0.11,1.54,6.86,0.14,2.54,5.65,0.22,3.8,5.73,0.26,5.31,4.8,NA,7.07,NA,0.41,9.08,4.57,0.57,11.34,5,0.67,13.85,4.84,0.77,16.62,4.65,0.93,19.63,4.72,1.06,22.9,4.61,1.15,26.42,4.37,1.34,30.19,4.42,1.62,34.21,4.74,1.89,38.48,4.9,2.14,43.01,4.97,2.37,47.78,4.97,2.63,52.81,4.97,2.89,58.09,4.98,3.13,63.62,4.93
-1,18339,333,Rakotonirina et al. 2014,Ocurrencias,45.427,-18.257,Precise,Madagascar,Madagascar,Indriidae,Propithecus,Propithecus verreauxi,Propithecus_verreauxi,Direct observation,0,0,0,NA,0,2010,0, ,NA, ,Propithecus verreauxi,Propithecus verreauxi,2.91,D,6.083333333,AR,Folivore_frugivore,26.21,1.061,5,451,150.31,177.83,309.6,1.01,1.65,Polygyndry,Polygyndry, ,2Tropical_and_suptropical_moist_broadleaf_forest,0.378319788,0.79,47.89,0.77,1.54,50.16,1.31,2.54,51.65,2.03,3.8,53.37,2.81,5.31,52.9,NA,7.07,NA,5.11,9.08,56.28,6.17,11.34,54.41,7.48,13.85,54.02,8.83,16.62,53.16,10.5,19.63,53.48,12.31,22.9,53.76,14.4,26.42,54.51,16.77,30.19,55.55,19.35,34.21,56.57,22.11,38.48,57.46,24.93,43.01,57.96,28.08,47.78,58.78,31.45,52.81,59.55,35.18,58.09,60.56,39.01,63.62,61.31
-1,18340,333,Rakotonirina et al. 2014,Ocurrencias,45.531,-18.298,Precise,Madagascar,Madagascar,Indriidae,Propithecus,Propithecus verreauxi,Propithecus_verreauxi,Direct observation,0,0,0,NA,0,2010,0, ,NA, ,Propithecus verreauxi,Propithecus verreauxi,2.91,D,6.083333333,AR,Folivore_frugivore,26.21,1.061,5,451,150.31,177.83,309.6,1.01,1.65,Polygyndry,Polygyndry, ,2Tropical_and_suptropical_moist_broadleaf_forest,0.563191885,0.79,71.29,1.03,1.54,66.92,1.69,2.54,66.52,2.48,3.8,65.3,3.3,5.31,62.2,NA,7.07,NA,5.32,9.08,58.61,6.54,11.34,57.63,7.87,13.85,56.82,9.32,16.62,56.08,10.89,19.63,55.5,12.58,22.9,54.93,14.4,26.42,54.49,16.33,30.19,54.09,18.28,34.21,53.43,20.46,38.48,53.16,23.19,43.01,53.92,25.91,47.78,54.22,28.78,52.81,54.5,31.92,58.09,54.95,34.9,63.62,54.85
-1,18341,333,Rakotonirina et al. 2014,Ocurrencias,45.551,-18.312,Precise,Madagascar,Madagascar,Indriidae,Propithecus,Propithecus verreauxi,Propithecus_verreauxi,Direct observation,0,0,0,NA,0,2010,0, ,NA, ,Propithecus verreauxi,Propithecus verreauxi,2.91,D,6.083333333,AR,Folivore_frugivore,26.21,1.061,5,451,150.31,177.83,309.6,1.01,1.65,Polygyndry,Polygyndry, ,2Tropical_and_suptropical_moist_broadleaf_forest,0.418739587,0.79,53.01,0.88,1.54,56.92,1.4,2.54,55.3,1.96,3.8,51.71,2.78,5.31,52.37,NA,7.07,NA,4.7,9.08,51.81,5.86,11.34,51.72,6.99,13.85,50.45,8.15,16.62,49.04,9.4,19.63,47.87,10.74,22.9,46.92,12.2,26.42,46.19,13.6,30.19,45.06,15.24,34.21,44.54,17.08,38.48,44.4,18.92,43.01,43.98,20.7,47.78,43.32,22.63,52.81,42.84,24.47,58.09,42.12,26.41,63.62,41.51
-1,18342,333,Rakotonirina et al. 2014,Ocurrencias,45.572,-18.323,Precise,Madagascar,Madagascar,Indriidae,Propithecus,Propithecus verreauxi,Propithecus_verreauxi,Direct observation,0,0,0,NA,0,2010,0, ,NA, ,Propithecus verreauxi,Propithecus verreauxi,2.91,D,6.083333333,AR,Folivore_frugivore,26.21,1.061,5,451,150.31,177.83,309.6,1.01,1.65,Polygyndry,Polygyndry, ,2Tropical_and_suptropical_moist_broadleaf_forest,0.338009775,0.79,42.79,0.79,1.54,51.37,1.43,2.54,56.35,2.19,3.8,57.68,2.97,5.31,56,NA,7.07,NA,4.81,9.08,53.03,5.61,11.34,49.46,6.66,13.85,48.09,7.69,16.62,46.29,8.67,19.63,44.15,9.87,22.9,43.12,10.89,26.42,41.24,11.84,30.19,39.2,12.67,34.21,37.02,13.82,38.48,35.9,14.98,43.01,34.82,16.1,47.78,33.69,17.2,52.81,32.57,18.34,58.09,31.57,19.44,63.62,30.56
-1,18343,333,Rakotonirina et al. 2014,Ocurrencias,45.555,-18.259,Precise,Madagascar,Madagascar,Indriidae,Propithecus,Propithecus verreauxi,Propithecus_verreauxi,Direct observation,0,0,0,NA,0,2010,0, ,NA, ,Propithecus verreauxi,Propithecus verreauxi,2.91,D,6.083333333,AR,Folivore_frugivore,26.21,1.061,5,451,150.31,177.83,309.6,1.01,1.65,Polygyndry,Polygyndry, ,2Tropical_and_suptropical_moist_broadleaf_forest,0.455932445,0.79,57.71,0.82,1.54,52.99,1.23,2.54,48.48,1.74,3.8,45.84,2.4,5.31,45.11,NA,7.07,NA,4.2,9.08,46.22,5.11,11.34,45.08,6.27,13.85,45.29,7.33,16.62,44.11,8.41,19.63,42.82,9.79,22.9,42.76,11.54,26.42,43.69,13.52,30.19,44.78,15.59,34.21,45.56,17.93,38.48,46.58,20.33,43.01,47.26,22.82,47.78,47.76,25.38,52.81,48.07,28.27,58.09,48.66,31.18,63.62,49.02
-1,18344,333,Rakotonirina et al. 2014,Ocurrencias,45.529,-18.29,Precise,Madagascar,Madagascar,Indriidae,Propithecus,Propithecus verreauxi,Propithecus_verreauxi,Direct observation,0,0,0,NA,0,2010,0, ,NA, ,Propithecus verreauxi,Propithecus verreauxi,2.91,D,6.083333333,AR,Folivore_frugivore,26.21,1.061,5,451,150.31,177.83,309.6,1.01,1.65,Polygyndry,Polygyndry, ,2Tropical_and_suptropical_moist_broadleaf_forest,0.552421693,0.79,69.93,1.1,1.54,71.53,1.79,2.54,70.29,2.73,3.8,71.82,3.88,5.31,73,NA,7.07,NA,6.79,9.08,74.82,8.38,11.34,73.86,9.86,13.85,71.18,11.39,16.62,68.54,12.99,19.63,66.2,14.82,22.9,64.74,16.55,26.42,62.65,18.38,30.19,60.89,20.35,34.21,59.5,22.57,38.48,58.65,25.04,43.01,58.22,27.79,47.78,58.16,30.68,52.81,58.09,33.6,58.09,57.84,36.83,63.62,57.89
-1,18345,333,Rakotonirina et al. 2014,Ocurrencias,45.49,-18.286,Precise,Madagascar,Madagascar,Indriidae,Propithecus,Propithecus verreauxi,Propithecus_verreauxi,Direct observation,0,0,0,NA,0,2010,0, ,NA, ,Propithecus verreauxi,Propithecus verreauxi,2.91,D,6.083333333,AR,Folivore_frugivore,26.21,1.061,5,451,150.31,177.83,309.6,1.01,1.65,Polygyndry,Polygyndry, ,2Tropical_and_suptropical_moist_broadleaf_forest,0.538048516,0.79,68.11,1.1,1.54,71.7,1.88,2.54,73.91,2.88,3.8,75.82,4.06,5.31,76.38,NA,7.07,NA,6.97,9.08,76.73,8.78,11.34,77.39,10.69,13.85,77.18,12.81,16.62,77.05,14.97,19.63,76.27,17.29,22.9,75.49,19.69,26.42,74.53,22.08,30.19,73.14,24.58,34.21,71.86,27.4,38.48,71.2,30.31,43.01,70.47,33.51,47.78,70.14,36.78,52.81,69.64,40.15,58.09,69.11,43.58,63.62,68.5
-1,18346,333,Rakotonirina et al. 2014,Ocurrencias,47.078,-17.102,Precise,Madagascar,Madagascar,Indriidae,Propithecus,Propithecus verreauxi,Propithecus_verreauxi,Direct observation,0,0,0,NA,0,2010,0, ,NA, ,Propithecus verreauxi,Propithecus verreauxi,2.91,D,6.083333333,AR,Folivore_frugivore,26.21,1.061,5,451,150.31,177.83,309.6,1.01,1.65,Polygyndry,Polygyndry, ,9Tropical and Subtropical Dry Broadleaf Forest,0,0.79,0,0,1.54,0,0.07,2.54,2.59,0.19,3.8,5.02,0.26,5.31,4.94,0.34,7.07,4.79,0.4,9.08,4.38,0.41,11.34,3.64,0.46,13.85,3.3,0.49,16.62,2.97,0.57,19.63,2.9,0.63,22.9,2.75,0.64,26.42,2.43,0.66,30.19,2.19,0.67,34.21,1.97,0.71,38.48,1.84,0.74,43.01,1.71,0.76,47.78,1.6,0.79,52.81,1.49,0.82,58.09,1.41,1.01,63.62,1.59
-1,18347,333,Rakotonirina et al. 2014,Ocurrencias,47.017,-17.136,Precise,Madagascar,Madagascar,Indriidae,Propithecus,Propithecus verreauxi,Propithecus_verreauxi,Direct observation,0,0,0,NA,0,2010,0, ,NA, ,Propithecus verreauxi,Propithecus verreauxi,2.91,D,6.083333333,AR,Folivore_frugivore,26.21,1.061,5,451,150.31,177.83,309.6,1.01,1.65,Polygyndry,Polygyndry, ,9Tropical and Subtropical Dry Broadleaf Forest,0,0.79,0,0,1.54,0.17,0.01,2.54,0.3,0.01,3.8,0.2,0.01,5.31,0.14,0.01,7.07,0.11,0.01,9.08,0.08,0.02,11.34,0.16,0.04,13.85,0.27,0.05,16.62,0.31,0.05,19.63,0.28,0.05,22.9,0.24,0.06,26.42,0.21,0.09,30.19,0.31,0.11,34.21,0.32,0.14,38.48,0.37,0.18,43.01,0.43,0.29,47.78,0.61,0.39,52.81,0.74,0.49,58.09,0.84,0.54,63.62,0.85
-1,18348,333,Rakotonirina et al. 2014,Ocurrencias,46.332,-18.318,Precise,Madagascar,Madagascar,Indriidae,Propithecus,Propithecus verreauxi,Propithecus_verreauxi,Direct observation,0,0,0,NA,0,2010,0, ,NA, ,Propithecus verreauxi,Propithecus verreauxi,2.91,D,6.083333333,AR,Folivore_frugivore,26.21,1.061,5,451,150.31,177.83,309.6,1.01,1.65,Polygyndry,Polygyndry, ,2Tropical_and_suptropical_moist_broadleaf_forest,0.112880245,0.79,14.29,0.14,1.54,9.23,0.16,2.54,6.4,0.2,3.8,5.26,0.22,5.31,4.14,NA,7.07,NA,0.32,9.08,3.49,0.38,11.34,3.38,0.47,13.85,3.36,0.57,16.62,3.42,0.72,19.63,3.66,0.87,22.9,3.8,0.98,26.42,3.72,1.17,30.19,3.87,1.36,34.21,3.97,1.54,38.48,4.01,1.83,43.01,4.26,2.08,47.78,4.36,2.33,52.81,4.4,2.63,58.09,4.52,2.83,63.62,4.45
-1,18349,333,Rakotonirina et al. 2014,Ocurrencias,45.553,-19.076,Precise,Madagascar,Madagascar,Indriidae,Propithecus,Propithecus verreauxi,Propithecus_verreauxi,Direct observation,0,0,0,NA,0,2010,0, ,NA, ,Propithecus verreauxi,Propithecus verreauxi,2.91,D,6.083333333,AR,Folivore_frugivore,26.21,1.061,5,451,150.31,177.83,309.6,1.01,1.65,Polygyndry,Polygyndry, ,2Tropical_and_suptropical_moist_broadleaf_forest,0.179171757,0.79,22.68,0.38,1.54,24.64,0.68,2.54,26.64,0.98,3.8,25.87,1.39,5.31,26.14,NA,7.07,NA,2.46,9.08,27.1,3.01,11.34,26.58,3.66,13.85,26.39,4.32,16.62,25.99,4.92,19.63,25.08,5.66,22.9,24.69,6.55,26.42,24.78,7.42,30.19,24.59,8.4,34.21,24.55,9.6,38.48,24.96,10.78,43.01,25.06,11.89,47.78,24.88,12.94,52.81,24.51,14.13,58.09,24.33,15.37,63.62,24.15
-1,18350,333,Rakotonirina et al. 2014,Ocurrencias,45.718,-19.281,Precise,Madagascar,Madagascar,Indriidae,Propithecus,Propithecus verreauxi,Propithecus_verreauxi,Direct observation,0,0,0,NA,0,2010,0, ,NA, ,Propithecus verreauxi,Propithecus verreauxi,2.91,D,6.083333333,AR,Folivore_frugivore,26.21,1.061,5,451,150.31,177.83,309.6,1.01,1.65,Polygyndry,Polygyndry, ,2Tropical_and_suptropical_moist_broadleaf_forest,0.15479607,0.79,19.59,0.29,1.54,18.69,0.47,2.54,18.6,0.78,3.8,20.61,1.14,5.31,21.53,NA,7.07,NA,2.04,9.08,22.5,2.41,11.34,21.22,2.9,13.85,20.96,3.43,16.62,20.64,3.87,19.63,19.7,4.48,22.9,19.58,5.16,26.42,19.52,5.86,30.19,19.42,6.81,34.21,19.91,7.94,38.48,20.63,9.06,43.01,21.06,10.1,47.78,21.14,11.05,52.81,20.92,12.06,58.09,20.76,13.02,63.62,20.47
-1,18351,333,Rakotonirina et al. 2014,Ocurrencias,46.237,-20.339,Precise,Madagascar,Madagascar,Indriidae,Propithecus,Propithecus verreauxi,Propithecus_verreauxi,Direct observation,1,0,0,NA,0,2010,0, ,NA, ,Propithecus verreauxi,Propithecus verreauxi,2.91,D,6.083333333,AR,Folivore_frugivore,26.21,1.061,5,451,150.31,177.83,309.6,1.01,1.65,Polygyndry,Polygyndry, ,2Tropical_and_suptropical_moist_broadleaf_forest,0.030472708,0.79,3.86,0.04,1.54,2.91,0.07,2.54,2.68,0.09,3.8,2.38,0.11,5.31,2.12,NA,7.07,NA,0.13,9.08,1.4,0.14,11.34,1.22,0.15,13.85,1.07,0.16,16.62,0.94,0.17,19.63,0.85,0.17,22.9,0.73,0.18,26.42,0.67,0.18,30.19,0.58,0.18,34.21,0.53,0.19,38.48,0.5,0.2,43.01,0.46,0.2,47.78,0.42,0.2,52.81,0.38,0.2,58.09,0.34,0.2,63.62,0.31
-1,18352,333,Rakotonirina et al. 2014,Ocurrencias,46.347,-20.534,Precise,Madagascar,Madagascar,Indriidae,Propithecus,Propithecus verreauxi,Propithecus_verreauxi,Direct observation,1,0,0,NA,0,2010,0, ,NA, ,Propithecus verreauxi,Propithecus verreauxi,2.91,D,6.083333333,AR,Folivore_frugivore,26.21,1.061,5,451,150.31,177.83,309.6,1.01,1.65,Polygyndry,Polygyndry, ,2Tropical_and_suptropical_moist_broadleaf_forest,0.075095198,0.79,9.51,0.08,1.54,5.23,0.09,2.54,3.59,0.11,3.8,2.83,0.12,5.31,2.35,NA,7.07,NA,0.17,9.08,1.88,0.2,11.34,1.78,0.23,13.85,1.66,0.26,16.62,1.57,0.32,19.63,1.62,0.36,22.9,1.58,0.4,26.42,1.51,0.44,30.19,1.46,0.47,34.21,1.38,0.49,38.48,1.28,0.52,43.01,1.2,0.56,47.78,1.18,0.62,52.81,1.18,0.74,58.09,1.27,0.81,63.62,1.27
