OID,N,N_study,Source,BASE,X,Y,Precise,Country,Realm,Family,Genus,Taxon,Taxon_ITIS,Sample_met,Ocurrence,N_groups,Abundanc_1,Abundance,Density,Sample_yea,Sampling_e,Sampling_1,ID_Todo,TRAITS,Taxon_IT_1,ITIS_SPECI,BodyMass_k,DielActivi,HomeRange_,Locomotion,TrophicGui,Brain_size,Canine_Dim,MeanGroupS,Interbirth,Gestation,WeaningAge,MaxLongevi,LitterSz,AdultSexRa,Social_Sys,Mating_Sys,FOREST,BIOME,Buffer_500,Area500,FC_500,Buffer_700,Area700,FC_700,Buffer_900,Area900,FC_900,Buffer_110,Area1100,FC1100,Buffer_130,Area1300,FC_1300,Buffer_150,Area1500,FC_1500,Buffer_170,Area1700,FC_1700,Buffer_190,Area1900,FC_1900,Buffer_210,Area2100,FC_2100,Buffer_230,Area2300,FC_2300,Buffer_250,Area2500,FC_2500,Buffer_270,Area2700,FC_2700,Buffer_290,Area2900,FC_2900,Buffer_310,Area3100,FC_3100,Buffer_330,Area3300,FC_3300,Buffer_350,Area3500,FC_3500,Buffer_370,Area3700,F_Buffer_3,Buffer_390,Area_3900,FC_3900,Buffer_410,Area4100,FC_4100,Buffer_430,Area4300,FC_4300,Buffer_450,Area4500,FC_4500
-1,17968,309,Salmona et al. 2014,Ocurrencias,46.826,-15.424,Precise,Madagascar,Madagascar,Indriidae,Propithecus,Propithecus coquereli,Propithecus_coquereli ,Transects,1,33,113,N individuals,0,2009,9,survey effort (days),NA, ,Propithecus coquereli ,Propithecus coquereli,3.785,D,7.625,AR,Folivore_frugivore,30.19,NA,5.5,365,151.5,180.96,366,1,1.45,NA,NA, ,9Tropical and Subtropical Dry Broadleaf Forest,0,0.79,0,0.04,1.54,2.47,0.06,2.54,2.39,0.08,3.8,2,0.08,5.31,1.43,0.08,7.07,1.15,0.1,9.08,1.13,0.12,11.34,1.07,0.19,13.85,1.39,0.37,16.62,2.24,0.74,19.63,3.75,1.21,22.9,5.29,1.71,26.42,6.46,2.17,30.19,7.18,2.62,34.21,7.66,3.11,38.48,8.08,3.65,43.01,8.49,4.13,47.78,8.64,4.62,52.81,8.74,5.22,58.09,8.99,5.99,63.62,9.42
-1,17969,309,Salmona et al. 2014,Ocurrencias,47.239,-14.996,Precise,Madagascar,Madagascar,Indriidae,Propithecus,Propithecus coquereli,Propithecus_coquereli ,Transects,1,47,165,N individuals,0,2009,15,survey effort (days),NA, ,Propithecus coquereli ,Propithecus coquereli,3.785,D,7.625,AR,Folivore_frugivore,30.19,NA,5.5,365,151.5,180.96,366,1,1.45,NA,NA, ,9Tropical and Subtropical Dry Broadleaf Forest,0.036656565,0.79,4.64,0.23,1.54,15.23,0.49,2.54,19.47,0.92,3.8,24.3,1.27,5.31,23.9,1.68,7.07,23.73,2.27,9.08,25.03,2.79,11.34,24.58,3.27,13.85,23.6,3.79,16.62,22.79,4.35,19.63,22.15,4.89,22.9,21.33,5.5,26.42,20.81,6.27,30.19,20.77,7.06,34.21,20.65,7.71,38.48,20.04,8.36,43.01,19.43,8.81,47.78,18.45,9.26,52.81,17.53,9.74,58.09,16.76,10.36,63.62,16.28
-1,17970,309,Salmona et al. 2014,Ocurrencias,46.814,-16.315,Precise,Madagascar,Madagascar,Indriidae,Propithecus,Propithecus coquereli,Propithecus_coquereli ,Transects,1,6,23,N individuals,0,2009,15,survey effort (days),NA, ,Propithecus coquereli ,Propithecus coquereli,3.785,D,7.625,AR,Folivore_frugivore,30.19,NA,5.5,365,151.5,180.96,366,1,1.45,NA,NA, ,9Tropical and Subtropical Dry Broadleaf Forest,0.413402225,0.79,52.33,0.76,1.54,49.29,1.25,2.54,49.32,2.11,3.8,55.48,3.18,5.31,59.8,4.35,7.07,61.47,5.68,9.08,62.56,7.24,11.34,63.86,8.91,13.85,64.34,10.56,16.62,63.51,12.15,19.63,61.88,13.78,22.9,60.19,15.4,26.42,58.29,16.91,30.19,56.01,18.27,34.21,53.41,19.49,38.48,50.66,20.59,43.01,47.86,21.4,47.78,44.78,22.25,52.81,42.12,23.14,58.09,39.84,24.01,63.62,37.73
-1,17971,309,Salmona et al. 2014,Ocurrencias,47.141,-16.04,Precise,Madagascar,Madagascar,Indriidae,Propithecus,Propithecus coquereli,Propithecus_coquereli ,Transects,1,20,71,N individuals,0,2009,9,survey effort (days),NA, ,Propithecus coquereli ,Propithecus coquereli,3.785,D,7.625,AR,Folivore_frugivore,30.19,NA,5.5,365,151.5,180.96,366,1,1.45,NA,NA, ,9Tropical and Subtropical Dry Broadleaf Forest,0.231982722,0.79,29.36,0.52,1.54,33.73,0.93,2.54,36.46,1.4,3.8,36.89,1.88,5.31,35.44,2.5,7.07,35.38,3.17,9.08,34.89,3.9,11.34,34.37,4.63,13.85,33.45,5.59,16.62,33.66,6.7,19.63,34.11,7.7,22.9,33.63,8.58,26.42,32.49,9.4,30.19,31.14,10.23,34.21,29.92,11.21,38.48,29.12,12.19,43.01,28.35,13.16,47.78,27.54,14.05,52.81,26.61,14.94,58.09,25.72,15.75,63.62,24.76
-1,17972,309,Salmona et al. 2014,Ocurrencias,46.652,-16.373,Precise,Madagascar,Madagascar,Indriidae,Propithecus,Propithecus coquereli,Propithecus_coquereli ,Transects,1,15,57,N individuals,0,2009,15,survey effort (days),NA, ,Propithecus coquereli ,Propithecus coquereli,3.785,D,7.625,AR,Folivore_frugivore,30.19,NA,5.5,365,151.5,180.96,366,1,1.45,NA,NA, ,9Tropical and Subtropical Dry Broadleaf Forest,0.263374383,0.79,33.34,0.6,1.54,38.84,0.91,2.54,35.79,1.43,3.8,37.65,2.05,5.31,38.62,2.61,7.07,36.92,3.26,9.08,35.95,3.9,11.34,34.42,4.54,13.85,32.74,5.16,16.62,31.07,5.81,19.63,29.59,6.53,22.9,28.52,7.26,26.42,27.46,8.02,30.19,26.57,8.85,34.21,25.86,9.72,38.48,25.26,10.57,43.01,24.58,11.5,47.78,24.07,12.75,52.81,24.15,14.19,58.09,24.43,15.45,63.62,24.28
-1,17973,309,Salmona et al. 2014,Ocurrencias,46.914,-16.283,Precise,Madagascar,Madagascar,Indriidae,Propithecus,Propithecus coquereli,Propithecus_coquereli ,Transects,1,3,6,N individuals,0,2009,9,survey effort (days),NA, ,Propithecus coquereli ,Propithecus coquereli,3.785,D,7.625,AR,Folivore_frugivore,30.19,NA,5.5,365,151.5,180.96,366,1,1.45,NA,NA, ,9Tropical and Subtropical Dry Broadleaf Forest,0.630899159,0.79,79.86,1.23,1.54,79.98,1.95,2.54,76.9,2.79,3.8,73.36,3.46,5.31,65.1,4.14,7.07,58.56,4.92,9.08,54.18,5.71,11.34,50.39,6.49,13.85,46.85,7.38,16.62,44.41,8.48,19.63,43.21,9.64,22.9,42.11,10.83,26.42,40.97,12.21,30.19,40.43,13.35,34.21,39.01,14.3,38.48,37.15,15.22,43.01,35.38,16.58,47.78,34.69,18.14,52.81,34.35,19.8,58.09,34.09,21.25,63.62,33.4
-1,17974,309,Salmona et al. 2014,Ocurrencias,46.388,-15.627,Precise,Madagascar,Madagascar,Indriidae,Propithecus,Propithecus coquereli,Propithecus_coquereli ,Transects,1,2,11,N individuals,0,2009,2,survey effort (days),NA, ,Propithecus coquereli ,Propithecus coquereli,3.785,D,7.625,AR,Folivore_frugivore,30.19,NA,5.5,365,151.5,180.96,366,1,1.45,NA,NA, ,9Tropical and Subtropical Dry Broadleaf Forest,0,0.79,0,0,1.54,0,0,2.54,0,0,3.8,0,0,5.31,0,0,7.07,0,0,9.08,0,0,11.34,0,0,13.85,0,0.01,16.62,0.04,0.01,19.63,0.03,0.01,22.9,0.03,0.01,26.42,0.02,0.01,30.19,0.02,0.01,34.21,0.02,0.01,38.48,0.02,0.01,43.01,0.01,0.01,47.78,0.01,0.01,52.81,0.01,0.01,58.09,0.01,0.01,63.62,0.01
-1,17975,309,Salmona et al. 2014,Ocurrencias,46.686,-15.482,Precise,Madagascar,Madagascar,Indriidae,Propithecus,Propithecus coquereli,Propithecus_coquereli ,Transects,1,37,138,N individuals,0,2009,12,survey effort (days),NA, ,Propithecus coquereli ,Propithecus coquereli,3.785,D,7.625,AR,Folivore_frugivore,30.19,NA,5.5,365,151.5,180.96,366,1,1.45,NA,NA, ,9Tropical and Subtropical Dry Broadleaf Forest,0,0.79,0,0.04,1.54,2.9,0.23,2.54,9.07,0.58,3.8,15.17,1.03,5.31,19.3,1.6,7.07,22.6,2.28,9.08,25.09,3.17,11.34,27.94,4.31,13.85,31.09,5.55,16.62,33.41,6.76,19.63,34.46,7.81,22.9,34.11,8.74,26.42,33.09,9.85,30.19,32.64,11.2,34.21,32.75,12.69,38.48,32.97,14.4,43.01,33.49,16.08,47.78,33.66,17.78,52.81,33.66,19.54,58.09,33.64,21.43,63.62,33.69
-1,17976,309,Salmona et al. 2014,Ocurrencias,47.098,-15.123,Precise,Madagascar,Madagascar,Indriidae,Propithecus,Propithecus coquereli,Propithecus_coquereli ,Transects,1,29,104,N individuals,0,2009,10,survey effort (days),NA, ,Propithecus coquereli ,Propithecus coquereli,3.785,D,7.625,AR,Folivore_frugivore,30.19,NA,5.5,365,151.5,180.96,366,1,1.45,NA,NA, ,9Tropical and Subtropical Dry Broadleaf Forest,0.243163227,0.79,30.78,0.45,1.54,29.17,0.61,2.54,23.82,0.73,3.8,19.28,0.93,5.31,17.55,1.24,7.07,17.57,1.52,9.08,16.72,1.75,11.34,15.41,2.04,13.85,14.74,2.28,16.62,13.69,2.49,19.63,12.71,2.81,22.9,12.25,3.18,26.42,12.02,3.49,30.19,11.55,3.72,34.21,10.87,3.87,38.48,10.06,3.97,43.01,9.22,3.98,47.78,8.34,3.99,52.81,7.55,3.99,58.09,6.86,3.99,63.62,6.27
-1,17977,309,Salmona et al. 2014,Ocurrencias,46.633,-15.434,Precise,Madagascar,Madagascar,Indriidae,Propithecus,Propithecus coquereli,Propithecus_coquereli ,Transects,1,11,47,N individuals,0,2010,6,survey effort (days),NA, ,Propithecus coquereli ,Propithecus coquereli,3.785,D,7.625,AR,Folivore_frugivore,30.19,NA,5.5,365,151.5,180.96,366,1,1.45,NA,NA, ,9Tropical and Subtropical Dry Broadleaf Forest,0.026739008,0.79,3.38,0.03,1.54,2.25,0.05,2.54,1.99,0.1,3.8,2.69,0.11,5.31,2.05,0.12,7.07,1.68,0.13,9.08,1.41,0.17,11.34,1.52,0.24,13.85,1.74,0.31,16.62,1.86,0.42,19.63,2.16,0.6,22.9,2.62,0.78,26.42,2.94,0.96,30.19,3.18,1.18,34.21,3.44,1.48,38.48,3.86,1.88,43.01,4.38,2.46,47.78,5.15,3.15,52.81,5.97,3.84,58.09,6.61,4.44,63.62,6.97
-1,17978,309,Salmona et al. 2014,Ocurrencias,46.815,-15.311,Precise,Madagascar,Madagascar,Indriidae,Propithecus,Propithecus coquereli,Propithecus_coquereli ,Transects,1,31,102,N individuals,0,2010,9,survey effort (days),NA, ,Propithecus coquereli ,Propithecus coquereli,3.785,D,7.625,AR,Folivore_frugivore,30.19,NA,5.5,365,151.5,180.96,366,1,1.45,NA,NA, ,9Tropical and Subtropical Dry Broadleaf Forest,0,0.79,0,0,1.54,0,0,2.54,0,0,3.8,0,0,5.31,0,0,7.07,0,0,9.08,0,0,11.34,0,0,13.85,0,0.01,16.62,0.04,0.01,19.63,0.04,0.01,22.9,0.04,0.02,26.42,0.08,0.04,30.19,0.12,0.12,34.21,0.35,0.22,38.48,0.57,0.32,43.01,0.74,0.48,47.78,1.01,0.68,52.81,1.28,0.77,58.09,1.33,0.83,63.62,1.3
-1,17979,309,Salmona et al. 2014,Ocurrencias,47.709,-14.921,Precise,Madagascar,Madagascar,Indriidae,Propithecus,Propithecus coquereli,Propithecus_coquereli ,Transects,1,10,36,N individuals,0,2011,4,survey effort (days),NA, ,Propithecus coquereli ,Propithecus coquereli,3.785,D,7.625,AR,Folivore_frugivore,30.19,NA,5.5,365,151.5,180.96,366,1,1.45,NA,NA, ,9Tropical and Subtropical Dry Broadleaf Forest,0.045329246,0.79,5.74,0.06,1.54,3.59,0.06,2.54,2.18,0.06,3.8,1.64,0.06,5.31,1.19,0.07,7.07,0.94,0.09,9.08,0.94,0.13,11.34,1.18,0.17,13.85,1.22,0.17,16.62,1.04,0.19,19.63,0.96,0.29,22.9,1.26,0.43,26.42,1.64,0.56,30.19,1.87,0.7,34.21,2.03,0.83,38.48,2.15,1,43.01,2.33,1.22,47.78,2.56,1.41,52.81,2.68,1.6,58.09,2.75,1.84,63.62,2.89
-1,17980,309,Salmona et al. 2014,Ocurrencias,46.386,-15.807,Precise,Madagascar,Madagascar,Indriidae,Propithecus,Propithecus coquereli,Propithecus_coquereli ,Transects,0,0,0,N individuals,0,2011,3,survey effort (days),NA, ,Propithecus coquereli ,Propithecus coquereli,3.785,D,7.625,AR,Folivore_frugivore,30.19,NA,5.5,365,151.5,180.96,366,1,1.45,NA,NA, ,9Tropical and Subtropical Dry Broadleaf Forest,0,0.79,0,0,1.54,0,0,2.54,0,0,3.8,0,0,5.31,0,0,7.07,0,0,9.08,0,0,11.34,0,0,13.85,0,0,16.62,0,0,19.63,0,0,22.9,0,0,26.42,0,0,30.19,0,0,34.21,0,0,38.48,0,0,43.01,0,0,47.78,0,0,52.81,0,0,58.09,0,0,63.62,0
-1,17981,309,Salmona et al. 2014,Ocurrencias,48.213,-15.007,Precise,Madagascar,Madagascar,Indriidae,Propithecus,Propithecus coquereli,Propithecus_coquereli ,Transects,1,1,2,N individuals,0,2011,2,survey effort (days),NA, ,Propithecus coquereli ,Propithecus coquereli,3.785,D,7.625,AR,Folivore_frugivore,30.19,NA,5.5,365,151.5,180.96,366,1,1.45,NA,NA, ,9Tropical and Subtropical Dry Broadleaf Forest,0.688212906,0.79,87.12,1.37,1.54,88.82,2.32,2.54,91.28,3.45,3.8,90.71,4.74,5.31,89.2,6.23,7.07,88.16,7.8,9.08,85.95,9.67,11.34,85.31,11.66,13.85,84.18,13.74,16.62,82.65,15.87,19.63,80.85,17.89,22.9,78.13,20.09,26.42,76.02,22.36,30.19,74.06,24.68,34.21,72.14,27.48,38.48,71.42,30.46,43.01,70.81,33.58,47.78,70.27,36.63,52.81,69.37,39.45,58.09,67.91,42.02,63.62,66.05
-1,17982,309,Salmona et al. 2014,Ocurrencias,48.11,-15.039,Precise,Madagascar,Madagascar,Indriidae,Propithecus,Propithecus coquereli,Propithecus_coquereli ,Transects,1,5,9,N individuals,0,2011,4,survey effort (days),NA, ,Propithecus coquereli ,Propithecus coquereli,3.785,D,7.625,AR,Folivore_frugivore,30.19,NA,5.5,365,151.5,180.96,366,1,1.45,NA,NA, ,9Tropical and Subtropical Dry Broadleaf Forest,0.164717693,0.79,20.85,0.26,1.54,16.76,0.37,2.54,14.7,0.57,3.8,14.95,0.69,5.31,13.08,0.81,7.07,11.41,0.93,9.08,10.23,1.04,11.34,9.18,1.13,13.85,8.13,1.24,16.62,7.48,1.43,19.63,7.28,1.58,22.9,6.88,1.72,26.42,6.52,1.85,30.19,6.13,2,34.21,5.84,2.23,38.48,5.79,2.35,43.01,5.45,2.41,47.78,5.05,2.47,52.81,4.67,2.52,58.09,4.33,2.57,63.62,4.05
-1,17983,309,Salmona et al. 2014,Ocurrencias,46.89,-15.632,Precise,Madagascar,Madagascar,Indriidae,Propithecus,Propithecus coquereli,Propithecus_coquereli ,Transects,1,40,128,N individuals,0,2011,12,survey effort (days),NA, ,Propithecus coquereli ,Propithecus coquereli,3.785,D,7.625,AR,Folivore_frugivore,30.19,NA,5.5,365,151.5,180.96,366,1,1.45,NA,NA, ,9Tropical and Subtropical Dry Broadleaf Forest,0.009479135,0.79,1.2,0.01,1.54,0.62,0.01,2.54,0.37,0.01,3.8,0.33,0.02,5.31,0.32,0.03,7.07,0.47,0.1,9.08,1.13,0.24,11.34,2.08,0.42,13.85,3.04,0.6,16.62,3.61,0.76,19.63,3.89,0.86,22.9,3.75,0.95,26.42,3.59,1.05,30.19,3.48,1.16,34.21,3.39,1.22,38.48,3.18,1.24,43.01,2.89,1.33,47.78,2.78,1.41,52.81,2.66,1.48,58.09,2.56,1.53,63.62,2.4
-1,17984,309,Salmona et al. 2014,Ocurrencias,47.738,-15.186,Precise,Madagascar,Madagascar,Indriidae,Propithecus,Propithecus coquereli,Propithecus_coquereli ,Transects,1,9,26,N individuals,0,2011,9,survey effort (days),NA, ,Propithecus coquereli ,Propithecus coquereli,3.785,D,7.625,AR,Folivore_frugivore,30.19,NA,5.5,365,151.5,180.96,366,1,1.45,NA,NA, ,9Tropical and Subtropical Dry Broadleaf Forest,0.08205826,0.79,10.39,0.21,1.54,13.44,0.32,2.54,12.54,0.5,3.8,13.27,0.72,5.31,13.65,0.93,7.07,13.2,1.1,9.08,12.16,1.22,11.34,10.74,1.37,13.85,9.87,1.53,16.62,9.21,1.66,19.63,8.44,1.79,22.9,7.81,1.98,26.42,7.48,2.17,30.19,7.2,2.61,34.21,7.62,3.26,38.48,8.47,3.78,43.01,8.8,4.33,47.78,9.05,4.74,52.81,8.98,5.04,58.09,8.68,5.26,63.62,8.26
-1,17985,309,Salmona et al. 2014,Ocurrencias,47.753,-14.774,Precise,Madagascar,Madagascar,Indriidae,Propithecus,Propithecus coquereli,Propithecus_coquereli ,Transects,1,19,48,N individuals,0,2011,8,survey effort (days),NA, ,Propithecus coquereli ,Propithecus coquereli,3.785,D,7.625,AR,Folivore_frugivore,30.19,NA,5.5,365,151.5,180.96,366,1,1.45,NA,NA, ,9Tropical and Subtropical Dry Broadleaf Forest,0,0.79,0,0,1.54,0,0,2.54,0,0,3.8,0,0,5.31,0,0,7.07,0,0,9.08,0,0,11.34,0.04,0.01,13.85,0.06,0.01,16.62,0.06,0.04,19.63,0.19,0.08,22.9,0.34,0.08,26.42,0.31,0.13,30.19,0.42,0.17,34.21,0.5,0.21,38.48,0.56,0.26,43.01,0.6,0.28,47.78,0.58,0.35,52.81,0.66,0.43,58.09,0.74,0.49,63.62,0.77
-1,17986,309,Salmona et al. 2014,Ocurrencias,46.665,-15.781,Precise,Madagascar,Madagascar,Indriidae,Propithecus,Propithecus coquereli,Propithecus_coquereli ,Transects,1,6,23,N individuals,0,2011,4.5,survey effort (days),NA, ,Propithecus coquereli ,Propithecus coquereli,3.785,D,7.625,AR,Folivore_frugivore,30.19,NA,5.5,365,151.5,180.96,366,1,1.45,NA,NA, ,9Tropical and Subtropical Dry Broadleaf Forest,0,0.79,0,0,1.54,0,0,2.54,0,0,3.8,0,0,5.31,0,0,7.07,0,0,9.08,0,0.01,11.34,0.05,0.03,13.85,0.21,0.07,16.62,0.43,0.07,19.63,0.38,0.16,22.9,0.7,0.2,26.42,0.76,0.2,30.19,0.66,0.21,34.21,0.6,0.22,38.48,0.58,0.24,43.01,0.57,0.26,47.78,0.54,0.32,52.81,0.61,0.37,58.09,0.64,0.39,63.62,0.61
-1,17987,309,Salmona et al. 2014,Ocurrencias,47.756,-14.843,Precise,Madagascar,Madagascar,Indriidae,Propithecus,Propithecus coquereli,Propithecus_coquereli ,Transects,1,12,38,N individuals,0,2011,8,survey effort (days),NA, ,Propithecus coquereli ,Propithecus coquereli,3.785,D,7.625,AR,Folivore_frugivore,30.19,NA,5.5,365,151.5,180.96,366,1,1.45,NA,NA, ,9Tropical and Subtropical Dry Broadleaf Forest,0,0.79,0,0,1.54,0,0,2.54,0,0,3.8,0,0,5.31,0.01,0,7.07,0.05,0,9.08,0.04,0,11.34,0.04,0,13.85,0.03,0.01,16.62,0.06,0.01,19.63,0.08,0.02,22.9,0.1,0.02,26.42,0.09,0.02,30.19,0.07,0.02,34.21,0.07,0.02,38.48,0.06,0.02,43.01,0.05,0.02,47.78,0.05,0.02,52.81,0.04,0.03,58.09,0.05,0.05,63.62,0.08
-1,17988,309,Salmona et al. 2014,Ocurrencias,47.549,-15.659,Precise,Madagascar,Madagascar,Indriidae,Propithecus,Propithecus coquereli,Propithecus_coquereli ,Transects,1,4,7,N individuals,0,2011,6,survey effort (days),NA, ,Propithecus coquereli ,Propithecus coquereli,3.785,D,7.625,AR,Folivore_frugivore,30.19,NA,5.5,365,151.5,180.96,366,1,1.45,NA,NA, ,9Tropical and Subtropical Dry Broadleaf Forest,0,0.79,0,0.01,1.54,0.52,0.03,2.54,1.06,0.14,3.8,3.72,0.27,5.31,5.02,0.36,7.07,5.09,0.49,9.08,5.39,0.74,11.34,6.53,0.94,13.85,6.78,1.12,16.62,6.74,1.33,19.63,6.76,1.56,22.9,6.81,1.78,26.42,6.73,2.04,30.19,6.75,2.28,34.21,6.65,2.57,38.48,6.69,2.79,43.01,6.5,3.09,47.78,6.48,3.45,52.81,6.54,3.96,58.09,6.82,4.28,63.62,6.73
-1,17989,309,Salmona et al. 2014,Ocurrencias,48.187,-14.813,Precise,Madagascar,Madagascar,Indriidae,Propithecus,Propithecus coquereli,Propithecus_coquereli ,Transects,1,1,3,N individuals,0,2011,1,survey effort (days),NA, ,Propithecus coquereli ,Propithecus coquereli,3.785,D,7.625,AR,Folivore_frugivore,30.19,NA,5.5,365,151.5,180.96,366,1,1.45,NA,NA, ,9Tropical and Subtropical Dry Broadleaf Forest,0,0.79,0,0,1.54,0,0,2.54,0,0.01,3.8,0.18,0.01,5.31,0.24,0.01,7.07,0.21,0.03,9.08,0.3,0.03,11.34,0.29,0.06,13.85,0.45,0.08,16.62,0.48,0.11,19.63,0.58,0.14,22.9,0.61,0.17,26.42,0.63,0.28,30.19,0.94,0.39,34.21,1.15,0.47,38.48,1.23,0.53,43.01,1.24,0.66,47.78,1.37,0.81,52.81,1.54,1,58.09,1.73,1.17,63.62,1.84
-1,17990,309,Salmona et al. 2014,Ocurrencias,48.298,-15.252,Precise,Madagascar,Madagascar,Indriidae,Propithecus,Propithecus coquereli,Propithecus_coquereli ,Transects,1,1,2,N individuals,0,2011,2,survey effort (days),NA, ,Propithecus coquereli ,Propithecus coquereli,3.785,D,7.625,AR,Folivore_frugivore,30.19,NA,5.5,365,151.5,180.96,366,1,1.45,NA,NA, ,9Tropical and Subtropical Dry Broadleaf Forest,0.377798775,0.79,47.82,0.78,1.54,50.73,1.3,2.54,51.07,2,3.8,52.63,2.8,5.31,52.81,3.72,7.07,52.59,4.65,9.08,51.18,5.45,11.34,48.06,6.47,13.85,46.7,7.57,16.62,45.57,8.77,19.63,44.7,10.15,22.9,44.33,11.83,26.42,44.78,13.46,30.19,44.6,15.52,34.21,45.37,17.81,38.48,46.28,20.27,43.01,47.12,22.81,47.78,47.75,25.26,52.81,47.83,28.18,58.09,48.52,31.18,63.62,49
-1,17991,309,Salmona et al. 2014,Ocurrencias,47.641,-15.33,Precise,Madagascar,Madagascar,Indriidae,Propithecus,Propithecus coquereli,Propithecus_coquereli ,Transects,1,8,28,N individuals,0,2011,8,survey effort (days),NA, ,Propithecus coquereli ,Propithecus coquereli,3.785,D,7.625,AR,Folivore_frugivore,30.19,NA,5.5,365,151.5,180.96,366,1,1.45,NA,NA, ,9Tropical and Subtropical Dry Broadleaf Forest,0,0.79,0,0.01,1.54,0.73,0.02,2.54,0.67,0.05,3.8,1.35,0.12,5.31,2.31,0.13,7.07,1.86,0.16,9.08,1.78,0.22,11.34,1.98,0.28,13.85,2.04,0.46,16.62,2.76,0.62,19.63,3.16,0.78,22.9,3.42,1.01,26.42,3.83,1.26,30.19,4.18,1.53,34.21,4.47,1.7,38.48,4.41,1.85,43.01,4.3,2.04,47.78,4.26,2.18,52.81,4.14,2.34,58.09,4.03,2.59,63.62,4.06
-1,17992,309,Salmona et al. 2014,Ocurrencias,47.402,-14.807,Precise,Madagascar,Madagascar,Indriidae,Propithecus,Propithecus coquereli,Propithecus_coquereli ,Transects,1,28,87,N individuals,0,2011,20,survey effort (days),NA, ,Propithecus coquereli ,Propithecus coquereli,3.785,D,7.625,AR,Folivore_frugivore,30.19,NA,5.5,365,151.5,180.96,366,1,1.45,NA,NA, ,9Tropical and Subtropical Dry Broadleaf Forest,0,0.79,0,0,1.54,0,0,2.54,0,0,3.8,0,0.01,5.31,0.16,0.01,7.07,0.12,0.01,9.08,0.1,0.01,11.34,0.08,0.01,13.85,0.07,0.12,16.62,0.7,0.32,19.63,1.63,0.6,22.9,2.64,0.93,26.42,3.51,1.26,30.19,4.16,1.58,34.21,4.62,1.87,38.48,4.87,2.07,43.01,4.82,2.21,47.78,4.62,2.34,52.81,4.43,2.37,58.09,4.07,2.43,63.62,3.81
-1,17993,309,Salmona et al. 2014,Ocurrencias,47.418,-15.456,Precise,Madagascar,Madagascar,Indriidae,Propithecus,Propithecus coquereli,Propithecus_coquereli ,Transects,1,29,95,N individuals,0,2011,12,survey effort (days),NA, ,Propithecus coquereli ,Propithecus coquereli,3.785,D,7.625,AR,Folivore_frugivore,30.19,NA,5.5,365,151.5,180.96,366,1,1.45,NA,NA, ,9Tropical and Subtropical Dry Broadleaf Forest,0,0.79,0,0,1.54,0,0,2.54,0,0,3.8,0,0,5.31,0,0,7.07,0,0.01,9.08,0.07,0.01,11.34,0.1,0.01,13.85,0.09,0.02,16.62,0.11,0.03,19.63,0.16,0.1,22.9,0.42,0.13,26.42,0.47,0.13,30.19,0.41,0.13,34.21,0.37,0.13,38.48,0.33,0.13,43.01,0.31,0.13,47.78,0.28,0.13,52.81,0.25,0.13,58.09,0.23,0.15,63.62,0.24
-1,17994,309,Salmona et al. 2014,Ocurrencias,46.776,-15.845,Precise,Madagascar,Madagascar,Indriidae,Propithecus,Propithecus coquereli,Propithecus_coquereli ,Transects,1,7,23,N individuals,0,2011,10,survey effort (days),NA, ,Propithecus coquereli ,Propithecus coquereli,3.785,D,7.625,AR,Folivore_frugivore,30.19,NA,5.5,365,151.5,180.96,366,1,1.45,NA,NA, ,9Tropical and Subtropical Dry Broadleaf Forest,0,0.79,0,0,1.54,0,0,2.54,0,0,3.8,0,0,5.31,0,0,7.07,0,0,9.08,0,0,11.34,0,0.01,13.85,0.05,0.01,16.62,0.04,0.01,19.63,0.04,0.01,22.9,0.03,0.01,26.42,0.03,0.01,30.19,0.04,0.01,34.21,0.04,0.01,38.48,0.03,0.01,43.01,0.03,0.01,47.78,0.03,0.01,52.81,0.02,0.02,58.09,0.04,0.04,63.62,0.06
