OID,N,N_study,Source,BASE,X,Y,Precise,Country,Realm,Family,Genus,Taxon,Taxon_ITIS,Sample_met,Ocurrence,N_groups,Abundanc_1,Abundance,Density,Sample_yea,Sampling_e,Sampling_1,ID_Todo,TRAITS,Taxon_IT_1,ITIS_SPECI,BodyMass_k,DielActivi,HomeRange_,Locomotion,TrophicGui,Brain_size,Canine_Dim,MeanGroupS,Interbirth,Gestation,WeaningAge,MaxLongevi,LitterSz,AdultSexRa,Social_Sys,Mating_Sys,FOREST,BIOME,Buffer_500,Area500,FC_500,Buffer_700,Area700,FC_700,Buffer_900,Area900,FC_900,Buffer_110,Area1100,FC1100,Buffer_130,Area1300,FC_1300,Buffer_150,Area1500,FC_1500,Buffer_170,Area1700,FC_1700,Buffer_190,Area1900,FC_1900,Buffer_210,Area2100,FC_2100,Buffer_230,Area2300,FC_2300,Buffer_250,Area2500,FC_2500,Buffer_270,Area2700,FC_2700,Buffer_290,Area2900,FC_2900,Buffer_310,Area3100,FC_3100,Buffer_330,Area3300,FC_3300,Buffer_350,Area3500,FC_3500,Buffer_370,Area3700,F_Buffer_3,Buffer_390,Area_3900,FC_3900,Buffer_410,Area4100,FC_4100,Buffer_430,Area4300,FC_4300,Buffer_450,Area4500,FC_4500
-1,18375,235,Davenport et al. 2008,Ocurrencias,33.70438333,-9.151322222,Precise,Tanzania,Africa,Cercopithecidae,Rungwecebus,Rungwecebus kipunji,Rungwecebus_kipunji ,Transects,1,0,0,NA,0,2004,879,km,NA, ,Rungwecebus kipunji ,Rungwecebus kipunji,10,D,306.2,AR,Omnivore,NA,NA,27,NA,197.7,NA,NA,1,NA,Polygyndry,NA, ,11Montane Grasslands Shrublands,0.251659706,0.79,31.86,0.6,1.54,38.87,1.14,2.54,44.96,1.96,3.8,51.64,2.86,5.31,53.91,3.94,7.07,55.72,5.14,9.08,56.58,6.26,11.34,55.22,7.47,13.85,53.92,8.8,16.62,52.93,10.12,19.63,51.57,11.5,22.9,50.2,12.77,26.42,48.34,14.14,30.19,46.84,15.53,34.21,45.41,16.84,38.48,43.77,18.08,43.01,42.03,19.73,47.78,41.29,21.68,52.81,41.06,23.72,58.09,40.83,25.89,63.62,40.7
-1,18376,235,Davenport et al. 2008,Ocurrencias,33.75365833,-9.115005556,Precise,Tanzania,Africa,Cercopithecidae,Rungwecebus,Rungwecebus kipunji,Rungwecebus_kipunji ,Transects,1,0,0,NA,0,2004,277,km,NA, ,Rungwecebus kipunji ,Rungwecebus kipunji,10,D,306.2,AR,Omnivore,NA,NA,27,NA,197.7,NA,NA,1,NA,Polygyndry,NA, ,11Montane Grasslands Shrublands,0.38152905,0.79,48.29,0.71,1.54,46.14,1.12,2.54,43.9,1.79,3.8,47.13,2.65,5.31,49.84,3.64,7.07,51.44,4.72,9.08,52.01,5.77,11.34,50.92,6.85,13.85,49.45,7.95,16.62,47.81,9.07,19.63,46.2,10.23,22.9,44.68,11.17,26.42,42.29,12.13,30.19,40.19,12.95,34.21,37.86,13.77,38.48,35.78,14.75,43.01,34.28,15.83,47.78,33.13,16.87,52.81,31.95,17.99,58.09,30.98,19.28,63.62,30.3
-1,18377,235,Davenport et al. 2008,Ocurrencias,33.88433333,-9.200458333,Precise,Tanzania,Africa,Cercopithecidae,Rungwecebus,Rungwecebus kipunji,Rungwecebus_kipunji ,Transects,1,0,0,NA,0,2005,417,km,NA, ,Rungwecebus kipunji ,Rungwecebus kipunji,10,D,306.2,AR,Omnivore,NA,NA,27,NA,197.7,NA,NA,1,NA,Polygyndry,NA, ,11Montane Grasslands Shrublands,0.6138094,0.79,77.7,1.15,1.54,74.53,1.76,2.54,69.2,2.47,3.8,65,3.29,5.31,61.93,4.3,7.07,60.8,5.29,9.08,58.26,6.19,11.34,54.62,7.03,13.85,50.77,7.88,16.62,47.43,8.93,19.63,45.47,9.9,22.9,43.25,10.73,26.42,40.61,11.42,30.19,37.83,12.18,34.21,35.61,12.88,38.48,33.46,13.56,43.01,31.52,14.33,47.78,29.98,15.15,52.81,28.7,15.94,58.09,27.43,16.82,63.62,26.44
-1,18378,235,Davenport et al. 2008,Ocurrencias,36.507364,-7.789281,Precise,Tanzania,Africa,Cercopithecidae,Rungwecebus,Rungwecebus kipunji,Rungwecebus_kipunji ,Transects,1,0,0,NA,0,2005,137,km,NA, ,Rungwecebus kipunji ,Rungwecebus kipunji,10,D,306.2,AR,Omnivore,NA,NA,27,NA,197.7,NA,NA,1,NA,Polygyndry,NA, ,2Tropical_and_suptropical_moist_broadleaf_forest,0.772588687,0.79,97.8,1.51,1.54,98.34,2.5,2.54,98.56,3.74,3.8,98.42,5.22,5.31,98.37,NA,7.07,NA,8.92,9.08,98.28,11.13,11.34,98.15,13.59,13.85,98.15,16.31,16.62,98.15,19.27,19.63,98.16,22.44,22.9,98,25.8,26.42,97.66,29.46,30.19,97.6,33.38,34.21,97.56,37.52,38.48,97.5,41.91,43.01,97.43,46.54,47.78,97.4,51.45,52.81,97.42,56.58,58.09,97.41,61.94,63.62,97.36
-1,18379,235,Davenport et al. 2008,Ocurrencias,33.71759444,-9.008466667,Precise,Tanzania,Africa,Cercopithecidae,Rungwecebus,Rungwecebus kipunji,Rungwecebus_kipunji ,Transects,0,0,0,NA,0,2005,35,km,NA, ,Rungwecebus kipunji ,Rungwecebus kipunji,10,D,306.2,AR,Omnivore,NA,NA,27,NA,197.7,NA,NA,1,NA,Polygyndry,NA, ,11Montane Grasslands Shrublands,0.298018958,0.79,37.72,0.66,1.54,43.12,0.94,2.54,36.84,1.37,3.8,36.07,1.86,5.31,35.03,2.48,7.07,35.14,3.45,9.08,38.04,4.53,11.34,39.93,5.54,13.85,39.99,6.49,16.62,39.06,7.31,19.63,37.25,8.13,22.9,35.51,8.96,26.42,33.9,9.95,30.19,32.97,11.1,34.21,32.45,12.07,38.48,31.37,13.05,43.01,30.33,14.09,47.78,29.48,15.34,52.81,29.04,16.52,58.09,28.43,17.6,63.62,27.67
-1,18380,235,Davenport et al. 2008,Ocurrencias,33.57125278,-9.013475,Precise,Tanzania,Africa,Cercopithecidae,Rungwecebus,Rungwecebus kipunji,Rungwecebus_kipunji ,Transects,0,0,0,NA,0,2004,18,km,NA, ,Rungwecebus kipunji ,Rungwecebus kipunji,10,D,306.2,AR,Omnivore,NA,NA,27,NA,197.7,NA,NA,1,NA,Polygyndry,NA, ,8Tropical and Subtropical Grasslands Savannas and Shrublands,0.228391926,0.79,28.91,0.47,1.54,30.37,0.81,2.54,31.78,1.22,3.8,32.02,1.71,5.31,32.25,2.33,7.07,33.01,3.18,9.08,35.03,4.32,11.34,38.08,5.56,13.85,40.17,7.01,16.62,42.18,8.4,19.63,42.81,9.63,22.9,42.05,10.61,26.42,40.17,11.51,30.19,38.14,12.46,34.21,36.41,13.62,38.48,35.39,14.65,43.01,34.07,15.61,47.78,32.66,16.81,52.81,31.83,18.04,58.09,31.06,19.28,63.62,30.31
-1,18381,235,Davenport et al. 2008,Ocurrencias,33.654875,-9.086327778,Precise,Tanzania,Africa,Cercopithecidae,Rungwecebus,Rungwecebus kipunji,Rungwecebus_kipunji ,Transects,0,0,0,NA,0,2004,861,km,NA, ,Rungwecebus kipunji ,Rungwecebus kipunji,10,D,306.2,AR,Omnivore,NA,NA,27,NA,197.7,NA,NA,1,NA,Polygyndry,NA, ,8Tropical and Subtropical Grasslands Savannas and Shrublands,0.708384309,0.79,89.67,1.41,1.54,91.36,2.23,2.54,87.67,3.16,3.8,83.1,4.13,5.31,77.79,5.11,7.07,72.34,6.05,9.08,66.62,6.9,11.34,60.84,7.75,13.85,55.96,8.71,16.62,52.44,9.77,19.63,49.76,10.74,22.9,46.92,11.76,26.42,44.5,12.6,30.19,41.73,13.52,34.21,39.51,14.55,38.48,37.81,15.47,43.01,35.97,16.29,47.78,34.09,17.46,52.81,33.05,18.69,58.09,32.17,20.06,63.62,31.54
-1,18382,235,Davenport et al. 2008,Ocurrencias,33.98735556,-9.056091667,Precise,Tanzania,Africa,Cercopithecidae,Rungwecebus,Rungwecebus kipunji,Rungwecebus_kipunji ,Transects,0,0,0,NA,0,2004,73,km,NA, ,Rungwecebus kipunji ,Rungwecebus kipunji,10,D,306.2,AR,Omnivore,NA,NA,27,NA,197.7,NA,NA,1,NA,Polygyndry,NA, ,11Montane Grasslands Shrublands,0.399626567,0.79,50.59,0.78,1.54,50.45,1.11,2.54,43.65,1.3,3.8,34.13,1.48,5.31,27.96,1.78,7.07,25.24,2.08,9.08,22.89,2.32,11.34,20.45,2.57,13.85,18.53,2.86,16.62,17.18,3.11,19.63,15.86,3.35,22.9,14.64,3.53,26.42,13.36,3.82,30.19,12.66,4.03,34.21,11.78,4.23,38.48,11,4.44,43.01,10.32,4.63,47.78,9.68,4.81,52.81,9.11,4.94,58.09,8.5,5.17,63.62,8.12
-1,18383,235,Davenport et al. 2008,Ocurrencias,34.04004722,-9.082469444,Precise,Tanzania,Africa,Cercopithecidae,Rungwecebus,Rungwecebus kipunji,Rungwecebus_kipunji ,Transects,0,0,0,NA,0,2006,24,km,NA, ,Rungwecebus kipunji ,Rungwecebus kipunji,10,D,306.2,AR,Omnivore,NA,NA,27,NA,197.7,NA,NA,1,NA,Polygyndry,NA, ,11Montane Grasslands Shrublands,0.064463493,0.79,8.16,0.08,1.54,5.05,0.11,2.54,4.25,0.15,3.8,3.95,0.17,5.31,3.29,0.2,7.07,2.87,0.3,9.08,3.34,0.4,11.34,3.53,0.48,13.85,3.47,0.57,16.62,3.41,0.72,19.63,3.66,0.92,22.9,4.02,1.03,26.42,3.89,1.1,30.19,3.63,1.14,34.21,3.34,1.31,38.48,3.4,1.55,43.01,3.6,1.83,47.78,3.83,2.14,52.81,4.05,2.43,58.09,4.19,2.64,63.62,4.15
-1,18384,235,Davenport et al. 2008,Ocurrencias,34.028385,-9.342973,Precise,Tanzania,Africa,Cercopithecidae,Rungwecebus,Rungwecebus kipunji,Rungwecebus_kipunji ,Transects,0,0,0,NA,0,2005,123,km,NA, ,Rungwecebus kipunji ,Rungwecebus kipunji,10,D,306.2,AR,Omnivore,NA,NA,27,NA,197.7,NA,NA,1,NA,Polygyndry,NA, ,11Montane Grasslands Shrublands,0.4987453,0.79,63.13,0.85,1.54,55.18,1.13,2.54,44.34,1.26,3.8,33.25,1.39,5.31,26.23,1.54,7.07,21.81,1.64,9.08,18.06,1.78,11.34,15.66,1.89,13.85,13.67,2.01,16.62,12.08,2.23,19.63,11.38,2.68,22.9,11.69,3.11,26.42,11.78,3.65,30.19,12.1,4.21,34.21,12.32,4.82,38.48,12.53,5.27,43.01,12.26,5.61,47.78,11.75,5.9,52.81,11.17,6.2,58.09,10.68,6.47,63.62,10.17
-1,18385,235,Davenport et al. 2008,Ocurrencias,33.72115278,-9.049033333,Precise,Tanzania,Africa,Cercopithecidae,Rungwecebus,Rungwecebus kipunji,Rungwecebus_kipunji ,Transects,0,0,0,NA,0,2004,185,km,NA, ,Rungwecebus kipunji ,Rungwecebus kipunji,10,D,306.2,AR,Omnivore,NA,NA,27,NA,197.7,NA,NA,1,NA,Polygyndry,NA, ,11Montane Grasslands Shrublands,0.514912527,0.79,65.18,1.07,1.54,69.62,1.85,2.54,72.95,2.56,3.8,67.25,3.37,5.31,63.49,4.13,7.07,58.49,5,9.08,55.06,5.87,11.34,51.78,6.56,13.85,47.38,7.29,16.62,43.84,8.1,19.63,41.24,9,22.9,39.3,9.79,26.42,37.05,10.66,30.19,35.3,11.86,34.21,34.67,12.96,38.48,33.69,14.03,43.01,32.62,15.23,47.78,31.88,16.52,52.81,31.28,17.84,58.09,30.71,19.18,63.62,30.15
-1,18386,235,Davenport et al. 2008,Ocurrencias,33.81429167,-9.069580556,Precise,Tanzania,Africa,Cercopithecidae,Rungwecebus,Rungwecebus kipunji,Rungwecebus_kipunji ,Transects,0,0,0,NA,0,2004,79,km,NA, ,Rungwecebus kipunji ,Rungwecebus kipunji,10,D,306.2,AR,Omnivore,NA,NA,27,NA,197.7,NA,NA,1,NA,Polygyndry,NA, ,11Montane Grasslands Shrublands,0.392795788,0.79,49.72,0.63,1.54,40.86,0.87,2.54,34.19,1.17,3.8,30.9,1.66,5.31,31.26,2.36,7.07,33.41,3.12,9.08,34.37,3.85,11.34,33.92,4.6,13.85,33.25,5.49,16.62,33.01,6.32,19.63,32.2,7.16,22.9,31.29,8.19,26.42,31.01,9.33,30.19,30.9,10.35,34.21,30.26,11.31,38.48,29.38,12.17,43.01,28.29,12.89,47.78,26.98,13.81,52.81,26.16,14.65,58.09,25.22,15.42,63.62,24.24
-1,18387,235,Davenport et al. 2008,Ocurrencias,33.869872,-9.040337,Precise,Tanzania,Africa,Cercopithecidae,Rungwecebus,Rungwecebus kipunji,Rungwecebus_kipunji ,Transects,0,0,0,NA,0,2004,38,km,NA, ,Rungwecebus kipunji ,Rungwecebus kipunji,10,D,306.2,AR,Omnivore,NA,NA,27,NA,197.7,NA,NA,1,NA,Polygyndry,NA, ,11Montane Grasslands Shrublands,0,0.79,0,0,1.54,0,0,2.54,0,0,3.8,0,0,5.31,0,0,7.07,0,0,9.08,0,0,11.34,0,0,13.85,0,0,16.62,0,0,19.63,0,0,22.9,0,0,26.42,0,0,30.19,0,0,34.21,0,0,38.48,0,0,43.01,0,0,47.78,0,0.03,52.81,0.05,0.03,58.09,0.05,0.06,63.62,0.1
-1,18388,235,Davenport et al. 2008,Ocurrencias,36.662455,-7.682821,Precise,Tanzania,Africa,Cercopithecidae,Rungwecebus,Rungwecebus kipunji,Rungwecebus_kipunji ,Transects,0,0,0,NA,0,2006,69,km,NA, ,Rungwecebus kipunji ,Rungwecebus kipunji,10,D,306.2,AR,Omnivore,NA,NA,27,NA,197.7,NA,NA,1,NA,Polygyndry,NA, ,8Tropical and Subtropical Grasslands Savannas and Shrublands,0.764674594,0.79,96.79,1.5,1.54,97.59,2.49,2.54,97.93,3.72,3.8,97.97,5.2,5.31,97.85,6.91,7.07,97.74,8.86,9.08,97.61,10.92,11.34,96.27,13.2,13.85,95.31,15.75,16.62,94.74,18.42,19.63,93.82,21.13,22.9,92.27,23.96,26.42,90.69,26.77,30.19,88.67,29.38,34.21,85.89,31.78,38.48,82.6,34.34,43.01,79.85,37.02,47.78,77.48,39.59,52.81,74.97,42.42,58.09,73.03,44.98,63.62,70.7
-1,18389,235,Davenport et al. 2008,Ocurrencias,36.48856,-7.828593,Precise,Tanzania,Africa,Cercopithecidae,Rungwecebus,Rungwecebus kipunji,Rungwecebus_kipunji ,Transects,0,0,0,NA,0,2006,69,km,NA, ,Rungwecebus kipunji ,Rungwecebus kipunji,10,D,306.2,AR,Omnivore,NA,NA,27,NA,197.7,NA,NA,1,NA,Polygyndry,NA, ,8Tropical and Subtropical Grasslands Savannas and Shrublands,0.771732791,0.79,97.69,1.51,1.54,98.28,2.49,2.54,98.13,3.68,3.8,96.85,5.07,5.31,95.54,6.71,7.07,94.85,8.55,9.08,94.16,10.55,11.34,93.05,12.66,13.85,91.38,14.89,16.62,89.62,17.14,19.63,87.29,19.52,22.9,85.25,21.97,26.42,83.15,24.32,30.19,80.57,26.63,34.21,77.83,29.05,38.48,75.5,31.71,43.01,73.73,34.35,47.78,71.89,36.98,52.81,70.02,39.5,58.09,68,41.9,63.62,65.86
-1,18390,235,Davenport et al. 2008,Ocurrencias,36.602704,-7.699468,Precise,Tanzania,Africa,Cercopithecidae,Rungwecebus,Rungwecebus kipunji,Rungwecebus_kipunji ,Transects,0,0,0,NA,0,2006,18,km,NA, ,Rungwecebus kipunji ,Rungwecebus kipunji,10,D,306.2,AR,Omnivore,NA,NA,27,NA,197.7,NA,NA,1,NA,Polygyndry,NA, ,2Tropical_and_suptropical_moist_broadleaf_forest,0.76281394,0.79,96.56,1.46,1.54,94.86,2.39,2.54,94.14,3.57,3.8,93.92,4.87,5.31,91.79,NA,7.07,NA,8.33,9.08,91.74,10.49,11.34,92.52,12.87,13.85,92.91,15.51,16.62,93.32,18.4,19.63,93.74,21.6,22.9,94.32,24.99,26.42,94.57,28.65,30.19,94.91,32.5,34.21,95.01,36.63,38.48,95.19,40.94,43.01,95.19,45.42,47.78,95.07,50.19,52.81,95.05,55.18,58.09,94.99,60.42,63.62,94.98
-1,18391,235,Davenport et al. 2008,Ocurrencias,36.493285,-7.755547,Precise,Tanzania,Africa,Cercopithecidae,Rungwecebus,Rungwecebus kipunji,Rungwecebus_kipunji ,Transects,0,0,0,NA,0,2005,7,km,NA, ,Rungwecebus kipunji ,Rungwecebus kipunji,10,D,306.2,AR,Omnivore,NA,NA,27,NA,197.7,NA,NA,1,NA,Polygyndry,NA, ,2Tropical_and_suptropical_moist_broadleaf_forest,0.772645678,0.79,97.8,1.51,1.54,98.34,2.5,2.54,98.56,3.73,3.8,98.28,5.13,5.31,96.65,NA,7.07,NA,8.65,9.08,95.26,10.86,11.34,95.8,13.31,13.85,96.1,15.98,16.62,96.18,18.88,19.63,96.19,21.98,22.9,95.96,25.18,26.42,95.31,28.56,30.19,94.6,32.01,34.21,93.57,35.74,38.48,92.89,39.78,43.01,92.5,44.1,47.78,92.3,48.72,52.81,92.26,53.58,58.09,92.23,58.81,63.62,92.44
-1,18392,235,Davenport et al. 2008,Ocurrencias,36.387204,-7.826548,Precise,Tanzania,Africa,Cercopithecidae,Rungwecebus,Rungwecebus kipunji,Rungwecebus_kipunji ,Transects,0,0,0,NA,0,2006,28,km,NA, ,Rungwecebus kipunji ,Rungwecebus kipunji,10,D,306.2,AR,Omnivore,NA,NA,27,NA,197.7,NA,NA,1,NA,Polygyndry,NA, ,2Tropical_and_suptropical_moist_broadleaf_forest,0.772646661,0.79,97.8,1.5,1.54,97.42,2.48,2.54,97.81,3.7,3.8,97.43,5.14,5.31,96.82,NA,7.07,NA,8.77,9.08,96.53,10.92,11.34,96.29,13.27,13.85,95.84,15.88,16.62,95.56,18.68,19.63,95.16,21.78,22.9,95.1,25.16,26.42,95.24,28.79,30.19,95.35,32.57,34.21,95.2,36.58,38.48,95.07,40.81,43.01,94.89,45.26,47.78,94.72,49.81,52.81,94.33,54.67,58.09,94.11,59.78,63.62,93.97
-1,18393,235,Davenport et al. 2008,Ocurrencias,36.532622,-7.776454,Precise,Tanzania,Africa,Cercopithecidae,Rungwecebus,Rungwecebus kipunji,Rungwecebus_kipunji ,Transects,0,0,0,NA,0,2005,87,km,NA, ,Rungwecebus kipunji ,Rungwecebus kipunji,10,D,306.2,AR,Omnivore,NA,NA,27,NA,197.7,NA,NA,1,NA,Polygyndry,NA, ,2Tropical_and_suptropical_moist_broadleaf_forest,0.77263603,0.79,97.8,1.51,1.54,98.34,2.5,2.54,98.56,3.74,3.8,98.41,5.22,5.31,98.37,NA,7.07,NA,8.91,9.08,98.13,11.13,11.34,98.19,13.6,13.85,98.22,16.32,16.62,98.17,19.28,19.63,98.23,22.5,22.9,98.23,25.95,26.42,98.21,29.65,30.19,98.21,33.59,34.21,98.19,37.76,38.48,98.13,42.17,43.01,98.05,46.82,47.78,97.99,51.68,52.81,97.86,56.8,58.09,97.77,62.2,63.62,97.77
-1,18394,235,Davenport et al. 2008,Ocurrencias,36.54827,-7.737869,Precise,Tanzania,Africa,Cercopithecidae,Rungwecebus,Rungwecebus kipunji,Rungwecebus_kipunji ,Transects,0,0,0,NA,0,2005,32,km,NA, ,Rungwecebus kipunji ,Rungwecebus kipunji,10,D,306.2,AR,Omnivore,NA,NA,27,NA,197.7,NA,NA,1,NA,Polygyndry,NA, ,2Tropical_and_suptropical_moist_broadleaf_forest,0.772593856,0.79,97.8,1.51,1.54,98.34,2.5,2.54,98.56,3.74,3.8,98.42,5.22,5.31,98.37,NA,7.07,NA,8.82,9.08,97.14,10.88,11.34,95.92,13.14,13.85,94.87,15.75,16.62,94.74,18.56,19.63,94.53,21.64,22.9,94.51,24.98,26.42,94.53,28.51,30.19,94.44,32.27,34.21,94.32,36.22,38.48,94.12,40.44,43.01,94.02,44.95,47.78,94.08,49.65,52.81,94.02,54.53,58.09,93.87,59.63,63.62,93.73
