OID,N,N_study,Source,BASE,X,Y,Precise,Country,Realm,Family,Genus,Taxon,Taxon_ITIS,Sample_met,Ocurrence,N_groups,Abundanc_1,Abundance,Density,Sample_yea,Sampling_e,Sampling_1,ID_Todo,TRAITS,Taxon_IT_1,ITIS_SPECI,BodyMass_k,DielActivi,HomeRange_,Locomotion,TrophicGui,Brain_size,Canine_Dim,MeanGroupS,Interbirth,Gestation,WeaningAge,MaxLongevi,LitterSz,AdultSexRa,Social_Sys,Mating_Sys,FOREST,BIOME,Buffer_500,Area500,FC_500,Buffer_700,Area700,FC_700,Buffer_900,Area900,FC_900,Buffer_110,Area1100,FC1100,Buffer_130,Area1300,FC_1300,Buffer_150,Area1500,FC_1500,Buffer_170,Area1700,FC_1700,Buffer_190,Area1900,FC_1900,Buffer_210,Area2100,FC_2100,Buffer_230,Area2300,FC_2300,Buffer_250,Area2500,FC_2500,Buffer_270,Area2700,FC_2700,Buffer_290,Area2900,FC_2900,Buffer_310,Area3100,FC_3100,Buffer_330,Area3300,FC_3300,Buffer_350,Area3500,FC_3500,Buffer_370,Area3700,F_Buffer_3,Buffer_390,Area_3900,FC_3900,Buffer_410,Area4100,FC_4100,Buffer_430,Area4300,FC_4300,Buffer_450,Area4500,FC_4500
-1,19752,512,Pacheco et al. 2007,Ocurrencias,-72.9368,-13.4758,Precise,Peru,Neotropics,Cebidae,Saimiri,Saimiri sciureus,Saimiri_sciureus ,Linear transect,0,0,0,NA,0,2006,230,trap-nights,NA, ,Saimiri sciureus ,Saimiri sciureus,0.82,D,181,AR,Insectivore/ Frugivore,24.14,1.411,NA,383.25,161,177.41,324,1,1.84,Polygyndry,Polygyndry, ,2Tropical_and_suptropical_moist_broadleaf_forest,0.131123351,0.79,16.6,0.55,1.54,35.78,1.05,2.54,41.41,1.45,3.8,38.03,1.8,5.31,33.81,NA,7.07,NA,2.73,9.08,30.03,3.24,11.34,28.57,3.77,13.85,27.2,4.33,16.62,26.05,4.74,19.63,24.13,5.17,22.9,22.58,5.62,26.42,21.28,6.23,30.19,20.64,6.82,34.21,19.94,7.45,38.48,19.37,8.2,43.01,19.06,8.98,47.78,18.8,9.81,52.81,18.58,10.79,58.09,18.57,11.91,63.62,18.72
-1,19753,512,Pacheco et al. 2007,Ocurrencias,-73.995,-12.785,Precise,Peru,Neotropics,Cebidae,Saimiri,Saimiri sciureus,Saimiri_sciureus ,Linear transect,0,0,0,NA,0,2006,280,trap-nights,NA, ,Saimiri sciureus ,Saimiri sciureus,0.82,D,181,AR,Insectivore/ Frugivore,24.14,1.411,NA,383.25,161,177.41,324,1,1.84,Polygyndry,Polygyndry, ,2Tropical_and_suptropical_moist_broadleaf_forest,0.703308434,0.79,89.03,1.33,1.54,86.58,2.09,2.54,82.4,2.97,3.8,78.24,3.81,5.31,71.82,NA,7.07,NA,5.56,9.08,61.2,6.6,11.34,58.22,7.65,13.85,55.21,8.8,16.62,52.93,10.08,19.63,51.35,11.48,22.9,50.13,12.81,26.42,48.5,14.37,30.19,47.59,16.18,34.21,47.29,18.1,38.48,47.04,19.97,43.01,46.42,21.98,47.78,46,23.9,52.81,45.26,26,58.09,44.75,28.14,63.62,44.24
-1,19754,512,Pacheco et al. 2007,Ocurrencias,-72.634,-13.5425,Precise,Peru,Neotropics,Cebidae,Saimiri,Saimiri sciureus,Saimiri_sciureus ,Linear transect,0,0,0,NA,0,2006,420,trap-nights,NA, ,Saimiri sciureus ,Saimiri sciureus,0.82,D,181,AR,Insectivore/ Frugivore,24.14,1.411,NA,383.25,161,177.41,324,1,1.84,Polygyndry,Polygyndry, ,2Tropical_and_suptropical_moist_broadleaf_forest,0.090284341,0.79,11.43,0.12,1.54,7.52,0.15,2.54,5.98,0.18,3.8,4.62,0.26,5.31,4.83,NA,7.07,NA,0.71,9.08,7.78,0.95,11.34,8.34,1.16,13.85,8.36,1.44,16.62,8.68,1.77,19.63,9.04,2.19,22.9,9.58,2.65,26.42,10.02,3.04,30.19,10.06,3.27,34.21,9.56,3.62,38.48,9.42,4.02,43.01,9.35,4.27,47.78,8.94,4.69,52.81,8.89,5.08,58.09,8.74,5.44,63.62,8.56
-1,19755,512,Pacheco et al. 2007,Ocurrencias,-73.8633,-12.6944,Precise,Peru,Neotropics,Cebidae,Saimiri,Saimiri sciureus,Saimiri_sciureus ,Linear transect,1,0,0,NA,0,2006,180,trap-nights,NA, ,Saimiri sciureus ,Saimiri sciureus,0.82,D,181,AR,Insectivore/ Frugivore,24.14,1.411,NA,383.25,161,177.41,324,1,1.84,Polygyndry,Polygyndry, ,2Tropical_and_suptropical_moist_broadleaf_forest,0.739460046,0.79,93.6,1.34,1.54,87.15,2.24,2.54,88.14,3.4,3.8,89.52,4.76,5.31,89.6,NA,7.07,NA,8.26,9.08,91.01,10.43,11.34,91.99,12.86,13.85,92.87,15.48,16.62,93.15,18.32,19.63,93.34,21.33,22.9,93.16,24.69,26.42,93.45,28.33,30.19,93.85,32.19,34.21,94.1,36.16,38.48,93.98,40.29,43.01,93.68,44.66,47.78,93.47,49.37,52.81,93.49,54.21,58.09,93.32,59.38,63.62,93.33
-1,19756,512,Pacheco et al. 2007,Ocurrencias,-73.7703,-12.5363,Precise,Peru,Neotropics,Cebidae,Saimiri,Saimiri sciureus,Saimiri_sciureus ,Linear transect,0,0,0,NA,0,2006,120,trap-nights,NA, ,Saimiri sciureus ,Saimiri sciureus,0.82,D,181,AR,Insectivore/ Frugivore,24.14,1.411,NA,383.25,161,177.41,324,1,1.84,Polygyndry,Polygyndry, ,2Tropical_and_suptropical_moist_broadleaf_forest,0.769728073,0.79,97.43,1.45,1.54,94.05,2.39,2.54,94.13,3.61,3.8,94.97,4.99,5.31,94.07,NA,7.07,NA,8.56,9.08,94.32,10.75,11.34,94.76,13.15,13.85,94.93,15.79,16.62,95,18.59,19.63,94.71,21.68,22.9,94.69,25.05,26.42,94.8,28.6,30.19,94.72,32.42,34.21,94.78,36.48,38.48,94.8,40.8,43.01,94.87,45.31,47.78,94.82,50.03,52.81,94.73,54.99,58.09,94.66,60.24,63.62,94.68
