"OID","N","N_study","Source","BASE","X","Y","Precise","Country","Realm","Family","Genus","Taxon","Taxon_ITIS","Sample_met","Ocurrence","N_groups","Abundanc_1","Abundance","Density","Sample_yea","Sampling_e","Sampling_1","ID_Todo","TRAITS","Taxon_IT_1","ITIS_SPECI","BodyMass_k","DielActivi","HomeRange_","Locomotion","TrophicGui","Brain_size","Canine_Dim","MeanGroupS","Interbirth","Gestation","WeaningAge","MaxLongevi","LitterSz","AdultSexRa","Social_Sys","Mating_Sys","FOREST","BIOME","Buffer_500","Area500","FC_500","Buffer_700","Area700","FC_700","Buffer_900","Area900","FC_900","Buffer_110","Area1100","FC1100","Buffer_130","Area1300","FC_1300","Buffer_150","Area1500","FC_1500","Buffer_170","Area1700","FC_1700","Buffer_190","Area1900","FC_1900","Buffer_210","Area2100","FC_2100","Buffer_230","Area2300","FC_2300","Buffer_250","Area2500","FC_2500","Buffer_270","Area2700","FC_2700","Buffer_290","Area2900","FC_2900","Buffer_310","Area3100","FC_3100","Buffer_330","Area3300","FC_3300","Buffer_350","Area3500","FC_3500","Buffer_370","Area3700","F_Buffer_3","Buffer_390","Area_3900","FC_3900","Buffer_410","Area4100","FC_4100","Buffer_430","Area4300","FC_4300","Buffer_450","Area4500","FC_4500"
-1,19516,366,"Porter 2006","Richness",-68.58549837,-12.38839361,"Precise","Bolivia","Neotropics","Cebidae","Saimiri","Saimiri boliviensis","Saimiri_boliviensis ","Line transects",0,0,NA,NA,0,2003,23.4,"km",NA,NA,"Saimiri boliviensis ","Saimiri boliviensis",0.88,"D",375,"AR","Omnivore",25.74,1.614,60,730,157.79,NA,363.6,1.02,NA,"Polygyndry","Polygyndry",NA,"2Tropical_and_suptropical_moist_broadleaf_forest",0.656305639,0.79,83.08,1.13,1.54,73.28,1.79,2.54,70.45,2.74,3.8,72.16,3.99,5.31,75.12,NA,7.07,NA,7.23,9.08,79.62,9.18,11.34,80.98,11.43,13.85,82.53,13.88,16.62,83.52,16.57,19.63,84.39,19.51,22.9,85.2,22.67,26.42,85.8,25.93,30.19,85.89,29.11,34.21,85.1,32.56,38.48,84.62,36.52,43.01,84.91,40.8,47.78,85.4,45.4,52.81,85.96,50.3,58.09,86.58,55.46,63.62,87.18
-1,19517,366,"Porter 2006","Richness",-68.81927542,-11.50082497,"Precise","Bolivia","Neotropics","Cebidae","Saimiri","Saimiri boliviensis","Saimiri_boliviensis ","Line transects",0,0,NA,NA,0,2003,23.1,"km",NA,NA,"Saimiri boliviensis ","Saimiri boliviensis",0.88,"D",375,"AR","Omnivore",25.74,1.614,60,730,157.79,NA,363.6,1.02,NA,"Polygyndry","Polygyndry",NA,"2Tropical_and_suptropical_moist_broadleaf_forest",0.242065753,0.79,30.64,0.67,1.54,43.49,1.43,2.54,56.42,2.48,3.8,65.25,3.78,5.31,71.1,NA,7.07,NA,7.16,9.08,78.85,9.11,11.34,80.34,11.24,13.85,81.14,13.58,16.62,81.74,16.21,19.63,82.59,19.09,22.9,83.38,22.19,26.42,84,25.59,30.19,84.76,29.27,34.21,85.55,33.17,38.48,86.21,37.38,43.01,86.92,41.93,47.78,87.76,46.76,52.81,88.54,51.81,58.09,89.19,57.1,63.62,89.75
-1,19518,366,"Porter 2006","Richness",-68.75753891,-11.34690201,"Precise","Bolivia","Neotropics","Cebidae","Saimiri","Saimiri boliviensis","Saimiri_boliviensis ","Line transects",1,NA,NA,NA,0,2003,28,"km",NA,NA,"Saimiri boliviensis ","Saimiri boliviensis",0.88,"D",375,"AR","Omnivore",25.74,1.614,60,730,157.79,NA,363.6,1.02,NA,"Polygyndry","Polygyndry",NA,"2Tropical_and_suptropical_moist_broadleaf_forest",0.610894055,0.79,77.33,1.32,1.54,85.6,2.25,2.54,88.57,3.41,3.8,89.82,4.75,5.31,89.36,NA,7.07,NA,7.96,9.08,87.62,9.73,11.34,85.78,11.73,13.85,84.66,13.94,16.62,83.86,16.3,19.63,83.04,19.26,22.9,84.12,22.5,26.42,85.16,26.04,30.19,86.26,29.79,34.21,87.08,33.76,38.48,87.75,38.04,43.01,88.44,42.48,47.78,88.91,47.07,52.81,89.13,52.05,58.09,89.59,57.28,63.62,90.03
-1,19519,366,"Porter 2006","Richness",-67.19355701,-11.29838106,"Precise","Bolivia","Neotropics","Cebidae","Saimiri","Saimiri boliviensis","Saimiri_boliviensis ","Line transects",1,NA,NA,NA,0,2003,23.4,"km",NA,NA,"Saimiri boliviensis ","Saimiri boliviensis",0.88,"D",375,"AR","Omnivore",25.74,1.614,60,730,157.79,NA,363.6,1.02,NA,"Polygyndry","Polygyndry",NA,"2Tropical_and_suptropical_moist_broadleaf_forest",0.714289615,0.79,90.42,1.35,1.54,87.75,2.22,2.54,87.23,3.4,3.8,89.46,4.85,5.31,91.37,NA,7.07,NA,8.33,9.08,91.69,10.41,11.34,91.82,12.71,13.85,91.77,15.36,16.62,92.4,18.22,19.63,92.79,21.25,22.9,92.81,24.53,26.42,92.84,28.08,30.19,93,31.95,34.21,93.38,36.02,38.48,93.62,40.31,43.01,93.73,44.73,47.78,93.62,49.39,52.81,93.53,54.36,58.09,93.58,59.72,63.62,93.88
-1,19520,366,"Porter 2006","Richness",-69.4284817,-10.93895601,"Precise","Bolivia","Neotropics","Cebidae","Saimiri","Saimiri boliviensis","Saimiri_boliviensis ","Line transects",0,0,NA,NA,0,2003,22.4,"km",NA,NA,"Saimiri boliviensis ","Saimiri boliviensis",0.88,"D",375,"AR","Omnivore",25.74,1.614,60,730,157.79,NA,363.6,1.02,NA,"Polygyndry","Polygyndry",NA,"2Tropical_and_suptropical_moist_broadleaf_forest",0.695071214,0.79,87.98,1.41,1.54,91.72,2.38,2.54,93.57,3.59,3.8,94.47,5.05,5.31,95.19,NA,7.07,NA,8.58,9.08,94.48,10.7,11.34,94.36,13.06,13.85,94.27,15.67,16.62,94.26,18.46,19.63,94.04,21.58,22.9,94.24,24.97,26.42,94.51,28.61,30.19,94.76,32.43,34.21,94.8,36.55,38.48,94.98,40.74,43.01,94.73,45.3,47.78,94.81,50.15,52.81,94.96,55.19,58.09,95,60.39,63.62,94.92
