OID,N,N_study,Source,BASE,X,Y,Precise,Country,Realm,Family,Genus,Taxon,Taxon_ITIS,Sample_met,Ocurrence,N_groups,Abundanc_1,Abundance,Density,Sample_yea,Sampling_e,Sampling_1,ID_Todo,TRAITS,Taxon_IT_1,ITIS_SPECI,BodyMass_k,DielActivi,HomeRange_,Locomotion,TrophicGui,Brain_size,Canine_Dim,MeanGroupS,Interbirth,Gestation,WeaningAge,MaxLongevi,LitterSz,AdultSexRa,Social_Sys,Mating_Sys,FOREST,BIOME,Buffer_500,Area500,FC_500,Buffer_700,Area700,FC_700,Buffer_900,Area900,FC_900,Buffer_110,Area1100,FC1100,Buffer_130,Area1300,FC_1300,Buffer_150,Area1500,FC_1500,Buffer_170,Area1700,FC_1700,Buffer_190,Area1900,FC_1900,Buffer_210,Area2100,FC_2100,Buffer_230,Area2300,FC_2300,Buffer_250,Area2500,FC_2500,Buffer_270,Area2700,FC_2700,Buffer_290,Area2900,FC_2900,Buffer_310,Area3100,FC_3100,Buffer_330,Area3300,FC_3300,Buffer_350,Area3500,FC_3500,Buffer_370,Area3700,F_Buffer_3,Buffer_390,Area_3900,FC_3900,Buffer_410,Area4100,FC_4100,Buffer_430,Area4300,FC_4300,Buffer_450,Area4500,FC_4500
-1,19603,6,Benchimol & Venticinque 2014,Richness,-59.71666667,-1.671111111,Precise,Brazil,Neotropics,Cebidae,Saimiri,Saimiri sciureus,Saimiri_sciureus ,Line transect and boat census,1,1(0),0,NA,0,2008,0, ,NA, ,Saimiri sciureus ,Saimiri sciureus,0.82,D,181,AR,Insectivore/ Frugivore,24.14,1.411,NA,383.25,161,177.41,324,1,1.84,Polygyndry,Polygyndry, ,2Tropical_and_suptropical_moist_broadleaf_forest,0.690308085,0.79,87.38,1.35,1.54,87.47,2.18,2.54,85.97,3.02,3.8,79.54,3.89,5.31,73.17,NA,7.07,NA,6.52,9.08,71.76,8.11,11.34,71.53,9.91,13.85,71.54,11.89,16.62,71.56,13.89,19.63,70.74,15.69,22.9,68.53,17.5,26.42,66.25,19.59,30.19,64.89,21.79,34.21,63.71,24.08,38.48,62.58,26.41,43.01,61.4,28.95,47.78,60.58,31.21,52.81,59.11,33.59,58.09,57.83,35.96,63.62,56.52
-1,19604,6,Benchimol & Venticinque 2014,Richness,-59.35388889,-1.841388889,Precise,Brazil,Neotropics,Cebidae,Saimiri,Saimiri sciureus,Saimiri_sciureus ,Line transect and boat census,0,0,0,NA,0,2008,0, ,NA, ,Saimiri sciureus ,Saimiri sciureus,0.82,D,181,AR,Insectivore/ Frugivore,24.14,1.411,NA,383.25,161,177.41,324,1,1.84,Polygyndry,Polygyndry, ,2Tropical_and_suptropical_moist_broadleaf_forest,0.350304338,0.79,44.34,0.58,1.54,37.43,0.87,2.54,34.18,1.23,3.8,32.47,1.6,5.31,30.22,NA,7.07,NA,2.98,9.08,32.85,3.87,11.34,34.15,4.98,13.85,35.98,6.49,16.62,39.04,8.06,19.63,41.08,9.7,22.9,42.36,11.49,26.42,43.5,13.39,30.19,44.36,15.29,34.21,44.68,17.11,38.48,44.46,19.14,43.01,44.5,21.53,47.78,45.06,24.06,52.81,45.57,26.87,58.09,46.26,30.07,63.62,47.26
-1,19605,6,Benchimol & Venticinque 2014,Richness,-59.36305556,-1.767222222,Precise,Brazil,Neotropics,Cebidae,Saimiri,Saimiri sciureus,Saimiri_sciureus ,Line transect and boat census,0,0,0,NA,0,2008,0, ,NA, ,Saimiri sciureus ,Saimiri sciureus,0.82,D,181,AR,Insectivore/ Frugivore,24.14,1.411,NA,383.25,161,177.41,324,1,1.84,Polygyndry,Polygyndry, ,2Tropical_and_suptropical_moist_broadleaf_forest,0.091006642,0.79,11.52,0.21,1.54,13.76,0.43,2.54,17.02,0.68,3.8,17.83,1.22,5.31,22.89,NA,7.07,NA,2.61,9.08,28.78,3.57,11.34,31.52,4.85,13.85,35.01,6.41,16.62,38.59,8.17,19.63,41.64,9.91,22.9,43.29,11.92,26.42,45.12,14.01,30.19,46.41,16.38,34.21,47.88,18.85,38.48,48.97,21.74,43.01,50.56,24.88,47.78,52.08,28.39,52.81,53.76,31.8,58.09,54.74,35.4,63.62,55.64
-1,19606,6,Benchimol & Venticinque 2014,Richness,-59.38027778,-1.855833333,Precise,Brazil,Neotropics,Cebidae,Saimiri,Saimiri sciureus,Saimiri_sciureus ,Line transect and boat census,0,0,0,NA,0,2008,0, ,NA, ,Saimiri sciureus ,Saimiri sciureus,0.82,D,181,AR,Insectivore/ Frugivore,24.14,1.411,NA,383.25,161,177.41,324,1,1.84,Polygyndry,Polygyndry, ,2Tropical_and_suptropical_moist_broadleaf_forest,0.049287201,0.79,6.24,0.08,1.54,5.14,0.13,2.54,4.97,0.24,3.8,6.4,0.36,5.31,6.75,NA,7.07,NA,1.23,9.08,13.5,1.75,11.34,15.44,2.48,13.85,17.89,3.14,16.62,18.91,4.08,19.63,20.8,5.25,22.9,22.93,6.68,26.42,25.29,8.19,30.19,27.12,9.88,34.21,28.88,11.81,38.48,30.7,13.95,43.01,32.43,16.32,47.78,34.15,18.94,52.81,35.86,21.69,58.09,37.33,24.49,63.62,38.49
-1,19607,6,Benchimol & Venticinque 2014,Richness,-59.41555556,-1.798611111,Precise,Brazil,Neotropics,Cebidae,Saimiri,Saimiri sciureus,Saimiri_sciureus ,Line transect and boat census,0,0,0,NA,0,2008,0, ,NA, ,Saimiri sciureus ,Saimiri sciureus,0.82,D,181,AR,Insectivore/ Frugivore,24.14,1.411,NA,383.25,161,177.41,324,1,1.84,Polygyndry,Polygyndry, ,2Tropical_and_suptropical_moist_broadleaf_forest,0.555684269,0.79,70.34,0.98,1.54,63.39,1.48,2.54,58.4,2.04,3.8,53.65,2.68,5.31,50.53,NA,7.07,NA,4.17,9.08,45.96,4.85,11.34,42.8,5.76,13.85,41.6,6.65,16.62,40.04,7.54,19.63,38.42,8.67,22.9,37.87,9.73,26.42,36.82,10.56,30.19,34.99,11.61,34.21,33.93,12.74,38.48,33.1,13.99,43.01,32.52,15.18,47.78,31.78,16.35,52.81,30.96,17.67,58.09,30.43,19.11,63.62,30.04
-1,19608,6,Benchimol & Venticinque 2014,Richness,-59.42944444,-1.827777778,Precise,Brazil,Neotropics,Cebidae,Saimiri,Saimiri sciureus,Saimiri_sciureus ,Line transect and boat census,0,0,0,NA,0,2008,0, ,NA, ,Saimiri sciureus ,Saimiri sciureus,0.82,D,181,AR,Insectivore/ Frugivore,24.14,1.411,NA,383.25,161,177.41,324,1,1.84,Polygyndry,Polygyndry, ,2Tropical_and_suptropical_moist_broadleaf_forest,0.15133992,0.79,19.16,0.24,1.54,15.8,0.35,2.54,13.73,0.43,3.8,11.32,0.5,5.31,9.36,NA,7.07,NA,0.77,9.08,8.51,0.88,11.34,7.74,1,13.85,7.22,1.2,16.62,7.25,1.35,19.63,6.9,1.52,22.9,6.66,1.79,26.42,6.79,2.21,30.19,7.3,2.66,34.21,7.78,3.2,38.48,8.32,3.78,43.01,8.78,4.43,47.78,9.28,5.32,52.81,10.07,6.22,58.09,10.71,7.1,63.62,11.15
-1,19609,6,Benchimol & Venticinque 2014,Richness,-59.44222222,-1.739444444,Precise,Brazil,Neotropics,Cebidae,Saimiri,Saimiri sciureus,Saimiri_sciureus ,Line transect and boat census,0,0,0,NA,0,2008,0, ,NA, ,Saimiri sciureus ,Saimiri sciureus,0.82,D,181,AR,Insectivore/ Frugivore,24.14,1.411,NA,383.25,161,177.41,324,1,1.84,Polygyndry,Polygyndry, ,2Tropical_and_suptropical_moist_broadleaf_forest,0.678131749,0.79,85.84,1.32,1.54,85.78,1.91,2.54,75.07,2.66,3.8,70.08,3.71,5.31,69.87,NA,7.07,NA,6.28,9.08,69.12,7.67,11.34,67.62,9.17,13.85,66.2,10.93,16.62,65.76,12.8,19.63,65.21,15.13,22.9,66.06,17.7,26.42,66.99,20.49,30.19,67.87,23.06,34.21,67.4,25.6,38.48,66.52,28.31,43.01,65.81,31.02,47.78,64.92,33.7,52.81,63.81,36.75,58.09,63.27,40.01,63.62,62.88
-1,19610,6,Benchimol & Venticinque 2014,Richness,-59.44777778,-1.789722222,Precise,Brazil,Neotropics,Cebidae,Saimiri,Saimiri sciureus,Saimiri_sciureus ,Line transect and boat census,0,0,0,NA,0,2008,0, ,NA, ,Saimiri sciureus ,Saimiri sciureus,0.82,D,181,AR,Insectivore/ Frugivore,24.14,1.411,NA,383.25,161,177.41,324,1,1.84,Polygyndry,Polygyndry, ,2Tropical_and_suptropical_moist_broadleaf_forest,0.318247601,0.79,40.28,0.64,1.54,41.87,0.95,2.54,37.24,1.22,3.8,32.18,1.54,5.31,28.92,NA,7.07,NA,2.47,9.08,27.23,3.29,11.34,28.97,4.32,13.85,31.2,5.22,16.62,31.39,6.06,19.63,30.89,6.95,22.9,30.34,8.31,26.42,31.46,9.82,30.19,32.51,11.32,34.21,33.08,13,38.48,33.8,14.74,43.01,34.27,16.41,47.78,34.34,18.11,52.81,34.3,20.05,58.09,34.51,22.21,63.62,34.91
-1,19611,6,Benchimol & Venticinque 2014,Richness,-59.51472222,-1.772777778,Precise,Brazil,Neotropics,Cebidae,Saimiri,Saimiri sciureus,Saimiri_sciureus ,Line transect and boat census,1,0(2),0,NA,0,2008,0, ,NA, ,Saimiri sciureus ,Saimiri sciureus,0.82,D,181,AR,Insectivore/ Frugivore,24.14,1.411,NA,383.25,161,177.41,324,1,1.84,Polygyndry,Polygyndry, ,2Tropical_and_suptropical_moist_broadleaf_forest,0.763326844,0.79,96.62,1.4,1.54,90.94,2.23,2.54,87.9,3.27,3.8,86.04,4.49,5.31,84.5,NA,7.07,NA,7.18,9.08,79.05,8.59,11.34,75.72,10.06,13.85,72.61,11.43,16.62,68.77,12.62,19.63,64.31,13.81,22.9,60.32,15.3,26.42,57.91,16.92,30.19,56.04,18.52,34.21,54.15,20.18,38.48,52.43,21.8,43.01,50.68,23.58,47.78,49.35,25.56,52.81,48.41,27.46,58.09,47.27,29.22,63.62,45.93
-1,19612,6,Benchimol & Venticinque 2014,Richness,-59.59527778,-1.836111111,Precise,Brazil,Neotropics,Cebidae,Saimiri,Saimiri sciureus,Saimiri_sciureus ,Line transect and boat census,0,0,0,NA,0,2008,0, ,NA, ,Saimiri sciureus ,Saimiri sciureus,0.82,D,181,AR,Insectivore/ Frugivore,24.14,1.411,NA,383.25,161,177.41,324,1,1.84,Polygyndry,Polygyndry, ,2Tropical_and_suptropical_moist_broadleaf_forest,0.092033449,0.79,11.65,0.1,1.54,6.47,0.14,2.54,5.59,0.22,3.8,5.88,0.32,5.31,6.09,NA,7.07,NA,0.79,9.08,8.7,1.15,11.34,10.12,1.51,13.85,10.92,1.93,16.62,11.61,2.55,19.63,13,3.28,22.9,14.32,4.12,26.42,15.61,4.99,30.19,16.52,6.09,34.21,17.8,7.45,38.48,19.35,8.75,43.01,20.34,10.12,47.78,21.19,11.63,52.81,22.02,13.15,58.09,22.64,14.68,63.62,23.07
-1,19613,6,Benchimol & Venticinque 2014,Richness,-59.62722222,-1.592777778,Precise,Brazil,Neotropics,Cebidae,Saimiri,Saimiri sciureus,Saimiri_sciureus ,Line transect and boat census,0,0,0,NA,0,2008,0, ,NA, ,Saimiri sciureus ,Saimiri sciureus,0.82,D,181,AR,Insectivore/ Frugivore,24.14,1.411,NA,383.25,161,177.41,324,1,1.84,Polygyndry,Polygyndry, ,2Tropical_and_suptropical_moist_broadleaf_forest,0.769531729,0.79,97.41,1.47,1.54,95.45,2.4,2.54,94.47,3.58,3.8,94.17,5,5.31,94.11,NA,7.07,NA,8.27,9.08,91.04,10.04,11.34,88.55,11.83,13.85,85.42,13.8,16.62,83.06,15.95,19.63,81.24,18.23,22.9,79.59,20.38,26.42,77.15,22.56,30.19,74.74,24.9,34.21,72.78,27.23,38.48,70.76,29.6,43.01,68.83,31.88,47.78,66.73,34.31,52.81,64.97,37.16,58.09,63.96,40.16,63.62,63.13
-1,19614,6,Benchimol & Venticinque 2014,Richness,-59.6325,-1.829444444,Precise,Brazil,Neotropics,Cebidae,Saimiri,Saimiri sciureus,Saimiri_sciureus ,Line transect and boat census,0,0,0,NA,0,2008,0, ,NA, ,Saimiri sciureus ,Saimiri sciureus,0.82,D,181,AR,Insectivore/ Frugivore,24.14,1.411,NA,383.25,161,177.41,324,1,1.84,Polygyndry,Polygyndry, ,2Tropical_and_suptropical_moist_broadleaf_forest,0.047357176,0.79,5.99,0.05,1.54,3.08,0.09,2.54,3.35,0.13,3.8,3.41,0.23,5.31,4.27,NA,7.07,NA,0.45,9.08,4.99,0.66,11.34,5.78,0.85,13.85,6.17,1.12,16.62,6.75,1.53,19.63,7.82,2.19,22.9,9.57,3.06,26.42,11.57,3.99,30.19,13.22,5.09,34.21,14.89,6.29,38.48,16.35,7.47,43.01,17.37,8.83,47.78,18.48,10.55,52.81,19.98,12.51,58.09,21.53,14.38,63.62,22.6
-1,19615,6,Benchimol & Venticinque 2014,Richness,-59.63777778,-1.791111111,Precise,Brazil,Neotropics,Cebidae,Saimiri,Saimiri sciureus,Saimiri_sciureus ,Line transect and boat census,1,5(1),0,NA,0,2008,0, ,NA, ,Saimiri sciureus ,Saimiri sciureus,0.82,D,181,AR,Insectivore/ Frugivore,24.14,1.411,NA,383.25,161,177.41,324,1,1.84,Polygyndry,Polygyndry, ,2Tropical_and_suptropical_moist_broadleaf_forest,0.659106837,0.79,83.43,1.01,1.54,65.45,1.31,2.54,51.46,1.5,3.8,39.58,1.7,5.31,31.95,NA,7.07,NA,2.3,9.08,25.36,2.77,11.34,24.39,3.14,13.85,22.64,3.46,16.62,20.82,3.73,19.63,19,3.98,22.9,17.4,4.41,26.42,16.69,4.76,30.19,15.78,5.11,34.21,14.94,5.36,38.48,13.94,5.74,43.01,13.35,6.3,47.78,13.18,6.87,52.81,13.01,7.4,58.09,12.73,7.85,63.62,12.34
-1,19616,6,Benchimol & Venticinque 2014,Richness,-59.655,-1.877222222,Precise,Brazil,Neotropics,Cebidae,Saimiri,Saimiri sciureus,Saimiri_sciureus ,Line transect and boat census,0,0,0,NA,0,2008,0, ,NA, ,Saimiri sciureus ,Saimiri sciureus,0.82,D,181,AR,Insectivore/ Frugivore,24.14,1.411,NA,383.25,161,177.41,324,1,1.84,Polygyndry,Polygyndry, ,2Tropical_and_suptropical_moist_broadleaf_forest,0.353300215,0.79,44.72,0.64,1.54,41.48,1.24,2.54,48.74,2.04,3.8,53.72,2.72,5.31,51.3,NA,7.07,NA,4.67,9.08,51.46,5.97,11.34,52.65,7.14,13.85,51.52,8.36,16.62,50.28,10.05,19.63,51.17,12.03,22.9,52.55,14.14,26.42,53.51,16.42,30.19,54.39,18.87,34.21,55.17,21.71,38.48,56.42,24.83,43.01,57.73,28.27,47.78,59.16,31.73,52.81,60.08,35.36,58.09,60.87,39.07,63.62,61.41
-1,19617,6,Benchimol & Venticinque 2014,Richness,-59.66277778,-1.678333333,Precise,Brazil,Neotropics,Cebidae,Saimiri,Saimiri sciureus,Saimiri_sciureus ,Line transect and boat census,0,0,0,NA,0,2008,0, ,NA, ,Saimiri sciureus ,Saimiri sciureus,0.82,D,181,AR,Insectivore/ Frugivore,24.14,1.411,NA,383.25,161,177.41,324,1,1.84,Polygyndry,Polygyndry, ,2Tropical_and_suptropical_moist_broadleaf_forest,0.490587368,0.79,62.1,0.73,1.54,47.26,0.94,2.54,36.82,1.2,3.8,31.58,1.57,5.31,29.64,NA,7.07,NA,2.39,9.08,26.29,2.67,11.34,23.58,2.83,13.85,20.43,2.86,16.62,17.19,2.86,19.63,14.58,2.88,22.9,12.57,2.88,26.42,10.9,2.97,30.19,9.85,3.13,34.21,9.15,3.3,38.48,8.57,3.65,43.01,8.49,4.23,47.78,8.85,5.16,52.81,9.77,6.41,58.09,11.03,7.7,63.62,12.1
-1,19618,6,Benchimol & Venticinque 2014,Richness,-59.68722222,-1.831388889,Precise,Brazil,Neotropics,Cebidae,Saimiri,Saimiri sciureus,Saimiri_sciureus ,Line transect and boat census,0,0,0,NA,0,2008,0, ,NA, ,Saimiri sciureus ,Saimiri sciureus,0.82,D,181,AR,Insectivore/ Frugivore,24.14,1.411,NA,383.25,161,177.41,324,1,1.84,Polygyndry,Polygyndry, ,2Tropical_and_suptropical_moist_broadleaf_forest,0.677257657,0.79,85.73,1.26,1.54,82,1.87,2.54,73.56,2.22,3.8,58.38,2.71,5.31,50.97,NA,7.07,NA,4.48,9.08,49.33,5.74,11.34,50.64,7.2,13.85,51.99,8.72,16.62,52.48,10.16,19.63,51.74,11.81,22.9,51.59,13.58,26.42,51.41,15.41,30.19,51.03,17.3,34.21,50.58,19.08,38.48,49.59,21.06,43.01,48.97,23.2,47.78,48.56,25.45,52.81,48.2,27.8,58.09,47.86,30.27,63.62,47.59
-1,19619,6,Benchimol & Venticinque 2014,Richness,-59.6875,-1.783333333,Precise,Brazil,Neotropics,Cebidae,Saimiri,Saimiri sciureus,Saimiri_sciureus ,Line transect and boat census,0,0,0,NA,0,2008,0, ,NA, ,Saimiri sciureus ,Saimiri sciureus,0.82,D,181,AR,Insectivore/ Frugivore,24.14,1.411,NA,383.25,161,177.41,324,1,1.84,Polygyndry,Polygyndry, ,2Tropical_and_suptropical_moist_broadleaf_forest,0.414482626,0.79,52.47,0.78,1.54,50.58,1.22,2.54,48.19,1.63,3.8,42.83,2.06,5.31,38.84,NA,7.07,NA,3.13,9.08,34.49,3.81,11.34,33.58,4.48,13.85,32.34,5.35,16.62,32.19,6.38,19.63,32.52,7.48,22.9,32.67,8.7,26.42,32.94,10.12,30.19,33.52,11.59,34.21,33.88,13.15,38.48,34.18,14.82,43.01,34.46,16.83,47.78,35.22,19.14,52.81,36.25,21.49,58.09,36.99,23.86,63.62,37.5
-1,19620,6,Benchimol & Venticinque 2014,Richness,-59.70333333,-1.741666667,Precise,Brazil,Neotropics,Cebidae,Saimiri,Saimiri sciureus,Saimiri_sciureus ,Line transect and boat census,0,0,0,NA,0,2008,0, ,NA, ,Saimiri sciureus ,Saimiri sciureus,0.82,D,181,AR,Insectivore/ Frugivore,24.14,1.411,NA,383.25,161,177.41,324,1,1.84,Polygyndry,Polygyndry, ,2Tropical_and_suptropical_moist_broadleaf_forest,0.725570829,0.79,91.84,1.33,1.54,86.62,2.11,2.54,83.14,3.04,3.8,79.97,4.1,5.31,77.29,NA,7.07,NA,7.06,9.08,77.79,8.56,11.34,75.48,9.68,13.85,69.9,10.69,16.62,64.31,11.74,19.63,59.79,12.57,22.9,54.89,13.32,26.42,50.43,14.12,30.19,46.77,14.98,34.21,43.78,16.03,38.48,41.66,17.38,43.01,40.41,18.83,47.78,39.42,20.32,52.81,38.48,21.89,58.09,37.68,23.93,63.62,37.62
-1,19621,6,Benchimol & Venticinque 2014,Richness,-59.77861111,-1.597222222,Precise,Brazil,Neotropics,Cebidae,Saimiri,Saimiri sciureus,Saimiri_sciureus ,Line transect and boat census,1,4(2),0,NA,0,2008,0, ,NA, ,Saimiri sciureus ,Saimiri sciureus,0.82,D,181,AR,Insectivore/ Frugivore,24.14,1.411,NA,383.25,161,177.41,324,1,1.84,Polygyndry,Polygyndry, ,2Tropical_and_suptropical_moist_broadleaf_forest,0.757527328,0.79,95.89,1.37,1.54,88.8,2.18,2.54,85.76,3.2,3.8,84.3,4.28,5.31,80.58,NA,7.07,NA,7.08,9.08,77.93,8.73,11.34,76.98,10.44,13.85,75.38,12.4,16.62,74.63,14.58,19.63,74.27,16.68,22.9,72.85,18.71,26.42,70.8,20.71,30.19,68.61,22.6,34.21,66.06,24.62,38.48,63.99,26.95,43.01,62.66,29.35,47.78,61.43,31.8,52.81,60.22,34.17,58.09,58.83,36.65,63.62,57.61
-1,19622,6,Benchimol & Venticinque 2014,Richness,-59.78472222,-1.702777778,Precise,Brazil,Neotropics,Cebidae,Saimiri,Saimiri sciureus,Saimiri_sciureus ,Line transect and boat census,1,2(3),0,NA,0,2008,0, ,NA, ,Saimiri sciureus ,Saimiri sciureus,0.82,D,181,AR,Insectivore/ Frugivore,24.14,1.411,NA,383.25,161,177.41,324,1,1.84,Polygyndry,Polygyndry, ,2Tropical_and_suptropical_moist_broadleaf_forest,0.66407825,0.79,84.06,1.2,1.54,77.91,1.81,2.54,71.39,2.29,3.8,60.27,2.83,5.31,53.25,NA,7.07,NA,4.54,9.08,49.99,5.61,11.34,49.49,6.87,13.85,49.6,8.18,16.62,49.23,9.61,19.63,48.98,11.34,22.9,49.52,13.14,26.42,49.73,14.95,30.19,49.51,16.97,34.21,49.62,19.18,38.48,49.86,21.73,43.01,50.52,24.71,47.78,51.72,27.91,52.81,52.85,31.33,58.09,53.93,34.81,63.62,54.72
