OID,N,N_study,Source,BASE,X,Y,Precise,Country,Realm,Family,Genus,Taxon,Taxon_ITIS,Sample_met,Ocurrence,N_groups,Abundanc_1,Abundance,Density,Sample_yea,Sampling_e,Sampling_1,ID_Todo,TRAITS,Taxon_IT_1,ITIS_SPECI,BodyMass_k,DielActivi,HomeRange_,Locomotion,TrophicGui,Brain_size,Canine_Dim,MeanGroupS,Interbirth,Gestation,WeaningAge,MaxLongevi,LitterSz,AdultSexRa,Social_Sys,Mating_Sys,FOREST,BIOME,Buffer_500,Area500,FC_500,Buffer_700,Area700,FC_700,Buffer_900,Area900,FC_900,Buffer_110,Area1100,FC1100,Buffer_130,Area1300,FC_1300,Buffer_150,Area1500,FC_1500,Buffer_170,Area1700,FC_1700,Buffer_190,Area1900,FC_1900,Buffer_210,Area2100,FC_2100,Buffer_230,Area2300,FC_2300,Buffer_250,Area2500,FC_2500,Buffer_270,Area2700,FC_2700,Buffer_290,Area2900,FC_2900,Buffer_310,Area3100,FC_3100,Buffer_330,Area3300,FC_3300,Buffer_350,Area3500,FC_3500,Buffer_370,Area3700,F_Buffer_3,Buffer_390,Area_3900,FC_3900,Buffer_410,Area4100,FC_4100,Buffer_430,Area4300,FC_4300,Buffer_450,Area4500,FC_4500
-1,21207,207,Flesher 2015,Richness,-39.165345,-13.906258,Precise,Brazil,Neotropics,Cebidae,Sapajus,Sapajus xanthosternos,Sapajus_xanthosternos ,Line Transect,1, , ,Encounter rate,0,2005,27,km,NA, ,Sapajus xanthosternos ,Sapajus xanthosternos,2.875,D,846.5,AR,Omnivore,66.09,NA,18,NA,NA,NA,NA,NA,NA,NA,NA, ,2Tropical_and_suptropical_moist_broadleaf_forest,0.773051682,0.79,97.85,1.52,1.54,98.39,2.49,2.54,97.96,3.72,3.8,97.78,5.13,5.31,96.59,NA,7.07,NA,8.64,9.08,95.18,10.73,11.34,94.65,13.12,13.85,94.76,15.68,16.62,94.37,18.53,19.63,94.41,21.62,22.9,94.42,24.97,26.42,94.5,28.53,30.19,94.5,32.36,34.21,94.59,36.33,38.48,94.4,40.54,43.01,94.25,45.04,47.78,94.26,49.7,52.81,94.11,54.66,58.09,94.1,59.77,63.62,93.94
-1,21208,207,Flesher 2015,Richness,-39.218675,-13.82894444,Precise,Brazil,Neotropics,Cebidae,Sapajus,Sapajus xanthosternos,Sapajus_xanthosternos ,Line Transect,1, ,0.19,Encounter rate,0,2005,52.35,km,NA, ,Sapajus xanthosternos ,Sapajus xanthosternos,2.875,D,846.5,AR,Omnivore,66.09,NA,18,NA,NA,NA,NA,NA,NA,NA,NA, ,2Tropical_and_suptropical_moist_broadleaf_forest,0.771337018,0.79,97.64,1.5,1.54,97.37,2.48,2.54,97.76,3.71,3.8,97.56,5.18,5.31,97.62,NA,7.07,NA,8.87,9.08,97.74,11.1,11.34,97.85,13.56,13.85,97.93,16.27,16.62,97.88,19.21,19.63,97.87,22.39,22.9,97.79,25.78,26.42,97.57,29.4,30.19,97.39,33.24,34.21,97.16,37.32,38.48,96.99,41.65,43.01,96.84,46.3,47.78,96.89,51.13,52.81,96.82,56.21,58.09,96.76,61.55,63.62,96.75
-1,21209,207,Flesher 2015,Richness,-39.31685278,-13.77003889,Precise,Brazil,Neotropics,Cebidae,Sapajus,Sapajus xanthosternos,Sapajus_xanthosternos ,Line Transect,0, ,0,Encounter rate,0,2005,24,km,NA, ,Sapajus xanthosternos ,Sapajus xanthosternos,2.875,D,846.5,AR,Omnivore,66.09,NA,18,NA,NA,NA,NA,NA,NA,NA,NA, ,2Tropical_and_suptropical_moist_broadleaf_forest,0.772988786,0.79,97.85,1.52,1.54,98.39,2.5,2.54,98.41,3.73,3.8,98.08,5.18,5.31,97.58,NA,7.07,NA,8.84,9.08,97.37,10.97,11.34,96.73,13.33,13.85,96.23,15.89,16.62,95.59,18.61,19.63,94.83,21.63,22.9,94.44,24.91,26.42,94.27,28.35,30.19,93.92,32.13,34.21,93.93,36.21,38.48,94.11,40.52,43.01,94.2,45.03,47.78,94.25,49.68,52.81,94.08,54.47,58.09,93.77,59.47,63.62,93.47
-1,21210,207,Flesher 2015,Richness,-39.20414722,-13.80980556,Precise,Brazil,Neotropics,Cebidae,Sapajus,Sapajus xanthosternos,Sapajus_xanthosternos ,Line Transect,1, , ,Encounter rate,0,2005,166.35,km,NA, ,Sapajus xanthosternos ,Sapajus xanthosternos,2.875,D,846.5,AR,Omnivore,66.09,NA,18,NA,NA,NA,NA,NA,NA,NA,NA, ,2Tropical_and_suptropical_moist_broadleaf_forest,0.773071685,0.79,97.86,1.52,1.54,98.39,2.5,2.54,98.58,3.73,3.8,98.15,5.17,5.31,97.4,NA,7.07,NA,8.83,9.08,97.23,11,11.34,97,13.44,13.85,97.02,16.13,16.62,97.08,19.06,19.63,97.11,22.21,22.9,96.99,25.6,26.42,96.89,29.25,30.19,96.89,33.18,34.21,96.99,37.35,38.48,97.08,41.72,43.01,97.01,46.32,47.78,96.94,51.16,52.81,96.87,56.24,58.09,96.81,61.46,63.62,96.61
-1,21211,207,Flesher 2015,Richness,-39.25717778,-13.82911111,Precise,Brazil,Neotropics,Cebidae,Sapajus,Sapajus xanthosternos,Sapajus_xanthosternos ,Line Transect,1, ,0.35,Encounter rate,0,2005,206.26,km,NA, ,Sapajus xanthosternos ,Sapajus xanthosternos,2.875,D,846.5,AR,Omnivore,66.09,NA,18,NA,NA,NA,NA,NA,NA,NA,NA, ,2Tropical_and_suptropical_moist_broadleaf_forest,0.773077357,0.79,97.86,1.52,1.54,98.39,2.5,2.54,98.61,3.74,3.8,98.43,5.21,5.31,98.21,NA,7.07,NA,8.87,9.08,97.67,11.07,11.34,97.59,13.47,13.85,97.23,16.14,16.62,97.1,18.98,19.63,96.68,22.07,22.9,96.36,25.47,26.42,96.42,29.09,30.19,96.37,32.99,34.21,96.43,37.1,38.48,96.42,41.42,43.01,96.31,46,47.78,96.28,50.81,52.81,96.22,55.9,58.09,96.23,61.19,63.62,96.18
