OID,N,N_study,Source,BASE,X,Y,Precise,Country,Realm,Family,Genus,Taxon,Taxon_ITIS,Sample_met,Ocurrence,N_groups,Abundanc_1,Abundance,Density,Sample_yea,Sampling_e,Sampling_1,ID_Todo,TRAITS,Taxon_IT_1,ITIS_SPECI,BodyMass_k,DielActivi,HomeRange_,Locomotion,TrophicGui,Brain_size,Canine_Dim,MeanGroupS,Interbirth,Gestation,WeaningAge,MaxLongevi,LitterSz,AdultSexRa,Social_Sys,Mating_Sys,FOREST,BIOME,Buffer_500,Area500,FC_500,Buffer_700,Area700,FC_700,Buffer_900,Area900,FC_900,Buffer_110,Area1100,FC1100,Buffer_130,Area1300,FC_1300,Buffer_150,Area1500,FC_1500,Buffer_170,Area1700,FC_1700,Buffer_190,Area1900,FC_1900,Buffer_210,Area2100,FC_2100,Buffer_230,Area2300,FC_2300,Buffer_250,Area2500,FC_2500,Buffer_270,Area2700,FC_2700,Buffer_290,Area2900,FC_2900,Buffer_310,Area3100,FC_3100,Buffer_330,Area3300,FC_3300,Buffer_350,Area3500,FC_3500,Buffer_370,Area3700,F_Buffer_3,Buffer_390,Area_3900,FC_3900,Buffer_410,Area4100,FC_4100,Buffer_430,Area4300,FC_4300,Buffer_450,Area4500,FC_4500
-1,19938,13,de Thoisy et al. 2010,Richness,-52.131635,4.059572,Precise,French Guiana,Neotropics,Cebidae,Cebus,Cebus apella,Sapajus_apella,line/belt transects,1, ,0.26, ,0,2009,100,kilometer,NA, ,Sapajus apella,Sapajus apella,3.01,D,355,AR,Omnivore,66.63,1.455,12.9,657,158,263.12,541.2,1.05,1.36,Polygyndry,Polygyndry, ,2Tropical_and_suptropical_moist_broadleaf_forest,0.772540092,0.79,97.79,1.51,1.54,97.9,2.49,2.54,98.07,3.72,3.8,97.92,NA,5.31,NA,NA,7.07,NA,8.83,9.08,97.21,10.99,11.34,96.94,13.46,13.85,97.21,16.17,16.62,97.3,19.11,19.63,97.36,22.31,22.9,97.42,25.76,26.42,97.49,29.45,30.19,97.55,33.39,34.21,97.61,37.58,38.48,97.65,42.02,43.01,97.7,46.71,47.78,97.76,51.65,52.81,97.81,56.83,58.09,97.83,62.26,63.62,97.86
-1,19942,13,de Thoisy et al. 2010,Richness,-53.41044,4.578031,Precise,French Guiana,Neotropics,Cebidae,Cebus,Cebus apella,Sapajus_apella,line/belt transects,1, ,0.81, ,0,2009,100,kilometer,NA, ,Sapajus apella,Sapajus apella,3.01,D,355,AR,Omnivore,66.63,1.455,12.9,657,158,263.12,541.2,1.05,1.36,Polygyndry,Polygyndry, ,2Tropical_and_suptropical_moist_broadleaf_forest,0.772442274,0.79,97.78,1.51,1.54,98.33,2.5,2.54,98.54,3.74,3.8,98.4,5.22,5.31,98.35,NA,7.07,NA,8.93,9.08,98.36,11.16,11.34,98.38,13.63,13.85,98.4,16.35,16.62,98.36,19.31,19.63,98.39,22.53,22.9,98.38,25.99,26.42,98.37,29.7,30.19,98.37,33.65,34.21,98.38,37.86,38.48,98.38,42.31,43.01,98.37,47,47.78,98.38,51.95,52.81,98.37,57.14,58.09,98.37,62.58,63.62,98.37
-1,19945,13,de Thoisy et al. 2010,Richness,-53.270108,4.680096,Precise,French Guiana,Neotropics,Cebidae,Cebus,Cebus apella,Sapajus_apella,line/belt transects,1, ,0.42, ,0,2003,100,kilometer,NA, ,Sapajus apella,Sapajus apella,3.01,D,355,AR,Omnivore,66.63,1.455,12.9,657,158,263.12,541.2,1.05,1.36,Polygyndry,Polygyndry, ,2Tropical_and_suptropical_moist_broadleaf_forest,0.772512048,0.79,97.79,1.51,1.54,98.32,2.5,2.54,98.55,3.74,3.8,98.4,5.22,5.31,98.35,NA,7.07,NA,8.93,9.08,98.36,11.16,11.34,98.38,13.63,13.85,98.4,16.35,16.62,98.36,19.31,19.63,98.39,22.53,22.9,98.38,25.99,26.42,98.37,29.7,30.19,98.37,33.65,34.21,98.38,37.86,38.48,98.38,42.31,43.01,98.37,47.01,47.78,98.38,51.95,52.81,98.37,57.14,58.09,98.37,62.58,63.62,98.37
-1,19946,13,de Thoisy et al. 2010,Richness,-53.917251,4.767957,Precise,French Guiana,Neotropics,Cebidae,Cebus,Cebus apella,Sapajus_apella,line/belt transects,1, ,1, ,0,2001,100,kilometer,NA, ,Sapajus apella,Sapajus apella,3.01,D,355,AR,Omnivore,66.63,1.455,12.9,657,158,263.12,541.2,1.05,1.36,Polygyndry,Polygyndry, ,2Tropical_and_suptropical_moist_broadleaf_forest,0.772458691,0.79,97.78,1.51,1.54,98.33,2.5,2.54,98.55,3.74,3.8,98.4,5.22,5.31,98.36,NA,7.07,NA,8.93,9.08,98.36,11.16,11.34,98.38,13.63,13.85,98.4,16.35,16.62,98.35,19.29,19.63,98.24,22.49,22.9,98.22,25.91,26.42,98.08,29.56,30.19,97.92,33.41,34.21,97.67,37.55,38.48,97.59,41.97,43.01,97.59,46.63,47.78,97.6,51.55,52.81,97.62,56.71,58.09,97.62,62.14,63.62,97.67
-1,19947,13,de Thoisy et al. 2010,Richness,-52.607433,4.865418,Precise,French Guiana,Neotropics,Cebidae,Cebus,Cebus apella,Sapajus_apella,line/belt transects,1, ,0.47, ,0,2010,100,kilometer,NA, ,Sapajus apella,Sapajus apella,3.01,D,355,AR,Omnivore,66.63,1.455,12.9,657,158,263.12,541.2,1.05,1.36,Polygyndry,Polygyndry, ,2Tropical_and_suptropical_moist_broadleaf_forest,0.772532579,0.79,97.79,1.51,1.54,98.32,2.5,2.54,98.55,3.74,3.8,98.4,5.22,5.31,98.35,NA,7.07,NA,8.93,9.08,98.36,11.16,11.34,98.38,13.63,13.85,98.4,16.35,16.62,98.36,19.31,19.63,98.37,22.51,22.9,98.31,25.97,26.42,98.31,29.68,30.19,98.31,33.64,34.21,98.32,37.84,38.48,98.33,42.28,43.01,98.31,46.98,47.78,98.33,51.92,52.81,98.31,57.08,58.09,98.27,62.5,63.62,98.23
-1,19948,13,de Thoisy et al. 2010,Richness,-52.569916,4.899048,Precise,French Guiana,Neotropics,Cebidae,Cebus,Cebus apella,Sapajus_apella,line/belt transects,1, ,0.58, ,0,2001,100,kilometer,NA, ,Sapajus apella,Sapajus apella,3.01,D,355,AR,Omnivore,66.63,1.455,12.9,657,158,263.12,541.2,1.05,1.36,Polygyndry,Polygyndry, ,2Tropical_and_suptropical_moist_broadleaf_forest,0.772536795,0.79,97.79,1.51,1.54,98.32,2.49,2.54,98.15,3.73,3.8,98.03,5.19,5.31,97.75,NA,7.07,NA,8.87,9.08,97.64,11.08,11.34,97.7,13.55,13.85,97.81,16.26,16.62,97.83,19.22,19.63,97.91,22.42,22.9,97.9,25.86,26.42,97.87,29.5,30.19,97.71,33.44,34.21,97.75,37.61,38.48,97.75,42.02,43.01,97.69,46.64,47.78,97.62,51.52,52.81,97.56,56.65,58.09,97.52,62.01,63.62,97.47
-1,19949,13,de Thoisy et al. 2010,Richness,-52.632553,4.999466,Precise,French Guiana,Neotropics,Cebidae,Cebus,Cebus apella,Sapajus_apella,line/belt transects,1, ,0.2, ,0,2003,100,kilometer,NA, ,Sapajus apella,Sapajus apella,3.01,D,355,AR,Omnivore,66.63,1.455,12.9,657,158,263.12,541.2,1.05,1.36,Polygyndry,Polygyndry, ,2Tropical_and_suptropical_moist_broadleaf_forest,0.772544923,0.79,97.79,1.51,1.54,98.15,2.5,2.54,98.4,3.73,3.8,98.26,5.22,5.31,98.22,NA,7.07,NA,8.92,9.08,98.28,11.15,11.34,98.32,13.62,13.85,98.35,16.34,16.62,98.31,19.3,19.63,98.34,22.5,22.9,98.25,25.91,26.42,98.09,29.4,30.19,97.37,33.11,34.21,96.78,37.04,38.48,96.26,41.11,43.01,95.59,45.35,47.78,94.91,49.78,52.81,94.27,54.49,58.09,93.8,59.52,63.62,93.55
-1,19950,13,de Thoisy et al. 2010,Richness,-52.802106,5.174982,Precise,French Guiana,Neotropics,Cebidae,Cebus,Cebus apella,Sapajus_apella,line/belt transects,0, ,0, ,0,2001,100,kilometer,NA, ,Sapajus apella,Sapajus apella,3.01,D,355,AR,Omnivore,66.63,1.455,12.9,657,158,263.12,541.2,1.05,1.36,Polygyndry,Polygyndry, ,2Tropical_and_suptropical_moist_broadleaf_forest,0.772524939,0.79,97.79,1.51,1.54,98.26,2.5,2.54,98.41,3.74,3.8,98.31,5.22,5.31,98.29,NA,7.07,NA,8.93,9.08,98.32,11.15,11.34,98.35,13.63,13.85,98.38,16.34,16.62,98.34,19.3,19.63,98.31,22.5,22.9,98.25,25.88,26.42,97.96,29.35,30.19,97.2,32.92,34.21,96.24,36.68,38.48,95.33,40.59,43.01,94.36,44.65,47.78,93.44,48.59,52.81,92.02,52.6,58.09,90.56,56.75,63.62,89.21
-1,19951,13,de Thoisy et al. 2010,Richness,-53.941681,5.202246,Precise,French Guiana,Neotropics,Cebidae,Cebus,Cebus apella,Sapajus_apella,line/belt transects,1, ,0.33, ,0,2001,100,kilometer,NA, ,Sapajus apella,Sapajus apella,3.01,D,355,AR,Omnivore,66.63,1.455,12.9,657,158,263.12,541.2,1.05,1.36,Polygyndry,Polygyndry, ,2Tropical_and_suptropical_moist_broadleaf_forest,0.772471496,0.79,97.78,1.51,1.54,98.33,2.5,2.54,98.55,3.74,3.8,98.4,5.22,5.31,98.36,NA,7.07,NA,8.93,9.08,98.36,11.16,11.34,98.38,13.63,13.85,98.4,16.34,16.62,98.32,19.31,19.63,98.35,22.52,22.9,98.34,25.98,26.42,98.33,29.69,30.19,98.34,33.64,34.21,98.35,37.85,38.48,98.36,42.3,43.01,98.34,46.99,47.78,98.36,51.94,52.81,98.35,57.13,58.09,98.35,62.57,63.62,98.35
-1,19952,13,de Thoisy et al. 2010,Richness,-53.32923,5.250747,Precise,French Guiana,Neotropics,Cebidae,Cebus,Cebus apella,Sapajus_apella,line/belt transects,1, ,1.2, ,0,2012,100,kilometer,NA, ,Sapajus apella,Sapajus apella,3.01,D,355,AR,Omnivore,66.63,1.455,12.9,657,158,263.12,541.2,1.05,1.36,Polygyndry,Polygyndry, ,2Tropical_and_suptropical_moist_broadleaf_forest,0.772521505,0.79,97.79,1.51,1.54,98.33,2.5,2.54,98.55,3.74,3.8,98.4,NA,5.31,NA,NA,7.07,NA,8.93,9.08,98.36,11.16,11.34,98.38,13.63,13.85,98.4,16.35,16.62,98.37,19.31,19.63,98.36,22.52,22.9,98.35,25.98,26.42,98.34,29.69,30.19,98.35,33.64,34.21,98.34,37.84,38.48,98.34,42.29,43.01,98.33,46.99,47.78,98.34,51.93,52.81,98.34,57.12,58.09,98.34,62.55,63.62,98.32
-1,19953,13,de Thoisy et al. 2010,Richness,-53.480165,5.273194,Precise,French Guiana,Neotropics,Cebidae,Cebus,Cebus apella,Sapajus_apella,line/belt transects,1, ,0.18, ,0,2013,100,kilometer,NA, ,Sapajus apella,Sapajus apella,3.01,D,355,AR,Omnivore,66.63,1.455,12.9,657,158,263.12,541.2,1.05,1.36,Polygyndry,Polygyndry, ,2Tropical_and_suptropical_moist_broadleaf_forest,0.772504844,0.79,97.79,1.51,1.54,98.33,2.5,2.54,98.55,3.74,3.8,98.4,NA,5.31,NA,NA,7.07,NA,8.92,9.08,98.24,11.13,11.34,98.19,13.58,13.85,98.07,16.29,16.62,98.03,19.25,19.63,98.09,22.46,22.9,98.09,25.92,26.42,98.13,29.63,30.19,98.16,33.58,34.21,98.17,37.78,38.48,98.18,42.23,43.01,98.18,46.91,47.78,98.18,51.84,52.81,98.16,57.01,58.09,98.13,62.42,63.62,98.12
-1,19954,13,de Thoisy et al. 2010,Richness,-54.155877,5.280158,Precise,French Guiana,Neotropics,Cebidae,Cebus,Cebus apella,Sapajus_apella,line/belt transects,0, ,0, ,0,2003,100,kilometer,NA, ,Sapajus apella,Sapajus apella,3.01,D,355,AR,Omnivore,66.63,1.455,12.9,657,158,263.12,541.2,1.05,1.36,Polygyndry,Polygyndry, ,2Tropical_and_suptropical_moist_broadleaf_forest,0.772499894,0.79,97.78,1.51,1.54,98.33,2.5,2.54,98.55,3.74,3.8,98.4,5.22,5.31,98.36,NA,7.07,NA,8.93,9.08,98.36,11.16,11.34,98.38,13.63,13.85,98.4,16.35,16.62,98.37,19.32,19.63,98.4,22.53,22.9,98.38,25.99,26.42,98.38,29.7,30.19,98.38,33.66,34.21,98.38,37.86,38.48,98.38,42.31,43.01,98.36,46.99,47.78,98.35,51.92,52.81,98.32,57.11,58.09,98.31,62.55,63.62,98.31
-1,19955,13,de Thoisy et al. 2010,Richness,-53.204157,5.326576,Precise,French Guiana,Neotropics,Cebidae,Cebus,Cebus apella,Sapajus_apella,line/belt transects,1, ,0.3, ,0,2000,-1,kilometer,NA, ,Sapajus apella,Sapajus apella,3.01,D,355,AR,Omnivore,66.63,1.455,12.9,657,158,263.12,541.2,1.05,1.36,Polygyndry,Polygyndry, ,2Tropical_and_suptropical_moist_broadleaf_forest,0.772548081,0.79,97.79,1.51,1.54,98.32,2.5,2.54,98.55,3.74,3.8,98.4,5.22,5.31,98.36,NA,7.07,NA,8.93,9.08,98.36,11.16,11.34,98.37,13.63,13.85,98.38,16.33,16.62,98.25,19.29,19.63,98.28,22.5,22.9,98.27,25.96,26.42,98.27,29.67,30.19,98.26,33.62,34.21,98.27,37.82,38.48,98.27,42.26,43.01,98.25,46.95,47.78,98.27,51.9,52.81,98.27,57.08,58.09,98.26,62.51,63.62,98.26
-1,19958,13,de Thoisy et al. 2010,Richness,-53.967133,5.348667,Precise,French Guiana,Neotropics,Cebidae,Cebus,Cebus apella,Sapajus_apella,line/belt transects,0, ,0, ,0,2008,100,kilometer,NA, ,Sapajus apella,Sapajus apella,3.01,D,355,AR,Omnivore,66.63,1.455,12.9,657,158,263.12,541.2,1.05,1.36,Polygyndry,Polygyndry, ,2Tropical_and_suptropical_moist_broadleaf_forest,0.772552404,0.79,97.79,1.51,1.54,98.32,2.5,2.54,98.55,3.74,3.8,98.37,5.22,5.31,98.24,NA,7.07,NA,8.93,9.08,98.29,11.15,11.34,98.29,13.6,13.85,98.16,16.3,16.62,98.08,19.23,19.63,97.97,22.43,22.9,97.94,25.89,26.42,97.98,29.6,30.19,98.03,33.53,34.21,98,37.69,38.48,97.95,42.11,43.01,97.9,46.73,47.78,97.8,51.6,52.81,97.7,56.72,58.09,97.65,62.12,63.62,97.64
-1,19959,13,de Thoisy et al. 2010,Richness,-53.249567,5.351542,Precise,French Guiana,Neotropics,Cebidae,Cebus,Cebus apella,Sapajus_apella,line/belt transects,1, ,0.05, ,0,2000,-1,kilometer,NA, ,Sapajus apella,Sapajus apella,3.01,D,355,AR,Omnivore,66.63,1.455,12.9,657,158,263.12,541.2,1.05,1.36,Polygyndry,Polygyndry, ,2Tropical_and_suptropical_moist_broadleaf_forest,0.772499999,0.79,97.78,1.51,1.54,98.33,2.5,2.54,98.55,3.74,3.8,98.4,5.22,5.31,98.36,NA,7.07,NA,8.93,9.08,98.36,11.16,11.34,98.38,13.62,13.85,98.32,16.33,16.62,98.28,19.3,19.63,98.3,22.51,22.9,98.3,25.97,26.42,98.28,29.66,30.19,98.25,33.58,34.21,98.17,37.78,38.48,98.19,42.23,43.01,98.19,46.92,47.78,98.21,51.86,52.81,98.21,57.03,58.09,98.18,62.47,63.62,98.19
-1,19964,13,de Thoisy et al. 2010,Richness,-53.221053,5.372609,Precise,French Guiana,Neotropics,Cebidae,Cebus,Cebus apella,Sapajus_apella,line/belt transects,1, ,0.15, ,0,2000,-1,kilometer,NA, ,Sapajus apella,Sapajus apella,3.01,D,355,AR,Omnivore,66.63,1.455,12.9,657,158,263.12,541.2,1.05,1.36,Polygyndry,Polygyndry, ,2Tropical_and_suptropical_moist_broadleaf_forest,0.772554335,0.79,97.79,1.51,1.54,98.32,2.5,2.54,98.55,3.74,3.8,98.4,5.22,5.31,98.36,NA,7.07,NA,8.91,9.08,98.18,11.12,11.34,98.03,13.57,13.85,98,16.29,16.62,98.02,19.25,19.63,98.08,22.46,22.9,98.09,25.92,26.42,98.12,29.63,30.19,98.15,33.58,34.21,98.17,37.78,38.48,98.19,42.23,43.01,98.19,46.93,47.78,98.22,51.86,52.81,98.2,57.05,58.09,98.2,62.48,63.62,98.21
-1,19967,13,de Thoisy et al. 2010,Richness,-53.166889,5.423076,Precise,French Guiana,Neotropics,Cebidae,Cebus,Cebus apella,Sapajus_apella,line/belt transects,0, ,0, ,0,2000,100,kilometer,NA, ,Sapajus apella,Sapajus apella,3.01,D,355,AR,Omnivore,66.63,1.455,12.9,657,158,263.12,541.2,1.05,1.36,Polygyndry,Polygyndry, ,2Tropical_and_suptropical_moist_broadleaf_forest,0.771664499,0.79,97.68,1.51,1.54,98.15,2.5,2.54,98.44,3.73,3.8,98.26,5.21,5.31,98.12,NA,7.07,NA,8.82,9.08,97.11,10.88,11.34,95.95,13.22,13.85,95.48,15.82,16.62,95.2,18.64,19.63,94.94,21.6,22.9,94.32,24.73,26.42,93.6,27.95,30.19,92.59,31.33,34.21,91.58,34.88,38.48,90.65,38.6,43.01,89.74,42.55,47.78,89.06,46.59,52.81,88.23,50.8,58.09,87.44,55.11,63.62,86.63
-1,19968,13,de Thoisy et al. 2010,Richness,-53.572052,5.480593,Precise,French Guiana,Neotropics,Cebidae,Cebus,Cebus apella,Sapajus_apella,line/belt transects,1, ,0.07, ,0,2009,100,kilometer,NA, ,Sapajus apella,Sapajus apella,3.01,D,355,AR,Omnivore,66.63,1.455,12.9,657,158,263.12,541.2,1.05,1.36,Polygyndry,Polygyndry, ,2Tropical_and_suptropical_moist_broadleaf_forest,0.772419702,0.79,97.77,1.47,1.54,95.37,2.4,2.54,94.57,3.54,3.8,93.27,4.94,5.31,92.98,NA,7.07,NA,8.4,9.08,92.56,10.41,11.34,91.84,12.66,13.85,91.4,15.2,16.62,91.47,17.96,19.63,91.48,20.92,22.9,91.34,24.13,26.42,91.34,27.6,30.19,91.44,31.33,34.21,91.58,35.39,38.48,91.96,39.79,43.01,92.52,44.43,47.78,92.98,49.19,52.81,93.14,54.17,58.09,93.25,59.49,63.62,93.51
-1,19969,13,de Thoisy et al. 2010,Richness,-53.896275,5.553985,Precise,French Guiana,Neotropics,Cebidae,Cebus,Cebus apella,Sapajus_apella,line/belt transects,0, ,0, ,0,2002,100,kilometer,NA, ,Sapajus apella,Sapajus apella,3.01,D,355,AR,Omnivore,66.63,1.455,12.9,657,158,263.12,541.2,1.05,1.36,Polygyndry,Polygyndry, ,2Tropical_and_suptropical_moist_broadleaf_forest,0.723082854,0.79,91.53,1.44,1.54,93.25,2.38,2.54,93.7,3.62,3.8,95.15,5.08,5.31,95.69,NA,7.07,NA,8.72,9.08,95.98,10.72,11.34,94.54,12.72,13.85,91.83,15.07,16.62,90.67,17.77,19.63,90.51,20.7,22.9,90.41,23.91,26.42,90.49,27.26,30.19,90.31,30.92,34.21,90.4,34.77,38.48,90.35,38.94,43.01,90.54,43.41,47.78,90.85,48.09,52.81,91.06,53.06,58.09,91.34,58.34,63.62,91.7
-1,19970,13,de Thoisy et al. 2010,Richness,-53.600576,5.609703,Precise,French Guiana,Neotropics,Cebidae,Cebus,Cebus apella,Sapajus_apella,line/belt transects,1, ,2.3, ,0,2010,100,kilometer,NA, ,Sapajus apella,Sapajus apella,3.01,D,355,AR,Omnivore,66.63,1.455,12.9,657,158,263.12,541.2,1.05,1.36,Polygyndry,Polygyndry, ,2Tropical_and_suptropical_moist_broadleaf_forest,0.685975365,0.79,86.83,1.32,1.54,85.91,2.24,2.54,88.24,3.36,3.8,88.29,4.58,5.31,86.24,NA,7.07,NA,7.13,9.08,78.54,8.19,11.34,72.2,9.28,13.85,67,10.39,16.62,62.53,11.42,19.63,58.19,12.53,22.9,54.71,13.69,26.42,51.84,14.64,30.19,48.5,15.71,34.21,45.93,16.96,38.48,44.08,18.42,43.01,42.83,19.99,47.78,41.84,21.73,52.81,41.15,23.45,58.09,40.37,25.35,63.62,39.84
-1,19971,13,de Thoisy et al. 2010,Richness,-53.948397,5.653225,Precise,French Guiana,Neotropics,Cebidae,Cebus,Cebus apella,Sapajus_apella,line/belt transects,1, ,0.26, ,0,2002,100,kilometer,NA, ,Sapajus apella,Sapajus apella,3.01,D,355,AR,Omnivore,66.63,1.455,12.9,657,158,263.12,541.2,1.05,1.36,Polygyndry,Polygyndry, ,2Tropical_and_suptropical_moist_broadleaf_forest,0.610025042,0.79,77.22,1.26,1.54,81.81,2.14,2.54,84.24,3.22,3.8,84.69,4.56,5.31,85.9,NA,7.07,NA,8.04,9.08,88.53,10.1,11.34,89.1,12.43,13.85,89.71,14.98,16.62,90.11,17.65,19.63,89.9,20.74,22.9,90.55,24.09,26.42,91.17,27.65,30.19,91.58,31.46,34.21,91.96,35.5,38.48,92.25,39.78,43.01,92.48,44.31,47.78,92.73,49.05,52.81,92.88,53.88,58.09,92.76,58.79,63.62,92.41
-1,19972,13,de Thoisy et al. 2010,Richness,-53.921713,5.726994,Precise,French Guiana,Neotropics,Cebidae,Cebus,Cebus apella,Sapajus_apella,line/belt transects,1, ,0.1, ,0,2012,100,kilometer,NA, ,Sapajus apella,Sapajus apella,3.01,D,355,AR,Omnivore,66.63,1.455,12.9,657,158,263.12,541.2,1.05,1.36,Polygyndry,Polygyndry, ,7Mangroves,0.270828082,0.79,34.28,0.66,1.54,42.87,1.21,2.54,47.62,2.07,3.8,54.44,3.19,5.31,60.15,4.45,7.07,62.89,5.74,9.08,63.17,7.01,11.34,61.84,8.29,13.85,59.86,9.69,16.62,58.29,10.91,19.63,55.6,12.05,22.9,52.64,13.2,26.42,49.98,14.41,30.19,47.73,15.77,34.21,46.1,17.37,38.48,45.15,19,43.01,44.17,20.57,47.78,43.06,22.14,52.81,41.93,23.88,58.09,41.12,25.82,63.62,40.59
