OID,N,N_study,Source,BASE,X,Y,Precise,Country,Realm,Family,Genus,Taxon,Taxon_ITIS,Sample_met,Ocurrence,N_groups,Abundanc_1,Abundance,Density,Sample_yea,Sampling_e,Sampling_1,ID_Todo,TRAITS,Taxon_IT_1,ITIS_SPECI,BodyMass_k,DielActivi,HomeRange_,Locomotion,TrophicGui,Brain_size,Canine_Dim,MeanGroupS,Interbirth,Gestation,WeaningAge,MaxLongevi,LitterSz,AdultSexRa,Social_Sys,Mating_Sys,FOREST,BIOME,Buffer_500,Area500,FC_500,Buffer_700,Area700,FC_700,Buffer_900,Area900,FC_900,Buffer_110,Area1100,FC1100,Buffer_130,Area1300,FC_1300,Buffer_150,Area1500,FC_1500,Buffer_170,Area1700,FC_1700,Buffer_190,Area1900,FC_1900,Buffer_210,Area2100,FC_2100,Buffer_230,Area2300,FC_2300,Buffer_250,Area2500,FC_2500,Buffer_270,Area2700,FC_2700,Buffer_290,Area2900,FC_2900,Buffer_310,Area3100,FC_3100,Buffer_330,Area3300,FC_3300,Buffer_350,Area3500,FC_3500,Buffer_370,Area3700,F_Buffer_3,Buffer_390,Area_3900,FC_3900,Buffer_410,Area4100,FC_4100,Buffer_430,Area4300,FC_4300,Buffer_450,Area4500,FC_4500
-1,20510,538,Fialho et al. 2014,Ocurrencias,-34.97961111,-6.437222222,Precise,Brazil,Neotropics,Cebidae,Sapajus,Sapajus flavius,Sapajus_flavius ,"Semi-structured interviews, local knowledge, tracks, confirmed individuals",1,0,0,NA,0,2007,30,days,NA, ,Sapajus flavius ,Sapajus flavius,2.35,D,223.99,AR,Omnivore,NA,NA,48.5,NA,NA,NA,NA,NA,NA,Polygyndry,NA, ,2Tropical_and_suptropical_moist_broadleaf_forest,0.662945047,0.79,83.92,1.14,1.54,73.98,1.73,2.54,68.15,2.42,3.8,63.57,3.13,5.31,59,NA,7.07,NA,4.43,9.08,48.79,5.09,11.34,44.88,5.66,13.85,40.84,6.18,16.62,37.19,6.76,19.63,34.43,7.33,22.9,32.02,8.04,26.42,30.43,8.73,30.19,28.93,9.48,34.21,27.7,10.33,38.48,26.84,11.36,43.01,26.41,12.27,47.78,25.69,13.2,52.81,25,14.19,58.09,24.43,15.23,63.62,23.94
-1,20511,538,Fialho et al. 2014,Ocurrencias,-34.97116667,-6.557944444,Precise,Brazil,Neotropics,Cebidae,Sapajus,Sapajus flavius,Sapajus_flavius ,"Semi-structured interviews, local knowledge, tracks, confirmed individuals",1,0,0,NA,0,2007,30,days,NA, ,Sapajus flavius ,Sapajus flavius,2.35,D,223.99,AR,Omnivore,NA,NA,48.5,NA,NA,NA,NA,NA,NA,Polygyndry,NA, ,2Tropical_and_suptropical_moist_broadleaf_forest,0.48532144,0.79,61.43,0.79,1.54,51.6,1.09,2.54,43.08,1.39,3.8,36.54,1.72,5.31,32.46,NA,7.07,NA,2.7,9.08,29.75,3.2,11.34,28.19,3.66,13.85,26.41,4.27,16.62,25.71,4.86,19.63,24.77,5.42,22.9,23.66,5.93,26.42,22.44,6.36,30.19,21.05,6.78,34.21,19.82,7.27,38.48,18.88,7.86,43.01,18.27,8.77,47.78,18.35,9.59,52.81,18.16,10.44,58.09,17.96,11.45,63.62,17.99
-1,20512,538,Fialho et al. 2014,Ocurrencias,-35.13152778,-6.570138889,Precise,Brazil,Neotropics,Cebidae,Sapajus,Sapajus flavius,Sapajus_flavius ,"Semi-structured interviews, local knowledge, tracks, confirmed individuals",1,0,0,NA,0,2007,30,days,NA, ,Sapajus flavius ,Sapajus flavius,2.35,D,223.99,AR,Omnivore,NA,NA,48.5,NA,NA,NA,NA,NA,NA,Polygyndry,NA, ,9Tropical and Subtropical Dry Broadleaf Forest,0.465198052,0.79,58.89,0.71,1.54,46.28,1.03,2.54,40.38,1.35,3.8,35.43,1.64,5.31,30.96,1.94,7.07,27.5,2.18,9.08,24.05,2.47,11.34,21.8,2.77,13.85,20.01,3.14,16.62,18.88,3.47,19.63,17.67,3.93,22.9,17.16,4.44,26.42,16.79,4.91,30.19,16.27,5.42,34.21,15.83,5.93,38.48,15.41,6.64,43.01,15.43,7.35,47.78,15.37,8.14,52.81,15.42,9.12,58.09,15.7,10.26,63.62,16.12
-1,20513,538,Fialho et al. 2014,Ocurrencias,-35.13305556,-6.610527778,Precise,Brazil,Neotropics,Cebidae,Sapajus,Sapajus flavius,Sapajus_flavius ,"Semi-structured interviews, local knowledge, tracks, confirmed individuals",1,0,0,NA,0,2007,30,days,NA, ,Sapajus flavius ,Sapajus flavius,2.35,D,223.99,AR,Omnivore,NA,NA,48.5,NA,NA,NA,NA,NA,NA,Polygyndry,NA, ,9Tropical and Subtropical Dry Broadleaf Forest,0.591589519,0.79,74.88,0.99,1.54,64.43,1.18,2.54,46.31,1.38,3.8,36.44,1.67,5.31,31.44,1.92,7.07,27.2,2.22,9.08,24.45,2.59,11.34,22.84,2.94,13.85,21.2,3.32,16.62,19.96,3.75,19.63,19.1,4.21,22.9,18.39,4.74,26.42,17.94,5.36,30.19,17.74,6.12,34.21,17.88,6.97,38.48,18.13,7.92,43.01,18.41,8.88,47.78,18.59,10.08,52.81,19.08,11.43,58.09,19.68,12.76,63.62,20.06
-1,20514,538,Fialho et al. 2014,Ocurrencias,-35.06152778,-6.637666667,Precise,Brazil,Neotropics,Cebidae,Sapajus,Sapajus flavius,Sapajus_flavius ,"Semi-structured interviews, local knowledge, tracks, confirmed individuals",1,0,0,NA,0,2007,30,days,NA, ,Sapajus flavius ,Sapajus flavius,2.35,D,223.99,AR,Omnivore,NA,NA,48.5,NA,NA,NA,NA,NA,NA,Polygyndry,NA, ,2Tropical_and_suptropical_moist_broadleaf_forest,0.691127209,0.79,87.48,1.13,1.54,73.54,1.49,2.54,58.82,1.79,3.8,47.22,2.15,5.31,40.53,NA,7.07,NA,3.12,9.08,34.36,3.77,11.34,33.25,4.37,13.85,31.53,5.26,16.62,31.64,6.24,19.63,31.79,7.44,22.9,32.51,8.86,26.42,33.54,10.49,30.19,34.75,12.01,34.21,35.11,13.57,38.48,35.26,15.27,43.01,35.5,17.25,47.78,36.11,19.06,52.81,36.09,20.89,58.09,35.97,23.02,63.62,36.18
-1,20515,538,Fialho et al. 2014,Ocurrencias,-35.08458333,-6.646611111,Precise,Brazil,Neotropics,Cebidae,Sapajus,Sapajus flavius,Sapajus_flavius ,"Semi-structured interviews, local knowledge, tracks, confirmed individuals",1,0,0,NA,0,2007,30,days,NA, ,Sapajus flavius ,Sapajus flavius,2.35,D,223.99,AR,Omnivore,NA,NA,48.5,NA,NA,NA,NA,NA,NA,Polygyndry,NA, ,2Tropical_and_suptropical_moist_broadleaf_forest,0.39716656,0.79,50.27,0.55,1.54,35.6,0.74,2.54,29.13,1.05,3.8,27.51,1.33,5.31,25.02,NA,7.07,NA,1.9,9.08,20.94,2.36,11.34,20.77,2.89,13.85,20.87,3.55,16.62,21.36,4.78,19.63,24.33,6.12,22.9,26.74,7.44,26.42,28.17,8.66,30.19,28.68,9.93,34.21,29.04,11.25,38.48,29.23,12.59,43.01,29.27,13.98,47.78,29.25,15.07,52.81,28.53,16.27,58.09,28,17.62,63.62,27.69
-1,20516,538,Fialho et al. 2014,Ocurrencias,-35.10597222,-6.731888889,Precise,Brazil,Neotropics,Cebidae,Sapajus,Sapajus flavius,Sapajus_flavius ,"Semi-structured interviews, local knowledge, tracks, confirmed individuals",1,0,0,NA,0,2007,30,days,NA, ,Sapajus flavius ,Sapajus flavius,2.35,D,223.99,AR,Omnivore,NA,NA,48.5,NA,NA,NA,NA,NA,NA,Polygyndry,NA, ,2Tropical_and_suptropical_moist_broadleaf_forest,0.729121727,0.79,92.29,1.38,1.54,89.32,2.19,2.54,86.2,3.1,3.8,81.51,3.91,5.31,73.72,NA,7.07,NA,5.51,9.08,60.63,6.31,11.34,55.65,7.4,13.85,53.4,8.65,16.62,52.07,10.23,19.63,52.11,11.95,22.9,52.2,13.86,26.42,52.47,16.28,30.19,53.94,19.22,34.21,56.18,22.2,38.48,57.68,25.18,43.01,58.55,28.05,47.78,58.7,30.8,52.81,58.31,33.6,58.09,57.84,36.48,63.62,57.34
-1,20517,538,Fialho et al. 2014,Ocurrencias,-35.10827778,-6.758444444,Precise,Brazil,Neotropics,Cebidae,Sapajus,Sapajus flavius,Sapajus_flavius ,"Semi-structured interviews, local knowledge, tracks, confirmed individuals",1,0,0,NA,0,2007,30,days,NA, ,Sapajus flavius ,Sapajus flavius,2.35,D,223.99,AR,Omnivore,NA,NA,48.5,NA,NA,NA,NA,NA,NA,Polygyndry,NA, ,2Tropical_and_suptropical_moist_broadleaf_forest,0.756277491,0.79,95.73,1.42,1.54,92.04,2.28,2.54,89.69,3.27,3.8,86.1,4.34,5.31,81.82,NA,7.07,NA,6.7,9.08,73.74,7.94,11.34,69.98,9.37,13.85,67.69,11.11,16.62,66.86,12.99,19.63,66.18,15.18,22.9,66.27,17.52,26.42,66.31,19.8,30.19,65.57,21.87,34.21,63.92,23.78,38.48,61.81,25.75,43.01,59.87,27.81,47.78,58.2,29.8,52.81,56.43,31.73,58.09,54.62,33.65,63.62,52.9
-1,20518,538,Fialho et al. 2014,Ocurrencias,-35.18247222,-6.726055556,Precise,Brazil,Neotropics,Cebidae,Sapajus,Sapajus flavius,Sapajus_flavius ,"Semi-structured interviews, local knowledge, tracks, confirmed individuals",0,0,0,NA,0,2007,30,days,NA, ,Sapajus flavius ,Sapajus flavius,2.35,D,223.99,AR,Omnivore,NA,NA,48.5,NA,NA,NA,NA,NA,NA,Polygyndry,NA, ,2Tropical_and_suptropical_moist_broadleaf_forest,0.772515916,0.79,97.79,1.51,1.54,98.34,2.5,2.54,98.55,3.74,3.8,98.41,5.22,5.31,98.35,NA,7.07,NA,7.96,9.08,87.66,9.39,11.34,82.81,11.04,13.85,79.68,12.81,16.62,77.08,14.53,19.63,74.04,16.4,22.9,71.63,18.48,26.42,69.94,20.55,30.19,68.06,22.64,34.21,66.19,24.82,38.48,64.49,26.76,43.01,62.22,28.66,47.78,59.98,30.79,52.81,58.31,33.22,58.09,57.18,35.67,63.62,56.07
-1,20519,538,Fialho et al. 2014,Ocurrencias,-35.07908333,-6.930694444,Precise,Brazil,Neotropics,Cebidae,Sapajus,Sapajus flavius,Sapajus_flavius ,"Semi-structured interviews, local knowledge, tracks, confirmed individuals",1,0,0,NA,0,2007,30,days,NA, ,Sapajus flavius ,Sapajus flavius,2.35,D,223.99,AR,Omnivore,NA,NA,48.5,NA,NA,NA,NA,NA,NA,Polygyndry,NA, ,2Tropical_and_suptropical_moist_broadleaf_forest,0.76924954,0.79,97.37,1.51,1.54,98.04,2.45,2.54,96.32,3.61,3.8,95.04,5.05,5.31,95.02,NA,7.07,NA,8.1,9.08,89.19,9.52,11.34,83.94,10.91,13.85,78.76,12.31,16.62,74.09,13.76,19.63,70.09,15.09,22.9,65.89,16.43,26.42,62.19,17.8,30.19,58.97,19.3,34.21,56.42,20.9,38.48,54.31,22.77,43.01,52.94,25.05,47.78,52.43,27.43,52.81,51.95,30.08,58.09,51.79,32.74,63.62,51.47
-1,20520,538,Fialho et al. 2014,Ocurrencias,-35.07394444,-6.960055556,Precise,Brazil,Neotropics,Cebidae,Sapajus,Sapajus flavius,Sapajus_flavius ,"Semi-structured interviews, local knowledge, tracks, confirmed individuals",1,0,0,NA,0,2007,30,days,NA, ,Sapajus flavius ,Sapajus flavius,2.35,D,223.99,AR,Omnivore,NA,NA,48.5,NA,NA,NA,NA,NA,NA,Polygyndry,NA, ,2Tropical_and_suptropical_moist_broadleaf_forest,0.637498699,0.79,80.7,1.06,1.54,68.57,1.44,2.54,56.89,1.82,3.8,47.88,2.44,5.31,46.04,NA,7.07,NA,5.11,9.08,56.31,6.74,11.34,59.46,8.68,13.85,62.65,10.87,16.62,65.39,13.15,19.63,66.99,15.47,22.9,67.57,17.9,26.42,67.75,20.46,30.19,67.76,23.1,34.21,67.53,26,38.48,67.56,28.98,43.01,67.38,32.34,47.78,67.69,35.94,52.81,68.06,39.61,58.09,68.18,42.88,63.62,67.4
-1,20521,538,Fialho et al. 2014,Ocurrencias,-34.91027778,-6.860277778,Precise,Brazil,Neotropics,Cebidae,Sapajus,Sapajus flavius,Sapajus_flavius ,"Semi-structured interviews, local knowledge, tracks, confirmed individuals",1,0,0,NA,0,2007,30,days,NA, ,Sapajus flavius ,Sapajus flavius,2.35,D,223.99,AR,Omnivore,NA,NA,48.5,NA,NA,NA,NA,NA,NA,Polygyndry,NA, ,2Tropical_and_suptropical_moist_broadleaf_forest,0.571467189,0.79,72.34,1.22,1.54,79.38,1.99,2.54,78.46,2.74,3.8,72.09,3.48,5.31,65.46,NA,7.07,NA,4.94,9.08,54.36,5.69,11.34,50.14,6.49,13.85,46.86,7.36,16.62,44.29,8.2,19.63,41.78,9.28,22.9,40.54,10.62,26.42,40.18,12.02,30.19,39.82,13.4,34.21,39.18,14.75,38.48,38.33,16.01,43.01,37.22,17.24,47.78,36.07,18.39,52.81,34.82,19.37,58.09,33.34,20.25,63.62,31.84
-1,20522,538,Fialho et al. 2014,Ocurrencias,-35.10283333,-6.96225,Precise,Brazil,Neotropics,Cebidae,Sapajus,Sapajus flavius,Sapajus_flavius ,"Semi-structured interviews, local knowledge, tracks, confirmed individuals",1,0,0,NA,0,2007,30,days,NA, ,Sapajus flavius ,Sapajus flavius,2.35,D,223.99,AR,Omnivore,NA,NA,48.5,NA,NA,NA,NA,NA,NA,Polygyndry,NA, ,2Tropical_and_suptropical_moist_broadleaf_forest,0.688166584,0.79,87.11,1.33,1.54,86.68,2.16,2.54,84.94,3.06,3.8,80.48,3.93,5.31,73.99,NA,7.07,NA,5.72,9.08,62.99,6.98,11.34,61.54,8.39,13.85,60.57,9.98,16.62,60.05,11.74,19.63,59.78,13.59,22.9,59.35,15.81,26.42,59.83,18.42,30.19,61.02,21.08,34.21,61.63,23.57,38.48,61.26,26.24,43.01,61.02,28.52,47.78,59.69,30.73,52.81,58.19,32.98,58.09,56.78,35.75,63.62,56.2
-1,20523,538,Fialho et al. 2014,Ocurrencias,-35.09102778,-7.015111111,Precise,Brazil,Neotropics,Cebidae,Sapajus,Sapajus flavius,Sapajus_flavius ,"Semi-structured interviews, local knowledge, tracks, confirmed individuals",1,0,0,NA,0,2007,30,days,NA, ,Sapajus flavius ,Sapajus flavius,2.35,D,223.99,AR,Omnivore,NA,NA,48.5,NA,NA,NA,NA,NA,NA,Polygyndry,NA, ,2Tropical_and_suptropical_moist_broadleaf_forest,0.772615683,0.79,97.8,1.51,1.54,98.33,2.5,2.54,98.56,3.69,3.8,97.16,4.74,5.31,89.35,NA,7.07,NA,7.23,9.08,79.62,8.9,11.34,78.46,10.73,13.85,77.5,12.76,16.62,76.77,15.07,19.63,76.78,17.57,22.9,76.74,20.18,26.42,76.37,22.83,30.19,75.62,25.4,34.21,74.25,28.09,38.48,73,30.82,43.01,71.67,33.43,47.78,69.97,35.85,52.81,67.89,38.32,58.09,65.96,40.79,63.62,64.12
-1,20524,538,Fialho et al. 2014,Ocurrencias,-35.15441667,-7.042833333,Precise,Brazil,Neotropics,Cebidae,Sapajus,Sapajus flavius,Sapajus_flavius ,"Semi-structured interviews, local knowledge, tracks, confirmed individuals",0,0,0,NA,0,2007,30,days,NA, ,Sapajus flavius ,Sapajus flavius,2.35,D,223.99,AR,Omnivore,NA,NA,48.5,NA,NA,NA,NA,NA,NA,Polygyndry,NA, ,2Tropical_and_suptropical_moist_broadleaf_forest,0.734652452,0.79,92.99,1.22,1.54,79.1,1.89,2.54,74.25,2.61,3.8,68.62,3.41,5.31,64.28,NA,7.07,NA,4.44,9.08,48.89,5.04,11.34,44.43,5.75,13.85,41.53,6.49,16.62,39.05,7.37,19.63,37.56,8.42,22.9,36.75,9.47,26.42,35.85,10.57,30.19,35.02,11.55,34.21,33.77,12.68,38.48,32.96,13.93,43.01,32.4,15.31,47.78,32.03,16.59,52.81,31.42,18.05,58.09,31.08,19.7,63.62,30.97
-1,20525,538,Fialho et al. 2014,Ocurrencias,-35.13313889,-7.044277778,Precise,Brazil,Neotropics,Cebidae,Sapajus,Sapajus flavius,Sapajus_flavius ,"Semi-structured interviews, local knowledge, tracks, confirmed individuals",0,0,0,NA,0,2007,30,days,NA, ,Sapajus flavius ,Sapajus flavius,2.35,D,223.99,AR,Omnivore,NA,NA,48.5,NA,NA,NA,NA,NA,NA,Polygyndry,NA, ,2Tropical_and_suptropical_moist_broadleaf_forest,0.768653424,0.79,97.3,1.46,1.54,94.65,2.16,2.54,84.91,2.96,3.8,77.89,3.78,5.31,71.18,NA,7.07,NA,5.32,9.08,58.54,6.11,11.34,53.84,7.22,13.85,52.12,8.63,16.62,51.91,10.17,19.63,51.82,11.87,22.9,51.85,13.64,26.42,51.63,15.34,30.19,50.81,17.15,34.21,50.13,19.04,38.48,49.48,20.73,43.01,48.2,22.26,47.78,46.58,23.98,52.81,45.41,25.84,58.09,44.49,27.76,63.62,43.63
-1,20526,538,Fialho et al. 2014,Ocurrencias,-35.08883333,-7.05825,Precise,Brazil,Neotropics,Cebidae,Sapajus,Sapajus flavius,Sapajus_flavius ,"Semi-structured interviews, local knowledge, tracks, confirmed individuals",1,0,0,NA,0,2007,30,days,NA, ,Sapajus flavius ,Sapajus flavius,2.35,D,223.99,AR,Omnivore,NA,NA,48.5,NA,NA,NA,NA,NA,NA,Polygyndry,NA, ,2Tropical_and_suptropical_moist_broadleaf_forest,0.772604938,0.79,97.8,1.5,1.54,97.21,2.21,2.54,86.92,2.77,3.8,72.83,3.29,5.31,61.92,NA,7.07,NA,4.63,9.08,50.96,5.5,11.34,48.51,6.61,13.85,47.75,7.87,16.62,47.34,9.44,19.63,48.11,10.93,22.9,47.74,12.37,26.42,46.81,13.85,30.19,45.87,15.13,34.21,44.23,16.27,38.48,42.27,17.55,43.01,40.81,18.86,47.78,39.47,20.44,52.81,38.7,22.37,58.09,38.51,24.68,63.62,38.8
-1,20527,538,Fialho et al. 2014,Ocurrencias,-35.01186111,-7.077861111,Precise,Brazil,Neotropics,Cebidae,Sapajus,Sapajus flavius,Sapajus_flavius ,"Semi-structured interviews, local knowledge, tracks, confirmed individuals",1,0,0,NA,0,2007,30,days,NA, ,Sapajus flavius ,Sapajus flavius,2.35,D,223.99,AR,Omnivore,NA,NA,48.5,NA,NA,NA,NA,NA,NA,Polygyndry,NA, ,2Tropical_and_suptropical_moist_broadleaf_forest,0.725234492,0.79,91.8,1.26,1.54,81.67,1.83,2.54,72.23,2.44,3.8,64.3,3.18,5.31,59.85,NA,7.07,NA,4.88,9.08,53.72,6,11.34,52.95,7.13,13.85,51.48,8.16,16.62,49.12,9.14,19.63,46.56,10.03,22.9,43.78,10.97,26.42,41.53,12.03,30.19,39.86,13.05,34.21,38.16,13.94,38.48,36.24,14.83,43.01,34.49,15.77,47.78,33,16.75,52.81,31.73,17.74,58.09,30.53,19.06,63.62,29.95
-1,20528,538,Fialho et al. 2014,Ocurrencias,-35.02219444,-7.15275,Precise,Brazil,Neotropics,Cebidae,Sapajus,Sapajus flavius,Sapajus_flavius ,"Semi-structured interviews, local knowledge, tracks, confirmed individuals",0,0,0,NA,0,2007,30,days,NA, ,Sapajus flavius ,Sapajus flavius,2.35,D,223.99,AR,Omnivore,NA,NA,48.5,NA,NA,NA,NA,NA,NA,Polygyndry,NA, ,2Tropical_and_suptropical_moist_broadleaf_forest,0.772638172,0.79,97.8,1.51,1.54,98.33,2.42,2.54,95.21,3.42,3.8,89.89,4.47,5.31,84.21,NA,7.07,NA,6.55,9.08,72.09,7.49,11.34,66.01,8.4,13.85,60.68,9.57,16.62,57.57,10.81,19.63,55.06,11.96,22.9,52.23,13.42,26.42,50.78,14.99,30.19,49.64,16.37,34.21,47.84,17.96,38.48,46.67,19.47,43.01,45.28,20.87,47.78,43.68,22.1,52.81,41.84,23.03,58.09,39.65,23.88,63.62,37.54
-1,20529,538,Fialho et al. 2014,Ocurrencias,-35.08825,-7.192805556,Precise,Brazil,Neotropics,Cebidae,Sapajus,Sapajus flavius,Sapajus_flavius ,"Semi-structured interviews, local knowledge, tracks, confirmed individuals",0,0,0,NA,0,2007,30,days,NA, ,Sapajus flavius ,Sapajus flavius,2.35,D,223.99,AR,Omnivore,NA,NA,48.5,NA,NA,NA,NA,NA,NA,Polygyndry,NA, ,2Tropical_and_suptropical_moist_broadleaf_forest,0.772634614,0.79,97.8,1.51,1.54,98.28,2.5,2.54,98.42,3.69,3.8,96.99,4.92,5.31,92.69,NA,7.07,NA,7.28,9.08,80.19,8.32,11.34,73.38,9.34,13.85,67.44,10.41,16.62,62.62,11.39,19.63,58.01,12.3,22.9,53.71,13.16,26.42,49.83,14.03,30.19,46.46,14.72,34.21,43.03,15.51,38.48,40.3,16.52,43.01,38.42,17.72,47.78,37.1,18.9,52.81,35.8,20.03,58.09,34.48,21.06,63.62,33.1
-1,20530,538,Fialho et al. 2014,Ocurrencias,-34.86075,-7.14575,Precise,Brazil,Neotropics,Cebidae,Sapajus,Sapajus flavius,Sapajus_flavius ,"Semi-structured interviews, local knowledge, tracks, confirmed individuals",1,0,0,NA,0,2007,30,days,NA, ,Sapajus flavius ,Sapajus flavius,2.35,D,223.99,AR,Omnivore,NA,NA,48.5,NA,NA,NA,NA,NA,NA,Polygyndry,NA, ,2Tropical_and_suptropical_moist_broadleaf_forest,0.772635784,0.79,97.8,1.5,1.54,97.44,2.47,2.54,97.13,3.54,3.8,93.05,4.22,5.31,79.56,NA,7.07,NA,5.36,9.08,59.06,5.71,11.34,50.34,6.01,13.85,43.39,6.27,16.62,37.74,6.46,19.63,32.9,6.7,22.9,29.26,7.04,26.42,26.64,7.49,30.19,24.82,7.87,34.21,23.01,8.27,38.48,21.49,8.73,43.01,20.3,9.32,47.78,19.5,10.03,52.81,18.99,10.68,58.09,18.38,11.46,63.62,18.01
-1,20531,538,Fialho et al. 2014,Ocurrencias,-34.95783333,-7.025166667,Precise,Brazil,Neotropics,Cebidae,Sapajus,Sapajus flavius,Sapajus_flavius ,"Semi-structured interviews, local knowledge, tracks, confirmed individuals",1,0,0,NA,0,2007,30,days,NA, ,Sapajus flavius ,Sapajus flavius,2.35,D,223.99,AR,Omnivore,NA,NA,48.5,NA,NA,NA,NA,NA,NA,Polygyndry,NA, ,2Tropical_and_suptropical_moist_broadleaf_forest,0.772578544,0.79,97.79,1.51,1.54,98.34,2.5,2.54,98.56,3.74,3.8,98.4,5.08,5.31,95.6,NA,7.07,NA,8.18,9.08,90.08,9.74,11.34,85.87,11.07,13.85,79.91,12.24,16.62,73.65,13.53,19.63,68.94,14.86,22.9,64.87,16.33,26.42,61.82,17.84,30.19,59.1,19.33,34.21,56.5,20.75,38.48,53.94,22.55,43.01,52.43,24.3,47.78,50.87,26.16,52.81,49.53,28.33,58.09,48.77,30.08,63.62,47.29
-1,20532,538,Fialho et al. 2014,Ocurrencias,-34.92133333,-6.994111111,Precise,Brazil,Neotropics,Cebidae,Sapajus,Sapajus flavius,Sapajus_flavius ,"Semi-structured interviews, local knowledge, tracks, confirmed individuals",1,0,0,NA,0,2007,30,days,NA, ,Sapajus flavius ,Sapajus flavius,2.35,D,223.99,AR,Omnivore,NA,NA,48.5,NA,NA,NA,NA,NA,NA,Polygyndry,NA, ,2Tropical_and_suptropical_moist_broadleaf_forest,0.772586914,0.79,97.8,1.38,1.54,89.83,1.87,2.54,73.58,2.52,3.8,66.21,3.29,5.31,61.94,NA,7.07,NA,5,9.08,55.04,5.85,11.34,51.59,6.81,13.85,49.2,7.74,16.62,46.59,8.77,19.63,44.69,9.72,22.9,42.45,10.79,26.42,40.83,12.11,30.19,40.11,13.37,34.21,39.09,14.8,38.48,38.47,16.76,43.01,38.97,18.73,47.78,39.2,20.92,52.81,39.62,23.4,58.09,40.28,26.41,63.62,41.51
-1,20533,538,Fialho et al. 2014,Ocurrencias,-34.91580556,-7.006833333,Precise,Brazil,Neotropics,Cebidae,Sapajus,Sapajus flavius,Sapajus_flavius ,"Semi-structured interviews, local knowledge, tracks, confirmed individuals",1,0,0,NA,0,2007,30,days,NA, ,Sapajus flavius ,Sapajus flavius,2.35,D,223.99,AR,Omnivore,NA,NA,48.5,NA,NA,NA,NA,NA,NA,Polygyndry,NA, ,7Mangroves,0.331345414,0.79,41.94,0.53,1.54,34.41,0.8,2.54,31.41,1.31,3.8,34.56,1.9,5.31,35.86,2.58,7.07,36.51,3.38,9.08,37.27,4.21,11.34,37.12,5,13.85,36.13,5.73,16.62,34.47,6.38,19.63,32.48,7.05,22.9,30.78,7.82,26.42,29.61,8.77,30.19,29.04,9.78,34.21,28.58,10.92,38.48,28.37,11.97,43.01,27.83,13.19,47.78,27.61,14.5,52.81,27.45,16.08,58.09,27.69,17.86,63.62,28.07
-1,20534,538,Fialho et al. 2014,Ocurrencias,-34.97588889,-7.51325,Precise,Brazil,Neotropics,Cebidae,Sapajus,Sapajus flavius,Sapajus_flavius ,"Semi-structured interviews, local knowledge, tracks, confirmed individuals",1,0,0,NA,0,2007,30,days,NA, ,Sapajus flavius ,Sapajus flavius,2.35,D,223.99,AR,Omnivore,NA,NA,48.5,NA,NA,NA,NA,NA,NA,Polygyndry,NA, ,2Tropical_and_suptropical_moist_broadleaf_forest,0.714020877,0.79,90.38,1.2,1.54,77.8,1.68,2.54,66.31,2.1,3.8,55.38,2.44,5.31,45.94,NA,7.07,NA,3.57,9.08,39.28,4.43,11.34,39.06,5.24,13.85,37.85,6.18,16.62,37.17,7.22,19.63,36.76,8.11,22.9,35.42,8.98,26.42,33.98,10.03,30.19,33.24,11.09,34.21,32.43,11.97,38.48,31.12,13.21,43.01,30.71,14.43,47.78,30.2,15.67,52.81,29.67,17.14,58.09,29.5,18.81,63.62,29.57
-1,20535,538,Fialho et al. 2014,Ocurrencias,-34.99244444,-7.600861111,Precise,Brazil,Neotropics,Cebidae,Sapajus,Sapajus flavius,Sapajus_flavius ,"Semi-structured interviews, local knowledge, tracks, confirmed individuals",1,0,0,NA,0,2007,30,days,NA, ,Sapajus flavius ,Sapajus flavius,2.35,D,223.99,AR,Omnivore,NA,NA,48.5,NA,NA,NA,NA,NA,NA,Polygyndry,NA, ,2Tropical_and_suptropical_moist_broadleaf_forest,0.772617154,0.79,97.8,1.51,1.54,98.04,2.47,2.54,97.06,3.48,3.8,91.49,4.44,5.31,83.69,NA,7.07,NA,6.02,9.08,66.35,6.85,11.34,60.43,7.59,13.85,54.78,8.27,16.62,49.73,8.83,19.63,45,9.36,22.9,40.87,9.91,26.42,37.52,10.49,30.19,34.76,11.05,34.21,32.29,11.63,38.48,30.21,12.39,43.01,28.82,13.84,47.78,28.96,15.7,52.81,29.72,17.58,58.09,30.26,19.14,63.62,30.09
-1,20536,538,Fialho et al. 2014,Ocurrencias,-35.46830556,-7.608083333,Precise,Brazil,Neotropics,Cebidae,Sapajus,Sapajus flavius,Sapajus_flavius ,"Semi-structured interviews, local knowledge, tracks, confirmed individuals",1,0,0,NA,0,2007,30,days,NA, ,Sapajus flavius ,Sapajus flavius,2.35,D,223.99,AR,Omnivore,NA,NA,48.5,NA,NA,NA,NA,NA,NA,Polygyndry,NA, ,9Tropical and Subtropical Dry Broadleaf Forest,0.56069223,0.79,70.97,1.11,1.54,71.98,1.91,2.54,75.19,2.85,3.8,75,3.97,5.31,74.84,5.26,7.07,74.36,6.68,9.08,73.56,8.25,11.34,72.77,10.09,13.85,72.89,11.97,16.62,72.01,13.87,19.63,70.66,16.08,22.9,70.21,18.38,26.42,69.59,20.77,30.19,68.8,23.03,34.21,67.31,25.33,38.48,65.83,27.63,43.01,64.25,30,47.78,62.79,32.56,52.81,61.65,34.9,58.09,60.07,37.4,63.62,58.78
-1,20537,538,Fialho et al. 2014,Ocurrencias,-35.39194444,-7.609166667,Precise,Brazil,Neotropics,Cebidae,Sapajus,Sapajus flavius,Sapajus_flavius ,"Semi-structured interviews, local knowledge, tracks, confirmed individuals",1,0,0,NA,0,2007,30,days,NA, ,Sapajus flavius ,Sapajus flavius,2.35,D,223.99,AR,Omnivore,NA,NA,48.5,NA,NA,NA,NA,NA,NA,Polygyndry,NA, ,9Tropical and Subtropical Dry Broadleaf Forest,0.77229326,0.79,97.76,1.45,1.54,93.97,2.23,2.54,87.64,3.09,3.8,81.35,4.08,5.31,76.91,5.33,7.07,75.41,6.79,9.08,74.74,8.47,11.34,74.65,10.35,13.85,74.76,12.34,16.62,74.22,14.29,19.63,72.81,16.3,22.9,71.18,18.31,26.42,69.32,20.31,30.19,67.26,22.53,34.21,65.85,24.84,38.48,64.55,27.15,43.01,63.12,29.26,47.78,61.24,31.34,52.81,59.35,33.33,58.09,57.38,35.58,63.62,55.92
-1,20538,538,Fialho et al. 2014,Ocurrencias,-35.013,-7.777611111,Precise,Brazil,Neotropics,Cebidae,Sapajus,Sapajus flavius,Sapajus_flavius ,"Semi-structured interviews, local knowledge, tracks, confirmed individuals",1,0,0,NA,0,2007,30,days,NA, ,Sapajus flavius ,Sapajus flavius,2.35,D,223.99,AR,Omnivore,NA,NA,48.5,NA,NA,NA,NA,NA,NA,Polygyndry,NA, ,2Tropical_and_suptropical_moist_broadleaf_forest,0.623531372,0.79,78.93,1.08,1.54,70.45,1.77,2.54,69.68,2.65,3.8,69.79,3.53,5.31,66.45,NA,7.07,NA,5.56,9.08,61.25,6.68,11.34,58.92,8.05,13.85,58.15,9.54,16.62,57.43,11.21,19.63,57.09,13,22.9,56.75,14.46,26.42,54.72,15.97,30.19,52.9,17.76,34.21,51.93,19.6,38.48,50.94,21.34,43.01,49.61,23.23,47.78,48.63,25.07,52.81,47.48,27.19,58.09,46.81,29.41,63.62,46.23
-1,20539,538,Fialho et al. 2014,Ocurrencias,-35.05261111,-8.525777778,Precise,Brazil,Neotropics,Cebidae,Sapajus,Sapajus flavius,Sapajus_flavius ,"Semi-structured interviews, local knowledge, tracks, confirmed individuals",1,0,0,NA,0,2007,30,days,NA, ,Sapajus flavius ,Sapajus flavius,2.35,D,223.99,AR,Omnivore,NA,NA,48.5,NA,NA,NA,NA,NA,NA,Polygyndry,NA, ,7Mangroves,0.527215733,0.79,66.74,0.81,1.54,52.63,1.13,2.54,44.56,1.49,3.8,39.29,1.88,5.31,35.35,2.26,7.07,31.92,2.64,9.08,29.05,3,11.34,26.42,3.6,13.85,25.99,4.23,16.62,25.46,4.91,19.63,25.01,5.78,22.9,25.24,6.48,26.42,24.53,7.51,30.19,24.89,8.65,34.21,25.3,9.84,38.48,25.56,11.07,43.01,25.74,12.52,47.78,26.21,14.19,52.81,26.87,16.17,58.09,27.83,18.27,63.62,28.71
-1,20540,538,Fialho et al. 2014,Ocurrencias,-35.40391667,-8.712666667,Precise,Brazil,Neotropics,Cebidae,Sapajus,Sapajus flavius,Sapajus_flavius ,"Semi-structured interviews, local knowledge, tracks, confirmed individuals",0,0,0,NA,0,2007,30,days,NA, ,Sapajus flavius ,Sapajus flavius,2.35,D,223.99,AR,Omnivore,NA,NA,48.5,NA,NA,NA,NA,NA,NA,Polygyndry,NA, ,2Tropical_and_suptropical_moist_broadleaf_forest,0.583671393,0.79,73.88,1.16,1.54,75.31,1.99,2.54,78.27,2.93,3.8,77.09,3.87,5.31,72.94,NA,7.07,NA,5.96,9.08,65.6,7.07,11.34,62.38,8.26,13.85,59.67,9.47,16.62,56.96,10.98,19.63,55.91,12.79,22.9,55.83,14.63,26.42,55.36,16.5,30.19,54.67,18.49,34.21,54.05,20.63,38.48,53.61,23,43.01,53.47,25.71,47.78,53.81,28.33,52.81,53.64,31.27,58.09,53.83,34.27,63.62,53.87
-1,20541,538,Fialho et al. 2014,Ocurrencias,-35.83636111,-9.262611111,Precise,Brazil,Neotropics,Cebidae,Sapajus,Sapajus flavius,Sapajus_flavius ,"Semi-structured interviews, local knowledge, tracks, confirmed individuals",0,0,0,NA,0,2007,30,days,NA, ,Sapajus flavius ,Sapajus flavius,2.35,D,223.99,AR,Omnivore,NA,NA,48.5,NA,NA,NA,NA,NA,NA,Polygyndry,NA, ,2Tropical_and_suptropical_moist_broadleaf_forest,0.76716354,0.79,97.11,1.5,1.54,97.14,2.47,2.54,97.2,3.6,3.8,94.69,4.72,5.31,88.91,NA,7.07,NA,6.83,9.08,75.24,8.07,11.34,71.19,9.41,13.85,67.96,10.91,16.62,65.61,12.59,19.63,64.14,14.31,22.9,62.51,16.16,26.42,61.17,17.8,30.19,58.97,19.07,34.21,55.75,20.6,38.48,53.53,22.27,43.01,51.78,24.08,47.78,50.4,25.93,52.81,49.1,28.12,58.09,48.41,30.27,63.62,47.58
-1,20542,538,Fialho et al. 2014,Ocurrencias,-35.50072222,-9.227416667,Precise,Brazil,Neotropics,Cebidae,Sapajus,Sapajus flavius,Sapajus_flavius ,"Semi-structured interviews, local knowledge, tracks, confirmed individuals",1,0,0,NA,0,2007,30,days,NA, ,Sapajus flavius ,Sapajus flavius,2.35,D,223.99,AR,Omnivore,NA,NA,48.5,NA,NA,NA,NA,NA,NA,Polygyndry,NA, ,2Tropical_and_suptropical_moist_broadleaf_forest,0.202012981,0.79,25.57,0.45,1.54,29.05,0.82,2.54,32.19,1.28,3.8,33.69,1.8,5.31,33.94,NA,7.07,NA,3.28,9.08,36.11,4.14,11.34,36.52,5.02,13.85,36.28,5.95,16.62,35.82,7.08,19.63,36.08,8.31,22.9,36.3,9.68,26.42,36.64,11.14,30.19,36.9,12.84,34.21,37.53,14.54,38.48,37.79,16.46,43.01,38.26,18.69,47.78,39.12,21.07,52.81,39.89,23.53,58.09,40.51,26.21,63.62,41.19
-1,20543,538,Fialho et al. 2014,Ocurrencias,-36.06397222,-9.881972222,Precise,Brazil,Neotropics,Cebidae,Sapajus,Sapajus flavius,Sapajus_flavius ,"Semi-structured interviews, local knowledge, tracks, confirmed individuals",1,0,0,NA,0,2007,30,days,NA, ,Sapajus flavius ,Sapajus flavius,2.35,D,223.99,AR,Omnivore,NA,NA,48.5,NA,NA,NA,NA,NA,NA,Polygyndry,NA, ,2Tropical_and_suptropical_moist_broadleaf_forest,0.57817191,0.79,73.19,0.97,1.54,63.2,1.43,2.54,56.27,1.99,3.8,52.37,2.6,5.31,48.96,NA,7.07,NA,4.13,9.08,45.46,5.04,11.34,44.42,5.84,13.85,42.17,6.68,16.62,40.18,7.56,19.63,38.5,8.56,22.9,37.39,9.61,26.42,36.37,10.62,30.19,35.18,11.74,34.21,34.3,13.09,38.48,34.03,14.17,43.01,32.94,15.36,47.78,32.16,16.68,52.81,31.59,18.07,58.09,31.11,19.54,63.62,30.72
-1,20544,538,Fialho et al. 2014,Ocurrencias,-36.30797222,-10.113,Precise,Brazil,Neotropics,Cebidae,Sapajus,Sapajus flavius,Sapajus_flavius ,"Semi-structured interviews, local knowledge, tracks, confirmed individuals",1,0,0,NA,0,2007,30,days,NA, ,Sapajus flavius ,Sapajus flavius,2.35,D,223.99,AR,Omnivore,NA,NA,48.5,NA,NA,NA,NA,NA,NA,Polygyndry,NA, ,9Tropical and Subtropical Dry Broadleaf Forest,0.447203564,0.79,56.61,0.8,1.54,51.96,1.04,2.54,40.93,1.3,3.8,34.1,1.54,5.31,29,1.67,7.07,23.6,2.02,9.08,22.19,2.39,11.34,21.04,2.83,13.85,20.46,3.23,16.62,19.44,3.44,19.63,17.5,3.64,22.9,15.92,3.85,26.42,14.58,4.22,30.19,13.97,4.68,34.21,13.68,5.39,38.48,14.02,6.23,43.01,14.48,6.88,47.78,14.39,7.69,52.81,14.56,8.41,58.09,14.48,9.33,63.62,14.67
-1,20545,538,Fialho et al. 2014,Ocurrencias,-36.23536111,-9.757416667,Precise,Brazil,Neotropics,Cebidae,Sapajus,Sapajus flavius,Sapajus_flavius ,"Semi-structured interviews, local knowledge, tracks, confirmed individuals",1,0,0,NA,0,2007,30,days,NA, ,Sapajus flavius ,Sapajus flavius,2.35,D,223.99,AR,Omnivore,NA,NA,48.5,NA,NA,NA,NA,NA,NA,Polygyndry,NA, ,2Tropical_and_suptropical_moist_broadleaf_forest,0.465216424,0.79,58.89,0.83,1.54,53.6,1.2,2.54,47.22,1.58,3.8,41.62,2.03,5.31,38.17,NA,7.07,NA,3.12,9.08,34.33,3.83,11.34,33.77,4.58,13.85,33.09,5.29,16.62,31.81,6.06,19.63,30.86,6.89,22.9,30.09,7.7,26.42,29.14,8.39,30.19,27.8,8.97,34.21,26.23,9.51,38.48,24.71,9.91,43.01,23.05,10.29,47.78,21.53,10.71,52.81,20.28,11.17,58.09,19.24,11.77,63.62,18.49
-1,20546,538,Fialho et al. 2014,Ocurrencias,-35.98216667,-9.516777778,Precise,Brazil,Neotropics,Cebidae,Sapajus,Sapajus flavius,Sapajus_flavius ,"Semi-structured interviews, local knowledge, tracks, confirmed individuals",0,0,0,NA,0,2007,30,days,NA, ,Sapajus flavius ,Sapajus flavius,2.35,D,223.99,AR,Omnivore,NA,NA,48.5,NA,NA,NA,NA,NA,NA,Polygyndry,NA, ,2Tropical_and_suptropical_moist_broadleaf_forest,0.286445152,0.79,36.26,0.57,1.54,36.99,0.83,2.54,32.79,1.29,3.8,34.06,1.88,5.31,35.37,NA,7.07,NA,2.7,9.08,29.69,3.24,11.34,28.59,3.74,13.85,26.98,4.25,16.62,25.56,4.74,19.63,24.13,5.31,22.9,23.17,5.85,26.42,22.15,6.39,30.19,21.17,7.08,34.21,20.69,7.81,38.48,20.29,8.57,43.01,19.93,9.24,47.78,19.34,10,52.81,18.94,10.94,58.09,18.83,12.38,63.62,19.46
-1,20547,538,Fialho et al. 2014,Ocurrencias,-36.22758333,-10.01591667,Precise,Brazil,Neotropics,Cebidae,Sapajus,Sapajus flavius,Sapajus_flavius ,"Semi-structured interviews, local knowledge, tracks, confirmed individuals",0,0,0,NA,0,2007,30,days,NA, ,Sapajus flavius ,Sapajus flavius,2.35,D,223.99,AR,Omnivore,NA,NA,48.5,NA,NA,NA,NA,NA,NA,Polygyndry,NA, ,9Tropical and Subtropical Dry Broadleaf Forest,0.269924921,0.79,34.17,0.37,1.54,23.96,0.44,2.54,17.31,0.53,3.8,13.92,0.77,5.31,14.47,1.1,7.07,15.55,1.3,9.08,14.32,1.47,11.34,12.98,1.68,13.85,12.13,2.25,16.62,13.51,3.14,19.63,15.97,4.06,22.9,17.72,4.84,26.42,18.3,5.57,30.19,18.47,6.22,34.21,18.19,7.04,38.48,18.29,8.23,43.01,19.13,9.68,47.78,20.25,11.15,52.81,21.12,12.75,58.09,21.95,14.37,63.62,22.59
-1,20548,538,Fialho et al. 2014,Ocurrencias,-36.18222222,-10.03508333,Precise,Brazil,Neotropics,Cebidae,Sapajus,Sapajus flavius,Sapajus_flavius ,"Semi-structured interviews, local knowledge, tracks, confirmed individuals",0,0,0,NA,0,2007,30,days,NA, ,Sapajus flavius ,Sapajus flavius,2.35,D,223.99,AR,Omnivore,NA,NA,48.5,NA,NA,NA,NA,NA,NA,Polygyndry,NA, ,9Tropical and Subtropical Dry Broadleaf Forest,0.324293624,0.79,41.05,0.63,1.54,41.12,0.93,2.54,36.61,1.31,3.8,34.48,1.89,5.31,35.65,2.5,7.07,35.34,2.97,9.08,32.7,3.42,11.34,30.17,3.98,13.85,28.73,4.65,16.62,28,5.58,19.63,28.4,6.35,22.9,27.71,7.26,26.42,27.48,8.3,30.19,27.48,9.42,34.21,27.53,10.83,38.48,28.14,12.74,43.01,29.61,14.76,47.78,30.89,16.36,52.81,30.98,17.83,58.09,30.69,19.45,63.62,30.57
-1,20549,538,Fialho et al. 2014,Ocurrencias,-36.29533333,-10.00791667,Precise,Brazil,Neotropics,Cebidae,Sapajus,Sapajus flavius,Sapajus_flavius ,"Semi-structured interviews, local knowledge, tracks, confirmed individuals",0,0,0,NA,0,2007,30,days,NA, ,Sapajus flavius ,Sapajus flavius,2.35,D,223.99,AR,Omnivore,NA,NA,48.5,NA,NA,NA,NA,NA,NA,Polygyndry,NA, ,9Tropical and Subtropical Dry Broadleaf Forest,0.344346235,0.79,43.59,0.72,1.54,46.58,1.23,2.54,48.4,1.91,3.8,50.25,2.66,5.31,50.16,3.43,7.07,48.58,4.07,9.08,44.8,4.59,11.34,40.5,5.6,13.85,40.42,6.81,16.62,40.95,8.08,19.63,41.15,9.02,22.9,39.38,9.64,26.42,36.47,10.27,30.19,34.03,10.95,34.21,32,11.59,38.48,30.11,12.34,43.01,28.7,13.15,47.78,27.51,13.91,52.81,26.34,14.57,58.09,25.08,15.18,63.62,23.86
