OID,N,N_study,Source,BASE,X,Y,Precise,Country,Realm,Family,Genus,Taxon,Taxon_ITIS,Sample_met,Ocurrence,N_groups,Abundanc_1,Abundance,Density,Sample_yea,Sampling_e,Sampling_1,ID_Todo,TRAITS,Taxon_IT_1,ITIS_SPECI,BodyMass_k,DielActivi,HomeRange_,Locomotion,TrophicGui,Brain_size,Canine_Dim,MeanGroupS,Interbirth,Gestation,WeaningAge,MaxLongevi,LitterSz,AdultSexRa,Social_Sys,Mating_Sys,FOREST,BIOME,Buffer_500,Area500,FC_500,Buffer_700,Area700,FC_700,Buffer_900,Area900,FC_900,Buffer_110,Area1100,FC1100,Buffer_130,Area1300,FC_1300,Buffer_150,Area1500,FC_1500,Buffer_170,Area1700,FC_1700,Buffer_190,Area1900,FC_1900,Buffer_210,Area2100,FC_2100,Buffer_230,Area2300,FC_2300,Buffer_250,Area2500,FC_2500,Buffer_270,Area2700,FC_2700,Buffer_290,Area2900,FC_2900,Buffer_310,Area3100,FC_3100,Buffer_330,Area3300,FC_3300,Buffer_350,Area3500,FC_3500,Buffer_370,Area3700,F_Buffer_3,Buffer_390,Area_3900,FC_3900,Buffer_410,Area4100,FC_4100,Buffer_430,Area4300,FC_4300,Buffer_450,Area4500,FC_4500
-1,20465,195,Hannibal 2014,Richness,-53.2725,-22.49527778,Precise,Brazil,Neotropics,Cebidae,Sapajus,Sapajus cay,Sapajus_cay ,Transects,1, , , ,0,2011,190,h,NA, ,Sapajus cay ,Sapajus cay,3.25,D,NA,AR,Omnivore,NA,NA,NA,NA,NA,NA,NA,NA,NA,Polygyndry,NA, ,2Tropical_and_suptropical_moist_broadleaf_forest,0.720603523,0.79,91.22,1.19,1.54,77.16,1.63,2.54,64,2.06,3.8,54.11,NA,5.31,NA,NA,7.07,NA,3.56,9.08,39.25,4.16,11.34,36.71,4.77,13.85,34.42,5.41,16.62,32.54,5.99,19.63,30.51,6.58,22.9,28.74,7.28,26.42,27.56,7.82,30.19,25.9,8.3,34.21,24.27,8.69,38.48,22.59,9.05,43.01,21.05,9.53,47.78,19.95,10.17,52.81,19.25,10.89,58.09,18.75,11.88,63.62,18.68
-1,20466,195,Hannibal 2014,Richness,-53.2825,-22.46611111,Precise,Brazil,Neotropics,Cebidae,Sapajus,Sapajus cay,Sapajus_cay ,Transects,1, , , ,0,2011,190,h,NA, ,Sapajus cay ,Sapajus cay,3.25,D,NA,AR,Omnivore,NA,NA,NA,NA,NA,NA,NA,NA,NA,Polygyndry,NA, ,2Tropical_and_suptropical_moist_broadleaf_forest,0.477735148,0.79,60.47,0.94,1.54,60.76,1.43,2.54,56.33,1.9,3.8,50.05,NA,5.31,NA,NA,7.07,NA,3.79,9.08,41.72,4.39,11.34,38.67,5.04,13.85,36.43,5.79,16.62,34.84,6.75,19.63,34.39,7.76,22.9,33.89,8.74,26.42,33.1,9.68,30.19,32.07,10.56,34.21,30.86,11.4,38.48,29.63,12.11,43.01,28.15,12.61,47.78,26.4,13.16,52.81,24.91,13.57,58.09,23.36,14,63.62,22.01
-1,20467,195,Hannibal 2014,Richness,-53.28916667,-22.45583333,Precise,Brazil,Neotropics,Cebidae,Sapajus,Sapajus cay,Sapajus_cay ,Transects,1, , , ,0,2011,190,h,NA, ,Sapajus cay ,Sapajus cay,3.25,D,NA,AR,Omnivore,NA,NA,NA,NA,NA,NA,NA,NA,NA,Polygyndry,NA, ,2Tropical_and_suptropical_moist_broadleaf_forest,0.760408565,0.79,96.25,1.33,1.54,86.06,1.89,2.54,74.38,2.38,3.8,62.53,NA,5.31,NA,NA,7.07,NA,3.49,9.08,38.45,3.86,11.34,34.05,4.27,13.85,30.81,4.74,16.62,28.52,5.46,19.63,27.81,6.27,22.9,27.36,7.1,26.42,26.87,7.97,30.19,26.39,8.81,34.21,25.74,9.55,38.48,24.81,10.16,43.01,23.62,10.87,47.78,22.75,11.5,52.81,21.77,12.08,58.09,20.79,12.75,63.62,20.04
-1,20468,195,Hannibal 2014,Richness,-53.30111111,-22.48222222,Precise,Brazil,Neotropics,Cebidae,Sapajus,Sapajus cay,Sapajus_cay ,Transects,0, , , ,0,2011,190,h,NA, ,Sapajus cay ,Sapajus cay,3.25,D,NA,AR,Omnivore,NA,NA,NA,NA,NA,NA,NA,NA,NA,Polygyndry,NA, ,2Tropical_and_suptropical_moist_broadleaf_forest,0.039565505,0.79,5.01,0.13,1.54,8.67,0.32,2.54,12.63,0.65,3.8,17.07,NA,5.31,NA,NA,7.07,NA,1.9,9.08,20.88,2.52,11.34,22.18,3.25,13.85,23.49,4.23,16.62,25.43,5.41,19.63,27.58,6.74,22.9,29.44,8.03,26.42,30.39,9.15,30.19,30.3,10.12,34.21,29.59,11.02,38.48,28.63,11.99,43.01,27.87,12.99,47.78,27.18,13.99,52.81,26.49,15.1,58.09,26,16.32,63.62,25.65
-1,20469,195,Hannibal 2014,Richness,-53.30444444,-22.47361111,Precise,Brazil,Neotropics,Cebidae,Sapajus,Sapajus cay,Sapajus_cay ,Transects,1, , , ,0,2011,190,h,NA, ,Sapajus cay ,Sapajus cay,3.25,D,NA,AR,Omnivore,NA,NA,NA,NA,NA,NA,NA,NA,NA,Polygyndry,NA, ,2Tropical_and_suptropical_moist_broadleaf_forest,0.338761344,0.79,42.88,0.63,1.54,40.83,1.02,2.54,40.17,1.27,3.8,33.55,NA,5.31,NA,NA,7.07,NA,2,9.08,21.99,2.4,11.34,21.14,2.91,13.85,21.01,3.69,16.62,22.19,5.02,19.63,25.59,6.49,22.9,28.33,7.86,26.42,29.75,9.15,30.19,30.31,10.2,34.21,29.82,11.06,38.48,28.75,11.96,43.01,27.81,12.88,47.78,26.95,13.78,52.81,26.09,14.66,58.09,25.23,15.7,63.62,24.68
