OID,N,N_study,Source,BASE,X,Y,Precise,Country,Realm,Family,Genus,Taxon,Taxon_ITIS,Sample_met,Ocurrence,N_groups,Abundanc_1,Abundance,Density,Sample_yea,Sampling_e,Sampling_1,ID_Todo,TRAITS,Taxon_IT_1,ITIS_SPECI,BodyMass_k,DielActivi,HomeRange_,Locomotion,TrophicGui,Brain_size,Canine_Dim,MeanGroupS,Interbirth,Gestation,WeaningAge,MaxLongevi,LitterSz,AdultSexRa,Social_Sys,Mating_Sys,FOREST,BIOME,Buffer_500,Area500,FC_500,Buffer_700,Area700,FC_700,Buffer_900,Area900,FC_900,Buffer_110,Area1100,FC1100,Buffer_130,Area1300,FC_1300,Buffer_150,Area1500,FC_1500,Buffer_170,Area1700,FC_1700,Buffer_190,Area1900,FC_1900,Buffer_210,Area2100,FC_2100,Buffer_230,Area2300,FC_2300,Buffer_250,Area2500,FC_2500,Buffer_270,Area2700,FC_2700,Buffer_290,Area2900,FC_2900,Buffer_310,Area3100,FC_3100,Buffer_330,Area3300,FC_3300,Buffer_350,Area3500,FC_3500,Buffer_370,Area3700,F_Buffer_3,Buffer_390,Area_3900,FC_3900,Buffer_410,Area4100,FC_4100,Buffer_430,Area4300,FC_4300,Buffer_450,Area4500,FC_4500
-1,20015,43,Aquino et al. 2017,Ocurrencias,-76.87361111,-8.161666667,Precise,Peru,Neotropics,Cebidae,Sapajus,Sapajus macrocephalus,Sapajus_apella, ,1,2,0,NA,0,2016,138,km,NA, ,Sapajus apella,Sapajus apella,3.01,D,355,AR,Omnivore,66.63,1.455,12.9,657,158,263.12,541.2,1.05,1.36,Polygyndry,Polygyndry, ,2Tropical_and_suptropical_moist_broadleaf_forest,0.772671098,0.79,97.81,1.51,1.54,98.34,2.5,2.54,98.57,3.74,3.8,98.39,NA,5.31,NA,6.95,7.07,98.34,8.93,9.08,98.36,11.14,11.34,98.22,13.58,13.85,98.05,16.29,16.62,97.99,19.21,19.63,97.88,22.33,22.9,97.53,25.73,26.42,97.4,29.41,30.19,97.41,33.29,34.21,97.3,37.39,38.48,97.16,41.73,43.01,97.01,46.28,47.78,96.86,51.06,52.81,96.68,56.13,58.09,96.62,61.42,63.62,96.54
-1,20016,43,Aquino et al. 2017,Ocurrencias,-76.83166667,-8.441388889,Precise,Peru,Neotropics,Cebidae,Sapajus,Sapajus macrocephalus,Sapajus_apella, ,1,4,0,NA,0,2016,182,km,NA, ,Sapajus apella,Sapajus apella,3.01,D,355,AR,Omnivore,66.63,1.455,12.9,657,158,263.12,541.2,1.05,1.36,Polygyndry,Polygyndry, ,2Tropical_and_suptropical_moist_broadleaf_forest,0.684124761,0.79,86.6,1.37,1.54,88.83,2.26,2.54,89.14,3.44,3.8,90.57,NA,5.31,NA,6.59,7.07,93.26,8.54,9.08,94.01,10.68,11.34,94.16,13.07,13.85,94.39,15.63,16.62,94.04,18.5,19.63,94.25,21.65,22.9,94.55,25.05,26.42,94.8,28.7,30.19,95.08,32.54,34.21,95.11,36.66,38.48,95.28,41.01,43.01,95.36,45.66,47.78,95.56,50.59,52.81,95.79,55.67,58.09,95.83,61,63.62,95.87
-1,20017,43,Aquino et al. 2017,Ocurrencias,-76.58166667,-8.476944444,Precise,Peru,Neotropics,Cebidae,Sapajus,Sapajus macrocephalus,Sapajus_apella, ,1,1,0,NA,0,2016,106,km,NA, ,Sapajus apella,Sapajus apella,3.01,D,355,AR,Omnivore,66.63,1.455,12.9,657,158,263.12,541.2,1.05,1.36,Polygyndry,Polygyndry, ,2Tropical_and_suptropical_moist_broadleaf_forest,0.63619453,0.79,80.53,1.32,1.54,85.45,2.27,2.54,89.24,3.34,3.8,88.01,NA,5.31,NA,6.37,7.07,90.06,8.27,9.08,91.05,10.43,11.34,91.96,12.81,13.85,92.49,15.37,16.62,92.51,18.19,19.63,92.66,21.21,22.9,92.62,24.55,26.42,92.91,28.13,30.19,93.16,31.98,34.21,93.49,35.94,38.48,93.4,40.05,43.01,93.11,44.45,47.78,93.02,49.16,52.81,93.09,54.23,58.09,93.35,59.49,63.62,93.51
-1,20018,43,Aquino et al. 2017,Ocurrencias,-76.50027778,-8.615555556,Precise,Peru,Neotropics,Cebidae,Sapajus,Sapajus macrocephalus,Sapajus_apella, ,1,2,0,NA,0,2015,129,km,NA, ,Sapajus apella,Sapajus apella,3.01,D,355,AR,Omnivore,66.63,1.455,12.9,657,158,263.12,541.2,1.05,1.36,Polygyndry,Polygyndry, ,2Tropical_and_suptropical_moist_broadleaf_forest,0.76466388,0.79,96.79,1.51,1.54,97.83,2.5,2.54,98.25,3.73,3.8,98.21,NA,5.31,NA,NA,7.07,NA,8.92,9.08,98.27,11.15,11.34,98.31,13.62,13.85,98.34,16.34,16.62,98.32,19.31,19.63,98.36,22.52,22.9,98.33,25.98,26.42,98.32,29.67,30.19,98.29,33.62,34.21,98.26,37.82,38.48,98.28,42.25,43.01,98.24,46.87,47.78,98.09,51.8,52.81,98.09,56.97,58.09,98.06,62.28,63.62,97.9
-1,20019,43,Aquino et al. 2017,Ocurrencias,-76.56083333,-9.241944444,Precise,Peru,Neotropics,Cebidae,Sapajus,Sapajus macrocephalus,Sapajus_apella, ,0,0,0,NA,0,2016,160,km,NA, ,Sapajus apella,Sapajus apella,3.01,D,355,AR,Omnivore,66.63,1.455,12.9,657,158,263.12,541.2,1.05,1.36,Polygyndry,Polygyndry, ,2Tropical_and_suptropical_moist_broadleaf_forest,0.593022592,0.79,75.07,1.23,1.54,79.64,2.13,2.54,83.75,3.25,3.8,85.62,NA,5.31,NA,6.17,7.07,87.21,7.97,9.08,87.77,10.06,11.34,88.69,12.25,13.85,88.48,14.59,16.62,87.76,17.2,19.63,87.64,20.07,22.9,87.65,23.27,26.42,88.06,26.63,30.19,88.22,30.28,34.21,88.51,34.24,38.48,88.98,38.42,43.01,89.32,42.87,47.78,89.72,47.54,52.81,90.02,52.41,58.09,90.22,57.6,63.62,90.54
-1,20020,43,Aquino et al. 2017,Ocurrencias,-75.67138889,-9.738333333,Precise,Peru,Neotropics,Cebidae,Sapajus,Sapajus macrocephalus,Sapajus_apella, ,1,1,0,NA,0,2016,213,km,NA, ,Sapajus apella,Sapajus apella,3.01,D,355,AR,Omnivore,66.63,1.455,12.9,657,158,263.12,541.2,1.05,1.36,Polygyndry,Polygyndry, ,2Tropical_and_suptropical_moist_broadleaf_forest,0.643790513,0.79,81.49,1.27,1.54,82.29,2.12,2.54,83.4,3.22,3.8,84.71,NA,5.31,NA,6.11,7.07,86.41,7.91,9.08,87.13,10.01,11.34,88.25,12.31,13.85,88.86,14.86,16.62,89.42,17.65,19.63,89.9,20.62,22.9,90.04,23.86,26.42,90.3,27.4,30.19,90.75,31.07,34.21,90.83,34.97,38.48,90.87,39.03,43.01,90.76,43.36,47.78,90.75,48.03,52.81,90.94,52.9,58.09,91.07,58.08,63.62,91.29
