OID,N,N_study,Source,BASE,X,Y,Precise,Country,Realm,Family,Genus,Taxon,Taxon_ITIS,Sample_met,Ocurrence,N_groups,Abundanc_1,Abundance,Density,Sample_yea,Sampling_e,Sampling_1,ID_Todo,TRAITS,Taxon_IT_1,ITIS_SPECI,BodyMass_k,DielActivi,HomeRange_,Locomotion,TrophicGui,Brain_size,Canine_Dim,MeanGroupS,Interbirth,Gestation,WeaningAge,MaxLongevi,LitterSz,AdultSexRa,Social_Sys,Mating_Sys,FOREST,BIOME,Buffer_500,Area500,FC_500,Buffer_700,Area700,FC_700,Buffer_900,Area900,FC_900,Buffer_110,Area1100,FC1100,Buffer_130,Area1300,FC_1300,Buffer_150,Area1500,FC_1500,Buffer_170,Area1700,FC_1700,Buffer_190,Area1900,FC_1900,Buffer_210,Area2100,FC_2100,Buffer_230,Area2300,FC_2300,Buffer_250,Area2500,FC_2500,Buffer_270,Area2700,FC_2700,Buffer_290,Area2900,FC_2900,Buffer_310,Area3100,FC_3100,Buffer_330,Area3300,FC_3300,Buffer_350,Area3500,FC_3500,Buffer_370,Area3700,F_Buffer_3,Buffer_390,Area_3900,FC_3900,Buffer_410,Area4100,FC_4100,Buffer_430,Area4300,FC_4300,Buffer_450,Area4500,FC_4500
-1,20614,533,Aguiar et al. 2007,Richness,-53.07222222,-22.64305556,Precise,Brazil,Neotropics,Cebidae,Cebus,Cebus libidinosus,Sapajus_libidinosus ,Line transects/boat trips,0, , , ,0,2006,0,"years, days",NA, ,Sapajus libidinosus ,Sapajus libidinosus,2.54,D,300,AR,Omnivore,NA,NA,30.5,NA,NA,NA,NA,NA,NA,Polygyndry,NA, ,2Tropical_and_suptropical_moist_broadleaf_forest,0.105686694,0.79,13.38,0.16,1.54,10.53,0.32,2.54,12.65,0.45,3.8,11.86,0.72,5.31,13.6,NA,7.07,NA,1.84,9.08,20.22,2.61,11.34,22.99,3.31,13.85,23.88,3.9,16.62,23.49,4.71,19.63,23.99,5.43,22.9,23.71,5.95,26.42,22.52,6.4,30.19,21.2,6.85,34.21,20.03,7.15,38.48,18.58,7.42,43.01,17.24,7.62,47.78,15.95,7.89,52.81,14.95,8.34,58.09,14.36,8.9,63.62,13.98
-1,20615,533,Aguiar et al. 2007,Richness,-53.07888889,-22.64916667,Precise,Brazil,Neotropics,Cebidae,Cebus,Cebus libidinosus,Sapajus_libidinosus ,Line transects/boat trips,0, , , ,0,2006,0,"years, days",NA, ,Sapajus libidinosus ,Sapajus libidinosus,2.54,D,300,AR,Omnivore,NA,NA,30.5,NA,NA,NA,NA,NA,NA,Polygyndry,NA, ,2Tropical_and_suptropical_moist_broadleaf_forest,0.202832932,0.79,25.68,0.37,1.54,23.82,0.64,2.54,25.26,1.02,3.8,26.96,1.37,5.31,25.88,NA,7.07,NA,2.33,9.08,25.68,2.84,11.34,25.06,3.26,13.85,23.55,3.72,16.62,22.39,4.16,19.63,21.18,4.61,22.9,20.14,4.96,26.42,18.77,5.39,30.19,17.86,6.01,34.21,17.56,6.71,38.48,17.42,7.35,43.01,17.1,7.92,47.78,16.57,8.33,52.81,15.76,8.71,58.09,15,9.12,63.62,14.33
-1,20616,533,Aguiar et al. 2007,Richness,-53.13472222,-22.65111111,Precise,Brazil,Neotropics,Cebidae,Cebus,Cebus libidinosus,Sapajus_libidinosus ,Line transects/boat trips,0, , , ,0,2006,0,"years, days",NA, ,Sapajus libidinosus ,Sapajus libidinosus,2.54,D,300,AR,Omnivore,NA,NA,30.5,NA,NA,NA,NA,NA,NA,Polygyndry,NA, ,2Tropical_and_suptropical_moist_broadleaf_forest,0.217971132,0.79,27.59,0.34,1.54,21.97,0.45,2.54,17.76,0.64,3.8,16.85,0.82,5.31,15.46,NA,7.07,NA,1.19,9.08,13.09,1.42,11.34,12.53,1.62,13.85,11.67,1.8,16.62,10.8,2.02,19.63,10.31,2.29,22.9,10.02,2.72,26.42,10.31,3.42,30.19,11.33,4.24,34.21,12.39,4.88,38.48,12.69,5.5,43.01,12.8,6.42,47.78,13.44,7.88,52.81,14.92,9.23,58.09,15.89,10.62,63.62,16.69
-1,20617,533,Aguiar et al. 2007,Richness,-53.165,-22.70666667,Precise,Brazil,Neotropics,Cebidae,Cebus,Cebus libidinosus,Sapajus_libidinosus ,Line transects/boat trips,0, , , ,0,2006,0,"years, days",NA, ,Sapajus libidinosus ,Sapajus libidinosus,2.54,D,300,AR,Omnivore,NA,NA,30.5,NA,NA,NA,NA,NA,NA,Polygyndry,NA, ,2Tropical_and_suptropical_moist_broadleaf_forest,0.077224545,0.79,9.78,0.14,1.54,9.37,0.31,2.54,12.19,0.52,3.8,13.81,0.62,5.31,11.59,NA,7.07,NA,0.76,9.08,8.34,0.87,11.34,7.63,1.05,13.85,7.57,1.3,16.62,7.82,1.49,19.63,7.6,1.73,22.9,7.57,1.83,26.42,6.94,2.11,30.19,6.99,2.54,34.21,7.42,3.16,38.48,8.21,4.14,43.01,9.63,5.3,47.78,11.1,6.56,52.81,12.41,7.48,58.09,12.87,8.45,63.62,13.28
-1,20618,533,Aguiar et al. 2007,Richness,-53.20722222,-22.7375,Precise,Brazil,Neotropics,Cebidae,Cebus,Cebus libidinosus,Sapajus_libidinosus ,Line transects/boat trips,0, , , ,0,2006,0,"years, days",NA, ,Sapajus libidinosus ,Sapajus libidinosus,2.54,D,300,AR,Omnivore,NA,NA,30.5,NA,NA,NA,NA,NA,NA,Polygyndry,NA, ,2Tropical_and_suptropical_moist_broadleaf_forest,0.185233981,0.79,23.45,0.26,1.54,17.02,0.35,2.54,13.87,0.45,3.8,11.96,0.54,5.31,10.09,NA,7.07,NA,1.1,9.08,12.08,1.64,11.34,14.44,2.14,13.85,15.44,2.52,16.62,15.18,2.9,19.63,14.79,3.29,22.9,14.37,3.65,26.42,13.83,4.13,30.19,13.68,4.76,34.21,13.92,5.32,38.48,13.82,6.05,43.01,14.06,6.81,47.78,14.25,7.52,52.81,14.24,8.21,58.09,14.13,8.75,63.62,13.75
-1,20619,533,Aguiar et al. 2007,Richness,-53.21166667,-22.72583333,Precise,Brazil,Neotropics,Cebidae,Cebus,Cebus libidinosus,Sapajus_libidinosus ,Line transects/boat trips,1, , , ,0,2006,0,"years, days",NA, ,Sapajus libidinosus ,Sapajus libidinosus,2.54,D,300,AR,Omnivore,NA,NA,30.5,NA,NA,NA,NA,NA,NA,Polygyndry,NA, ,2Tropical_and_suptropical_moist_broadleaf_forest,0.431780861,0.79,54.66,0.69,1.54,44.62,0.89,2.54,35.04,1.03,3.8,27.22,1.12,5.31,21.11,NA,7.07,NA,1.69,9.08,18.59,2.12,11.34,18.74,2.58,13.85,18.64,3.06,16.62,18.44,3.63,19.63,18.48,4.09,22.9,17.85,4.54,26.42,17.19,4.97,30.19,16.46,5.43,34.21,15.88,5.98,38.48,15.55,6.64,43.01,15.45,7.41,47.78,15.51,8.19,52.81,15.5,8.95,58.09,15.41,9.82,63.62,15.43
-1,20620,533,Aguiar et al. 2007,Richness,-53.215,-22.79388889,Precise,Brazil,Neotropics,Cebidae,Cebus,Cebus libidinosus,Sapajus_libidinosus ,Line transects/boat trips,0, , , ,0,2006,0,"years, days",NA, ,Sapajus libidinosus ,Sapajus libidinosus,2.54,D,300,AR,Omnivore,NA,NA,30.5,NA,NA,NA,NA,NA,NA,Polygyndry,NA, ,2Tropical_and_suptropical_moist_broadleaf_forest,0.411421964,0.79,52.08,0.58,1.54,37.36,0.69,2.54,27.1,0.76,3.8,20.07,0.84,5.31,15.73,NA,7.07,NA,1.03,9.08,11.38,1.11,11.34,9.76,1.21,13.85,8.71,1.34,16.62,8.08,1.48,19.63,7.56,1.62,22.9,7.09,1.89,26.42,7.15,2.31,30.19,7.64,2.61,34.21,7.64,2.85,38.48,7.41,3,43.01,6.98,3.15,47.78,6.59,3.42,52.81,6.47,3.73,58.09,6.42,4.05,63.62,6.37
-1,20621,533,Aguiar et al. 2007,Richness,-53.21666667,-22.79277778,Precise,Brazil,Neotropics,Cebidae,Cebus,Cebus libidinosus,Sapajus_libidinosus ,Line transects/boat trips,0, , , ,0,2006,0,"years, days",NA, ,Sapajus libidinosus ,Sapajus libidinosus,2.54,D,300,AR,Omnivore,NA,NA,30.5,NA,NA,NA,NA,NA,NA,Polygyndry,NA, ,2Tropical_and_suptropical_moist_broadleaf_forest,0.406215952,0.79,51.42,0.54,1.54,35.37,0.66,2.54,26.14,0.74,3.8,19.5,0.82,5.31,15.5,NA,7.07,NA,0.98,9.08,10.76,1.08,11.34,9.52,1.21,13.85,8.75,1.34,16.62,8.09,1.44,19.63,7.32,1.6,22.9,7,1.84,26.42,6.96,2.3,30.19,7.61,2.52,34.21,7.36,2.75,38.48,7.15,2.96,43.01,6.89,3.23,47.78,6.76,3.51,52.81,6.65,3.72,58.09,6.41,4.14,63.62,6.51
-1,20622,533,Aguiar et al. 2007,Richness,-53.22583333,-22.73833333,Precise,Brazil,Neotropics,Cebidae,Cebus,Cebus libidinosus,Sapajus_libidinosus ,Line transects/boat trips,0, , , ,0,2006,0,"years, days",NA, ,Sapajus libidinosus ,Sapajus libidinosus,2.54,D,300,AR,Omnivore,NA,NA,30.5,NA,NA,NA,NA,NA,NA,Polygyndry,NA, ,2Tropical_and_suptropical_moist_broadleaf_forest,0.332652039,0.79,42.11,0.61,1.54,39.47,0.78,2.54,30.72,0.97,3.8,25.47,1.3,5.31,24.44,NA,7.07,NA,2.64,9.08,29.09,3.2,11.34,28.25,3.83,13.85,27.67,4.43,16.62,26.64,5.02,19.63,25.56,5.59,22.9,24.41,6.1,26.42,23.07,6.53,30.19,21.64,6.93,34.21,20.27,7.4,38.48,19.22,7.81,43.01,18.17,8.34,47.78,17.46,9.03,52.81,17.1,9.73,58.09,16.75,10.35,63.62,16.26
-1,20623,533,Aguiar et al. 2007,Richness,-53.25805556,-22.81194444,Precise,Brazil,Neotropics,Cebidae,Cebus,Cebus libidinosus,Sapajus_libidinosus ,Line transects/boat trips,0, , , ,0,2006,0,"years, days",NA, ,Sapajus libidinosus ,Sapajus libidinosus,2.54,D,300,AR,Omnivore,NA,NA,30.5,NA,NA,NA,NA,NA,NA,Polygyndry,NA, ,2Tropical_and_suptropical_moist_broadleaf_forest,0.273639023,0.79,34.64,0.39,1.54,25.22,0.43,2.54,17.09,0.45,3.8,11.8,0.47,5.31,8.92,NA,7.07,NA,0.57,9.08,6.3,0.62,11.34,5.49,0.77,13.85,5.55,0.93,16.62,5.61,1.12,19.63,5.71,1.37,22.9,5.98,1.53,26.42,5.77,1.78,30.19,5.89,2,34.21,5.85,2.25,38.48,5.85,2.49,43.01,5.78,2.65,47.78,5.55,2.68,52.81,5.08,2.78,58.09,4.78,3.27,63.62,5.15
-1,20624,533,Aguiar et al. 2007,Richness,-53.26361111,-22.75555556,Precise,Brazil,Neotropics,Cebidae,Cebus,Cebus libidinosus,Sapajus_libidinosus ,Line transects/boat trips,0, , , ,0,2006,0,"years, days",NA, ,Sapajus libidinosus ,Sapajus libidinosus,2.54,D,300,AR,Omnivore,NA,NA,30.5,NA,NA,NA,NA,NA,NA,Polygyndry,NA, ,2Tropical_and_suptropical_moist_broadleaf_forest,0.511317626,0.79,64.72,0.75,1.54,48.52,1.15,2.54,45.13,1.64,3.8,43.27,2.31,5.31,43.51,NA,7.07,NA,3.38,9.08,37.2,3.82,11.34,33.7,4.36,13.85,31.49,5.07,16.62,30.52,5.77,19.63,29.42,6.45,22.9,28.15,7.04,26.42,26.64,7.73,30.19,25.6,8.34,34.21,24.37,8.85,38.48,23,9.42,43.01,21.91,9.97,47.78,20.87,10.54,52.81,19.97,11.12,58.09,19.15,11.86,63.62,18.65
-1,20625,533,Aguiar et al. 2007,Richness,-53.26638889,-22.73888889,Precise,Brazil,Neotropics,Cebidae,Cebus,Cebus libidinosus,Sapajus_libidinosus ,Line transects/boat trips,1, , , ,0,2006,0,"years, days",NA, ,Sapajus libidinosus ,Sapajus libidinosus,2.54,D,300,AR,Omnivore,NA,NA,30.5,NA,NA,NA,NA,NA,NA,Polygyndry,NA, ,2Tropical_and_suptropical_moist_broadleaf_forest,0.139474968,0.79,17.66,0.33,1.54,21.53,0.65,2.54,25.4,1,3.8,26.45,1.57,5.31,29.5,NA,7.07,NA,2.58,9.08,28.44,3.38,11.34,29.82,4.2,13.85,30.31,4.94,16.62,29.74,5.65,19.63,28.78,6.25,22.9,27.3,6.94,26.42,26.26,7.62,30.19,25.23,8.26,34.21,24.14,9.04,38.48,23.49,9.76,43.01,22.68,10.42,47.78,21.81,10.98,52.81,20.8,11.6,58.09,19.96,12.19,63.62,19.16
-1,20626,533,Aguiar et al. 2007,Richness,-53.27861111,-22.70388889,Precise,Brazil,Neotropics,Cebidae,Cebus,Cebus libidinosus,Sapajus_libidinosus ,Line transects/boat trips,1, , , ,0,2006,0,"years, days",NA, ,Sapajus libidinosus ,Sapajus libidinosus,2.54,D,300,AR,Omnivore,NA,NA,30.5,NA,NA,NA,NA,NA,NA,Polygyndry,NA, ,2Tropical_and_suptropical_moist_broadleaf_forest,0.05227158,0.79,6.62,0.11,1.54,7.41,0.14,2.54,5.58,0.19,3.8,5.07,0.24,5.31,4.6,NA,7.07,NA,0.41,9.08,4.52,0.47,11.34,4.12,0.56,13.85,4.05,0.72,16.62,4.32,0.94,19.63,4.81,1.09,22.9,4.78,1.32,26.42,5.01,1.57,30.19,5.2,1.78,34.21,5.19,1.94,38.48,5.05,2.2,43.01,5.13,2.65,47.78,5.54,3.11,52.81,5.89,3.52,58.09,6.05,3.9,63.62,6.13
-1,20627,533,Aguiar et al. 2007,Richness,-53.28305556,-22.75694444,Precise,Brazil,Neotropics,Cebidae,Cebus,Cebus libidinosus,Sapajus_libidinosus ,Line transects/boat trips,0, , , ,0,2006,0,"years, days",NA, ,Sapajus libidinosus ,Sapajus libidinosus,2.54,D,300,AR,Omnivore,NA,NA,30.5,NA,NA,NA,NA,NA,NA,Polygyndry,NA, ,2Tropical_and_suptropical_moist_broadleaf_forest,0.754741834,0.79,95.54,1.33,1.54,86.59,1.75,2.54,68.95,2.17,3.8,57.13,2.56,5.31,48.14,NA,7.07,NA,3.58,9.08,39.46,4.15,11.34,36.57,4.79,13.85,34.6,5.38,16.62,32.36,5.98,19.63,30.48,6.5,22.9,28.39,7.03,26.42,26.61,7.56,30.19,25.03,8.09,34.21,23.64,8.69,38.48,22.59,9.34,43.01,21.7,10.01,47.78,20.94,10.67,52.81,20.21,11.58,58.09,19.93,12.7,63.62,19.96
-1,20628,533,Aguiar et al. 2007,Richness,-53.28361111,-22.77666667,Precise,Brazil,Neotropics,Cebidae,Cebus,Cebus libidinosus,Sapajus_libidinosus ,Line transects/boat trips,0, , , ,0,2006,0,"years, days",NA, ,Sapajus libidinosus ,Sapajus libidinosus,2.54,D,300,AR,Omnivore,NA,NA,30.5,NA,NA,NA,NA,NA,NA,Polygyndry,NA, ,2Tropical_and_suptropical_moist_broadleaf_forest,0.08316904,0.79,10.53,0.13,1.54,8.72,0.18,2.54,6.91,0.22,3.8,5.7,0.25,5.31,4.74,NA,7.07,NA,0.47,9.08,5.18,0.91,11.34,8.04,1.53,13.85,11.07,2.38,16.62,14.34,3.36,19.63,17.09,4.32,22.9,18.87,5.18,26.42,19.62,5.84,30.19,19.33,6.58,34.21,19.23,7.34,38.48,19.08,8.22,43.01,19.12,9.13,47.78,19.1,9.89,52.81,18.73,10.61,58.09,18.27,11.54,63.62,18.14
-1,20629,533,Aguiar et al. 2007,Richness,-53.30305556,-22.72472222,Precise,Brazil,Neotropics,Cebidae,Cebus,Cebus libidinosus,Sapajus_libidinosus ,Line transects/boat trips,1, , , ,0,2006,0,"years, days",NA, ,Sapajus libidinosus ,Sapajus libidinosus,2.54,D,300,AR,Omnivore,NA,NA,30.5,NA,NA,NA,NA,NA,NA,Polygyndry,NA, ,2Tropical_and_suptropical_moist_broadleaf_forest,0.28169311,0.79,35.66,0.36,1.54,23.25,0.49,2.54,19.21,0.57,3.8,15.08,0.71,5.31,13.38,NA,7.07,NA,0.94,9.08,10.35,1.1,11.34,9.69,1.25,13.85,9.05,1.46,16.62,8.76,1.78,19.63,9.05,2.15,22.9,9.39,2.58,26.42,9.75,2.9,30.19,9.59,3.05,34.21,8.91,3.28,38.48,8.52,3.8,43.01,8.83,4.53,47.78,9.47,5.38,52.81,10.19,6.48,58.09,11.16,7.82,63.62,12.3
-1,20630,533,Aguiar et al. 2007,Richness,-53.30694444,-22.84361111,Precise,Brazil,Neotropics,Cebidae,Cebus,Cebus libidinosus,Sapajus_libidinosus ,Line transects/boat trips,0, , , ,0,2006,0,"years, days",NA, ,Sapajus libidinosus ,Sapajus libidinosus,2.54,D,300,AR,Omnivore,NA,NA,30.5,NA,NA,NA,NA,NA,NA,Polygyndry,NA, ,2Tropical_and_suptropical_moist_broadleaf_forest,0.304081517,0.79,38.49,0.51,1.54,33.13,0.68,2.54,26.86,0.74,3.8,19.51,0.82,5.31,15.51,NA,7.07,NA,1.08,9.08,11.92,1.19,11.34,10.47,1.24,13.85,8.93,1.33,16.62,8.03,1.45,19.63,7.39,1.57,22.9,6.87,1.84,26.42,6.98,2.31,30.19,7.65,2.95,34.21,8.61,3.58,38.48,9.31,4.33,43.01,10.08,5.03,47.78,10.52,5.3,52.81,10.04,5.62,58.09,9.67,6.03,63.62,9.48
-1,20631,533,Aguiar et al. 2007,Richness,-53.30944444,-22.77527778,Precise,Brazil,Neotropics,Cebidae,Cebus,Cebus libidinosus,Sapajus_libidinosus ,Line transects/boat trips,0, , , ,0,2006,0,"years, days",NA, ,Sapajus libidinosus ,Sapajus libidinosus,2.54,D,300,AR,Omnivore,NA,NA,30.5,NA,NA,NA,NA,NA,NA,Polygyndry,NA, ,2Tropical_and_suptropical_moist_broadleaf_forest,0.136978599,0.79,17.34,0.19,1.54,12.58,0.33,2.54,12.86,0.79,3.8,20.86,1.41,5.31,26.5,NA,7.07,NA,2.73,9.08,30.07,3.4,11.34,29.95,3.93,13.85,28.39,4.44,16.62,26.71,5.15,19.63,26.26,5.8,22.9,25.35,6.51,26.42,24.64,7.43,30.19,24.62,8.61,34.21,25.17,9.78,38.48,25.41,10.74,43.01,24.98,11.67,47.78,24.42,12.49,52.81,23.65,13.44,58.09,23.14,14.45,63.62,22.71
-1,20632,533,Aguiar et al. 2007,Richness,-53.31388889,-22.78583333,Precise,Brazil,Neotropics,Cebidae,Cebus,Cebus libidinosus,Sapajus_libidinosus ,Line transects/boat trips,0, , , ,0,2006,0,"years, days",NA, ,Sapajus libidinosus ,Sapajus libidinosus,2.54,D,300,AR,Omnivore,NA,NA,30.5,NA,NA,NA,NA,NA,NA,Polygyndry,NA, ,2Tropical_and_suptropical_moist_broadleaf_forest,0.167507981,0.79,21.2,0.34,1.54,22.34,0.57,2.54,22.47,0.88,3.8,23.05,1.38,5.31,25.92,NA,7.07,NA,2.13,9.08,23.41,2.71,11.34,23.89,3.46,13.85,24.99,4.52,16.62,27.2,5.42,19.63,27.6,6.1,22.9,26.66,6.73,26.42,25.49,7.31,30.19,24.21,8.04,34.21,23.51,8.89,38.48,23.09,9.74,43.01,22.65,10.58,47.78,22.15,11.51,52.81,21.79,12.77,58.09,21.99,14.06,63.62,22.1
-1,20633,533,Aguiar et al. 2007,Richness,-53.325,-22.72916667,Precise,Brazil,Neotropics,Cebidae,Cebus,Cebus libidinosus,Sapajus_libidinosus ,Line transects/boat trips,1, , , ,0,2006,0,"years, days",NA, ,Sapajus libidinosus ,Sapajus libidinosus,2.54,D,300,AR,Omnivore,NA,NA,30.5,NA,NA,NA,NA,NA,NA,Polygyndry,NA, ,2Tropical_and_suptropical_moist_broadleaf_forest,0.201531457,0.79,25.51,0.37,1.54,23.85,0.53,2.54,20.89,0.67,3.8,17.68,0.83,5.31,15.6,NA,7.07,NA,1.03,9.08,11.34,1.16,11.34,10.2,1.3,13.85,9.37,1.55,16.62,9.34,1.94,19.63,9.87,2.28,22.9,9.97,2.73,26.42,10.33,3.17,30.19,10.49,3.65,34.21,10.66,4.23,38.48,11.01,4.59,43.01,10.66,4.99,47.78,10.44,5.43,52.81,10.27,6.43,58.09,11.06,7.73,63.62,12.15
-1,20634,533,Aguiar et al. 2007,Richness,-53.32694444,-22.78777778,Precise,Brazil,Neotropics,Cebidae,Cebus,Cebus libidinosus,Sapajus_libidinosus ,Line transects/boat trips,0, , , ,0,2006,0,"years, days",NA, ,Sapajus libidinosus ,Sapajus libidinosus,2.54,D,300,AR,Omnivore,NA,NA,30.5,NA,NA,NA,NA,NA,NA,Polygyndry,NA, ,2Tropical_and_suptropical_moist_broadleaf_forest,0.423372556,0.79,53.59,0.77,1.54,49.96,1.14,2.54,44.77,1.53,3.8,40.24,1.93,5.31,36.31,NA,7.07,NA,2.93,9.08,32.22,3.77,11.34,33.21,4.6,13.85,33.25,5.37,16.62,32.32,6.05,19.63,30.83,6.86,22.9,29.94,7.55,26.42,28.59,8.49,30.19,28.12,9.46,34.21,27.65,10.35,38.48,26.89,11.35,43.01,26.4,12.48,47.78,26.12,13.66,52.81,25.87,14.87,58.09,25.6,16.02,63.62,25.18
-1,20635,533,Aguiar et al. 2007,Richness,-53.32805556,-22.75888889,Precise,Brazil,Neotropics,Cebidae,Cebus,Cebus libidinosus,Sapajus_libidinosus ,Line transects/boat trips,1, , , ,0,2006,0,"years, days",NA, ,Sapajus libidinosus ,Sapajus libidinosus,2.54,D,300,AR,Omnivore,NA,NA,30.5,NA,NA,NA,NA,NA,NA,Polygyndry,NA, ,2Tropical_and_suptropical_moist_broadleaf_forest,0.169154009,0.79,21.41,0.35,1.54,22.82,0.56,2.54,22.19,0.88,3.8,23.1,1.4,5.31,26.29,NA,7.07,NA,2.71,9.08,29.89,3.3,11.34,29.06,3.8,13.85,27.41,4.47,16.62,26.91,5.22,19.63,26.57,5.93,22.9,25.91,6.9,26.42,26.11,7.94,30.19,26.31,9.23,34.21,26.98,10.65,38.48,27.67,11.93,43.01,27.73,13.05,47.78,27.31,14.37,52.81,27.21,15.67,58.09,26.97,16.82,63.62,26.43
-1,20636,533,Aguiar et al. 2007,Richness,-53.33472222,-22.86027778,Precise,Brazil,Neotropics,Cebidae,Cebus,Cebus libidinosus,Sapajus_libidinosus ,Line transects/boat trips,0, , , ,0,2006,0,"years, days",NA, ,Sapajus libidinosus ,Sapajus libidinosus,2.54,D,300,AR,Omnivore,NA,NA,30.5,NA,NA,NA,NA,NA,NA,Polygyndry,NA, ,2Tropical_and_suptropical_moist_broadleaf_forest,0.678379989,0.79,85.87,0.99,1.54,64.26,1.15,2.54,45.46,1.23,3.8,32.39,1.34,5.31,25.24,NA,7.07,NA,1.81,9.08,19.98,2.1,11.34,18.51,2.42,13.85,17.44,2.77,16.62,16.64,3.2,19.63,16.31,3.46,22.9,15.09,3.65,26.42,13.83,3.94,30.19,13.05,4.36,34.21,12.73,4.79,38.48,12.44,5.09,43.01,11.83,5.36,47.78,11.22,5.7,52.81,10.79,6.08,58.09,10.47,6.41,63.62,10.07
-1,20637,533,Aguiar et al. 2007,Richness,-53.33583333,-22.87861111,Precise,Brazil,Neotropics,Cebidae,Cebus,Cebus libidinosus,Sapajus_libidinosus ,Line transects/boat trips,0, , , ,0,2006,0,"years, days",NA, ,Sapajus libidinosus ,Sapajus libidinosus,2.54,D,300,AR,Omnivore,NA,NA,30.5,NA,NA,NA,NA,NA,NA,Polygyndry,NA, ,2Tropical_and_suptropical_moist_broadleaf_forest,0.635850009,0.79,80.49,0.9,1.54,58.59,1.1,2.54,43.41,1.21,3.8,31.94,1.3,5.31,24.46,NA,7.07,NA,1.49,9.08,16.36,1.63,11.34,14.41,1.9,13.85,13.69,2.29,16.62,13.8,2.63,19.63,13.4,2.91,22.9,12.71,3.04,26.42,11.52,3.13,30.19,10.37,3.21,34.21,9.4,3.26,38.48,8.48,3.37,43.01,7.83,3.58,47.78,7.49,3.83,52.81,7.26,4.28,58.09,7.38,5.04,63.62,7.92
-1,20638,533,Aguiar et al. 2007,Richness,-53.34222222,-22.79388889,Precise,Brazil,Neotropics,Cebidae,Cebus,Cebus libidinosus,Sapajus_libidinosus ,Line transects/boat trips,0, , , ,0,2006,0,"years, days",NA, ,Sapajus libidinosus ,Sapajus libidinosus,2.54,D,300,AR,Omnivore,NA,NA,30.5,NA,NA,NA,NA,NA,NA,Polygyndry,NA, ,2Tropical_and_suptropical_moist_broadleaf_forest,0.588394188,0.79,74.48,1.05,1.54,68.18,1.57,2.54,61.69,2.05,3.8,54.07,2.57,5.31,48.45,NA,7.07,NA,3.75,9.08,41.3,4.56,11.34,40.17,5.31,13.85,38.32,5.84,16.62,35.11,6.34,19.63,32.28,6.84,22.9,29.88,7.65,26.42,28.95,8.69,30.19,28.77,9.86,34.21,28.81,11.04,38.48,28.68,12.33,43.01,28.66,13.93,47.78,29.15,15.7,52.81,29.73,17.66,58.09,30.39,19.32,63.62,30.37
-1,20639,533,Aguiar et al. 2007,Richness,-53.34638889,-22.7775,Precise,Brazil,Neotropics,Cebidae,Cebus,Cebus libidinosus,Sapajus_libidinosus ,Line transects/boat trips,0, , , ,0,2006,0,"years, days",NA, ,Sapajus libidinosus ,Sapajus libidinosus,2.54,D,300,AR,Omnivore,NA,NA,30.5,NA,NA,NA,NA,NA,NA,Polygyndry,NA, ,2Tropical_and_suptropical_moist_broadleaf_forest,0.307686985,0.79,38.95,0.45,1.54,29.34,0.56,2.54,22.06,0.72,3.8,18.89,1.11,5.31,20.97,NA,7.07,NA,2.74,9.08,30.15,3.74,11.34,32.98,4.85,13.85,34.99,6.12,16.62,36.82,7.28,19.63,37.08,8.57,22.9,37.41,10,26.42,37.86,11.44,30.19,37.89,12.86,34.21,37.58,14.08,38.48,36.6,15.24,43.01,35.43,16.53,47.78,34.6,17.9,52.81,33.9,19.28,58.09,33.19,20.76,63.62,32.63
-1,20640,533,Aguiar et al. 2007,Richness,-53.34805556,-22.75027778,Precise,Brazil,Neotropics,Cebidae,Cebus,Cebus libidinosus,Sapajus_libidinosus ,Line transects/boat trips,0, , , ,0,2006,0,"years, days",NA, ,Sapajus libidinosus ,Sapajus libidinosus,2.54,D,300,AR,Omnivore,NA,NA,30.5,NA,NA,NA,NA,NA,NA,Polygyndry,NA, ,2Tropical_and_suptropical_moist_broadleaf_forest,0.368056638,0.79,46.59,0.62,1.54,40.06,0.95,2.54,37.31,1.45,3.8,38.23,2.05,5.31,38.65,NA,7.07,NA,3.26,9.08,35.93,3.82,11.34,33.71,4.25,13.85,30.68,4.67,16.62,28.09,5.1,19.63,25.99,5.55,22.9,24.23,6.28,26.42,23.78,7.23,30.19,23.95,8.4,34.21,24.57,9.29,38.48,24.15,10.22,43.01,23.76,11.12,47.78,23.27,12.02,52.81,22.76,13.12,58.09,22.59,14.3,63.62,22.47
-1,20641,533,Aguiar et al. 2007,Richness,-53.35527778,-22.8,Precise,Brazil,Neotropics,Cebidae,Cebus,Cebus libidinosus,Sapajus_libidinosus ,Line transects/boat trips,0, , , ,0,2006,0,"years, days",NA, ,Sapajus libidinosus ,Sapajus libidinosus,2.54,D,300,AR,Omnivore,NA,NA,30.5,NA,NA,NA,NA,NA,NA,Polygyndry,NA, ,2Tropical_and_suptropical_moist_broadleaf_forest,0.402255498,0.79,50.92,0.93,1.54,60.15,1.46,2.54,57.67,2.04,3.8,53.71,2.6,5.31,49.03,NA,7.07,NA,3.82,9.08,42.06,4.4,11.34,38.84,5.11,13.85,36.91,5.98,16.62,36.01,6.88,19.63,35.06,7.88,22.9,34.43,9.14,26.42,34.58,10.5,30.19,34.77,11.86,34.21,34.66,13.17,38.48,34.24,14.47,43.01,33.64,15.74,47.78,32.94,17.23,52.81,32.62,18.79,58.09,32.34,20.25,63.62,31.83
-1,20642,533,Aguiar et al. 2007,Richness,-53.37805556,-22.81888889,Precise,Brazil,Neotropics,Cebidae,Cebus,Cebus libidinosus,Sapajus_libidinosus ,Line transects/boat trips,0, , , ,0,2006,0,"years, days",NA, ,Sapajus libidinosus ,Sapajus libidinosus,2.54,D,300,AR,Omnivore,NA,NA,30.5,NA,NA,NA,NA,NA,NA,Polygyndry,NA, ,2Tropical_and_suptropical_moist_broadleaf_forest,0.660327842,0.79,83.59,1.2,1.54,78.05,1.84,2.54,72.48,2.61,3.8,68.59,3.3,5.31,62.16,NA,7.07,NA,4.28,9.08,47.18,4.77,11.34,42.03,5.46,13.85,39.45,6.29,16.62,37.87,7.27,19.63,37.02,8.35,22.9,36.48,9.53,26.42,36.07,10.83,30.19,35.88,12.01,34.21,35.11,13.04,38.48,33.9,13.9,43.01,32.31,14.8,47.78,30.97,15.79,52.81,29.9,17.07,58.09,29.38,18.63,63.62,29.28
-1,20643,533,Aguiar et al. 2007,Richness,-53.3825,-22.80055556,Precise,Brazil,Neotropics,Cebidae,Cebus,Cebus libidinosus,Sapajus_libidinosus ,Line transects/boat trips,0, , , ,0,2006,0,"years, days",NA, ,Sapajus libidinosus ,Sapajus libidinosus,2.54,D,300,AR,Omnivore,NA,NA,30.5,NA,NA,NA,NA,NA,NA,Polygyndry,NA, ,2Tropical_and_suptropical_moist_broadleaf_forest,0.581610631,0.79,73.62,1.02,1.54,66.11,1.55,2.54,61.08,2.21,3.8,58.04,2.93,5.31,55.17,NA,7.07,NA,4.58,9.08,50.46,5.46,11.34,48.15,6.4,13.85,46.24,7.54,16.62,45.36,8.96,19.63,45.66,10.37,22.9,45.3,11.65,26.42,44.08,13.09,30.19,43.37,14.58,34.21,42.62,16.08,38.48,41.78,17.57,43.01,40.86,18.95,47.78,39.65,20.21,52.81,38.27,21.61,58.09,37.21,23.3,63.62,36.63
-1,20644,533,Aguiar et al. 2007,Richness,-53.39777778,-22.81083333,Precise,Brazil,Neotropics,Cebidae,Cebus,Cebus libidinosus,Sapajus_libidinosus ,Line transects/boat trips,0, , , ,0,2006,0,"years, days",NA, ,Sapajus libidinosus ,Sapajus libidinosus,2.54,D,300,AR,Omnivore,NA,NA,30.5,NA,NA,NA,NA,NA,NA,Polygyndry,NA, ,2Tropical_and_suptropical_moist_broadleaf_forest,0.373147064,0.79,47.23,0.63,1.54,40.85,0.96,2.54,37.75,1.34,3.8,35.16,2.04,5.31,38.41,NA,7.07,NA,4.54,9.08,49.95,5.92,11.34,52.17,7.16,13.85,51.73,8.39,16.62,50.51,9.48,19.63,48.3,10.36,22.9,45.25,11.34,26.42,42.94,12.4,30.19,41.07,13.64,34.21,39.87,15.14,38.48,39.35,16.81,43.01,39.09,18.52,47.78,38.77,20.22,52.81,38.28,22.01,58.09,37.89,23.92,63.62,37.6
