OID,N,N_study,Source,BASE,X,Y,Precise,Country,Realm,Family,Genus,Taxon,Taxon_ITIS,Sample_met,Ocurrence,N_groups,Abundanc_1,Abundance,Density,Sample_yea,Sampling_e,Sampling_1,ID_Todo,TRAITS,Taxon_IT_1,ITIS_SPECI,BodyMass_k,DielActivi,HomeRange_,Locomotion,TrophicGui,Brain_size,Canine_Dim,MeanGroupS,Interbirth,Gestation,WeaningAge,MaxLongevi,LitterSz,AdultSexRa,Social_Sys,Mating_Sys,FOREST,BIOME,Buffer_500,Area500,FC_500,Buffer_700,Area700,FC_700,Buffer_900,Area900,FC_900,Buffer_110,Area1100,FC1100,Buffer_130,Area1300,FC_1300,Buffer_150,Area1500,FC_1500,Buffer_170,Area1700,FC_1700,Buffer_190,Area1900,FC_1900,Buffer_210,Area2100,FC_2100,Buffer_230,Area2300,FC_2300,Buffer_250,Area2500,FC_2500,Buffer_270,Area2700,FC_2700,Buffer_290,Area2900,FC_2900,Buffer_310,Area3100,FC_3100,Buffer_330,Area3300,FC_3300,Buffer_350,Area3500,FC_3500,Buffer_370,Area3700,F_Buffer_3,Buffer_390,Area_3900,FC_3900,Buffer_410,Area4100,FC_4100,Buffer_430,Area4300,FC_4300,Buffer_450,Area4500,FC_4500
-1,20119,239,Boyle et al. 2013,Ocurrencias,-59.871237,-2.404871,Precise,Brazil,Neotropics,Cebidae,Sapajus,Sapajus apella,Sapajus_apella,Different methods,0,0,0,NA,0,1996,0, ,NA, ,Sapajus apella,Sapajus apella,3.01,D,355,AR,Omnivore,66.63,1.455,12.9,657,158,263.12,541.2,1.05,1.36,Polygyndry,Polygyndry, ,2Tropical_and_suptropical_moist_broadleaf_forest,0.737835985,0.79,93.4,1.42,1.54,92.32,2.39,2.54,93.91,3.58,3.8,94.34,5.02,5.31,94.53,NA,7.07,NA,8.46,9.08,93.2,10.43,11.34,92.02,12.62,13.85,91.13,15.08,16.62,90.71,17.7,19.63,90.18,20.68,22.9,90.29,23.93,26.42,90.58,27.51,30.19,91.13,31.35,34.21,91.65,35.48,38.48,92.2,39.87,43.01,92.7,44.55,47.78,93.24,49.48,52.81,93.7,54.65,58.09,94.08,60.07,63.62,94.42
-1,20124,239,Boyle et al. 2013,Ocurrencias,-59.871043,-2.381578,Precise,Brazil,Neotropics,Cebidae,Sapajus,Sapajus apella,Sapajus_apella,Different methods,0,0,0,NA,0,1996,0, ,NA, ,Sapajus apella,Sapajus apella,3.01,D,355,AR,Omnivore,66.63,1.455,12.9,657,158,263.12,541.2,1.05,1.36,Polygyndry,Polygyndry, ,2Tropical_and_suptropical_moist_broadleaf_forest,0.772470216,0.79,97.78,1.51,1.54,98.31,2.5,2.54,98.54,3.74,3.8,98.39,5.22,5.31,98.35,NA,7.07,NA,8.93,9.08,98.35,11.16,11.34,98.37,13.63,13.85,98.39,16.34,16.62,98.29,19.24,19.63,98.03,22.38,22.9,97.72,25.83,26.42,97.75,29.52,30.19,97.77,33.43,34.21,97.71,37.61,38.48,97.73,42.02,43.01,97.71,46.67,47.78,97.68,51.51,52.81,97.53,56.57,58.09,97.38,61.76,63.62,97.07
-1,20126,239,Boyle et al. 2013,Ocurrencias,-60.113042,-2.336699,Precise,Brazil,Neotropics,Cebidae,Sapajus,Sapajus apella,Sapajus_apella,Different methods,0,0,0,NA,0,1996,0, ,NA, ,Sapajus apella,Sapajus apella,3.01,D,355,AR,Omnivore,66.63,1.455,12.9,657,158,263.12,541.2,1.05,1.36,Polygyndry,Polygyndry, ,2Tropical_and_suptropical_moist_broadleaf_forest,0.765288915,0.79,96.87,1.51,1.54,97.86,2.5,2.54,98.26,3.73,3.8,98.21,5.21,5.31,98.2,NA,7.07,NA,8.89,9.08,97.88,11.11,11.34,97.97,13.58,13.85,98.06,16.3,16.62,98.07,19.27,19.63,98.14,22.44,22.9,98,25.89,26.42,97.98,29.59,30.19,98.02,33.54,34.21,98.05,37.74,38.48,98.07,42.18,43.01,98.08,46.88,47.78,98.11,51.81,52.81,98.11,56.98,58.09,98.08,62.4,63.62,98.08
-1,20131,239,Boyle et al. 2013,Ocurrencias,-59.958044,-2.355488,Precise,Brazil,Neotropics,Cebidae,Sapajus,Sapajus apella,Sapajus_apella,Different methods,0,0,0,NA,0,1996,0, ,NA, ,Sapajus apella,Sapajus apella,3.01,D,355,AR,Omnivore,66.63,1.455,12.9,657,158,263.12,541.2,1.05,1.36,Polygyndry,Polygyndry, ,2Tropical_and_suptropical_moist_broadleaf_forest,0.718840939,0.79,90.99,1.46,1.54,94.84,2.45,2.54,96.43,3.69,3.8,96.98,5.17,5.31,97.34,NA,7.07,NA,8.88,9.08,97.76,11.09,11.34,97.82,13.5,13.85,97.46,16.08,16.62,96.77,18.86,19.63,96.07,21.89,22.9,95.6,25.18,26.42,95.32,28.7,30.19,95.05,32.47,34.21,94.93,36.5,38.48,94.86,40.71,43.01,94.65,45.23,47.78,94.67,50,52.81,94.69,55.15,58.09,94.94,60.49,63.62,95.08
-1,20136,239,Boyle et al. 2013,Ocurrencias,-59.973276,-2.363825,Precise,Brazil,Neotropics,Cebidae,Sapajus,Sapajus apella,Sapajus_apella,Different methods,1,0,0,NA,0,1996,0, ,NA, ,Sapajus apella,Sapajus apella,3.01,D,355,AR,Omnivore,66.63,1.455,12.9,657,158,263.12,541.2,1.05,1.36,Polygyndry,Polygyndry, ,2Tropical_and_suptropical_moist_broadleaf_forest,0.772476369,0.79,97.78,1.49,1.54,96.97,2.36,2.54,92.99,3.49,3.8,91.79,4.79,5.31,90.22,NA,7.07,NA,7.97,9.08,87.81,9.96,11.34,87.85,12.16,13.85,87.8,14.63,16.62,88.05,17.43,19.63,88.81,20.56,22.9,89.77,24,26.42,90.83,27.71,30.19,91.77,31.66,34.21,92.54,35.85,38.48,93.16,40.29,43.01,93.69,44.99,47.78,94.16,49.93,52.81,94.55,55.12,58.09,94.89,60.56,63.62,95.19
-1,20141,239,Boyle et al. 2013,Ocurrencias,-60.095297,-2.342719,Precise,Brazil,Neotropics,Cebidae,Sapajus,Sapajus apella,Sapajus_apella,Different methods,0,0,0,NA,0,1996,0, ,NA, ,Sapajus apella,Sapajus apella,3.01,D,355,AR,Omnivore,66.63,1.455,12.9,657,158,263.12,541.2,1.05,1.36,Polygyndry,Polygyndry, ,2Tropical_and_suptropical_moist_broadleaf_forest,0.761495541,0.79,96.39,1.44,1.54,93.5,2.42,2.54,95.2,3.65,3.8,96.14,5.14,5.31,96.73,NA,7.07,NA,8.84,9.08,97.39,11.06,11.34,97.53,13.52,13.85,97.64,16.23,16.62,97.63,19.18,19.63,97.71,22.4,22.9,97.8,25.85,26.42,97.83,29.52,30.19,97.77,33.47,34.21,97.83,37.67,38.48,97.9,42.12,43.01,97.93,46.82,47.78,97.98,51.76,52.81,98.01,56.94,58.09,98.02,62.34,63.62,97.99
-1,20146,239,Boyle et al. 2013,Ocurrencias,-59.875867,-2.406501,Precise,Brazil,Neotropics,Cebidae,Sapajus,Sapajus apella,Sapajus_apella,Different methods,0,0,0,NA,0,1996,0, ,NA, ,Sapajus apella,Sapajus apella,3.01,D,355,AR,Omnivore,66.63,1.455,12.9,657,158,263.12,541.2,1.05,1.36,Polygyndry,Polygyndry, ,2Tropical_and_suptropical_moist_broadleaf_forest,0.760683714,0.79,96.29,1.48,1.54,96.42,2.39,2.54,94.12,3.55,3.8,93.55,4.91,5.31,92.39,NA,7.07,NA,8.19,9.08,90.2,10.11,11.34,89.17,12.28,13.85,88.64,14.71,16.62,88.5,17.33,19.63,88.3,20.41,22.9,89.12,23.86,26.42,90.29,27.53,30.19,91.2,31.37,34.21,91.71,35.5,38.48,92.26,39.91,43.01,92.8,44.6,47.78,93.35,49.54,52.81,93.8,54.72,58.09,94.2,60.14,63.62,94.52
-1,20151,239,Boyle et al. 2013,Ocurrencias,-60.100858,-2.337207,Precise,Brazil,Neotropics,Cebidae,Sapajus,Sapajus apella,Sapajus_apella,Different methods,0,0,0,NA,0,1996,0, ,NA, ,Sapajus apella,Sapajus apella,3.01,D,355,AR,Omnivore,66.63,1.455,12.9,657,158,263.12,541.2,1.05,1.36,Polygyndry,Polygyndry, ,2Tropical_and_suptropical_moist_broadleaf_forest,0.753893586,0.79,95.43,1.48,1.54,96.21,2.46,2.54,96.99,3.7,3.8,97.36,5.16,5.31,97.2,NA,7.07,NA,8.83,9.08,97.23,11.05,11.34,97.45,13.52,13.85,97.62,16.23,16.62,97.63,19.19,19.63,97.76,22.4,22.9,97.8,25.86,26.42,97.87,29.54,30.19,97.83,33.47,34.21,97.84,37.67,38.48,97.91,42.12,43.01,97.93,46.82,47.78,97.99,51.76,52.81,98.02,56.95,58.09,98.04,62.39,63.62,98.07
-1,20156,239,Boyle et al. 2013,Ocurrencias,-60.108505,-2.337438,Precise,Brazil,Neotropics,Cebidae,Sapajus,Sapajus apella,Sapajus_apella,Different methods,0,0,0,NA,0,1996,0, ,NA, ,Sapajus apella,Sapajus apella,3.01,D,355,AR,Omnivore,66.63,1.455,12.9,657,158,263.12,541.2,1.05,1.36,Polygyndry,Polygyndry, ,2Tropical_and_suptropical_moist_broadleaf_forest,0.765239477,0.79,96.87,1.51,1.54,97.8,2.49,2.54,98.22,3.73,3.8,98.16,5.21,5.31,98.17,NA,7.07,NA,8.92,9.08,98.22,11.14,11.34,98.25,13.61,13.85,98.29,16.33,16.62,98.26,19.29,19.63,98.28,22.5,22.9,98.27,25.96,26.42,98.25,29.66,30.19,98.23,33.61,34.21,98.24,37.8,38.48,98.24,42.25,43.01,98.24,46.91,47.78,98.19,51.85,52.81,98.18,57.04,58.09,98.19,62.39,63.62,98.07
-1,20161,239,Boyle et al. 2013,Ocurrencias,-59.969876,-2.373319,Precise,Brazil,Neotropics,Cebidae,Sapajus,Sapajus apella,Sapajus_apella,Different methods,0,0,0,NA,0,1996,0, ,NA, ,Sapajus apella,Sapajus apella,3.01,D,355,AR,Omnivore,66.63,1.455,12.9,657,158,263.12,541.2,1.05,1.36,Polygyndry,Polygyndry, ,2Tropical_and_suptropical_moist_broadleaf_forest,0.771546459,0.79,97.66,1.51,1.54,98.26,2.5,2.54,98.51,3.74,3.8,98.37,5.22,5.31,98.33,NA,7.07,NA,8.91,9.08,98.13,11,11.34,96.98,13.26,13.85,95.78,15.72,16.62,94.6,18.43,19.63,93.88,21.34,22.9,93.18,24.51,26.42,92.77,27.94,30.19,92.54,31.68,34.21,92.59,35.72,38.48,92.82,40.09,43.01,93.2,44.77,47.78,93.7,49.71,52.81,94.13,54.89,58.09,94.5,60.33,63.62,94.83
