OID,N,N_study,Source,BASE,X,Y,Precise,Country,Realm,Family,Genus,Taxon,Taxon_ITIS,Sample_met,Ocurrence,N_groups,Abundanc_1,Abundance,Density,Sample_yea,Sampling_e,Sampling_1,ID_Todo,TRAITS,Taxon_IT_1,ITIS_SPECI,BodyMass_k,DielActivi,HomeRange_,Locomotion,TrophicGui,Brain_size,Canine_Dim,MeanGroupS,Interbirth,Gestation,WeaningAge,MaxLongevi,LitterSz,AdultSexRa,Social_Sys,Mating_Sys,FOREST,BIOME,Buffer_500,Area500,FC_500,Buffer_700,Area700,FC_700,Buffer_900,Area900,FC_900,Buffer_110,Area1100,FC1100,Buffer_130,Area1300,FC_1300,Buffer_150,Area1500,FC_1500,Buffer_170,Area1700,FC_1700,Buffer_190,Area1900,FC_1900,Buffer_210,Area2100,FC_2100,Buffer_230,Area2300,FC_2300,Buffer_250,Area2500,FC_2500,Buffer_270,Area2700,FC_2700,Buffer_290,Area2900,FC_2900,Buffer_310,Area3100,FC_3100,Buffer_330,Area3300,FC_3300,Buffer_350,Area3500,FC_3500,Buffer_370,Area3700,F_Buffer_3,Buffer_390,Area_3900,FC_3900,Buffer_410,Area4100,FC_4100,Buffer_430,Area4300,FC_4300,Buffer_450,Area4500,FC_4500
-1,21247,569,Rodrigues de Melo 2004 (thesis),Richness,-39.91444444,-16.20722222,Precise,Brazil,Neotropics,Cebidae,Cebus,Cebus  xanthosternos,Sapajus_xanthosternos ,"Flights, pre.existing trails, playbacks",0, , , ,0,2000,0,complete days,NA, ,Sapajus xanthosternos ,Sapajus xanthosternos,2.875,D,846.5,AR,Omnivore,66.09,NA,18,NA,NA,NA,NA,NA,NA,NA,NA, ,2Tropical_and_suptropical_moist_broadleaf_forest,0.65278088,0.79,82.63,1.13,1.54,73.62,1.7,2.54,66.83,2.33,3.8,61.19,3,5.31,56.56,NA,7.07,NA,4.84,9.08,53.3,5.78,11.34,51,6.93,13.85,50.03,8.32,16.62,50.07,9.61,19.63,48.94,10.82,22.9,47.24,11.75,26.42,44.46,12.61,30.19,41.77,13.49,34.21,39.45,14.06,38.48,36.54,14.62,43.01,33.98,15.38,47.78,32.19,16.24,52.81,30.74,17.12,58.09,29.47,18.12,63.62,28.48
-1,21248,569,Rodrigues de Melo 2004 (thesis),Richness,-39.995,-16.31472222,Precise,Brazil,Neotropics,Cebidae,Cebus,Cebus  xanthosternos,Sapajus_xanthosternos ,"Flights, pre.existing trails, playbacks",0, , , ,0,2000,0,complete days,NA, ,Sapajus xanthosternos ,Sapajus xanthosternos,2.875,D,846.5,AR,Omnivore,66.09,NA,18,NA,NA,NA,NA,NA,NA,NA,NA, ,2Tropical_and_suptropical_moist_broadleaf_forest,0.771456977,0.79,97.65,1.51,1.54,97.73,2.48,2.54,97.52,3.69,3.8,97.01,5.15,5.31,96.99,NA,7.07,NA,8.82,9.08,97.12,10.94,11.34,96.45,13.18,13.85,95.15,15.58,16.62,93.74,18.22,19.63,92.83,21.05,22.9,91.91,24.13,26.42,91.34,27.3,30.19,90.44,30.6,34.21,89.45,34.1,38.48,88.62,37.71,43.01,87.68,41.34,47.78,86.52,44.55,52.81,84.36,47.94,58.09,82.52,51.31,63.62,80.64
-1,21249,569,Rodrigues de Melo 2004 (thesis),Richness,-39.99694444,-16.17194444,Precise,Brazil,Neotropics,Cebidae,Cebus,Cebus  xanthosternos,Sapajus_xanthosternos ,"Flights, pre.existing trails, playbacks",0, , , ,0,2000,0,complete days,NA, ,Sapajus xanthosternos ,Sapajus xanthosternos,2.875,D,846.5,AR,Omnivore,66.09,NA,18,NA,NA,NA,NA,NA,NA,NA,NA, ,2Tropical_and_suptropical_moist_broadleaf_forest,0.180918512,0.79,22.9,0.65,1.54,42.06,1.21,2.54,47.7,1.97,3.8,51.85,2.78,5.31,52.29,NA,7.07,NA,4.48,9.08,49.35,5.44,11.34,47.97,6.51,13.85,46.99,7.62,16.62,45.83,8.64,19.63,44.01,9.51,22.9,41.54,10.39,26.42,39.31,11.31,30.19,37.45,12.33,34.21,36.03,13.26,38.48,34.47,13.96,43.01,32.46,14.55,47.78,30.45,15.12,52.81,28.63,15.67,58.09,26.98,16,63.62,25.14
-1,21250,569,Rodrigues de Melo 2004 (thesis),Richness,-40.02638889,-16.0225,Precise,Brazil,Neotropics,Cebidae,Cebus,Cebus  xanthosternos,Sapajus_xanthosternos ,"Flights, pre.existing trails, playbacks",0, , , ,0,2000,0,complete days,NA, ,Sapajus xanthosternos ,Sapajus xanthosternos,2.875,D,846.5,AR,Omnivore,66.09,NA,18,NA,NA,NA,NA,NA,NA,NA,NA, ,2Tropical_and_suptropical_moist_broadleaf_forest,0.325103257,0.79,41.15,0.62,1.54,40.04,0.85,2.54,33.33,1.06,3.8,27.78,1.32,5.31,24.89,NA,7.07,NA,2.19,9.08,24.1,2.72,11.34,24,3.49,13.85,25.16,4.33,16.62,26.07,5.24,19.63,26.71,6.21,22.9,27.1,7.2,26.42,27.25,8.08,30.19,26.78,8.82,34.21,25.78,9.75,38.48,25.34,10.74,43.01,24.97,11.87,47.78,24.84,13.22,52.81,25.04,14.79,58.09,25.45,16.47,63.62,25.88
-1,21251,569,Rodrigues de Melo 2004 (thesis),Richness,-40.02916667,-16.05666667,Precise,Brazil,Neotropics,Cebidae,Cebus,Cebus  xanthosternos,Sapajus_xanthosternos ,"Flights, pre.existing trails, playbacks",1, , , ,0,2000,0,complete days,NA, ,Sapajus xanthosternos ,Sapajus xanthosternos,2.875,D,846.5,AR,Omnivore,66.09,NA,18,NA,NA,NA,NA,NA,NA,NA,NA, ,2Tropical_and_suptropical_moist_broadleaf_forest,0.72027627,0.79,91.17,1.34,1.54,87.23,2.14,2.54,84.26,3.08,3.8,81.08,4.39,5.31,82.63,NA,7.07,NA,7.08,9.08,78,8.35,11.34,73.62,9.3,13.85,67.16,10,16.62,60.2,10.55,19.63,53.72,11.44,22.9,49.94,12.27,26.42,46.45,12.9,30.19,42.72,13.33,34.21,38.97,13.62,38.48,35.4,14.04,43.01,32.64,14.62,47.78,30.59,15.36,52.81,29.08,16.13,58.09,27.76,17.03,63.62,26.77
-1,21252,569,Rodrigues de Melo 2004 (thesis),Richness,-40.04527778,-16.00527778,Precise,Brazil,Neotropics,Cebidae,Cebus,Cebus  xanthosternos,Sapajus_xanthosternos ,"Flights, pre.existing trails, playbacks",0, , , ,0,2000,0,complete days,NA, ,Sapajus xanthosternos ,Sapajus xanthosternos,2.875,D,846.5,AR,Omnivore,66.09,NA,18,NA,NA,NA,NA,NA,NA,NA,NA, ,2Tropical_and_suptropical_moist_broadleaf_forest,0.492302698,0.79,62.32,0.8,1.54,51.66,0.97,2.54,38.15,1.15,3.8,30.13,1.35,5.31,25.41,NA,7.07,NA,2.32,9.08,25.53,3.08,11.34,27.15,4.1,13.85,29.62,4.97,16.62,29.93,5.71,19.63,29.1,6.39,22.9,27.9,6.86,26.42,25.96,7.25,30.19,24.02,7.65,34.21,22.37,8.29,38.48,21.54,8.88,43.01,20.66,9.59,47.78,20.06,10.57,52.81,20.01,12.07,58.09,20.78,13.69,63.62,21.52
-1,21253,569,Rodrigues de Melo 2004 (thesis),Richness,-40.05888889,-16.04222222,Precise,Brazil,Neotropics,Cebidae,Cebus,Cebus  xanthosternos,Sapajus_xanthosternos ,"Flights, pre.existing trails, playbacks",0, , , ,0,2000,0,complete days,NA, ,Sapajus xanthosternos ,Sapajus xanthosternos,2.875,D,846.5,AR,Omnivore,66.09,NA,18,NA,NA,NA,NA,NA,NA,NA,NA, ,2Tropical_and_suptropical_moist_broadleaf_forest,0.327195619,0.79,41.42,0.54,1.54,35.28,0.8,2.54,31.62,1.19,3.8,31.2,1.55,5.31,29.26,NA,7.07,NA,2.7,9.08,29.75,3.76,11.34,33.13,4.99,13.85,36.05,6.13,16.62,36.9,7.5,19.63,38.22,8.95,22.9,39.07,10.44,26.42,39.53,11.87,30.19,39.3,13.2,34.21,38.59,14.44,38.48,37.53,15.56,43.01,36.19,16.62,47.78,34.78,17.89,52.81,33.88,19.28,58.09,33.19,20.66,63.62,32.47
-1,21254,569,Rodrigues de Melo 2004 (thesis),Richness,-40.06333333,-16.00388889,Precise,Brazil,Neotropics,Cebidae,Cebus,Cebus  xanthosternos,Sapajus_xanthosternos ,"Flights, pre.existing trails, playbacks",0, , , ,0,2000,0,complete days,NA, ,Sapajus xanthosternos ,Sapajus xanthosternos,2.875,D,846.5,AR,Omnivore,66.09,NA,18,NA,NA,NA,NA,NA,NA,NA,NA, ,2Tropical_and_suptropical_moist_broadleaf_forest,0.439182836,0.79,55.59,0.9,1.54,58.42,1.4,2.54,54.97,1.9,3.8,49.97,2.43,5.31,45.68,NA,7.07,NA,3.43,9.08,37.74,3.85,11.34,33.94,4.27,13.85,30.81,4.74,16.62,28.53,5.23,19.63,26.64,5.55,22.9,24.22,6.04,26.42,22.88,6.73,30.19,22.28,7.64,34.21,22.32,8.74,38.48,22.7,9.74,43.01,22.64,10.73,47.78,22.45,11.89,52.81,22.51,13.06,58.09,22.48,14.14,63.62,22.23
-1,21255,569,Rodrigues de Melo 2004 (thesis),Richness,-40.06666667,-15.99111111,Precise,Brazil,Neotropics,Cebidae,Cebus,Cebus  xanthosternos,Sapajus_xanthosternos ,"Flights, pre.existing trails, playbacks",0, , , ,0,2000,0,complete days,NA, ,Sapajus xanthosternos ,Sapajus xanthosternos,2.875,D,846.5,AR,Omnivore,66.09,NA,18,NA,NA,NA,NA,NA,NA,NA,NA, ,2Tropical_and_suptropical_moist_broadleaf_forest,0.444099558,0.79,56.22,0.74,1.54,48.14,1.16,2.54,45.86,1.64,3.8,43.08,2.17,5.31,40.83,NA,7.07,NA,3.04,9.08,33.53,3.3,11.34,29.14,3.61,13.85,26.05,3.97,16.62,23.9,4.3,19.63,21.9,4.62,22.9,20.19,5.18,26.42,19.62,5.96,30.19,19.76,6.86,34.21,20.06,7.54,38.48,19.59,8.06,43.01,18.74,8.73,47.78,18.28,9.54,52.81,18.06,10.46,58.09,18,11.6,63.62,18.24
-1,21256,569,Rodrigues de Melo 2004 (thesis),Richness,-40.06722222,-16.05444444,Precise,Brazil,Neotropics,Cebidae,Cebus,Cebus  xanthosternos,Sapajus_xanthosternos ,"Flights, pre.existing trails, playbacks",0, , , ,0,2000,0,complete days,NA, ,Sapajus xanthosternos ,Sapajus xanthosternos,2.875,D,846.5,AR,Omnivore,66.09,NA,18,NA,NA,NA,NA,NA,NA,NA,NA, ,2Tropical_and_suptropical_moist_broadleaf_forest,0.242073895,0.79,30.64,0.55,1.54,35.84,0.94,2.54,37.04,1.29,3.8,33.83,1.57,5.31,29.61,NA,7.07,NA,2.23,9.08,24.58,2.74,11.34,24.21,3.59,13.85,25.94,4.71,16.62,28.35,5.94,19.63,30.23,6.97,22.9,30.43,7.97,26.42,30.17,9,30.19,29.8,10.07,34.21,29.45,11.32,38.48,29.42,12.61,43.01,29.31,14.03,47.78,29.37,15.28,52.81,28.94,16.55,58.09,28.5,17.78,63.62,27.94
-1,21257,569,Rodrigues de Melo 2004 (thesis),Richness,-40.0725,-16.05055556,Precise,Brazil,Neotropics,Cebidae,Cebus,Cebus  xanthosternos,Sapajus_xanthosternos ,"Flights, pre.existing trails, playbacks",0, , , ,0,2000,0,complete days,NA, ,Sapajus xanthosternos ,Sapajus xanthosternos,2.875,D,846.5,AR,Omnivore,66.09,NA,18,NA,NA,NA,NA,NA,NA,NA,NA, ,2Tropical_and_suptropical_moist_broadleaf_forest,0.348457603,0.79,44.11,0.37,1.54,23.9,0.38,2.54,14.86,0.5,3.8,13.09,0.73,5.31,13.8,NA,7.07,NA,2.43,9.08,26.79,3.31,11.34,29.15,4.13,13.85,29.85,4.84,16.62,29.1,5.33,19.63,27.14,5.89,22.9,25.71,6.69,26.42,25.31,7.55,30.19,25.02,8.62,34.21,25.2,9.77,38.48,25.39,11.02,43.01,25.63,12.32,47.78,25.78,13.85,52.81,26.22,15.27,58.09,26.29,16.62,63.62,26.12
-1,21258,569,Rodrigues de Melo 2004 (thesis),Richness,-40.11638889,-16.01944444,Precise,Brazil,Neotropics,Cebidae,Cebus,Cebus  xanthosternos,Sapajus_xanthosternos ,"Flights, pre.existing trails, playbacks",0, , , ,0,2000,0,complete days,NA, ,Sapajus xanthosternos ,Sapajus xanthosternos,2.875,D,846.5,AR,Omnivore,66.09,NA,18,NA,NA,NA,NA,NA,NA,NA,NA, ,2Tropical_and_suptropical_moist_broadleaf_forest,0.049551125,0.79,6.27,0.06,1.54,3.57,0.07,2.54,2.93,0.15,3.8,4.03,0.34,5.31,6.41,NA,7.07,NA,0.72,9.08,7.88,0.94,11.34,8.25,1.17,13.85,8.48,1.45,16.62,8.73,1.8,19.63,9.16,2.09,22.9,9.13,2.42,26.42,9.15,2.81,30.19,9.32,3.36,34.21,9.82,3.95,38.48,10.27,4.58,43.01,10.65,5.3,47.78,11.09,6.06,52.81,11.48,6.97,58.09,12,8.01,63.62,12.59
-1,21259,569,Rodrigues de Melo 2004 (thesis),Richness,-40.28444444,-16.39388889,Precise,Brazil,Neotropics,Cebidae,Cebus,Cebus  xanthosternos,Sapajus_xanthosternos ,"Flights, pre.existing trails, playbacks",0, , , ,0,2000,0,complete days,NA, ,Sapajus xanthosternos ,Sapajus xanthosternos,2.875,D,846.5,AR,Omnivore,66.09,NA,18,NA,NA,NA,NA,NA,NA,NA,NA, ,2Tropical_and_suptropical_moist_broadleaf_forest,0.298869111,0.79,37.83,0.5,1.54,32.44,0.82,2.54,32.48,1.22,3.8,31.99,1.64,5.31,30.86,NA,7.07,NA,2.61,9.08,28.69,3.17,11.34,27.98,3.93,13.85,28.38,4.88,16.62,29.35,5.73,19.63,29.17,6.39,22.9,27.88,7.01,26.42,26.54,7.88,30.19,26.11,8.95,34.21,26.15,9.92,38.48,25.78,11.34,43.01,26.37,13.15,47.78,27.53,14.79,52.81,28,16.43,58.09,28.29,18.06,63.62,28.38
-1,21260,569,Rodrigues de Melo 2004 (thesis),Richness,-40.30611111,-16.22277778,Precise,Brazil,Neotropics,Cebidae,Cebus,Cebus  xanthosternos,Sapajus_xanthosternos ,"Flights, pre.existing trails, playbacks",0, , , ,0,2000,0,complete days,NA, ,Sapajus xanthosternos ,Sapajus xanthosternos,2.875,D,846.5,AR,Omnivore,66.09,NA,18,NA,NA,NA,NA,NA,NA,NA,NA, ,2Tropical_and_suptropical_moist_broadleaf_forest,0.473163729,0.79,59.89,0.9,1.54,58.63,1.5,2.54,59.21,2.11,3.8,55.44,2.58,5.31,48.6,NA,7.07,NA,3.66,9.08,40.26,4.4,11.34,38.76,5.07,13.85,36.58,5.56,16.62,33.45,6.04,19.63,30.77,6.6,22.9,28.84,7.4,26.42,28,8.41,30.19,27.86,9.95,34.21,29.1,11.52,38.48,29.94,13.29,43.01,30.91,15.36,47.78,32.14,17.15,52.81,32.48,18.68,58.09,32.16,19.83,63.62,31.17
-1,21261,569,Rodrigues de Melo 2004 (thesis),Richness,-40.35,-16.10194444,Precise,Brazil,Neotropics,Cebidae,Cebus,Cebus  xanthosternos,Sapajus_xanthosternos ,"Flights, pre.existing trails, playbacks",0, , , ,0,2000,0,complete days,NA, ,Sapajus xanthosternos ,Sapajus xanthosternos,2.875,D,846.5,AR,Omnivore,66.09,NA,18,NA,NA,NA,NA,NA,NA,NA,NA, ,2Tropical_and_suptropical_moist_broadleaf_forest,0.077091492,0.79,9.76,0.27,1.54,17.48,0.36,2.54,14.12,0.49,3.8,12.86,0.85,5.31,16.1,NA,7.07,NA,2.69,9.08,29.65,3.84,11.34,33.87,5.26,13.85,38.01,6.52,16.62,39.22,7.69,19.63,39.17,8.85,22.9,38.64,10.11,26.42,38.26,11.65,30.19,38.6,13.29,34.21,38.84,15.13,38.48,39.33,17.17,43.01,39.92,19.42,47.78,40.64,21.62,52.81,40.94,23.89,58.09,41.13,26.44,63.62,41.55
-1,21262,569,Rodrigues de Melo 2004 (thesis),Richness,-40.35944444,-16.14166667,Precise,Brazil,Neotropics,Cebidae,Cebus,Cebus  xanthosternos,Sapajus_xanthosternos ,"Flights, pre.existing trails, playbacks",0, , , ,0,2000,0,complete days,NA, ,Sapajus xanthosternos ,Sapajus xanthosternos,2.875,D,846.5,AR,Omnivore,66.09,NA,18,NA,NA,NA,NA,NA,NA,NA,NA, ,2Tropical_and_suptropical_moist_broadleaf_forest,0.622613499,0.79,78.81,1.09,1.54,70.68,1.7,2.54,66.81,2.3,3.8,60.47,2.95,5.31,55.52,NA,7.07,NA,4.18,9.08,46.07,4.78,11.34,42.15,5.44,13.85,39.28,6.11,16.62,36.79,6.75,19.63,34.39,7.37,22.9,32.16,8.14,26.42,30.82,9.13,30.19,30.25,10.33,34.21,30.2,11.54,38.48,30,12.54,43.01,29.15,13.67,47.78,28.62,14.87,52.81,28.16,16.21,58.09,27.9,17.66,63.62,27.76
-1,21263,569,Rodrigues de Melo 2004 (thesis),Richness,-40.46805556,-15.95027778,Precise,Brazil,Neotropics,Cebidae,Cebus,Cebus  xanthosternos,Sapajus_xanthosternos ,"Flights, pre.existing trails, playbacks",0, , , ,0,2000,0,complete days,NA, ,Sapajus xanthosternos ,Sapajus xanthosternos,2.875,D,846.5,AR,Omnivore,66.09,NA,18,NA,NA,NA,NA,NA,NA,NA,NA, ,2Tropical_and_suptropical_moist_broadleaf_forest,0.578862804,0.79,73.27,1.03,1.54,66.66,1.56,2.54,61.38,2.33,3.8,61.44,3.31,5.31,62.29,NA,7.07,NA,5.96,9.08,65.61,7.63,11.34,67.25,9.39,13.85,67.81,11.41,16.62,68.68,13.69,19.63,69.75,16.12,22.9,70.38,18.52,26.42,70.08,21.14,30.19,70.02,23.77,34.21,69.49,26.63,38.48,69.21,29.5,43.01,68.58,32.59,47.78,68.21,35.97,52.81,68.12,39.37,58.09,67.78,42.52,63.62,66.84
-1,21264,569,Rodrigues de Melo 2004 (thesis),Richness,-40.48,-15.96138889,Precise,Brazil,Neotropics,Cebidae,Cebus,Cebus  xanthosternos,Sapajus_xanthosternos ,"Flights, pre.existing trails, playbacks",0, , , ,0,2000,0,complete days,NA, ,Sapajus xanthosternos ,Sapajus xanthosternos,2.875,D,846.5,AR,Omnivore,66.09,NA,18,NA,NA,NA,NA,NA,NA,NA,NA, ,2Tropical_and_suptropical_moist_broadleaf_forest,0.72017245,0.79,91.16,1.31,1.54,84.8,2.06,2.54,80.99,2.95,3.8,77.56,4.06,5.31,76.37,NA,7.07,NA,6.77,9.08,74.54,8.34,11.34,73.5,9.81,13.85,70.8,11.46,16.62,68.93,13.44,19.63,68.47,15.46,22.9,67.53,17.9,26.42,67.75,20.66,30.19,68.42,23.66,34.21,69.16,26.7,38.48,69.38,29.64,43.01,68.92,32.45,47.78,67.92,35.58,52.81,67.37,38.92,58.09,67,42.7,63.62,67.12
-1,21265,569,Rodrigues de Melo 2004 (thesis),Richness,-40.49805556,-16.39611111,Precise,Brazil,Neotropics,Cebidae,Cebus,Cebus  xanthosternos,Sapajus_xanthosternos ,"Flights, pre.existing trails, playbacks",0, , , ,0,2000,0,complete days,NA, ,Sapajus xanthosternos ,Sapajus xanthosternos,2.875,D,846.5,AR,Omnivore,66.09,NA,18,NA,NA,NA,NA,NA,NA,NA,NA, ,2Tropical_and_suptropical_moist_broadleaf_forest,0.72902533,0.79,92.28,1.33,1.54,86.56,2.04,2.54,80.26,2.74,3.8,72.18,3.72,5.31,70.02,NA,7.07,NA,5.31,9.08,58.51,6.15,11.34,54.24,7.04,13.85,50.84,8.1,16.62,48.73,9.42,19.63,48.01,10.92,22.9,47.68,12.44,26.42,47.08,13.77,30.19,45.62,14.9,34.21,43.56,15.93,38.48,41.39,16.72,43.01,38.87,17.69,47.78,37.02,18.81,52.81,35.62,20.02,58.09,34.47,21.34,63.62,33.54
-1,21266,569,Rodrigues de Melo 2004 (thesis),Richness,-40.54861111,-15.79555556,Precise,Brazil,Neotropics,Cebidae,Cebus,Cebus  xanthosternos,Sapajus_xanthosternos ,"Flights, pre.existing trails, playbacks",0, , , ,0,2000,0,complete days,NA, ,Sapajus xanthosternos ,Sapajus xanthosternos,2.875,D,846.5,AR,Omnivore,66.09,NA,18,NA,NA,NA,NA,NA,NA,NA,NA, ,2Tropical_and_suptropical_moist_broadleaf_forest,0.151136177,0.79,19.13,0.37,1.54,23.85,0.78,2.54,30.57,1.3,3.8,34.28,1.96,5.31,36.9,NA,7.07,NA,4.13,9.08,45.52,5.73,11.34,50.52,7.58,13.85,54.75,9.52,16.62,57.29,11.75,19.63,59.84,14.35,22.9,62.67,17.09,26.42,64.67,19.91,30.19,65.94,22.86,34.21,66.82,25.9,38.48,67.3,28.96,43.01,67.33,32.14,47.78,67.27,35.78,52.81,67.76,39.56,58.09,68.11,43.01,63.62,67.6
-1,21267,569,Rodrigues de Melo 2004 (thesis),Richness,-40.65833333,-16.79861111,Precise,Brazil,Neotropics,Cebidae,Cebus,Cebus  xanthosternos,Sapajus_xanthosternos ,"Flights, pre.existing trails, playbacks",0, , , ,0,2000,0,complete days,NA, ,Sapajus xanthosternos ,Sapajus xanthosternos,2.875,D,846.5,AR,Omnivore,66.09,NA,18,NA,NA,NA,NA,NA,NA,NA,NA, ,2Tropical_and_suptropical_moist_broadleaf_forest,0.440475123,0.79,55.76,0.85,1.54,55.26,1.46,2.54,57.48,2.23,3.8,58.79,3.18,5.31,59.88,NA,7.07,NA,5.1,9.08,56.19,6.35,11.34,55.99,7.83,13.85,56.55,9.23,16.62,55.55,10.48,19.63,53.39,11.9,22.9,51.97,13.66,26.42,51.71,15.62,30.19,51.72,17.57,34.21,51.37,19.98,38.48,51.91,22.45,43.01,52.21,25.28,47.78,52.92,28.25,52.81,53.49,31.59,58.09,54.39,35.15,63.62,55.25
-1,21268,569,Rodrigues de Melo 2004 (thesis),Richness,-40.68777778,-16.33666667,Precise,Brazil,Neotropics,Cebidae,Cebus,Cebus  xanthosternos,Sapajus_xanthosternos ,"Flights, pre.existing trails, playbacks",0, , , ,0,2000,0,complete days,NA, ,Sapajus xanthosternos ,Sapajus xanthosternos,2.875,D,846.5,AR,Omnivore,66.09,NA,18,NA,NA,NA,NA,NA,NA,NA,NA, ,2Tropical_and_suptropical_moist_broadleaf_forest,0.628736451,0.79,79.59,1.17,1.54,76.27,1.92,2.54,75.73,2.78,3.8,73.15,3.89,5.31,73.3,NA,7.07,NA,6.75,9.08,74.31,8.48,11.34,74.77,10.28,13.85,74.25,12.27,16.62,73.8,14.23,19.63,72.49,16.39,22.9,71.56,18.8,26.42,71.15,21.14,30.19,70.01,23.69,34.21,69.26,26.28,38.48,68.3,28.85,43.01,67.07,31.7,47.78,66.35,34.86,52.81,66.02,38.16,58.09,65.7,41.84,63.62,65.76
-1,21269,569,Rodrigues de Melo 2004 (thesis),Richness,-40.73333333,-16.62416667,Precise,Brazil,Neotropics,Cebidae,Cebus,Cebus  xanthosternos,Sapajus_xanthosternos ,"Flights, pre.existing trails, playbacks",0, , , ,0,2000,0,complete days,NA, ,Sapajus xanthosternos ,Sapajus xanthosternos,2.875,D,846.5,AR,Omnivore,66.09,NA,18,NA,NA,NA,NA,NA,NA,NA,NA, ,2Tropical_and_suptropical_moist_broadleaf_forest,0.769002116,0.79,97.34,1.51,1.54,97.8,2.45,2.54,96.38,3.63,3.8,95.66,4.99,5.31,93.92,NA,7.07,NA,7.45,9.08,82.02,8.74,11.34,77.08,10.26,13.85,74.09,11.73,16.62,70.56,13.21,19.63,67.3,14.68,22.9,64.12,16.3,26.42,61.69,18.03,30.19,59.71,19.65,34.21,57.44,21.4,38.48,55.63,23.42,43.01,54.44,25.61,47.78,53.6,28.19,52.81,53.37,30.85,58.09,53.11,33.53,63.62,52.7
-1,21270,569,Rodrigues de Melo 2004 (thesis),Richness,-40.74888889,-15.68222222,Precise,Brazil,Neotropics,Cebidae,Cebus,Cebus  xanthosternos,Sapajus_xanthosternos ,"Flights, pre.existing trails, playbacks",0, , , ,0,2000,0,complete days,NA, ,Sapajus xanthosternos ,Sapajus xanthosternos,2.875,D,846.5,AR,Omnivore,66.09,NA,18,NA,NA,NA,NA,NA,NA,NA,NA, ,2Tropical_and_suptropical_moist_broadleaf_forest,0.13168855,0.79,16.67,0.37,1.54,24.15,0.69,2.54,27.15,1.09,3.8,28.66,1.62,5.31,30.54,NA,7.07,NA,3.14,9.08,34.61,4.18,11.34,36.83,5.44,13.85,39.29,6.83,16.62,41.1,8.4,19.63,42.82,10.19,22.9,44.5,12.23,26.42,46.27,14.36,30.19,47.58,16.48,34.21,48.19,18.64,38.48,48.44,20.83,43.01,48.42,23.18,47.78,48.51,25.72,52.81,48.7,28.32,58.09,48.74,31.26,63.62,49.14
-1,21271,569,Rodrigues de Melo 2004 (thesis),Richness,-40.83638889,-16.71166667,Precise,Brazil,Neotropics,Cebidae,Cebus,Cebus  xanthosternos,Sapajus_xanthosternos ,"Flights, pre.existing trails, playbacks",0, , , ,0,2000,0,complete days,NA, ,Sapajus xanthosternos ,Sapajus xanthosternos,2.875,D,846.5,AR,Omnivore,66.09,NA,18,NA,NA,NA,NA,NA,NA,NA,NA, ,2Tropical_and_suptropical_moist_broadleaf_forest,0.73711243,0.79,93.31,1.46,1.54,94.86,2.45,2.54,96.48,3.68,3.8,96.97,5.15,5.31,96.91,NA,7.07,NA,8.74,9.08,96.24,10.77,11.34,94.96,12.8,13.85,92.41,15.1,16.62,90.87,17.46,19.63,88.93,19.88,22.9,86.82,22.55,26.42,85.37,25.37,30.19,84.03,27.96,34.21,81.75,30.59,38.48,79.5,33.44,43.01,77.74,36.54,47.78,76.48,39.46,52.81,74.72,42.62,58.09,73.36,45.76,63.62,71.93
-1,21272,569,Rodrigues de Melo 2004 (thesis),Richness,-40.85055556,-16.04916667,Precise,Brazil,Neotropics,Cebidae,Cebus,Cebus  xanthosternos,Sapajus_xanthosternos ,"Flights, pre.existing trails, playbacks",0, , , ,0,2000,0,complete days,NA, ,Sapajus xanthosternos ,Sapajus xanthosternos,2.875,D,846.5,AR,Omnivore,66.09,NA,18,NA,NA,NA,NA,NA,NA,NA,NA, ,2Tropical_and_suptropical_moist_broadleaf_forest,0.76346126,0.79,96.64,1.48,1.54,95.81,2.46,2.54,96.71,3.68,3.8,96.89,5.13,5.31,96.66,NA,7.07,NA,8.62,9.08,94.94,10.72,11.34,94.56,13.11,13.85,94.68,15.75,16.62,94.75,18.62,19.63,94.84,21.55,22.9,94.11,24.41,26.42,92.4,27.37,30.19,90.67,30.58,34.21,89.38,34.03,38.48,88.43,37.57,43.01,87.35,41.25,47.78,86.33,45.23,52.81,85.64,49.26,58.09,84.79,53.6,63.62,84.26
-1,21273,569,Rodrigues de Melo 2004 (thesis),Richness,-40.99694444,-16.6725,Precise,Brazil,Neotropics,Cebidae,Cebus,Cebus  xanthosternos,Sapajus_xanthosternos ,"Flights, pre.existing trails, playbacks",0, , , ,0,2000,0,complete days,NA, ,Sapajus xanthosternos ,Sapajus xanthosternos,2.875,D,846.5,AR,Omnivore,66.09,NA,18,NA,NA,NA,NA,NA,NA,NA,NA, ,2Tropical_and_suptropical_moist_broadleaf_forest,0.006596373,0.79,0.83,0.06,1.54,4.21,0.28,2.54,11.14,0.55,3.8,14.53,0.83,5.31,15.57,NA,7.07,NA,1.42,9.08,15.61,1.73,11.34,15.24,2.22,13.85,16.04,2.83,16.62,17.02,3.67,19.63,18.68,4.72,22.9,20.61,5.94,26.42,22.47,7.52,30.19,24.91,9.36,34.21,27.37,11.21,38.48,29.12,12.99,43.01,30.2,14.61,47.78,30.58,16.62,52.81,31.47,18.79,58.09,32.35,20.5,63.62,32.22
-1,21274,569,Rodrigues de Melo 2004 (thesis),Richness,-41.01166667,-16.34138889,Precise,Brazil,Neotropics,Cebidae,Cebus,Cebus  xanthosternos,Sapajus_xanthosternos ,"Flights, pre.existing trails, playbacks",1, , , ,0,2000,0,complete days,NA, ,Sapajus xanthosternos ,Sapajus xanthosternos,2.875,D,846.5,AR,Omnivore,66.09,NA,18,NA,NA,NA,NA,NA,NA,NA,NA, ,2Tropical_and_suptropical_moist_broadleaf_forest,0.773213378,0.79,97.88,1.51,1.54,98.32,2.48,2.54,97.55,3.69,3.8,97.01,5.16,5.31,97.24,NA,7.07,NA,8.8,9.08,96.88,11,11.34,97.04,13.43,13.85,96.99,16.06,16.62,96.62,18.9,19.63,96.3,22.02,22.9,96.15,25.33,26.42,95.86,28.82,30.19,95.47,32.61,34.21,95.31,36.54,38.48,94.95,40.7,43.01,94.63,44.96,47.78,94.11,49.4,52.81,93.55,54.1,58.09,93.12,59.19,63.62,93.04
-1,21275,569,Rodrigues de Melo 2004 (thesis),Richness,-41.0275,-16.13833333,Precise,Brazil,Neotropics,Cebidae,Cebus,Cebus  xanthosternos,Sapajus_xanthosternos ,"Flights, pre.existing trails, playbacks",0, , , ,0,2000,0,complete days,NA, ,Sapajus xanthosternos ,Sapajus xanthosternos,2.875,D,846.5,AR,Omnivore,66.09,NA,18,NA,NA,NA,NA,NA,NA,NA,NA, ,2Tropical_and_suptropical_moist_broadleaf_forest,0.752787616,0.79,95.29,1.38,1.54,89.88,2.28,2.54,89.83,3.42,3.8,90.08,4.72,5.31,88.9,NA,7.07,NA,7.62,9.08,83.97,9.35,11.34,82.48,11.31,13.85,81.68,13.32,16.62,80.16,15.69,19.63,79.94,18.32,22.9,80,20.98,26.42,79.42,23.9,30.19,79.15,27.1,34.21,79.23,30.59,38.48,79.5,34.34,43.01,79.85,38.51,47.78,80.6,43.12,52.81,81.65,47.93,58.09,82.51,53.01,63.62,83.32
-1,21276,569,Rodrigues de Melo 2004 (thesis),Richness,-41.10083333,-16.48666667,Precise,Brazil,Neotropics,Cebidae,Cebus,Cebus  xanthosternos,Sapajus_xanthosternos ,"Flights, pre.existing trails, playbacks",0, , , ,0,2000,0,complete days,NA, ,Sapajus xanthosternos ,Sapajus xanthosternos,2.875,D,846.5,AR,Omnivore,66.09,NA,18,NA,NA,NA,NA,NA,NA,NA,NA, ,2Tropical_and_suptropical_moist_broadleaf_forest,0.350475078,0.79,44.36,0.9,1.54,58.34,1.55,2.54,61.19,2.29,3.8,60.29,3.27,5.31,61.68,NA,7.07,NA,5.97,9.08,65.71,7.69,11.34,67.81,9.56,13.85,69.02,11.61,16.62,69.86,14.02,19.63,71.42,16.69,22.9,72.88,19.66,26.42,74.42,23.01,30.19,76.21,26.54,34.21,77.58,30.14,38.48,78.34,33.72,43.01,78.39,37.28,47.78,78.02,41.14,52.81,77.89,44.98,58.09,77.44,49.12,63.62,77.21
-1,21277,569,Rodrigues de Melo 2004 (thesis),Richness,-41.13166667,-15.83166667,Precise,Brazil,Neotropics,Cebidae,Cebus,Cebus  xanthosternos,Sapajus_xanthosternos ,"Flights, pre.existing trails, playbacks",0, , , ,0,2000,0,complete days,NA, ,Sapajus xanthosternos ,Sapajus xanthosternos,2.875,D,846.5,AR,Omnivore,66.09,NA,18,NA,NA,NA,NA,NA,NA,NA,NA, ,2Tropical_and_suptropical_moist_broadleaf_forest,0.605181715,0.79,76.61,1.28,1.54,83.2,2.26,2.54,88.78,3.43,3.8,90.16,4.79,5.31,90.17,NA,7.07,NA,8.41,9.08,92.6,10.55,11.34,93.02,12.92,13.85,93.3,15.57,16.62,93.71,18.4,19.63,93.75,21.51,22.9,93.94,24.83,26.42,93.98,28.31,30.19,93.76,32.01,34.21,93.57,35.91,38.48,93.31,39.95,43.01,92.89,44.18,47.78,92.47,48.56,52.81,91.94,53.2,58.09,91.58,57.73,63.62,90.74
-1,21278,569,Rodrigues de Melo 2004 (thesis),Richness,-41.13333333,-15.7825,Precise,Brazil,Neotropics,Cebidae,Cebus,Cebus  xanthosternos,Sapajus_xanthosternos ,"Flights, pre.existing trails, playbacks",0, , , ,0,2000,0,complete days,NA, ,Sapajus xanthosternos ,Sapajus xanthosternos,2.875,D,846.5,AR,Omnivore,66.09,NA,18,NA,NA,NA,NA,NA,NA,NA,NA, ,2Tropical_and_suptropical_moist_broadleaf_forest,0.73904202,0.79,93.55,1.47,1.54,95.28,2.36,2.54,93,3.5,3.8,91.98,4.9,5.31,92.33,NA,7.07,NA,8.35,9.08,91.94,10.4,11.34,91.67,12.75,13.85,92.05,15.2,16.62,91.45,17.74,19.63,90.35,20.56,22.9,89.79,23.8,26.42,90.07,27.35,30.19,90.6,31.08,34.21,90.84,34.97,38.48,90.88,39.16,43.01,91.04,43.6,47.78,91.26,48.32,52.81,91.49,53.25,58.09,91.67,58.19,63.62,91.46
-1,21279,569,Rodrigues de Melo 2004 (thesis),Richness,-41.18166667,-15.90416667,Precise,Brazil,Neotropics,Cebidae,Cebus,Cebus  xanthosternos,Sapajus_xanthosternos ,"Flights, pre.existing trails, playbacks",0, , , ,0,2000,0,complete days,NA, ,Sapajus xanthosternos ,Sapajus xanthosternos,2.875,D,846.5,AR,Omnivore,66.09,NA,18,NA,NA,NA,NA,NA,NA,NA,NA, ,2Tropical_and_suptropical_moist_broadleaf_forest,0.633145463,0.79,80.14,1.28,1.54,83,2.18,2.54,85.88,3.2,3.8,84.11,4.44,5.31,83.64,NA,7.07,NA,7.31,9.08,80.47,9.16,11.34,80.8,11.1,13.85,80.13,13.16,16.62,79.16,15.23,19.63,77.6,17.35,22.9,75.77,19.6,26.42,74.18,21.89,30.19,72.52,24.54,34.21,71.73,27.53,38.48,71.53,30.81,43.01,71.63,34.35,47.78,71.88,38.23,52.81,72.39,42.2,58.09,72.65,46.55,63.62,73.17
-1,21280,569,Rodrigues de Melo 2004 (thesis),Richness,-41.37138889,-16.01944444,Precise,Brazil,Neotropics,Cebidae,Cebus,Cebus  xanthosternos,Sapajus_xanthosternos ,"Flights, pre.existing trails, playbacks",0, , , ,0,2000,0,complete days,NA, ,Sapajus xanthosternos ,Sapajus xanthosternos,2.875,D,846.5,AR,Omnivore,66.09,NA,18,NA,NA,NA,NA,NA,NA,NA,NA, ,2Tropical_and_suptropical_moist_broadleaf_forest,0.471945187,0.79,59.74,0.88,1.54,57.06,1.46,2.54,57.66,2.23,3.8,58.75,3.06,5.31,57.6,NA,7.07,NA,5.09,9.08,56.04,6.28,11.34,55.4,7.48,13.85,54.03,8.83,16.62,53.14,10.13,19.63,51.61,11.45,22.9,50.01,13.13,26.42,49.7,15.07,30.19,49.9,16.88,34.21,49.36,18.68,38.48,48.53,20.72,43.01,48.17,23.1,47.78,48.34,25.58,52.81,48.44,28.28,58.09,48.69,31.14,63.62,48.94
